FunctionCode,Address,Type,Size,ParamName,Scale,Description,ModelSim
4,16,u16,16,rack1,1,功能安全告警详细故障,0
4,17,u16,16,rack2,1,主控对外故障报警,0
4,18,u16,16,rack3,1,对外停机报警,model=4|arg1=bmsdeviceId.BatteryStacks[0].Cluseter[rackId].Alarms.RackProtectionSummary1|arg2=|arg3=|arg4=1
4,19,u16,16,rack4,1,对外停机报警2,model=4|arg1=bmsdeviceId.BatteryStacks[0].Cluseter[rackId].Alarms.RackProtectionSummary2|arg2=|arg3=|arg4=1
4,20,u16,16,rack5,1,对外停机报警3,0
4,21,u16,16,rack6,1,功能安全告警详细故障2,0
4,53,u16,16,rack7,1,对外报警,model=4|arg1=bmsdeviceId.BatteryStacks[0].Cluseter[rackId].Alarms.RackAlarmSummary1|arg2=|arg3=|arg4=1
4,54,u16,16,rack8,1,对外报警2,model=4|arg1=bmsdeviceId.BatteryStacks[0].Cluseter[rackId].Alarms.RackAlarmSummary2|arg2=|arg3=|arg4=1
4,55,u16,16,rack9,1,新增告警,0
4,88,u16,16,rack10,1,对外预警,model=4|arg1=bmsdeviceId.BatteryStacks[0].Cluseter[rackId].Alarms.RackFaultSummary1|arg2=|arg3=|arg4=1
4,89,u16,16,rack11,1,对外预警2,model=4|arg1=bmsdeviceId.BatteryStacks[0].Cluseter[rackId].Alarms.RackFaultSummary2|arg2=|arg3=|arg4=1
4,90,u16,16,rack12,1,新增预警,0
4,123,u16,16,rack13,1,DO状态,0
4,124,u16,16,rack14,1,DI状态,0
4,125,u16,16,rack15,1,从控故障状态,0
4,158,u16,16,rack16,1,所有从控的通信故障信息高33-48位,0
4,159,u16,16,rack17,1,所有从控的通信故障信息高16位,0
4,160,u16,16,rack18,1,所有从控的通信故障信息低16位,0
4,161,u16,16,rack19,1,所有从控的概要故障信息33-48,0
4,162,u16,16,rack20,1,所有从控的概要故障信息17-32,0
4,163,u16,16,rack21,1,所有从控的概要故障信息1-16,0
4,164,u16,16,rack22,1,主控软件项目编号,0
4,165,u16,16,rack23,1,主控软件主版本号,0
4,166,u16,16,rack24,1,主控软件子版本号,0
4,167,u16,16,rack25,1,主控软件修正版本号,0
4,512,u16,16,rack26,1,系统状态,model=4|arg1=bmsdeviceId.BatteryStacks[0].Cluseter[rackId].Measurements.OperationStatus|arg2=|arg3=|arg4=1
4,513,u16,16,rack27,1,预充状态,0
4,514,u16,16,rack28,1,充放电状态(根据电流方向判断),0
4,515,u16,16,rack29,1,充满放空标志,0
4,548,int16,16,rack30,1,预充总压,0
4,549,int16,16,rack31,10,簇总压,model=4|arg1=bmsdeviceId.BatteryStacks[0].Cluseter[rackId].Measurements.TotalVoltage|arg2=|arg3=|arg4=10
4,550,int16,16,rack32,10,从控电压累加和,model=4|arg1=bmsdeviceId.BatteryStacks[0].Cluseter[rackId].Measurements.CellVoltageSum|arg2=|arg3=|arg4=10
4,551,int16,16,rack33,10,簇电流,model=4|arg1=bmsdeviceId.BatteryStacks[0].Cluseter[rackId].Measurements.Current|arg2=|arg3=|arg4=10
4,552,u16,16,rack34,1,绝缘电阻,model=4|arg1=bmsdeviceId.BatteryStacks[0].Cluseter[rackId].Measurements.Insulation|arg2=|arg3=|arg4=1
4,553,u16,16,rack35,1,正极绝缘,model=4|arg1=bmsdeviceId.BatteryStacks[0].Cluseter[rackId].Measurements.InsulationPlus|arg2=|arg3=|arg4=1
4,554,u16,16,rack36,1,负极绝缘,model=4|arg1=bmsdeviceId.BatteryStacks[0].Cluseter[rackId].Measurements.InsulationMinus|arg2=|arg3=|arg4=1
4,587,u16,16,rack37,1000,SOC,model=4|arg1=bmsdeviceId.BatteryStacks[0].Cluseter[rackId].Measurements.SOC|arg2=|arg3=|arg4=1000
4,588,u16,16,rack38,1,内部SOE,0
4,589,u16,16,rack39,1000,SOH,model=4|arg1=bmsdeviceId.BatteryStacks[0].Cluseter[rackId].Measurements.SOH|arg2=|arg3=|arg4=1000
4,622,u16,16,rack40,1,可充电能量,0
4,623,u16,16,rack41,1,可放电能量,0
4,624,u16,16,rack42,10,允许充电电流,model=4|arg1=bmsdeviceId.BatteryStacks[0].Cluseter[rackId].Measurements.MaxChargeCurrent|arg2=|arg3=|arg4=10
4,625,u16,16,rack43,10,允许放电电流,model=4|arg1=bmsdeviceId.BatteryStacks[0].Cluseter[rackId].Measurements.MaxDischargeCurrent|arg2=|arg3=|arg4=10
4,626,u16,16,rack44,1,Rack最大放电功率,model=4|arg1=bmsdeviceId.BatteryStacks[0].Cluseter[rackId].Measurements.MaxDischargePower|arg2=|arg3=|arg4=1
4,627,u16,16,rack45,1,Rack最大充电功率,model=4|arg1=bmsdeviceId.BatteryStacks[0].Cluseter[rackId].Measurements.MaxChargePower|arg2=|arg3=|arg4=1
4,660,u16,16,rack46,1,单体最高电压编号,model=4|arg1=bmsdeviceId.BatteryStacks[0].Cluseter[rackId].Measurements.MaxCellVoltageId|arg2=|arg3=|arg4=1
4,661,u16,16,rack47,1000,最高单体电压,model=4|arg1=bmsdeviceId.BatteryStacks[0].Cluseter[rackId].Measurements.MaxCellVoltage|arg2=|arg3=|arg4=1000
4,662,u16,16,rack48,1,最低单体在模组中的单体编号,model=4|arg1=bmsdeviceId.BatteryStacks[0].Cluseter[rackId].Measurements.MinCellVoltageId|arg2=|arg3=|arg4=1
4,663,u16,16,rack49,1000,最低单体电压,model=4|arg1=bmsdeviceId.BatteryStacks[0].Cluseter[rackId].Measurements.MinCellVoltage|arg2=|arg3=|arg4=1000
4,664,u16,16,rack50,1000,平均单体电压,model=4|arg1=bmsdeviceId.BatteryStacks[0].Cluseter[rackId].Measurements.AvgCellVoltage|arg2=|arg3=|arg4=1000
4,665,u16,16,rack51,1,单体压差,0
4,666,u16,16,rack52,1,电池最高温度编号,model=4|arg1=bmsdeviceId.BatteryStacks[0].Cluseter[rackId].Measurements.MaxCellTempId|arg2=|arg3=|arg4=1
4,667,int16,16,rack53,10,最高单体温度,model=4|arg1=bmsdeviceId.BatteryStacks[0].Cluseter[rackId].Measurements.MaxCellTemp|arg2=|arg3=|arg4=10
4,668,u16,16,rack54,1,电池最低温度编号,model=4|arg1=bmsdeviceId.BatteryStacks[0].Cluseter[rackId].Measurements.MinCellTempId|arg2=|arg3=|arg4=1
4,669,int16,16,rack55,10,最低单体温度,model=4|arg1=bmsdeviceId.BatteryStacks[0].Cluseter[rackId].Measurements.MinCellTemp|arg2=|arg3=|arg4=10
4,670,int16,16,rack56,10,平均单体温度,model=4|arg1=bmsdeviceId.BatteryStacks[0].Cluseter[rackId].Measurements.AvgCellTemp|arg2=|arg3=|arg4=10
4,671,u16,16,rack57,1,电池最大温差,0
4,672,u16,16,rack58,1,Rack铜牌温度最高节序号,0
4,673,int16,16,rack59,1,Rack铜牌温度最高值,0
4,674,u16,16,rack60,1,Rack铜牌温度最低节序号,0
4,675,int16,16,rack61,1,Rack铜牌温度最低值,0
4,676,int16,16,rack62,1,Rack铜牌温度平均值,0
4,677,u16,16,rack63,1,Rack铜牌最大温差,0
4,678,u16,16,rack64,1,Rack正极柱温度最高节序号,0
4,679,int16,16,rack65,1,Rack正极柱温度最高值,0
4,680,u16,16,rack66,1,Rack正极柱温度最低节序号,0
4,681,int16,16,rack67,1,Rack正极柱温度最低值,0
4,682,int16,16,rack68,1,Rack正极柱温度平均值,0
4,683,u16,16,rack69,1,Rack正极柱最大温差,0
4,684,u16,16,rack70,1,Rack负极柱温度最高节序号,0
4,685,int16,16,rack71,1,Rack负极柱温度最高值,0
4,686,u16,16,rack72,1,Rack负极柱温度最低节序号,0
4,687,int16,16,rack73,1,Rack负极柱温度最低值,0
4,688,int16,16,rack74,1,Rack负极柱温度平均值,0
4,689,u16,16,rack75,1,Rack负极柱最大温差,0
4,690,int16,16,rack76,10,高压箱温度1,model=4|arg1=bmsdeviceId.BatteryStacks[0].Cluseter[rackId].Measurements.HVB1Temp|arg2=|arg3=|arg4=10
4,691,int16,16,rack77,10,高压箱温度2,model=4|arg1=bmsdeviceId.BatteryStacks[0].Cluseter[rackId].Measurements.HVB2Temp|arg2=|arg3=|arg4=10
4,692,int16,16,rack78,1,高压箱温度3,0
4,693,int16,16,rack79,1,高压箱温度4,0
4,726,u16,16,rack80,1,累计充电能量,0
4,728,u16,16,rack81,1,累计放电能量,0
4,730,u16,16,rack82,1,总累计充电容量,0
4,732,u16,16,rack83,1,总累计放电容量,0
4,734,u16,16,rack84,1,单次充电能量,0
4,735,u16,16,rack85,1,单次放电能量,0
4,736,u16,16,rack86,1,单次充电容量,0
4,737,u16,16,rack87,1,单次放电容量,0
4,738,u16,16,rack88,1,累计循环次数,0
4,5121,int16,16,rack89,1000,单体电压1,model=4|arg1=bmsdeviceId.BatteryStacks[0].Cluseter[rackId].ClusterCellVoltages.CellVoltages[0]|arg2=|arg3=|arg4=1000
4,5122,int16,16,rack90,1000,单体电压2,model=4|arg1=bmsdeviceId.BatteryStacks[0].Cluseter[rackId].ClusterCellVoltages.CellVoltages[1]|arg2=|arg3=|arg4=1000
4,5123,int16,16,rack91,1000,单体电压3,model=4|arg1=bmsdeviceId.BatteryStacks[0].Cluseter[rackId].ClusterCellVoltages.CellVoltages[2]|arg2=|arg3=|arg4=1000
4,5124,int16,16,rack92,1000,单体电压4,model=4|arg1=bmsdeviceId.BatteryStacks[0].Cluseter[rackId].ClusterCellVoltages.CellVoltages[3]|arg2=|arg3=|arg4=1000
4,5125,int16,16,rack93,1000,单体电压5,model=4|arg1=bmsdeviceId.BatteryStacks[0].Cluseter[rackId].ClusterCellVoltages.CellVoltages[4]|arg2=|arg3=|arg4=1000
4,5126,int16,16,rack94,1000,单体电压6,model=4|arg1=bmsdeviceId.BatteryStacks[0].Cluseter[rackId].ClusterCellVoltages.CellVoltages[5]|arg2=|arg3=|arg4=1000
4,5127,int16,16,rack95,1000,单体电压7,model=4|arg1=bmsdeviceId.BatteryStacks[0].Cluseter[rackId].ClusterCellVoltages.CellVoltages[6]|arg2=|arg3=|arg4=1000
4,5128,int16,16,rack96,1000,单体电压8,model=4|arg1=bmsdeviceId.BatteryStacks[0].Cluseter[rackId].ClusterCellVoltages.CellVoltages[7]|arg2=|arg3=|arg4=1000
4,5129,int16,16,rack97,1000,单体电压9,model=4|arg1=bmsdeviceId.BatteryStacks[0].Cluseter[rackId].ClusterCellVoltages.CellVoltages[8]|arg2=|arg3=|arg4=1000
4,5130,int16,16,rack98,1000,单体电压10,model=4|arg1=bmsdeviceId.BatteryStacks[0].Cluseter[rackId].ClusterCellVoltages.CellVoltages[9]|arg2=|arg3=|arg4=1000
4,5131,int16,16,rack99,1000,单体电压11,model=4|arg1=bmsdeviceId.BatteryStacks[0].Cluseter[rackId].ClusterCellVoltages.CellVoltages[10]|arg2=|arg3=|arg4=1000
4,5132,int16,16,rack100,1000,单体电压12,model=4|arg1=bmsdeviceId.BatteryStacks[0].Cluseter[rackId].ClusterCellVoltages.CellVoltages[11]|arg2=|arg3=|arg4=1000
4,5133,int16,16,rack101,1000,单体电压13,model=4|arg1=bmsdeviceId.BatteryStacks[0].Cluseter[rackId].ClusterCellVoltages.CellVoltages[12]|arg2=|arg3=|arg4=1000
4,5134,int16,16,rack102,1000,单体电压14,model=4|arg1=bmsdeviceId.BatteryStacks[0].Cluseter[rackId].ClusterCellVoltages.CellVoltages[13]|arg2=|arg3=|arg4=1000
4,5135,int16,16,rack103,1000,单体电压15,model=4|arg1=bmsdeviceId.BatteryStacks[0].Cluseter[rackId].ClusterCellVoltages.CellVoltages[14]|arg2=|arg3=|arg4=1000
4,5136,int16,16,rack104,1000,单体电压16,model=4|arg1=bmsdeviceId.BatteryStacks[0].Cluseter[rackId].ClusterCellVoltages.CellVoltages[15]|arg2=|arg3=|arg4=1000
4,5137,int16,16,rack105,1000,单体电压17,model=4|arg1=bmsdeviceId.BatteryStacks[0].Cluseter[rackId].ClusterCellVoltages.CellVoltages[16]|arg2=|arg3=|arg4=1000
4,5138,int16,16,rack106,1000,单体电压18,model=4|arg1=bmsdeviceId.BatteryStacks[0].Cluseter[rackId].ClusterCellVoltages.CellVoltages[17]|arg2=|arg3=|arg4=1000
4,5139,int16,16,rack107,1000,单体电压19,model=4|arg1=bmsdeviceId.BatteryStacks[0].Cluseter[rackId].ClusterCellVoltages.CellVoltages[18]|arg2=|arg3=|arg4=1000
4,5140,int16,16,rack108,1000,单体电压20,model=4|arg1=bmsdeviceId.BatteryStacks[0].Cluseter[rackId].ClusterCellVoltages.CellVoltages[19]|arg2=|arg3=|arg4=1000
4,5141,int16,16,rack109,1000,单体电压21,model=4|arg1=bmsdeviceId.BatteryStacks[0].Cluseter[rackId].ClusterCellVoltages.CellVoltages[20]|arg2=|arg3=|arg4=1000
4,5142,int16,16,rack110,1000,单体电压22,model=4|arg1=bmsdeviceId.BatteryStacks[0].Cluseter[rackId].ClusterCellVoltages.CellVoltages[21]|arg2=|arg3=|arg4=1000
4,5143,int16,16,rack111,1000,单体电压23,model=4|arg1=bmsdeviceId.BatteryStacks[0].Cluseter[rackId].ClusterCellVoltages.CellVoltages[22]|arg2=|arg3=|arg4=1000
4,5144,int16,16,rack112,1000,单体电压24,model=4|arg1=bmsdeviceId.BatteryStacks[0].Cluseter[rackId].ClusterCellVoltages.CellVoltages[23]|arg2=|arg3=|arg4=1000
4,5145,int16,16,rack113,1000,单体电压25,model=4|arg1=bmsdeviceId.BatteryStacks[0].Cluseter[rackId].ClusterCellVoltages.CellVoltages[24]|arg2=|arg3=|arg4=1000
4,5146,int16,16,rack114,1000,单体电压26,model=4|arg1=bmsdeviceId.BatteryStacks[0].Cluseter[rackId].ClusterCellVoltages.CellVoltages[25]|arg2=|arg3=|arg4=1000
4,5147,int16,16,rack115,1000,单体电压27,model=4|arg1=bmsdeviceId.BatteryStacks[0].Cluseter[rackId].ClusterCellVoltages.CellVoltages[26]|arg2=|arg3=|arg4=1000
4,5148,int16,16,rack116,1000,单体电压28,model=4|arg1=bmsdeviceId.BatteryStacks[0].Cluseter[rackId].ClusterCellVoltages.CellVoltages[27]|arg2=|arg3=|arg4=1000
4,5149,int16,16,rack117,1000,单体电压29,model=4|arg1=bmsdeviceId.BatteryStacks[0].Cluseter[rackId].ClusterCellVoltages.CellVoltages[28]|arg2=|arg3=|arg4=1000
4,5150,int16,16,rack118,1000,单体电压30,model=4|arg1=bmsdeviceId.BatteryStacks[0].Cluseter[rackId].ClusterCellVoltages.CellVoltages[29]|arg2=|arg3=|arg4=1000
4,5151,int16,16,rack119,1000,单体电压31,model=4|arg1=bmsdeviceId.BatteryStacks[0].Cluseter[rackId].ClusterCellVoltages.CellVoltages[30]|arg2=|arg3=|arg4=1000
4,5152,int16,16,rack120,1000,单体电压32,model=4|arg1=bmsdeviceId.BatteryStacks[0].Cluseter[rackId].ClusterCellVoltages.CellVoltages[31]|arg2=|arg3=|arg4=1000
4,5153,int16,16,rack121,1000,单体电压33,model=4|arg1=bmsdeviceId.BatteryStacks[0].Cluseter[rackId].ClusterCellVoltages.CellVoltages[32]|arg2=|arg3=|arg4=1000
4,5154,int16,16,rack122,1000,单体电压34,model=4|arg1=bmsdeviceId.BatteryStacks[0].Cluseter[rackId].ClusterCellVoltages.CellVoltages[33]|arg2=|arg3=|arg4=1000
4,5155,int16,16,rack123,1000,单体电压35,model=4|arg1=bmsdeviceId.BatteryStacks[0].Cluseter[rackId].ClusterCellVoltages.CellVoltages[34]|arg2=|arg3=|arg4=1000
4,5156,int16,16,rack124,1000,单体电压36,model=4|arg1=bmsdeviceId.BatteryStacks[0].Cluseter[rackId].ClusterCellVoltages.CellVoltages[35]|arg2=|arg3=|arg4=1000
4,5157,int16,16,rack125,1000,单体电压37,model=4|arg1=bmsdeviceId.BatteryStacks[0].Cluseter[rackId].ClusterCellVoltages.CellVoltages[36]|arg2=|arg3=|arg4=1000
4,5158,int16,16,rack126,1000,单体电压38,model=4|arg1=bmsdeviceId.BatteryStacks[0].Cluseter[rackId].ClusterCellVoltages.CellVoltages[37]|arg2=|arg3=|arg4=1000
4,5159,int16,16,rack127,1000,单体电压39,model=4|arg1=bmsdeviceId.BatteryStacks[0].Cluseter[rackId].ClusterCellVoltages.CellVoltages[38]|arg2=|arg3=|arg4=1000
4,5160,int16,16,rack128,1000,单体电压40,model=4|arg1=bmsdeviceId.BatteryStacks[0].Cluseter[rackId].ClusterCellVoltages.CellVoltages[39]|arg2=|arg3=|arg4=1000
4,5161,int16,16,rack129,1000,单体电压41,model=4|arg1=bmsdeviceId.BatteryStacks[0].Cluseter[rackId].ClusterCellVoltages.CellVoltages[40]|arg2=|arg3=|arg4=1000
4,5162,int16,16,rack130,1000,单体电压42,model=4|arg1=bmsdeviceId.BatteryStacks[0].Cluseter[rackId].ClusterCellVoltages.CellVoltages[41]|arg2=|arg3=|arg4=1000
4,5163,int16,16,rack131,1000,单体电压43,model=4|arg1=bmsdeviceId.BatteryStacks[0].Cluseter[rackId].ClusterCellVoltages.CellVoltages[42]|arg2=|arg3=|arg4=1000
4,5164,int16,16,rack132,1000,单体电压44,model=4|arg1=bmsdeviceId.BatteryStacks[0].Cluseter[rackId].ClusterCellVoltages.CellVoltages[43]|arg2=|arg3=|arg4=1000
4,5165,int16,16,rack133,1000,单体电压45,model=4|arg1=bmsdeviceId.BatteryStacks[0].Cluseter[rackId].ClusterCellVoltages.CellVoltages[44]|arg2=|arg3=|arg4=1000
4,5166,int16,16,rack134,1000,单体电压46,model=4|arg1=bmsdeviceId.BatteryStacks[0].Cluseter[rackId].ClusterCellVoltages.CellVoltages[45]|arg2=|arg3=|arg4=1000
4,5167,int16,16,rack135,1000,单体电压47,model=4|arg1=bmsdeviceId.BatteryStacks[0].Cluseter[rackId].ClusterCellVoltages.CellVoltages[46]|arg2=|arg3=|arg4=1000
4,5168,int16,16,rack136,1000,单体电压48,model=4|arg1=bmsdeviceId.BatteryStacks[0].Cluseter[rackId].ClusterCellVoltages.CellVoltages[47]|arg2=|arg3=|arg4=1000
4,5169,int16,16,rack137,1000,单体电压49,model=4|arg1=bmsdeviceId.BatteryStacks[0].Cluseter[rackId].ClusterCellVoltages.CellVoltages[48]|arg2=|arg3=|arg4=1000
4,5170,int16,16,rack138,1000,单体电压50,model=4|arg1=bmsdeviceId.BatteryStacks[0].Cluseter[rackId].ClusterCellVoltages.CellVoltages[49]|arg2=|arg3=|arg4=1000
4,5171,int16,16,rack139,1000,单体电压51,model=4|arg1=bmsdeviceId.BatteryStacks[0].Cluseter[rackId].ClusterCellVoltages.CellVoltages[50]|arg2=|arg3=|arg4=1000
4,5172,int16,16,rack140,1000,单体电压52,model=4|arg1=bmsdeviceId.BatteryStacks[0].Cluseter[rackId].ClusterCellVoltages.CellVoltages[51]|arg2=|arg3=|arg4=1000
4,5173,int16,16,rack141,1000,单体电压53,model=4|arg1=bmsdeviceId.BatteryStacks[0].Cluseter[rackId].ClusterCellVoltages.CellVoltages[52]|arg2=|arg3=|arg4=1000
4,5174,int16,16,rack142,1000,单体电压54,model=4|arg1=bmsdeviceId.BatteryStacks[0].Cluseter[rackId].ClusterCellVoltages.CellVoltages[53]|arg2=|arg3=|arg4=1000
4,5175,int16,16,rack143,1000,单体电压55,model=4|arg1=bmsdeviceId.BatteryStacks[0].Cluseter[rackId].ClusterCellVoltages.CellVoltages[54]|arg2=|arg3=|arg4=1000
4,5176,int16,16,rack144,1000,单体电压56,model=4|arg1=bmsdeviceId.BatteryStacks[0].Cluseter[rackId].ClusterCellVoltages.CellVoltages[55]|arg2=|arg3=|arg4=1000
4,5177,int16,16,rack145,1000,单体电压57,model=4|arg1=bmsdeviceId.BatteryStacks[0].Cluseter[rackId].ClusterCellVoltages.CellVoltages[56]|arg2=|arg3=|arg4=1000
4,5178,int16,16,rack146,1000,单体电压58,model=4|arg1=bmsdeviceId.BatteryStacks[0].Cluseter[rackId].ClusterCellVoltages.CellVoltages[57]|arg2=|arg3=|arg4=1000
4,5179,int16,16,rack147,1000,单体电压59,model=4|arg1=bmsdeviceId.BatteryStacks[0].Cluseter[rackId].ClusterCellVoltages.CellVoltages[58]|arg2=|arg3=|arg4=1000
4,5180,int16,16,rack148,1000,单体电压60,model=4|arg1=bmsdeviceId.BatteryStacks[0].Cluseter[rackId].ClusterCellVoltages.CellVoltages[59]|arg2=|arg3=|arg4=1000
4,5181,int16,16,rack149,1000,单体电压61,model=4|arg1=bmsdeviceId.BatteryStacks[0].Cluseter[rackId].ClusterCellVoltages.CellVoltages[60]|arg2=|arg3=|arg4=1000
4,5182,int16,16,rack150,1000,单体电压62,model=4|arg1=bmsdeviceId.BatteryStacks[0].Cluseter[rackId].ClusterCellVoltages.CellVoltages[61]|arg2=|arg3=|arg4=1000
4,5183,int16,16,rack151,1000,单体电压63,model=4|arg1=bmsdeviceId.BatteryStacks[0].Cluseter[rackId].ClusterCellVoltages.CellVoltages[62]|arg2=|arg3=|arg4=1000
4,5184,int16,16,rack152,1000,单体电压64,model=4|arg1=bmsdeviceId.BatteryStacks[0].Cluseter[rackId].ClusterCellVoltages.CellVoltages[63]|arg2=|arg3=|arg4=1000
4,5185,int16,16,rack153,1000,单体电压65,model=4|arg1=bmsdeviceId.BatteryStacks[0].Cluseter[rackId].ClusterCellVoltages.CellVoltages[64]|arg2=|arg3=|arg4=1000
4,5186,int16,16,rack154,1000,单体电压66,model=4|arg1=bmsdeviceId.BatteryStacks[0].Cluseter[rackId].ClusterCellVoltages.CellVoltages[65]|arg2=|arg3=|arg4=1000
4,5187,int16,16,rack155,1000,单体电压67,model=4|arg1=bmsdeviceId.BatteryStacks[0].Cluseter[rackId].ClusterCellVoltages.CellVoltages[66]|arg2=|arg3=|arg4=1000
4,5188,int16,16,rack156,1000,单体电压68,model=4|arg1=bmsdeviceId.BatteryStacks[0].Cluseter[rackId].ClusterCellVoltages.CellVoltages[67]|arg2=|arg3=|arg4=1000
4,5189,int16,16,rack157,1000,单体电压69,model=4|arg1=bmsdeviceId.BatteryStacks[0].Cluseter[rackId].ClusterCellVoltages.CellVoltages[68]|arg2=|arg3=|arg4=1000
4,5190,int16,16,rack158,1000,单体电压70,model=4|arg1=bmsdeviceId.BatteryStacks[0].Cluseter[rackId].ClusterCellVoltages.CellVoltages[69]|arg2=|arg3=|arg4=1000
4,5191,int16,16,rack159,1000,单体电压71,model=4|arg1=bmsdeviceId.BatteryStacks[0].Cluseter[rackId].ClusterCellVoltages.CellVoltages[70]|arg2=|arg3=|arg4=1000
4,5192,int16,16,rack160,1000,单体电压72,model=4|arg1=bmsdeviceId.BatteryStacks[0].Cluseter[rackId].ClusterCellVoltages.CellVoltages[71]|arg2=|arg3=|arg4=1000
4,5193,int16,16,rack161,1000,单体电压73,model=4|arg1=bmsdeviceId.BatteryStacks[0].Cluseter[rackId].ClusterCellVoltages.CellVoltages[72]|arg2=|arg3=|arg4=1000
4,5194,int16,16,rack162,1000,单体电压74,model=4|arg1=bmsdeviceId.BatteryStacks[0].Cluseter[rackId].ClusterCellVoltages.CellVoltages[73]|arg2=|arg3=|arg4=1000
4,5195,int16,16,rack163,1000,单体电压75,model=4|arg1=bmsdeviceId.BatteryStacks[0].Cluseter[rackId].ClusterCellVoltages.CellVoltages[74]|arg2=|arg3=|arg4=1000
4,5196,int16,16,rack164,1000,单体电压76,model=4|arg1=bmsdeviceId.BatteryStacks[0].Cluseter[rackId].ClusterCellVoltages.CellVoltages[75]|arg2=|arg3=|arg4=1000
4,5197,int16,16,rack165,1000,单体电压77,model=4|arg1=bmsdeviceId.BatteryStacks[0].Cluseter[rackId].ClusterCellVoltages.CellVoltages[76]|arg2=|arg3=|arg4=1000
4,5198,int16,16,rack166,1000,单体电压78,model=4|arg1=bmsdeviceId.BatteryStacks[0].Cluseter[rackId].ClusterCellVoltages.CellVoltages[77]|arg2=|arg3=|arg4=1000
4,5199,int16,16,rack167,1000,单体电压79,model=4|arg1=bmsdeviceId.BatteryStacks[0].Cluseter[rackId].ClusterCellVoltages.CellVoltages[78]|arg2=|arg3=|arg4=1000
4,5200,int16,16,rack168,1000,单体电压80,model=4|arg1=bmsdeviceId.BatteryStacks[0].Cluseter[rackId].ClusterCellVoltages.CellVoltages[79]|arg2=|arg3=|arg4=1000
4,5201,int16,16,rack169,1000,单体电压81,model=4|arg1=bmsdeviceId.BatteryStacks[0].Cluseter[rackId].ClusterCellVoltages.CellVoltages[80]|arg2=|arg3=|arg4=1000
4,5202,int16,16,rack170,1000,单体电压82,model=4|arg1=bmsdeviceId.BatteryStacks[0].Cluseter[rackId].ClusterCellVoltages.CellVoltages[81]|arg2=|arg3=|arg4=1000
4,5203,int16,16,rack171,1000,单体电压83,model=4|arg1=bmsdeviceId.BatteryStacks[0].Cluseter[rackId].ClusterCellVoltages.CellVoltages[82]|arg2=|arg3=|arg4=1000
4,5204,int16,16,rack172,1000,单体电压84,model=4|arg1=bmsdeviceId.BatteryStacks[0].Cluseter[rackId].ClusterCellVoltages.CellVoltages[83]|arg2=|arg3=|arg4=1000
4,5205,int16,16,rack173,1000,单体电压85,model=4|arg1=bmsdeviceId.BatteryStacks[0].Cluseter[rackId].ClusterCellVoltages.CellVoltages[84]|arg2=|arg3=|arg4=1000
4,5206,int16,16,rack174,1000,单体电压86,model=4|arg1=bmsdeviceId.BatteryStacks[0].Cluseter[rackId].ClusterCellVoltages.CellVoltages[85]|arg2=|arg3=|arg4=1000
4,5207,int16,16,rack175,1000,单体电压87,model=4|arg1=bmsdeviceId.BatteryStacks[0].Cluseter[rackId].ClusterCellVoltages.CellVoltages[86]|arg2=|arg3=|arg4=1000
4,5208,int16,16,rack176,1000,单体电压88,model=4|arg1=bmsdeviceId.BatteryStacks[0].Cluseter[rackId].ClusterCellVoltages.CellVoltages[87]|arg2=|arg3=|arg4=1000
4,5209,int16,16,rack177,1000,单体电压89,model=4|arg1=bmsdeviceId.BatteryStacks[0].Cluseter[rackId].ClusterCellVoltages.CellVoltages[88]|arg2=|arg3=|arg4=1000
4,5210,int16,16,rack178,1000,单体电压90,model=4|arg1=bmsdeviceId.BatteryStacks[0].Cluseter[rackId].ClusterCellVoltages.CellVoltages[89]|arg2=|arg3=|arg4=1000
4,5211,int16,16,rack179,1000,单体电压91,model=4|arg1=bmsdeviceId.BatteryStacks[0].Cluseter[rackId].ClusterCellVoltages.CellVoltages[90]|arg2=|arg3=|arg4=1000
4,5212,int16,16,rack180,1000,单体电压92,model=4|arg1=bmsdeviceId.BatteryStacks[0].Cluseter[rackId].ClusterCellVoltages.CellVoltages[91]|arg2=|arg3=|arg4=1000
4,5213,int16,16,rack181,1000,单体电压93,model=4|arg1=bmsdeviceId.BatteryStacks[0].Cluseter[rackId].ClusterCellVoltages.CellVoltages[92]|arg2=|arg3=|arg4=1000
4,5214,int16,16,rack182,1000,单体电压94,model=4|arg1=bmsdeviceId.BatteryStacks[0].Cluseter[rackId].ClusterCellVoltages.CellVoltages[93]|arg2=|arg3=|arg4=1000
4,5215,int16,16,rack183,1000,单体电压95,model=4|arg1=bmsdeviceId.BatteryStacks[0].Cluseter[rackId].ClusterCellVoltages.CellVoltages[94]|arg2=|arg3=|arg4=1000
4,5216,int16,16,rack184,1000,单体电压96,model=4|arg1=bmsdeviceId.BatteryStacks[0].Cluseter[rackId].ClusterCellVoltages.CellVoltages[95]|arg2=|arg3=|arg4=1000
4,5217,int16,16,rack185,1000,单体电压97,model=4|arg1=bmsdeviceId.BatteryStacks[0].Cluseter[rackId].ClusterCellVoltages.CellVoltages[96]|arg2=|arg3=|arg4=1000
4,5218,int16,16,rack186,1000,单体电压98,model=4|arg1=bmsdeviceId.BatteryStacks[0].Cluseter[rackId].ClusterCellVoltages.CellVoltages[97]|arg2=|arg3=|arg4=1000
4,5219,int16,16,rack187,1000,单体电压99,model=4|arg1=bmsdeviceId.BatteryStacks[0].Cluseter[rackId].ClusterCellVoltages.CellVoltages[98]|arg2=|arg3=|arg4=1000
4,5220,int16,16,rack188,1000,单体电压100,model=4|arg1=bmsdeviceId.BatteryStacks[0].Cluseter[rackId].ClusterCellVoltages.CellVoltages[99]|arg2=|arg3=|arg4=1000
4,5221,int16,16,rack189,1000,单体电压101,model=4|arg1=bmsdeviceId.BatteryStacks[0].Cluseter[rackId].ClusterCellVoltages.CellVoltages[100]|arg2=|arg3=|arg4=1000
4,5222,int16,16,rack190,1000,单体电压102,model=4|arg1=bmsdeviceId.BatteryStacks[0].Cluseter[rackId].ClusterCellVoltages.CellVoltages[101]|arg2=|arg3=|arg4=1000
4,5223,int16,16,rack191,1000,单体电压103,model=4|arg1=bmsdeviceId.BatteryStacks[0].Cluseter[rackId].ClusterCellVoltages.CellVoltages[102]|arg2=|arg3=|arg4=1000
4,5224,int16,16,rack192,1000,单体电压104,model=4|arg1=bmsdeviceId.BatteryStacks[0].Cluseter[rackId].ClusterCellVoltages.CellVoltages[103]|arg2=|arg3=|arg4=1000
4,5225,int16,16,rack193,1000,单体电压105,model=4|arg1=bmsdeviceId.BatteryStacks[0].Cluseter[rackId].ClusterCellVoltages.CellVoltages[104]|arg2=|arg3=|arg4=1000
4,5226,int16,16,rack194,1000,单体电压106,model=4|arg1=bmsdeviceId.BatteryStacks[0].Cluseter[rackId].ClusterCellVoltages.CellVoltages[105]|arg2=|arg3=|arg4=1000
4,5227,int16,16,rack195,1000,单体电压107,model=4|arg1=bmsdeviceId.BatteryStacks[0].Cluseter[rackId].ClusterCellVoltages.CellVoltages[106]|arg2=|arg3=|arg4=1000
4,5228,int16,16,rack196,1000,单体电压108,model=4|arg1=bmsdeviceId.BatteryStacks[0].Cluseter[rackId].ClusterCellVoltages.CellVoltages[107]|arg2=|arg3=|arg4=1000
4,5229,int16,16,rack197,1000,单体电压109,model=4|arg1=bmsdeviceId.BatteryStacks[0].Cluseter[rackId].ClusterCellVoltages.CellVoltages[108]|arg2=|arg3=|arg4=1000
4,5230,int16,16,rack198,1000,单体电压110,model=4|arg1=bmsdeviceId.BatteryStacks[0].Cluseter[rackId].ClusterCellVoltages.CellVoltages[109]|arg2=|arg3=|arg4=1000
4,5231,int16,16,rack199,1000,单体电压111,model=4|arg1=bmsdeviceId.BatteryStacks[0].Cluseter[rackId].ClusterCellVoltages.CellVoltages[110]|arg2=|arg3=|arg4=1000
4,5232,int16,16,rack200,1000,单体电压112,model=4|arg1=bmsdeviceId.BatteryStacks[0].Cluseter[rackId].ClusterCellVoltages.CellVoltages[111]|arg2=|arg3=|arg4=1000
4,5233,int16,16,rack201,1000,单体电压113,model=4|arg1=bmsdeviceId.BatteryStacks[0].Cluseter[rackId].ClusterCellVoltages.CellVoltages[112]|arg2=|arg3=|arg4=1000
4,5234,int16,16,rack202,1000,单体电压114,model=4|arg1=bmsdeviceId.BatteryStacks[0].Cluseter[rackId].ClusterCellVoltages.CellVoltages[113]|arg2=|arg3=|arg4=1000
4,5235,int16,16,rack203,1000,单体电压115,model=4|arg1=bmsdeviceId.BatteryStacks[0].Cluseter[rackId].ClusterCellVoltages.CellVoltages[114]|arg2=|arg3=|arg4=1000
4,5236,int16,16,rack204,1000,单体电压116,model=4|arg1=bmsdeviceId.BatteryStacks[0].Cluseter[rackId].ClusterCellVoltages.CellVoltages[115]|arg2=|arg3=|arg4=1000
4,5237,int16,16,rack205,1000,单体电压117,model=4|arg1=bmsdeviceId.BatteryStacks[0].Cluseter[rackId].ClusterCellVoltages.CellVoltages[116]|arg2=|arg3=|arg4=1000
4,5238,int16,16,rack206,1000,单体电压118,model=4|arg1=bmsdeviceId.BatteryStacks[0].Cluseter[rackId].ClusterCellVoltages.CellVoltages[117]|arg2=|arg3=|arg4=1000
4,5239,int16,16,rack207,1000,单体电压119,model=4|arg1=bmsdeviceId.BatteryStacks[0].Cluseter[rackId].ClusterCellVoltages.CellVoltages[118]|arg2=|arg3=|arg4=1000
4,5240,int16,16,rack208,1000,单体电压120,model=4|arg1=bmsdeviceId.BatteryStacks[0].Cluseter[rackId].ClusterCellVoltages.CellVoltages[119]|arg2=|arg3=|arg4=1000
4,5241,int16,16,rack209,1000,单体电压121,model=4|arg1=bmsdeviceId.BatteryStacks[0].Cluseter[rackId].ClusterCellVoltages.CellVoltages[120]|arg2=|arg3=|arg4=1000
4,5242,int16,16,rack210,1000,单体电压122,model=4|arg1=bmsdeviceId.BatteryStacks[0].Cluseter[rackId].ClusterCellVoltages.CellVoltages[121]|arg2=|arg3=|arg4=1000
4,5243,int16,16,rack211,1000,单体电压123,model=4|arg1=bmsdeviceId.BatteryStacks[0].Cluseter[rackId].ClusterCellVoltages.CellVoltages[122]|arg2=|arg3=|arg4=1000
4,5244,int16,16,rack212,1000,单体电压124,model=4|arg1=bmsdeviceId.BatteryStacks[0].Cluseter[rackId].ClusterCellVoltages.CellVoltages[123]|arg2=|arg3=|arg4=1000
4,5245,int16,16,rack213,1000,单体电压125,model=4|arg1=bmsdeviceId.BatteryStacks[0].Cluseter[rackId].ClusterCellVoltages.CellVoltages[124]|arg2=|arg3=|arg4=1000
4,5246,int16,16,rack214,1000,单体电压126,model=4|arg1=bmsdeviceId.BatteryStacks[0].Cluseter[rackId].ClusterCellVoltages.CellVoltages[125]|arg2=|arg3=|arg4=1000
4,5247,int16,16,rack215,1000,单体电压127,model=4|arg1=bmsdeviceId.BatteryStacks[0].Cluseter[rackId].ClusterCellVoltages.CellVoltages[126]|arg2=|arg3=|arg4=1000
4,5248,int16,16,rack216,1000,单体电压128,model=4|arg1=bmsdeviceId.BatteryStacks[0].Cluseter[rackId].ClusterCellVoltages.CellVoltages[127]|arg2=|arg3=|arg4=1000
4,5249,int16,16,rack217,1000,单体电压129,model=4|arg1=bmsdeviceId.BatteryStacks[0].Cluseter[rackId].ClusterCellVoltages.CellVoltages[128]|arg2=|arg3=|arg4=1000
4,5250,int16,16,rack218,1000,单体电压130,model=4|arg1=bmsdeviceId.BatteryStacks[0].Cluseter[rackId].ClusterCellVoltages.CellVoltages[129]|arg2=|arg3=|arg4=1000
4,5251,int16,16,rack219,1000,单体电压131,model=4|arg1=bmsdeviceId.BatteryStacks[0].Cluseter[rackId].ClusterCellVoltages.CellVoltages[130]|arg2=|arg3=|arg4=1000
4,5252,int16,16,rack220,1000,单体电压132,model=4|arg1=bmsdeviceId.BatteryStacks[0].Cluseter[rackId].ClusterCellVoltages.CellVoltages[131]|arg2=|arg3=|arg4=1000
4,5253,int16,16,rack221,1000,单体电压133,model=4|arg1=bmsdeviceId.BatteryStacks[0].Cluseter[rackId].ClusterCellVoltages.CellVoltages[132]|arg2=|arg3=|arg4=1000
4,5254,int16,16,rack222,1000,单体电压134,model=4|arg1=bmsdeviceId.BatteryStacks[0].Cluseter[rackId].ClusterCellVoltages.CellVoltages[133]|arg2=|arg3=|arg4=1000
4,5255,int16,16,rack223,1000,单体电压135,model=4|arg1=bmsdeviceId.BatteryStacks[0].Cluseter[rackId].ClusterCellVoltages.CellVoltages[134]|arg2=|arg3=|arg4=1000
4,5256,int16,16,rack224,1000,单体电压136,model=4|arg1=bmsdeviceId.BatteryStacks[0].Cluseter[rackId].ClusterCellVoltages.CellVoltages[135]|arg2=|arg3=|arg4=1000
4,5257,int16,16,rack225,1000,单体电压137,model=4|arg1=bmsdeviceId.BatteryStacks[0].Cluseter[rackId].ClusterCellVoltages.CellVoltages[136]|arg2=|arg3=|arg4=1000
4,5258,int16,16,rack226,1000,单体电压138,model=4|arg1=bmsdeviceId.BatteryStacks[0].Cluseter[rackId].ClusterCellVoltages.CellVoltages[137]|arg2=|arg3=|arg4=1000
4,5259,int16,16,rack227,1000,单体电压139,model=4|arg1=bmsdeviceId.BatteryStacks[0].Cluseter[rackId].ClusterCellVoltages.CellVoltages[138]|arg2=|arg3=|arg4=1000
4,5260,int16,16,rack228,1000,单体电压140,model=4|arg1=bmsdeviceId.BatteryStacks[0].Cluseter[rackId].ClusterCellVoltages.CellVoltages[139]|arg2=|arg3=|arg4=1000
4,5261,int16,16,rack229,1000,单体电压141,model=4|arg1=bmsdeviceId.BatteryStacks[0].Cluseter[rackId].ClusterCellVoltages.CellVoltages[140]|arg2=|arg3=|arg4=1000
4,5262,int16,16,rack230,1000,单体电压142,model=4|arg1=bmsdeviceId.BatteryStacks[0].Cluseter[rackId].ClusterCellVoltages.CellVoltages[141]|arg2=|arg3=|arg4=1000
4,5263,int16,16,rack231,1000,单体电压143,model=4|arg1=bmsdeviceId.BatteryStacks[0].Cluseter[rackId].ClusterCellVoltages.CellVoltages[142]|arg2=|arg3=|arg4=1000
4,5264,int16,16,rack232,1000,单体电压144,model=4|arg1=bmsdeviceId.BatteryStacks[0].Cluseter[rackId].ClusterCellVoltages.CellVoltages[143]|arg2=|arg3=|arg4=1000
4,5265,int16,16,rack233,1000,单体电压145,model=4|arg1=bmsdeviceId.BatteryStacks[0].Cluseter[rackId].ClusterCellVoltages.CellVoltages[144]|arg2=|arg3=|arg4=1000
4,5266,int16,16,rack234,1000,单体电压146,model=4|arg1=bmsdeviceId.BatteryStacks[0].Cluseter[rackId].ClusterCellVoltages.CellVoltages[145]|arg2=|arg3=|arg4=1000
4,5267,int16,16,rack235,1000,单体电压147,model=4|arg1=bmsdeviceId.BatteryStacks[0].Cluseter[rackId].ClusterCellVoltages.CellVoltages[146]|arg2=|arg3=|arg4=1000
4,5268,int16,16,rack236,1000,单体电压148,model=4|arg1=bmsdeviceId.BatteryStacks[0].Cluseter[rackId].ClusterCellVoltages.CellVoltages[147]|arg2=|arg3=|arg4=1000
4,5269,int16,16,rack237,1000,单体电压149,model=4|arg1=bmsdeviceId.BatteryStacks[0].Cluseter[rackId].ClusterCellVoltages.CellVoltages[148]|arg2=|arg3=|arg4=1000
4,5270,int16,16,rack238,1000,单体电压150,model=4|arg1=bmsdeviceId.BatteryStacks[0].Cluseter[rackId].ClusterCellVoltages.CellVoltages[149]|arg2=|arg3=|arg4=1000
4,5271,int16,16,rack239,1000,单体电压151,model=4|arg1=bmsdeviceId.BatteryStacks[0].Cluseter[rackId].ClusterCellVoltages.CellVoltages[150]|arg2=|arg3=|arg4=1000
4,5272,int16,16,rack240,1000,单体电压152,model=4|arg1=bmsdeviceId.BatteryStacks[0].Cluseter[rackId].ClusterCellVoltages.CellVoltages[151]|arg2=|arg3=|arg4=1000
4,5273,int16,16,rack241,1000,单体电压153,model=4|arg1=bmsdeviceId.BatteryStacks[0].Cluseter[rackId].ClusterCellVoltages.CellVoltages[152]|arg2=|arg3=|arg4=1000
4,5274,int16,16,rack242,1000,单体电压154,model=4|arg1=bmsdeviceId.BatteryStacks[0].Cluseter[rackId].ClusterCellVoltages.CellVoltages[153]|arg2=|arg3=|arg4=1000
4,5275,int16,16,rack243,1000,单体电压155,model=4|arg1=bmsdeviceId.BatteryStacks[0].Cluseter[rackId].ClusterCellVoltages.CellVoltages[154]|arg2=|arg3=|arg4=1000
4,5276,int16,16,rack244,1000,单体电压156,model=4|arg1=bmsdeviceId.BatteryStacks[0].Cluseter[rackId].ClusterCellVoltages.CellVoltages[155]|arg2=|arg3=|arg4=1000
4,5277,int16,16,rack245,1000,单体电压157,model=4|arg1=bmsdeviceId.BatteryStacks[0].Cluseter[rackId].ClusterCellVoltages.CellVoltages[156]|arg2=|arg3=|arg4=1000
4,5278,int16,16,rack246,1000,单体电压158,model=4|arg1=bmsdeviceId.BatteryStacks[0].Cluseter[rackId].ClusterCellVoltages.CellVoltages[157]|arg2=|arg3=|arg4=1000
4,5279,int16,16,rack247,1000,单体电压159,model=4|arg1=bmsdeviceId.BatteryStacks[0].Cluseter[rackId].ClusterCellVoltages.CellVoltages[158]|arg2=|arg3=|arg4=1000
4,5280,int16,16,rack248,1000,单体电压160,model=4|arg1=bmsdeviceId.BatteryStacks[0].Cluseter[rackId].ClusterCellVoltages.CellVoltages[159]|arg2=|arg3=|arg4=1000
4,5281,int16,16,rack249,1000,单体电压161,model=4|arg1=bmsdeviceId.BatteryStacks[0].Cluseter[rackId].ClusterCellVoltages.CellVoltages[160]|arg2=|arg3=|arg4=1000
4,5282,int16,16,rack250,1000,单体电压162,model=4|arg1=bmsdeviceId.BatteryStacks[0].Cluseter[rackId].ClusterCellVoltages.CellVoltages[161]|arg2=|arg3=|arg4=1000
4,5283,int16,16,rack251,1000,单体电压163,model=4|arg1=bmsdeviceId.BatteryStacks[0].Cluseter[rackId].ClusterCellVoltages.CellVoltages[162]|arg2=|arg3=|arg4=1000
4,5284,int16,16,rack252,1000,单体电压164,model=4|arg1=bmsdeviceId.BatteryStacks[0].Cluseter[rackId].ClusterCellVoltages.CellVoltages[163]|arg2=|arg3=|arg4=1000
4,5285,int16,16,rack253,1000,单体电压165,model=4|arg1=bmsdeviceId.BatteryStacks[0].Cluseter[rackId].ClusterCellVoltages.CellVoltages[164]|arg2=|arg3=|arg4=1000
4,5286,int16,16,rack254,1000,单体电压166,model=4|arg1=bmsdeviceId.BatteryStacks[0].Cluseter[rackId].ClusterCellVoltages.CellVoltages[165]|arg2=|arg3=|arg4=1000
4,5287,int16,16,rack255,1000,单体电压167,model=4|arg1=bmsdeviceId.BatteryStacks[0].Cluseter[rackId].ClusterCellVoltages.CellVoltages[166]|arg2=|arg3=|arg4=1000
4,5288,int16,16,rack256,1000,单体电压168,model=4|arg1=bmsdeviceId.BatteryStacks[0].Cluseter[rackId].ClusterCellVoltages.CellVoltages[167]|arg2=|arg3=|arg4=1000
4,5289,int16,16,rack257,1000,单体电压169,model=4|arg1=bmsdeviceId.BatteryStacks[0].Cluseter[rackId].ClusterCellVoltages.CellVoltages[168]|arg2=|arg3=|arg4=1000
4,5290,int16,16,rack258,1000,单体电压170,model=4|arg1=bmsdeviceId.BatteryStacks[0].Cluseter[rackId].ClusterCellVoltages.CellVoltages[169]|arg2=|arg3=|arg4=1000
4,5291,int16,16,rack259,1000,单体电压171,model=4|arg1=bmsdeviceId.BatteryStacks[0].Cluseter[rackId].ClusterCellVoltages.CellVoltages[170]|arg2=|arg3=|arg4=1000
4,5292,int16,16,rack260,1000,单体电压172,model=4|arg1=bmsdeviceId.BatteryStacks[0].Cluseter[rackId].ClusterCellVoltages.CellVoltages[171]|arg2=|arg3=|arg4=1000
4,5293,int16,16,rack261,1000,单体电压173,model=4|arg1=bmsdeviceId.BatteryStacks[0].Cluseter[rackId].ClusterCellVoltages.CellVoltages[172]|arg2=|arg3=|arg4=1000
4,5294,int16,16,rack262,1000,单体电压174,model=4|arg1=bmsdeviceId.BatteryStacks[0].Cluseter[rackId].ClusterCellVoltages.CellVoltages[173]|arg2=|arg3=|arg4=1000
4,5295,int16,16,rack263,1000,单体电压175,model=4|arg1=bmsdeviceId.BatteryStacks[0].Cluseter[rackId].ClusterCellVoltages.CellVoltages[174]|arg2=|arg3=|arg4=1000
4,5296,int16,16,rack264,1000,单体电压176,model=4|arg1=bmsdeviceId.BatteryStacks[0].Cluseter[rackId].ClusterCellVoltages.CellVoltages[175]|arg2=|arg3=|arg4=1000
4,5297,int16,16,rack265,1000,单体电压177,model=4|arg1=bmsdeviceId.BatteryStacks[0].Cluseter[rackId].ClusterCellVoltages.CellVoltages[176]|arg2=|arg3=|arg4=1000
4,5298,int16,16,rack266,1000,单体电压178,model=4|arg1=bmsdeviceId.BatteryStacks[0].Cluseter[rackId].ClusterCellVoltages.CellVoltages[177]|arg2=|arg3=|arg4=1000
4,5299,int16,16,rack267,1000,单体电压179,model=4|arg1=bmsdeviceId.BatteryStacks[0].Cluseter[rackId].ClusterCellVoltages.CellVoltages[178]|arg2=|arg3=|arg4=1000
4,5300,int16,16,rack268,1000,单体电压180,model=4|arg1=bmsdeviceId.BatteryStacks[0].Cluseter[rackId].ClusterCellVoltages.CellVoltages[179]|arg2=|arg3=|arg4=1000
4,5301,int16,16,rack269,1000,单体电压181,model=4|arg1=bmsdeviceId.BatteryStacks[0].Cluseter[rackId].ClusterCellVoltages.CellVoltages[180]|arg2=|arg3=|arg4=1000
4,5302,int16,16,rack270,1000,单体电压182,model=4|arg1=bmsdeviceId.BatteryStacks[0].Cluseter[rackId].ClusterCellVoltages.CellVoltages[181]|arg2=|arg3=|arg4=1000
4,5303,int16,16,rack271,1000,单体电压183,model=4|arg1=bmsdeviceId.BatteryStacks[0].Cluseter[rackId].ClusterCellVoltages.CellVoltages[182]|arg2=|arg3=|arg4=1000
4,5304,int16,16,rack272,1000,单体电压184,model=4|arg1=bmsdeviceId.BatteryStacks[0].Cluseter[rackId].ClusterCellVoltages.CellVoltages[183]|arg2=|arg3=|arg4=1000
4,5305,int16,16,rack273,1000,单体电压185,model=4|arg1=bmsdeviceId.BatteryStacks[0].Cluseter[rackId].ClusterCellVoltages.CellVoltages[184]|arg2=|arg3=|arg4=1000
4,5306,int16,16,rack274,1000,单体电压186,model=4|arg1=bmsdeviceId.BatteryStacks[0].Cluseter[rackId].ClusterCellVoltages.CellVoltages[185]|arg2=|arg3=|arg4=1000
4,5307,int16,16,rack275,1000,单体电压187,model=4|arg1=bmsdeviceId.BatteryStacks[0].Cluseter[rackId].ClusterCellVoltages.CellVoltages[186]|arg2=|arg3=|arg4=1000
4,5308,int16,16,rack276,1000,单体电压188,model=4|arg1=bmsdeviceId.BatteryStacks[0].Cluseter[rackId].ClusterCellVoltages.CellVoltages[187]|arg2=|arg3=|arg4=1000
4,5309,int16,16,rack277,1000,单体电压189,model=4|arg1=bmsdeviceId.BatteryStacks[0].Cluseter[rackId].ClusterCellVoltages.CellVoltages[188]|arg2=|arg3=|arg4=1000
4,5310,int16,16,rack278,1000,单体电压190,model=4|arg1=bmsdeviceId.BatteryStacks[0].Cluseter[rackId].ClusterCellVoltages.CellVoltages[189]|arg2=|arg3=|arg4=1000
4,5311,int16,16,rack279,1000,单体电压191,model=4|arg1=bmsdeviceId.BatteryStacks[0].Cluseter[rackId].ClusterCellVoltages.CellVoltages[190]|arg2=|arg3=|arg4=1000
4,5312,int16,16,rack280,1000,单体电压192,model=4|arg1=bmsdeviceId.BatteryStacks[0].Cluseter[rackId].ClusterCellVoltages.CellVoltages[191]|arg2=|arg3=|arg4=1000
4,5313,int16,16,rack281,1000,单体电压193,model=4|arg1=bmsdeviceId.BatteryStacks[0].Cluseter[rackId].ClusterCellVoltages.CellVoltages[192]|arg2=|arg3=|arg4=1000
4,5314,int16,16,rack282,1000,单体电压194,model=4|arg1=bmsdeviceId.BatteryStacks[0].Cluseter[rackId].ClusterCellVoltages.CellVoltages[193]|arg2=|arg3=|arg4=1000
4,5315,int16,16,rack283,1000,单体电压195,model=4|arg1=bmsdeviceId.BatteryStacks[0].Cluseter[rackId].ClusterCellVoltages.CellVoltages[194]|arg2=|arg3=|arg4=1000
4,5316,int16,16,rack284,1000,单体电压196,model=4|arg1=bmsdeviceId.BatteryStacks[0].Cluseter[rackId].ClusterCellVoltages.CellVoltages[195]|arg2=|arg3=|arg4=1000
4,5317,int16,16,rack285,1000,单体电压197,model=4|arg1=bmsdeviceId.BatteryStacks[0].Cluseter[rackId].ClusterCellVoltages.CellVoltages[196]|arg2=|arg3=|arg4=1000
4,5318,int16,16,rack286,1000,单体电压198,model=4|arg1=bmsdeviceId.BatteryStacks[0].Cluseter[rackId].ClusterCellVoltages.CellVoltages[197]|arg2=|arg3=|arg4=1000
4,5319,int16,16,rack287,1000,单体电压199,model=4|arg1=bmsdeviceId.BatteryStacks[0].Cluseter[rackId].ClusterCellVoltages.CellVoltages[198]|arg2=|arg3=|arg4=1000
4,5320,int16,16,rack288,1000,单体电压200,model=4|arg1=bmsdeviceId.BatteryStacks[0].Cluseter[rackId].ClusterCellVoltages.CellVoltages[199]|arg2=|arg3=|arg4=1000
4,5321,int16,16,rack289,1000,单体电压201,model=4|arg1=bmsdeviceId.BatteryStacks[0].Cluseter[rackId].ClusterCellVoltages.CellVoltages[200]|arg2=|arg3=|arg4=1000
4,5322,int16,16,rack290,1000,单体电压202,model=4|arg1=bmsdeviceId.BatteryStacks[0].Cluseter[rackId].ClusterCellVoltages.CellVoltages[201]|arg2=|arg3=|arg4=1000
4,5323,int16,16,rack291,1000,单体电压203,model=4|arg1=bmsdeviceId.BatteryStacks[0].Cluseter[rackId].ClusterCellVoltages.CellVoltages[202]|arg2=|arg3=|arg4=1000
4,5324,int16,16,rack292,1000,单体电压204,model=4|arg1=bmsdeviceId.BatteryStacks[0].Cluseter[rackId].ClusterCellVoltages.CellVoltages[203]|arg2=|arg3=|arg4=1000
4,5325,int16,16,rack293,1000,单体电压205,model=4|arg1=bmsdeviceId.BatteryStacks[0].Cluseter[rackId].ClusterCellVoltages.CellVoltages[204]|arg2=|arg3=|arg4=1000
4,5326,int16,16,rack294,1000,单体电压206,model=4|arg1=bmsdeviceId.BatteryStacks[0].Cluseter[rackId].ClusterCellVoltages.CellVoltages[205]|arg2=|arg3=|arg4=1000
4,5327,int16,16,rack295,1000,单体电压207,model=4|arg1=bmsdeviceId.BatteryStacks[0].Cluseter[rackId].ClusterCellVoltages.CellVoltages[206]|arg2=|arg3=|arg4=1000
4,5328,int16,16,rack296,1000,单体电压208,model=4|arg1=bmsdeviceId.BatteryStacks[0].Cluseter[rackId].ClusterCellVoltages.CellVoltages[207]|arg2=|arg3=|arg4=1000
4,5329,int16,16,rack297,1000,单体电压209,model=4|arg1=bmsdeviceId.BatteryStacks[0].Cluseter[rackId].ClusterCellVoltages.CellVoltages[208]|arg2=|arg3=|arg4=1000
4,5330,int16,16,rack298,1000,单体电压210,model=4|arg1=bmsdeviceId.BatteryStacks[0].Cluseter[rackId].ClusterCellVoltages.CellVoltages[209]|arg2=|arg3=|arg4=1000
4,5331,int16,16,rack299,1000,单体电压211,model=4|arg1=bmsdeviceId.BatteryStacks[0].Cluseter[rackId].ClusterCellVoltages.CellVoltages[210]|arg2=|arg3=|arg4=1000
4,5332,int16,16,rack300,1000,单体电压212,model=4|arg1=bmsdeviceId.BatteryStacks[0].Cluseter[rackId].ClusterCellVoltages.CellVoltages[211]|arg2=|arg3=|arg4=1000
4,5333,int16,16,rack301,1000,单体电压213,model=4|arg1=bmsdeviceId.BatteryStacks[0].Cluseter[rackId].ClusterCellVoltages.CellVoltages[212]|arg2=|arg3=|arg4=1000
4,5334,int16,16,rack302,1000,单体电压214,model=4|arg1=bmsdeviceId.BatteryStacks[0].Cluseter[rackId].ClusterCellVoltages.CellVoltages[213]|arg2=|arg3=|arg4=1000
4,5335,int16,16,rack303,1000,单体电压215,model=4|arg1=bmsdeviceId.BatteryStacks[0].Cluseter[rackId].ClusterCellVoltages.CellVoltages[214]|arg2=|arg3=|arg4=1000
4,5336,int16,16,rack304,1000,单体电压216,model=4|arg1=bmsdeviceId.BatteryStacks[0].Cluseter[rackId].ClusterCellVoltages.CellVoltages[215]|arg2=|arg3=|arg4=1000
4,5337,int16,16,rack305,1000,单体电压217,model=4|arg1=bmsdeviceId.BatteryStacks[0].Cluseter[rackId].ClusterCellVoltages.CellVoltages[216]|arg2=|arg3=|arg4=1000
4,5338,int16,16,rack306,1000,单体电压218,model=4|arg1=bmsdeviceId.BatteryStacks[0].Cluseter[rackId].ClusterCellVoltages.CellVoltages[217]|arg2=|arg3=|arg4=1000
4,5339,int16,16,rack307,1000,单体电压219,model=4|arg1=bmsdeviceId.BatteryStacks[0].Cluseter[rackId].ClusterCellVoltages.CellVoltages[218]|arg2=|arg3=|arg4=1000
4,5340,int16,16,rack308,1000,单体电压220,model=4|arg1=bmsdeviceId.BatteryStacks[0].Cluseter[rackId].ClusterCellVoltages.CellVoltages[219]|arg2=|arg3=|arg4=1000
4,5341,int16,16,rack309,1000,单体电压221,model=4|arg1=bmsdeviceId.BatteryStacks[0].Cluseter[rackId].ClusterCellVoltages.CellVoltages[220]|arg2=|arg3=|arg4=1000
4,5342,int16,16,rack310,1000,单体电压222,model=4|arg1=bmsdeviceId.BatteryStacks[0].Cluseter[rackId].ClusterCellVoltages.CellVoltages[221]|arg2=|arg3=|arg4=1000
4,5343,int16,16,rack311,1000,单体电压223,model=4|arg1=bmsdeviceId.BatteryStacks[0].Cluseter[rackId].ClusterCellVoltages.CellVoltages[222]|arg2=|arg3=|arg4=1000
4,5344,int16,16,rack312,1000,单体电压224,model=4|arg1=bmsdeviceId.BatteryStacks[0].Cluseter[rackId].ClusterCellVoltages.CellVoltages[223]|arg2=|arg3=|arg4=1000
4,5345,int16,16,rack313,1000,单体电压225,model=4|arg1=bmsdeviceId.BatteryStacks[0].Cluseter[rackId].ClusterCellVoltages.CellVoltages[224]|arg2=|arg3=|arg4=1000
4,5346,int16,16,rack314,1000,单体电压226,model=4|arg1=bmsdeviceId.BatteryStacks[0].Cluseter[rackId].ClusterCellVoltages.CellVoltages[225]|arg2=|arg3=|arg4=1000
4,5347,int16,16,rack315,1000,单体电压227,model=4|arg1=bmsdeviceId.BatteryStacks[0].Cluseter[rackId].ClusterCellVoltages.CellVoltages[226]|arg2=|arg3=|arg4=1000
4,5348,int16,16,rack316,1000,单体电压228,model=4|arg1=bmsdeviceId.BatteryStacks[0].Cluseter[rackId].ClusterCellVoltages.CellVoltages[227]|arg2=|arg3=|arg4=1000
4,5349,int16,16,rack317,1000,单体电压229,model=4|arg1=bmsdeviceId.BatteryStacks[0].Cluseter[rackId].ClusterCellVoltages.CellVoltages[228]|arg2=|arg3=|arg4=1000
4,5350,int16,16,rack318,1000,单体电压230,model=4|arg1=bmsdeviceId.BatteryStacks[0].Cluseter[rackId].ClusterCellVoltages.CellVoltages[229]|arg2=|arg3=|arg4=1000
4,5351,int16,16,rack319,1000,单体电压231,model=4|arg1=bmsdeviceId.BatteryStacks[0].Cluseter[rackId].ClusterCellVoltages.CellVoltages[230]|arg2=|arg3=|arg4=1000
4,5352,int16,16,rack320,1000,单体电压232,model=4|arg1=bmsdeviceId.BatteryStacks[0].Cluseter[rackId].ClusterCellVoltages.CellVoltages[231]|arg2=|arg3=|arg4=1000
4,5353,int16,16,rack321,1000,单体电压233,model=4|arg1=bmsdeviceId.BatteryStacks[0].Cluseter[rackId].ClusterCellVoltages.CellVoltages[232]|arg2=|arg3=|arg4=1000
4,5354,int16,16,rack322,1000,单体电压234,model=4|arg1=bmsdeviceId.BatteryStacks[0].Cluseter[rackId].ClusterCellVoltages.CellVoltages[233]|arg2=|arg3=|arg4=1000
4,5355,int16,16,rack323,1000,单体电压235,model=4|arg1=bmsdeviceId.BatteryStacks[0].Cluseter[rackId].ClusterCellVoltages.CellVoltages[234]|arg2=|arg3=|arg4=1000
4,5356,int16,16,rack324,1000,单体电压236,model=4|arg1=bmsdeviceId.BatteryStacks[0].Cluseter[rackId].ClusterCellVoltages.CellVoltages[235]|arg2=|arg3=|arg4=1000
4,5357,int16,16,rack325,1000,单体电压237,model=4|arg1=bmsdeviceId.BatteryStacks[0].Cluseter[rackId].ClusterCellVoltages.CellVoltages[236]|arg2=|arg3=|arg4=1000
4,5358,int16,16,rack326,1000,单体电压238,model=4|arg1=bmsdeviceId.BatteryStacks[0].Cluseter[rackId].ClusterCellVoltages.CellVoltages[237]|arg2=|arg3=|arg4=1000
4,5359,int16,16,rack327,1000,单体电压239,model=4|arg1=bmsdeviceId.BatteryStacks[0].Cluseter[rackId].ClusterCellVoltages.CellVoltages[238]|arg2=|arg3=|arg4=1000
4,5360,int16,16,rack328,1000,单体电压240,model=4|arg1=bmsdeviceId.BatteryStacks[0].Cluseter[rackId].ClusterCellVoltages.CellVoltages[239]|arg2=|arg3=|arg4=1000
4,5361,int16,16,rack329,1000,单体电压241,model=4|arg1=bmsdeviceId.BatteryStacks[0].Cluseter[rackId].ClusterCellVoltages.CellVoltages[240]|arg2=|arg3=|arg4=1000
4,5362,int16,16,rack330,1000,单体电压242,model=4|arg1=bmsdeviceId.BatteryStacks[0].Cluseter[rackId].ClusterCellVoltages.CellVoltages[241]|arg2=|arg3=|arg4=1000
4,5363,int16,16,rack331,1000,单体电压243,model=4|arg1=bmsdeviceId.BatteryStacks[0].Cluseter[rackId].ClusterCellVoltages.CellVoltages[242]|arg2=|arg3=|arg4=1000
4,5364,int16,16,rack332,1000,单体电压244,model=4|arg1=bmsdeviceId.BatteryStacks[0].Cluseter[rackId].ClusterCellVoltages.CellVoltages[243]|arg2=|arg3=|arg4=1000
4,5365,int16,16,rack333,1000,单体电压245,model=4|arg1=bmsdeviceId.BatteryStacks[0].Cluseter[rackId].ClusterCellVoltages.CellVoltages[244]|arg2=|arg3=|arg4=1000
4,5366,int16,16,rack334,1000,单体电压246,model=4|arg1=bmsdeviceId.BatteryStacks[0].Cluseter[rackId].ClusterCellVoltages.CellVoltages[245]|arg2=|arg3=|arg4=1000
4,5367,int16,16,rack335,1000,单体电压247,model=4|arg1=bmsdeviceId.BatteryStacks[0].Cluseter[rackId].ClusterCellVoltages.CellVoltages[246]|arg2=|arg3=|arg4=1000
4,5368,int16,16,rack336,1000,单体电压248,model=4|arg1=bmsdeviceId.BatteryStacks[0].Cluseter[rackId].ClusterCellVoltages.CellVoltages[247]|arg2=|arg3=|arg4=1000
4,5369,int16,16,rack337,1000,单体电压249,model=4|arg1=bmsdeviceId.BatteryStacks[0].Cluseter[rackId].ClusterCellVoltages.CellVoltages[248]|arg2=|arg3=|arg4=1000
4,5370,int16,16,rack338,1000,单体电压250,model=4|arg1=bmsdeviceId.BatteryStacks[0].Cluseter[rackId].ClusterCellVoltages.CellVoltages[249]|arg2=|arg3=|arg4=1000
4,5371,int16,16,rack339,1000,单体电压251,model=4|arg1=bmsdeviceId.BatteryStacks[0].Cluseter[rackId].ClusterCellVoltages.CellVoltages[250]|arg2=|arg3=|arg4=1000
4,5372,int16,16,rack340,1000,单体电压252,model=4|arg1=bmsdeviceId.BatteryStacks[0].Cluseter[rackId].ClusterCellVoltages.CellVoltages[251]|arg2=|arg3=|arg4=1000
4,5373,int16,16,rack341,1000,单体电压253,model=4|arg1=bmsdeviceId.BatteryStacks[0].Cluseter[rackId].ClusterCellVoltages.CellVoltages[252]|arg2=|arg3=|arg4=1000
4,5374,int16,16,rack342,1000,单体电压254,model=4|arg1=bmsdeviceId.BatteryStacks[0].Cluseter[rackId].ClusterCellVoltages.CellVoltages[253]|arg2=|arg3=|arg4=1000
4,5375,int16,16,rack343,1000,单体电压255,model=4|arg1=bmsdeviceId.BatteryStacks[0].Cluseter[rackId].ClusterCellVoltages.CellVoltages[254]|arg2=|arg3=|arg4=1000
4,5376,int16,16,rack344,1000,单体电压256,model=4|arg1=bmsdeviceId.BatteryStacks[0].Cluseter[rackId].ClusterCellVoltages.CellVoltages[255]|arg2=|arg3=|arg4=1000
4,5377,int16,16,rack345,1000,单体电压257,model=4|arg1=bmsdeviceId.BatteryStacks[0].Cluseter[rackId].ClusterCellVoltages.CellVoltages[256]|arg2=|arg3=|arg4=1000
4,5378,int16,16,rack346,1000,单体电压258,model=4|arg1=bmsdeviceId.BatteryStacks[0].Cluseter[rackId].ClusterCellVoltages.CellVoltages[257]|arg2=|arg3=|arg4=1000
4,5379,int16,16,rack347,1000,单体电压259,model=4|arg1=bmsdeviceId.BatteryStacks[0].Cluseter[rackId].ClusterCellVoltages.CellVoltages[258]|arg2=|arg3=|arg4=1000
4,5380,int16,16,rack348,1000,单体电压260,model=4|arg1=bmsdeviceId.BatteryStacks[0].Cluseter[rackId].ClusterCellVoltages.CellVoltages[259]|arg2=|arg3=|arg4=1000
4,5381,int16,16,rack349,1000,单体电压261,model=4|arg1=bmsdeviceId.BatteryStacks[0].Cluseter[rackId].ClusterCellVoltages.CellVoltages[260]|arg2=|arg3=|arg4=1000
4,5382,int16,16,rack350,1000,单体电压262,model=4|arg1=bmsdeviceId.BatteryStacks[0].Cluseter[rackId].ClusterCellVoltages.CellVoltages[261]|arg2=|arg3=|arg4=1000
4,5383,int16,16,rack351,1000,单体电压263,model=4|arg1=bmsdeviceId.BatteryStacks[0].Cluseter[rackId].ClusterCellVoltages.CellVoltages[262]|arg2=|arg3=|arg4=1000
4,5384,int16,16,rack352,1000,单体电压264,model=4|arg1=bmsdeviceId.BatteryStacks[0].Cluseter[rackId].ClusterCellVoltages.CellVoltages[263]|arg2=|arg3=|arg4=1000
4,5385,int16,16,rack353,1000,单体电压265,model=4|arg1=bmsdeviceId.BatteryStacks[0].Cluseter[rackId].ClusterCellVoltages.CellVoltages[264]|arg2=|arg3=|arg4=1000
4,5386,int16,16,rack354,1000,单体电压266,model=4|arg1=bmsdeviceId.BatteryStacks[0].Cluseter[rackId].ClusterCellVoltages.CellVoltages[265]|arg2=|arg3=|arg4=1000
4,5387,int16,16,rack355,1000,单体电压267,model=4|arg1=bmsdeviceId.BatteryStacks[0].Cluseter[rackId].ClusterCellVoltages.CellVoltages[266]|arg2=|arg3=|arg4=1000
4,5388,int16,16,rack356,1000,单体电压268,model=4|arg1=bmsdeviceId.BatteryStacks[0].Cluseter[rackId].ClusterCellVoltages.CellVoltages[267]|arg2=|arg3=|arg4=1000
4,5389,int16,16,rack357,1000,单体电压269,model=4|arg1=bmsdeviceId.BatteryStacks[0].Cluseter[rackId].ClusterCellVoltages.CellVoltages[268]|arg2=|arg3=|arg4=1000
4,5390,int16,16,rack358,1000,单体电压270,model=4|arg1=bmsdeviceId.BatteryStacks[0].Cluseter[rackId].ClusterCellVoltages.CellVoltages[269]|arg2=|arg3=|arg4=1000
4,5391,int16,16,rack359,1000,单体电压271,model=4|arg1=bmsdeviceId.BatteryStacks[0].Cluseter[rackId].ClusterCellVoltages.CellVoltages[270]|arg2=|arg3=|arg4=1000
4,5392,int16,16,rack360,1000,单体电压272,model=4|arg1=bmsdeviceId.BatteryStacks[0].Cluseter[rackId].ClusterCellVoltages.CellVoltages[271]|arg2=|arg3=|arg4=1000
4,5393,int16,16,rack361,1000,单体电压273,model=4|arg1=bmsdeviceId.BatteryStacks[0].Cluseter[rackId].ClusterCellVoltages.CellVoltages[272]|arg2=|arg3=|arg4=1000
4,5394,int16,16,rack362,1000,单体电压274,model=4|arg1=bmsdeviceId.BatteryStacks[0].Cluseter[rackId].ClusterCellVoltages.CellVoltages[273]|arg2=|arg3=|arg4=1000
4,5395,int16,16,rack363,1000,单体电压275,model=4|arg1=bmsdeviceId.BatteryStacks[0].Cluseter[rackId].ClusterCellVoltages.CellVoltages[274]|arg2=|arg3=|arg4=1000
4,5396,int16,16,rack364,1000,单体电压276,model=4|arg1=bmsdeviceId.BatteryStacks[0].Cluseter[rackId].ClusterCellVoltages.CellVoltages[275]|arg2=|arg3=|arg4=1000
4,5397,int16,16,rack365,1000,单体电压277,model=4|arg1=bmsdeviceId.BatteryStacks[0].Cluseter[rackId].ClusterCellVoltages.CellVoltages[276]|arg2=|arg3=|arg4=1000
4,5398,int16,16,rack366,1000,单体电压278,model=4|arg1=bmsdeviceId.BatteryStacks[0].Cluseter[rackId].ClusterCellVoltages.CellVoltages[277]|arg2=|arg3=|arg4=1000
4,5399,int16,16,rack367,1000,单体电压279,model=4|arg1=bmsdeviceId.BatteryStacks[0].Cluseter[rackId].ClusterCellVoltages.CellVoltages[278]|arg2=|arg3=|arg4=1000
4,5400,int16,16,rack368,1000,单体电压280,model=4|arg1=bmsdeviceId.BatteryStacks[0].Cluseter[rackId].ClusterCellVoltages.CellVoltages[279]|arg2=|arg3=|arg4=1000
4,5401,int16,16,rack369,1000,单体电压281,model=4|arg1=bmsdeviceId.BatteryStacks[0].Cluseter[rackId].ClusterCellVoltages.CellVoltages[280]|arg2=|arg3=|arg4=1000
4,5402,int16,16,rack370,1000,单体电压282,model=4|arg1=bmsdeviceId.BatteryStacks[0].Cluseter[rackId].ClusterCellVoltages.CellVoltages[281]|arg2=|arg3=|arg4=1000
4,5403,int16,16,rack371,1000,单体电压283,model=4|arg1=bmsdeviceId.BatteryStacks[0].Cluseter[rackId].ClusterCellVoltages.CellVoltages[282]|arg2=|arg3=|arg4=1000
4,5404,int16,16,rack372,1000,单体电压284,model=4|arg1=bmsdeviceId.BatteryStacks[0].Cluseter[rackId].ClusterCellVoltages.CellVoltages[283]|arg2=|arg3=|arg4=1000
4,5405,int16,16,rack373,1000,单体电压285,model=4|arg1=bmsdeviceId.BatteryStacks[0].Cluseter[rackId].ClusterCellVoltages.CellVoltages[284]|arg2=|arg3=|arg4=1000
4,5406,int16,16,rack374,1000,单体电压286,model=4|arg1=bmsdeviceId.BatteryStacks[0].Cluseter[rackId].ClusterCellVoltages.CellVoltages[285]|arg2=|arg3=|arg4=1000
4,5407,int16,16,rack375,1000,单体电压287,model=4|arg1=bmsdeviceId.BatteryStacks[0].Cluseter[rackId].ClusterCellVoltages.CellVoltages[286]|arg2=|arg3=|arg4=1000
4,5408,int16,16,rack376,1000,单体电压288,model=4|arg1=bmsdeviceId.BatteryStacks[0].Cluseter[rackId].ClusterCellVoltages.CellVoltages[287]|arg2=|arg3=|arg4=1000
4,5409,int16,16,rack377,1000,单体电压289,model=4|arg1=bmsdeviceId.BatteryStacks[0].Cluseter[rackId].ClusterCellVoltages.CellVoltages[288]|arg2=|arg3=|arg4=1000
4,5410,int16,16,rack378,1000,单体电压290,model=4|arg1=bmsdeviceId.BatteryStacks[0].Cluseter[rackId].ClusterCellVoltages.CellVoltages[289]|arg2=|arg3=|arg4=1000
4,5411,int16,16,rack379,1000,单体电压291,model=4|arg1=bmsdeviceId.BatteryStacks[0].Cluseter[rackId].ClusterCellVoltages.CellVoltages[290]|arg2=|arg3=|arg4=1000
4,5412,int16,16,rack380,1000,单体电压292,model=4|arg1=bmsdeviceId.BatteryStacks[0].Cluseter[rackId].ClusterCellVoltages.CellVoltages[291]|arg2=|arg3=|arg4=1000
4,5413,int16,16,rack381,1000,单体电压293,model=4|arg1=bmsdeviceId.BatteryStacks[0].Cluseter[rackId].ClusterCellVoltages.CellVoltages[292]|arg2=|arg3=|arg4=1000
4,5414,int16,16,rack382,1000,单体电压294,model=4|arg1=bmsdeviceId.BatteryStacks[0].Cluseter[rackId].ClusterCellVoltages.CellVoltages[293]|arg2=|arg3=|arg4=1000
4,5415,int16,16,rack383,1000,单体电压295,model=4|arg1=bmsdeviceId.BatteryStacks[0].Cluseter[rackId].ClusterCellVoltages.CellVoltages[294]|arg2=|arg3=|arg4=1000
4,5416,int16,16,rack384,1000,单体电压296,model=4|arg1=bmsdeviceId.BatteryStacks[0].Cluseter[rackId].ClusterCellVoltages.CellVoltages[295]|arg2=|arg3=|arg4=1000
4,5417,int16,16,rack385,1000,单体电压297,model=4|arg1=bmsdeviceId.BatteryStacks[0].Cluseter[rackId].ClusterCellVoltages.CellVoltages[296]|arg2=|arg3=|arg4=1000
4,5418,int16,16,rack386,1000,单体电压298,model=4|arg1=bmsdeviceId.BatteryStacks[0].Cluseter[rackId].ClusterCellVoltages.CellVoltages[297]|arg2=|arg3=|arg4=1000
4,5419,int16,16,rack387,1000,单体电压299,model=4|arg1=bmsdeviceId.BatteryStacks[0].Cluseter[rackId].ClusterCellVoltages.CellVoltages[298]|arg2=|arg3=|arg4=1000
4,5420,int16,16,rack388,1000,单体电压300,model=4|arg1=bmsdeviceId.BatteryStacks[0].Cluseter[rackId].ClusterCellVoltages.CellVoltages[299]|arg2=|arg3=|arg4=1000
4,5421,int16,16,rack389,1000,单体电压301,model=4|arg1=bmsdeviceId.BatteryStacks[0].Cluseter[rackId].ClusterCellVoltages.CellVoltages[300]|arg2=|arg3=|arg4=1000
4,5422,int16,16,rack390,1000,单体电压302,model=4|arg1=bmsdeviceId.BatteryStacks[0].Cluseter[rackId].ClusterCellVoltages.CellVoltages[301]|arg2=|arg3=|arg4=1000
4,5423,int16,16,rack391,1000,单体电压303,model=4|arg1=bmsdeviceId.BatteryStacks[0].Cluseter[rackId].ClusterCellVoltages.CellVoltages[302]|arg2=|arg3=|arg4=1000
4,5424,int16,16,rack392,1000,单体电压304,model=4|arg1=bmsdeviceId.BatteryStacks[0].Cluseter[rackId].ClusterCellVoltages.CellVoltages[303]|arg2=|arg3=|arg4=1000
4,5425,int16,16,rack393,1000,单体电压305,model=4|arg1=bmsdeviceId.BatteryStacks[0].Cluseter[rackId].ClusterCellVoltages.CellVoltages[304]|arg2=|arg3=|arg4=1000
4,5426,int16,16,rack394,1000,单体电压306,model=4|arg1=bmsdeviceId.BatteryStacks[0].Cluseter[rackId].ClusterCellVoltages.CellVoltages[305]|arg2=|arg3=|arg4=1000
4,5427,int16,16,rack395,1000,单体电压307,model=4|arg1=bmsdeviceId.BatteryStacks[0].Cluseter[rackId].ClusterCellVoltages.CellVoltages[306]|arg2=|arg3=|arg4=1000
4,5428,int16,16,rack396,1000,单体电压308,model=4|arg1=bmsdeviceId.BatteryStacks[0].Cluseter[rackId].ClusterCellVoltages.CellVoltages[307]|arg2=|arg3=|arg4=1000
4,5429,int16,16,rack397,1000,单体电压309,model=4|arg1=bmsdeviceId.BatteryStacks[0].Cluseter[rackId].ClusterCellVoltages.CellVoltages[308]|arg2=|arg3=|arg4=1000
4,5430,int16,16,rack398,1000,单体电压310,model=4|arg1=bmsdeviceId.BatteryStacks[0].Cluseter[rackId].ClusterCellVoltages.CellVoltages[309]|arg2=|arg3=|arg4=1000
4,5431,int16,16,rack399,1000,单体电压311,model=4|arg1=bmsdeviceId.BatteryStacks[0].Cluseter[rackId].ClusterCellVoltages.CellVoltages[310]|arg2=|arg3=|arg4=1000
4,5432,int16,16,rack400,1000,单体电压312,model=4|arg1=bmsdeviceId.BatteryStacks[0].Cluseter[rackId].ClusterCellVoltages.CellVoltages[311]|arg2=|arg3=|arg4=1000
4,5433,int16,16,rack401,1000,单体电压313,model=4|arg1=bmsdeviceId.BatteryStacks[0].Cluseter[rackId].ClusterCellVoltages.CellVoltages[312]|arg2=|arg3=|arg4=1000
4,5434,int16,16,rack402,1000,单体电压314,model=4|arg1=bmsdeviceId.BatteryStacks[0].Cluseter[rackId].ClusterCellVoltages.CellVoltages[313]|arg2=|arg3=|arg4=1000
4,5435,int16,16,rack403,1000,单体电压315,model=4|arg1=bmsdeviceId.BatteryStacks[0].Cluseter[rackId].ClusterCellVoltages.CellVoltages[314]|arg2=|arg3=|arg4=1000
4,5436,int16,16,rack404,1000,单体电压316,model=4|arg1=bmsdeviceId.BatteryStacks[0].Cluseter[rackId].ClusterCellVoltages.CellVoltages[315]|arg2=|arg3=|arg4=1000
4,5437,int16,16,rack405,1000,单体电压317,model=4|arg1=bmsdeviceId.BatteryStacks[0].Cluseter[rackId].ClusterCellVoltages.CellVoltages[316]|arg2=|arg3=|arg4=1000
4,5438,int16,16,rack406,1000,单体电压318,model=4|arg1=bmsdeviceId.BatteryStacks[0].Cluseter[rackId].ClusterCellVoltages.CellVoltages[317]|arg2=|arg3=|arg4=1000
4,5439,int16,16,rack407,1000,单体电压319,model=4|arg1=bmsdeviceId.BatteryStacks[0].Cluseter[rackId].ClusterCellVoltages.CellVoltages[318]|arg2=|arg3=|arg4=1000
4,5440,int16,16,rack408,1000,单体电压320,model=4|arg1=bmsdeviceId.BatteryStacks[0].Cluseter[rackId].ClusterCellVoltages.CellVoltages[319]|arg2=|arg3=|arg4=1000
4,5441,int16,16,rack409,1000,单体电压321,model=4|arg1=bmsdeviceId.BatteryStacks[0].Cluseter[rackId].ClusterCellVoltages.CellVoltages[320]|arg2=|arg3=|arg4=1000
4,5442,int16,16,rack410,1000,单体电压322,model=4|arg1=bmsdeviceId.BatteryStacks[0].Cluseter[rackId].ClusterCellVoltages.CellVoltages[321]|arg2=|arg3=|arg4=1000
4,5443,int16,16,rack411,1000,单体电压323,model=4|arg1=bmsdeviceId.BatteryStacks[0].Cluseter[rackId].ClusterCellVoltages.CellVoltages[322]|arg2=|arg3=|arg4=1000
4,5444,int16,16,rack412,1000,单体电压324,model=4|arg1=bmsdeviceId.BatteryStacks[0].Cluseter[rackId].ClusterCellVoltages.CellVoltages[323]|arg2=|arg3=|arg4=1000
4,5445,int16,16,rack413,1000,单体电压325,model=4|arg1=bmsdeviceId.BatteryStacks[0].Cluseter[rackId].ClusterCellVoltages.CellVoltages[324]|arg2=|arg3=|arg4=1000
4,5446,int16,16,rack414,1000,单体电压326,model=4|arg1=bmsdeviceId.BatteryStacks[0].Cluseter[rackId].ClusterCellVoltages.CellVoltages[325]|arg2=|arg3=|arg4=1000
4,5447,int16,16,rack415,1000,单体电压327,model=4|arg1=bmsdeviceId.BatteryStacks[0].Cluseter[rackId].ClusterCellVoltages.CellVoltages[326]|arg2=|arg3=|arg4=1000
4,5448,int16,16,rack416,1000,单体电压328,model=4|arg1=bmsdeviceId.BatteryStacks[0].Cluseter[rackId].ClusterCellVoltages.CellVoltages[327]|arg2=|arg3=|arg4=1000
4,5449,int16,16,rack417,1000,单体电压329,model=4|arg1=bmsdeviceId.BatteryStacks[0].Cluseter[rackId].ClusterCellVoltages.CellVoltages[328]|arg2=|arg3=|arg4=1000
4,5450,int16,16,rack418,1000,单体电压330,model=4|arg1=bmsdeviceId.BatteryStacks[0].Cluseter[rackId].ClusterCellVoltages.CellVoltages[329]|arg2=|arg3=|arg4=1000
4,5451,int16,16,rack419,1000,单体电压331,model=4|arg1=bmsdeviceId.BatteryStacks[0].Cluseter[rackId].ClusterCellVoltages.CellVoltages[330]|arg2=|arg3=|arg4=1000
4,5452,int16,16,rack420,1000,单体电压332,model=4|arg1=bmsdeviceId.BatteryStacks[0].Cluseter[rackId].ClusterCellVoltages.CellVoltages[331]|arg2=|arg3=|arg4=1000
4,5453,int16,16,rack421,1000,单体电压333,model=4|arg1=bmsdeviceId.BatteryStacks[0].Cluseter[rackId].ClusterCellVoltages.CellVoltages[332]|arg2=|arg3=|arg4=1000
4,5454,int16,16,rack422,1000,单体电压334,model=4|arg1=bmsdeviceId.BatteryStacks[0].Cluseter[rackId].ClusterCellVoltages.CellVoltages[333]|arg2=|arg3=|arg4=1000
4,5455,int16,16,rack423,1000,单体电压335,model=4|arg1=bmsdeviceId.BatteryStacks[0].Cluseter[rackId].ClusterCellVoltages.CellVoltages[334]|arg2=|arg3=|arg4=1000
4,5456,int16,16,rack424,1000,单体电压336,model=4|arg1=bmsdeviceId.BatteryStacks[0].Cluseter[rackId].ClusterCellVoltages.CellVoltages[335]|arg2=|arg3=|arg4=1000
4,5457,int16,16,rack425,1000,单体电压337,model=4|arg1=bmsdeviceId.BatteryStacks[0].Cluseter[rackId].ClusterCellVoltages.CellVoltages[336]|arg2=|arg3=|arg4=1000
4,5458,int16,16,rack426,1000,单体电压338,model=4|arg1=bmsdeviceId.BatteryStacks[0].Cluseter[rackId].ClusterCellVoltages.CellVoltages[337]|arg2=|arg3=|arg4=1000
4,5459,int16,16,rack427,1000,单体电压339,model=4|arg1=bmsdeviceId.BatteryStacks[0].Cluseter[rackId].ClusterCellVoltages.CellVoltages[338]|arg2=|arg3=|arg4=1000
4,5460,int16,16,rack428,1000,单体电压340,model=4|arg1=bmsdeviceId.BatteryStacks[0].Cluseter[rackId].ClusterCellVoltages.CellVoltages[339]|arg2=|arg3=|arg4=1000
4,5461,int16,16,rack429,1000,单体电压341,model=4|arg1=bmsdeviceId.BatteryStacks[0].Cluseter[rackId].ClusterCellVoltages.CellVoltages[340]|arg2=|arg3=|arg4=1000
4,5462,int16,16,rack430,1000,单体电压342,model=4|arg1=bmsdeviceId.BatteryStacks[0].Cluseter[rackId].ClusterCellVoltages.CellVoltages[341]|arg2=|arg3=|arg4=1000
4,5463,int16,16,rack431,1000,单体电压343,model=4|arg1=bmsdeviceId.BatteryStacks[0].Cluseter[rackId].ClusterCellVoltages.CellVoltages[342]|arg2=|arg3=|arg4=1000
4,5464,int16,16,rack432,1000,单体电压344,model=4|arg1=bmsdeviceId.BatteryStacks[0].Cluseter[rackId].ClusterCellVoltages.CellVoltages[343]|arg2=|arg3=|arg4=1000
4,5465,int16,16,rack433,1000,单体电压345,model=4|arg1=bmsdeviceId.BatteryStacks[0].Cluseter[rackId].ClusterCellVoltages.CellVoltages[344]|arg2=|arg3=|arg4=1000
4,5466,int16,16,rack434,1000,单体电压346,model=4|arg1=bmsdeviceId.BatteryStacks[0].Cluseter[rackId].ClusterCellVoltages.CellVoltages[345]|arg2=|arg3=|arg4=1000
4,5467,int16,16,rack435,1000,单体电压347,model=4|arg1=bmsdeviceId.BatteryStacks[0].Cluseter[rackId].ClusterCellVoltages.CellVoltages[346]|arg2=|arg3=|arg4=1000
4,5468,int16,16,rack436,1000,单体电压348,model=4|arg1=bmsdeviceId.BatteryStacks[0].Cluseter[rackId].ClusterCellVoltages.CellVoltages[347]|arg2=|arg3=|arg4=1000
4,5469,int16,16,rack437,1000,单体电压349,model=4|arg1=bmsdeviceId.BatteryStacks[0].Cluseter[rackId].ClusterCellVoltages.CellVoltages[348]|arg2=|arg3=|arg4=1000
4,5470,int16,16,rack438,1000,单体电压350,model=4|arg1=bmsdeviceId.BatteryStacks[0].Cluseter[rackId].ClusterCellVoltages.CellVoltages[349]|arg2=|arg3=|arg4=1000
4,5471,int16,16,rack439,1000,单体电压351,model=4|arg1=bmsdeviceId.BatteryStacks[0].Cluseter[rackId].ClusterCellVoltages.CellVoltages[350]|arg2=|arg3=|arg4=1000
4,5472,int16,16,rack440,1000,单体电压352,model=4|arg1=bmsdeviceId.BatteryStacks[0].Cluseter[rackId].ClusterCellVoltages.CellVoltages[351]|arg2=|arg3=|arg4=1000
4,5473,int16,16,rack441,1000,单体电压353,model=4|arg1=bmsdeviceId.BatteryStacks[0].Cluseter[rackId].ClusterCellVoltages.CellVoltages[352]|arg2=|arg3=|arg4=1000
4,5474,int16,16,rack442,1000,单体电压354,model=4|arg1=bmsdeviceId.BatteryStacks[0].Cluseter[rackId].ClusterCellVoltages.CellVoltages[353]|arg2=|arg3=|arg4=1000
4,5475,int16,16,rack443,1000,单体电压355,model=4|arg1=bmsdeviceId.BatteryStacks[0].Cluseter[rackId].ClusterCellVoltages.CellVoltages[354]|arg2=|arg3=|arg4=1000
4,5476,int16,16,rack444,1000,单体电压356,model=4|arg1=bmsdeviceId.BatteryStacks[0].Cluseter[rackId].ClusterCellVoltages.CellVoltages[355]|arg2=|arg3=|arg4=1000
4,5477,int16,16,rack445,1000,单体电压357,model=4|arg1=bmsdeviceId.BatteryStacks[0].Cluseter[rackId].ClusterCellVoltages.CellVoltages[356]|arg2=|arg3=|arg4=1000
4,5478,int16,16,rack446,1000,单体电压358,model=4|arg1=bmsdeviceId.BatteryStacks[0].Cluseter[rackId].ClusterCellVoltages.CellVoltages[357]|arg2=|arg3=|arg4=1000
4,5479,int16,16,rack447,1000,单体电压359,model=4|arg1=bmsdeviceId.BatteryStacks[0].Cluseter[rackId].ClusterCellVoltages.CellVoltages[358]|arg2=|arg3=|arg4=1000
4,5480,int16,16,rack448,1000,单体电压360,model=4|arg1=bmsdeviceId.BatteryStacks[0].Cluseter[rackId].ClusterCellVoltages.CellVoltages[359]|arg2=|arg3=|arg4=1000
4,5481,int16,16,rack449,1000,单体电压361,model=4|arg1=bmsdeviceId.BatteryStacks[0].Cluseter[rackId].ClusterCellVoltages.CellVoltages[360]|arg2=|arg3=|arg4=1000
4,5482,int16,16,rack450,1000,单体电压362,model=4|arg1=bmsdeviceId.BatteryStacks[0].Cluseter[rackId].ClusterCellVoltages.CellVoltages[361]|arg2=|arg3=|arg4=1000
4,5483,int16,16,rack451,1000,单体电压363,model=4|arg1=bmsdeviceId.BatteryStacks[0].Cluseter[rackId].ClusterCellVoltages.CellVoltages[362]|arg2=|arg3=|arg4=1000
4,5484,int16,16,rack452,1000,单体电压364,model=4|arg1=bmsdeviceId.BatteryStacks[0].Cluseter[rackId].ClusterCellVoltages.CellVoltages[363]|arg2=|arg3=|arg4=1000
4,5485,int16,16,rack453,1000,单体电压365,model=4|arg1=bmsdeviceId.BatteryStacks[0].Cluseter[rackId].ClusterCellVoltages.CellVoltages[364]|arg2=|arg3=|arg4=1000
4,5486,int16,16,rack454,1000,单体电压366,model=4|arg1=bmsdeviceId.BatteryStacks[0].Cluseter[rackId].ClusterCellVoltages.CellVoltages[365]|arg2=|arg3=|arg4=1000
4,5487,int16,16,rack455,1000,单体电压367,model=4|arg1=bmsdeviceId.BatteryStacks[0].Cluseter[rackId].ClusterCellVoltages.CellVoltages[366]|arg2=|arg3=|arg4=1000
4,5488,int16,16,rack456,1000,单体电压368,model=4|arg1=bmsdeviceId.BatteryStacks[0].Cluseter[rackId].ClusterCellVoltages.CellVoltages[367]|arg2=|arg3=|arg4=1000
4,5489,int16,16,rack457,1000,单体电压369,model=4|arg1=bmsdeviceId.BatteryStacks[0].Cluseter[rackId].ClusterCellVoltages.CellVoltages[368]|arg2=|arg3=|arg4=1000
4,5490,int16,16,rack458,1000,单体电压370,model=4|arg1=bmsdeviceId.BatteryStacks[0].Cluseter[rackId].ClusterCellVoltages.CellVoltages[369]|arg2=|arg3=|arg4=1000
4,5491,int16,16,rack459,1000,单体电压371,model=4|arg1=bmsdeviceId.BatteryStacks[0].Cluseter[rackId].ClusterCellVoltages.CellVoltages[370]|arg2=|arg3=|arg4=1000
4,5492,int16,16,rack460,1000,单体电压372,model=4|arg1=bmsdeviceId.BatteryStacks[0].Cluseter[rackId].ClusterCellVoltages.CellVoltages[371]|arg2=|arg3=|arg4=1000
4,5493,int16,16,rack461,1000,单体电压373,model=4|arg1=bmsdeviceId.BatteryStacks[0].Cluseter[rackId].ClusterCellVoltages.CellVoltages[372]|arg2=|arg3=|arg4=1000
4,5494,int16,16,rack462,1000,单体电压374,model=4|arg1=bmsdeviceId.BatteryStacks[0].Cluseter[rackId].ClusterCellVoltages.CellVoltages[373]|arg2=|arg3=|arg4=1000
4,5495,int16,16,rack463,1000,单体电压375,model=4|arg1=bmsdeviceId.BatteryStacks[0].Cluseter[rackId].ClusterCellVoltages.CellVoltages[374]|arg2=|arg3=|arg4=1000
4,5496,int16,16,rack464,1000,单体电压376,model=4|arg1=bmsdeviceId.BatteryStacks[0].Cluseter[rackId].ClusterCellVoltages.CellVoltages[375]|arg2=|arg3=|arg4=1000
4,5497,int16,16,rack465,1000,单体电压377,model=4|arg1=bmsdeviceId.BatteryStacks[0].Cluseter[rackId].ClusterCellVoltages.CellVoltages[376]|arg2=|arg3=|arg4=1000
4,5498,int16,16,rack466,1000,单体电压378,model=4|arg1=bmsdeviceId.BatteryStacks[0].Cluseter[rackId].ClusterCellVoltages.CellVoltages[377]|arg2=|arg3=|arg4=1000
4,5499,int16,16,rack467,1000,单体电压379,model=4|arg1=bmsdeviceId.BatteryStacks[0].Cluseter[rackId].ClusterCellVoltages.CellVoltages[378]|arg2=|arg3=|arg4=1000
4,5500,int16,16,rack468,1000,单体电压380,model=4|arg1=bmsdeviceId.BatteryStacks[0].Cluseter[rackId].ClusterCellVoltages.CellVoltages[379]|arg2=|arg3=|arg4=1000
4,5501,int16,16,rack469,1000,单体电压381,model=4|arg1=bmsdeviceId.BatteryStacks[0].Cluseter[rackId].ClusterCellVoltages.CellVoltages[380]|arg2=|arg3=|arg4=1000
4,5502,int16,16,rack470,1000,单体电压382,model=4|arg1=bmsdeviceId.BatteryStacks[0].Cluseter[rackId].ClusterCellVoltages.CellVoltages[381]|arg2=|arg3=|arg4=1000
4,5503,int16,16,rack471,1000,单体电压383,model=4|arg1=bmsdeviceId.BatteryStacks[0].Cluseter[rackId].ClusterCellVoltages.CellVoltages[382]|arg2=|arg3=|arg4=1000
4,5504,int16,16,rack472,1000,单体电压384,model=4|arg1=bmsdeviceId.BatteryStacks[0].Cluseter[rackId].ClusterCellVoltages.CellVoltages[383]|arg2=|arg3=|arg4=1000
4,5505,int16,16,rack473,1000,单体电压385,model=4|arg1=bmsdeviceId.BatteryStacks[0].Cluseter[rackId].ClusterCellVoltages.CellVoltages[384]|arg2=|arg3=|arg4=1000
4,5506,int16,16,rack474,1000,单体电压386,model=4|arg1=bmsdeviceId.BatteryStacks[0].Cluseter[rackId].ClusterCellVoltages.CellVoltages[385]|arg2=|arg3=|arg4=1000
4,5507,int16,16,rack475,1000,单体电压387,model=4|arg1=bmsdeviceId.BatteryStacks[0].Cluseter[rackId].ClusterCellVoltages.CellVoltages[386]|arg2=|arg3=|arg4=1000
4,5508,int16,16,rack476,1000,单体电压388,model=4|arg1=bmsdeviceId.BatteryStacks[0].Cluseter[rackId].ClusterCellVoltages.CellVoltages[387]|arg2=|arg3=|arg4=1000
4,5509,int16,16,rack477,1000,单体电压389,model=4|arg1=bmsdeviceId.BatteryStacks[0].Cluseter[rackId].ClusterCellVoltages.CellVoltages[388]|arg2=|arg3=|arg4=1000
4,5510,int16,16,rack478,1000,单体电压390,model=4|arg1=bmsdeviceId.BatteryStacks[0].Cluseter[rackId].ClusterCellVoltages.CellVoltages[389]|arg2=|arg3=|arg4=1000
4,5511,int16,16,rack479,1000,单体电压391,model=4|arg1=bmsdeviceId.BatteryStacks[0].Cluseter[rackId].ClusterCellVoltages.CellVoltages[390]|arg2=|arg3=|arg4=1000
4,5512,int16,16,rack480,1000,单体电压392,model=4|arg1=bmsdeviceId.BatteryStacks[0].Cluseter[rackId].ClusterCellVoltages.CellVoltages[391]|arg2=|arg3=|arg4=1000
4,5513,int16,16,rack481,1000,单体电压393,model=4|arg1=bmsdeviceId.BatteryStacks[0].Cluseter[rackId].ClusterCellVoltages.CellVoltages[392]|arg2=|arg3=|arg4=1000
4,5514,int16,16,rack482,1000,单体电压394,model=4|arg1=bmsdeviceId.BatteryStacks[0].Cluseter[rackId].ClusterCellVoltages.CellVoltages[393]|arg2=|arg3=|arg4=1000
4,5515,int16,16,rack483,1000,单体电压395,model=4|arg1=bmsdeviceId.BatteryStacks[0].Cluseter[rackId].ClusterCellVoltages.CellVoltages[394]|arg2=|arg3=|arg4=1000
4,5516,int16,16,rack484,1000,单体电压396,model=4|arg1=bmsdeviceId.BatteryStacks[0].Cluseter[rackId].ClusterCellVoltages.CellVoltages[395]|arg2=|arg3=|arg4=1000
4,5517,int16,16,rack485,1000,单体电压397,model=4|arg1=bmsdeviceId.BatteryStacks[0].Cluseter[rackId].ClusterCellVoltages.CellVoltages[396]|arg2=|arg3=|arg4=1000
4,5518,int16,16,rack486,1000,单体电压398,model=4|arg1=bmsdeviceId.BatteryStacks[0].Cluseter[rackId].ClusterCellVoltages.CellVoltages[397]|arg2=|arg3=|arg4=1000
4,5519,int16,16,rack487,1000,单体电压399,model=4|arg1=bmsdeviceId.BatteryStacks[0].Cluseter[rackId].ClusterCellVoltages.CellVoltages[398]|arg2=|arg3=|arg4=1000
4,5520,int16,16,rack488,1000,单体电压400,model=4|arg1=bmsdeviceId.BatteryStacks[0].Cluseter[rackId].ClusterCellVoltages.CellVoltages[399]|arg2=|arg3=|arg4=1000
4,5521,int16,16,rack489,1000,单体电压401,model=4|arg1=bmsdeviceId.BatteryStacks[0].Cluseter[rackId].ClusterCellVoltages.CellVoltages[400]|arg2=|arg3=|arg4=1000
4,5522,int16,16,rack490,1000,单体电压402,model=4|arg1=bmsdeviceId.BatteryStacks[0].Cluseter[rackId].ClusterCellVoltages.CellVoltages[401]|arg2=|arg3=|arg4=1000
4,5523,int16,16,rack491,1000,单体电压403,model=4|arg1=bmsdeviceId.BatteryStacks[0].Cluseter[rackId].ClusterCellVoltages.CellVoltages[402]|arg2=|arg3=|arg4=1000
4,5524,int16,16,rack492,1000,单体电压404,model=4|arg1=bmsdeviceId.BatteryStacks[0].Cluseter[rackId].ClusterCellVoltages.CellVoltages[403]|arg2=|arg3=|arg4=1000
4,5525,int16,16,rack493,1000,单体电压405,model=4|arg1=bmsdeviceId.BatteryStacks[0].Cluseter[rackId].ClusterCellVoltages.CellVoltages[404]|arg2=|arg3=|arg4=1000
4,5526,int16,16,rack494,1000,单体电压406,model=4|arg1=bmsdeviceId.BatteryStacks[0].Cluseter[rackId].ClusterCellVoltages.CellVoltages[405]|arg2=|arg3=|arg4=1000
4,5527,int16,16,rack495,1000,单体电压407,model=4|arg1=bmsdeviceId.BatteryStacks[0].Cluseter[rackId].ClusterCellVoltages.CellVoltages[406]|arg2=|arg3=|arg4=1000
4,5528,int16,16,rack496,1000,单体电压408,model=4|arg1=bmsdeviceId.BatteryStacks[0].Cluseter[rackId].ClusterCellVoltages.CellVoltages[407]|arg2=|arg3=|arg4=1000
4,5529,int16,16,rack497,1000,单体电压409,model=4|arg1=bmsdeviceId.BatteryStacks[0].Cluseter[rackId].ClusterCellVoltages.CellVoltages[408]|arg2=|arg3=|arg4=1000
4,5530,int16,16,rack498,1000,单体电压410,model=4|arg1=bmsdeviceId.BatteryStacks[0].Cluseter[rackId].ClusterCellVoltages.CellVoltages[409]|arg2=|arg3=|arg4=1000
4,5531,int16,16,rack499,1000,单体电压411,model=4|arg1=bmsdeviceId.BatteryStacks[0].Cluseter[rackId].ClusterCellVoltages.CellVoltages[410]|arg2=|arg3=|arg4=1000
4,5532,int16,16,rack500,1000,单体电压412,model=4|arg1=bmsdeviceId.BatteryStacks[0].Cluseter[rackId].ClusterCellVoltages.CellVoltages[411]|arg2=|arg3=|arg4=1000
4,5533,int16,16,rack501,1000,单体电压413,model=4|arg1=bmsdeviceId.BatteryStacks[0].Cluseter[rackId].ClusterCellVoltages.CellVoltages[412]|arg2=|arg3=|arg4=1000
4,5534,int16,16,rack502,1000,单体电压414,model=4|arg1=bmsdeviceId.BatteryStacks[0].Cluseter[rackId].ClusterCellVoltages.CellVoltages[413]|arg2=|arg3=|arg4=1000
4,5535,int16,16,rack503,1000,单体电压415,model=4|arg1=bmsdeviceId.BatteryStacks[0].Cluseter[rackId].ClusterCellVoltages.CellVoltages[414]|arg2=|arg3=|arg4=1000
4,5536,int16,16,rack504,1000,单体电压416,model=4|arg1=bmsdeviceId.BatteryStacks[0].Cluseter[rackId].ClusterCellVoltages.CellVoltages[415]|arg2=|arg3=|arg4=1000
4,5537,int16,16,rack505,1000,单体电压417,model=4|arg1=bmsdeviceId.BatteryStacks[0].Cluseter[rackId].ClusterCellVoltages.CellVoltages[416]|arg2=|arg3=|arg4=1000
4,5538,int16,16,rack506,1000,单体电压418,model=4|arg1=bmsdeviceId.BatteryStacks[0].Cluseter[rackId].ClusterCellVoltages.CellVoltages[417]|arg2=|arg3=|arg4=1000
4,5539,int16,16,rack507,1000,单体电压419,model=4|arg1=bmsdeviceId.BatteryStacks[0].Cluseter[rackId].ClusterCellVoltages.CellVoltages[418]|arg2=|arg3=|arg4=1000
4,5540,int16,16,rack508,1000,单体电压420,model=4|arg1=bmsdeviceId.BatteryStacks[0].Cluseter[rackId].ClusterCellVoltages.CellVoltages[419]|arg2=|arg3=|arg4=1000
4,5541,int16,16,rack509,1000,单体电压421,model=4|arg1=bmsdeviceId.BatteryStacks[0].Cluseter[rackId].ClusterCellVoltages.CellVoltages[420]|arg2=|arg3=|arg4=1000
4,5542,int16,16,rack510,1000,单体电压422,model=4|arg1=bmsdeviceId.BatteryStacks[0].Cluseter[rackId].ClusterCellVoltages.CellVoltages[421]|arg2=|arg3=|arg4=1000
4,5543,int16,16,rack511,1000,单体电压423,model=4|arg1=bmsdeviceId.BatteryStacks[0].Cluseter[rackId].ClusterCellVoltages.CellVoltages[422]|arg2=|arg3=|arg4=1000
4,5544,int16,16,rack512,1000,单体电压424,model=4|arg1=bmsdeviceId.BatteryStacks[0].Cluseter[rackId].ClusterCellVoltages.CellVoltages[423]|arg2=|arg3=|arg4=1000
4,5545,int16,16,rack513,1000,单体电压425,model=4|arg1=bmsdeviceId.BatteryStacks[0].Cluseter[rackId].ClusterCellVoltages.CellVoltages[424]|arg2=|arg3=|arg4=1000
4,5546,int16,16,rack514,1000,单体电压426,model=4|arg1=bmsdeviceId.BatteryStacks[0].Cluseter[rackId].ClusterCellVoltages.CellVoltages[425]|arg2=|arg3=|arg4=1000
4,5547,int16,16,rack515,1000,单体电压427,model=4|arg1=bmsdeviceId.BatteryStacks[0].Cluseter[rackId].ClusterCellVoltages.CellVoltages[426]|arg2=|arg3=|arg4=1000
4,5548,int16,16,rack516,1000,单体电压428,model=4|arg1=bmsdeviceId.BatteryStacks[0].Cluseter[rackId].ClusterCellVoltages.CellVoltages[427]|arg2=|arg3=|arg4=1000
4,5549,int16,16,rack517,1000,单体电压429,model=4|arg1=bmsdeviceId.BatteryStacks[0].Cluseter[rackId].ClusterCellVoltages.CellVoltages[428]|arg2=|arg3=|arg4=1000
4,5550,int16,16,rack518,1000,单体电压430,model=4|arg1=bmsdeviceId.BatteryStacks[0].Cluseter[rackId].ClusterCellVoltages.CellVoltages[429]|arg2=|arg3=|arg4=1000
4,5551,int16,16,rack519,1000,单体电压431,model=4|arg1=bmsdeviceId.BatteryStacks[0].Cluseter[rackId].ClusterCellVoltages.CellVoltages[430]|arg2=|arg3=|arg4=1000
4,5552,int16,16,rack520,1000,单体电压432,model=4|arg1=bmsdeviceId.BatteryStacks[0].Cluseter[rackId].ClusterCellVoltages.CellVoltages[431]|arg2=|arg3=|arg4=1000
4,5553,int16,16,rack521,1000,单体电压433,model=4|arg1=bmsdeviceId.BatteryStacks[0].Cluseter[rackId].ClusterCellVoltages.CellVoltages[432]|arg2=|arg3=|arg4=1000
4,5554,int16,16,rack522,1000,单体电压434,model=4|arg1=bmsdeviceId.BatteryStacks[0].Cluseter[rackId].ClusterCellVoltages.CellVoltages[433]|arg2=|arg3=|arg4=1000
4,5555,int16,16,rack523,1000,单体电压435,model=4|arg1=bmsdeviceId.BatteryStacks[0].Cluseter[rackId].ClusterCellVoltages.CellVoltages[434]|arg2=|arg3=|arg4=1000
4,5556,int16,16,rack524,1000,单体电压436,model=4|arg1=bmsdeviceId.BatteryStacks[0].Cluseter[rackId].ClusterCellVoltages.CellVoltages[435]|arg2=|arg3=|arg4=1000
4,5557,int16,16,rack525,1000,单体电压437,model=4|arg1=bmsdeviceId.BatteryStacks[0].Cluseter[rackId].ClusterCellVoltages.CellVoltages[436]|arg2=|arg3=|arg4=1000
4,5558,int16,16,rack526,1000,单体电压438,model=4|arg1=bmsdeviceId.BatteryStacks[0].Cluseter[rackId].ClusterCellVoltages.CellVoltages[437]|arg2=|arg3=|arg4=1000
4,5559,int16,16,rack527,1000,单体电压439,model=4|arg1=bmsdeviceId.BatteryStacks[0].Cluseter[rackId].ClusterCellVoltages.CellVoltages[438]|arg2=|arg3=|arg4=1000
4,5560,int16,16,rack528,1000,单体电压440,model=4|arg1=bmsdeviceId.BatteryStacks[0].Cluseter[rackId].ClusterCellVoltages.CellVoltages[439]|arg2=|arg3=|arg4=1000
4,5561,int16,16,rack529,1000,单体电压441,model=4|arg1=bmsdeviceId.BatteryStacks[0].Cluseter[rackId].ClusterCellVoltages.CellVoltages[440]|arg2=|arg3=|arg4=1000
4,5562,int16,16,rack530,1000,单体电压442,model=4|arg1=bmsdeviceId.BatteryStacks[0].Cluseter[rackId].ClusterCellVoltages.CellVoltages[441]|arg2=|arg3=|arg4=1000
4,5563,int16,16,rack531,1000,单体电压443,model=4|arg1=bmsdeviceId.BatteryStacks[0].Cluseter[rackId].ClusterCellVoltages.CellVoltages[442]|arg2=|arg3=|arg4=1000
4,5564,int16,16,rack532,1000,单体电压444,model=4|arg1=bmsdeviceId.BatteryStacks[0].Cluseter[rackId].ClusterCellVoltages.CellVoltages[443]|arg2=|arg3=|arg4=1000
4,5565,int16,16,rack533,1000,单体电压445,model=4|arg1=bmsdeviceId.BatteryStacks[0].Cluseter[rackId].ClusterCellVoltages.CellVoltages[444]|arg2=|arg3=|arg4=1000
4,5566,int16,16,rack534,1000,单体电压446,model=4|arg1=bmsdeviceId.BatteryStacks[0].Cluseter[rackId].ClusterCellVoltages.CellVoltages[445]|arg2=|arg3=|arg4=1000
4,5567,int16,16,rack535,1000,单体电压447,model=4|arg1=bmsdeviceId.BatteryStacks[0].Cluseter[rackId].ClusterCellVoltages.CellVoltages[446]|arg2=|arg3=|arg4=1000
4,5568,int16,16,rack536,1000,单体电压448,model=4|arg1=bmsdeviceId.BatteryStacks[0].Cluseter[rackId].ClusterCellVoltages.CellVoltages[447]|arg2=|arg3=|arg4=1000
4,5569,int16,16,rack537,1000,单体电压449,model=4|arg1=bmsdeviceId.BatteryStacks[0].Cluseter[rackId].ClusterCellVoltages.CellVoltages[448]|arg2=|arg3=|arg4=1000
4,5570,int16,16,rack538,1000,单体电压450,model=4|arg1=bmsdeviceId.BatteryStacks[0].Cluseter[rackId].ClusterCellVoltages.CellVoltages[449]|arg2=|arg3=|arg4=1000
4,5571,int16,16,rack539,1000,单体电压451,model=4|arg1=bmsdeviceId.BatteryStacks[0].Cluseter[rackId].ClusterCellVoltages.CellVoltages[450]|arg2=|arg3=|arg4=1000
4,5572,int16,16,rack540,1000,单体电压452,model=4|arg1=bmsdeviceId.BatteryStacks[0].Cluseter[rackId].ClusterCellVoltages.CellVoltages[451]|arg2=|arg3=|arg4=1000
4,5573,int16,16,rack541,1000,单体电压453,model=4|arg1=bmsdeviceId.BatteryStacks[0].Cluseter[rackId].ClusterCellVoltages.CellVoltages[452]|arg2=|arg3=|arg4=1000
4,5574,int16,16,rack542,1000,单体电压454,model=4|arg1=bmsdeviceId.BatteryStacks[0].Cluseter[rackId].ClusterCellVoltages.CellVoltages[453]|arg2=|arg3=|arg4=1000
4,5575,int16,16,rack543,1000,单体电压455,model=4|arg1=bmsdeviceId.BatteryStacks[0].Cluseter[rackId].ClusterCellVoltages.CellVoltages[454]|arg2=|arg3=|arg4=1000
4,5576,int16,16,rack544,1000,单体电压456,model=4|arg1=bmsdeviceId.BatteryStacks[0].Cluseter[rackId].ClusterCellVoltages.CellVoltages[455]|arg2=|arg3=|arg4=1000
4,5577,int16,16,rack545,1000,单体电压457,model=4|arg1=bmsdeviceId.BatteryStacks[0].Cluseter[rackId].ClusterCellVoltages.CellVoltages[456]|arg2=|arg3=|arg4=1000
4,5578,int16,16,rack546,1000,单体电压458,model=4|arg1=bmsdeviceId.BatteryStacks[0].Cluseter[rackId].ClusterCellVoltages.CellVoltages[457]|arg2=|arg3=|arg4=1000
4,5579,int16,16,rack547,1000,单体电压459,model=4|arg1=bmsdeviceId.BatteryStacks[0].Cluseter[rackId].ClusterCellVoltages.CellVoltages[458]|arg2=|arg3=|arg4=1000
4,5580,int16,16,rack548,1000,单体电压460,model=4|arg1=bmsdeviceId.BatteryStacks[0].Cluseter[rackId].ClusterCellVoltages.CellVoltages[459]|arg2=|arg3=|arg4=1000
4,5581,int16,16,rack549,1000,单体电压461,model=4|arg1=bmsdeviceId.BatteryStacks[0].Cluseter[rackId].ClusterCellVoltages.CellVoltages[460]|arg2=|arg3=|arg4=1000
4,5582,int16,16,rack550,1000,单体电压462,model=4|arg1=bmsdeviceId.BatteryStacks[0].Cluseter[rackId].ClusterCellVoltages.CellVoltages[461]|arg2=|arg3=|arg4=1000
4,5583,int16,16,rack551,1000,单体电压463,model=4|arg1=bmsdeviceId.BatteryStacks[0].Cluseter[rackId].ClusterCellVoltages.CellVoltages[462]|arg2=|arg3=|arg4=1000
4,5584,int16,16,rack552,1000,单体电压464,model=4|arg1=bmsdeviceId.BatteryStacks[0].Cluseter[rackId].ClusterCellVoltages.CellVoltages[463]|arg2=|arg3=|arg4=1000
4,5585,int16,16,rack553,1000,单体电压465,model=4|arg1=bmsdeviceId.BatteryStacks[0].Cluseter[rackId].ClusterCellVoltages.CellVoltages[464]|arg2=|arg3=|arg4=1000
4,5586,int16,16,rack554,1000,单体电压466,model=4|arg1=bmsdeviceId.BatteryStacks[0].Cluseter[rackId].ClusterCellVoltages.CellVoltages[465]|arg2=|arg3=|arg4=1000
4,5587,int16,16,rack555,1000,单体电压467,model=4|arg1=bmsdeviceId.BatteryStacks[0].Cluseter[rackId].ClusterCellVoltages.CellVoltages[466]|arg2=|arg3=|arg4=1000
4,5588,int16,16,rack556,1000,单体电压468,model=4|arg1=bmsdeviceId.BatteryStacks[0].Cluseter[rackId].ClusterCellVoltages.CellVoltages[467]|arg2=|arg3=|arg4=1000
4,5589,int16,16,rack557,1000,单体电压469,model=4|arg1=bmsdeviceId.BatteryStacks[0].Cluseter[rackId].ClusterCellVoltages.CellVoltages[468]|arg2=|arg3=|arg4=1000
4,5590,int16,16,rack558,1000,单体电压470,model=4|arg1=bmsdeviceId.BatteryStacks[0].Cluseter[rackId].ClusterCellVoltages.CellVoltages[469]|arg2=|arg3=|arg4=1000
4,5591,int16,16,rack559,1000,单体电压471,model=4|arg1=bmsdeviceId.BatteryStacks[0].Cluseter[rackId].ClusterCellVoltages.CellVoltages[470]|arg2=|arg3=|arg4=1000
4,5592,int16,16,rack560,1000,单体电压472,model=4|arg1=bmsdeviceId.BatteryStacks[0].Cluseter[rackId].ClusterCellVoltages.CellVoltages[471]|arg2=|arg3=|arg4=1000
4,5593,int16,16,rack561,1000,单体电压473,model=4|arg1=bmsdeviceId.BatteryStacks[0].Cluseter[rackId].ClusterCellVoltages.CellVoltages[472]|arg2=|arg3=|arg4=1000
4,5594,int16,16,rack562,1000,单体电压474,model=4|arg1=bmsdeviceId.BatteryStacks[0].Cluseter[rackId].ClusterCellVoltages.CellVoltages[473]|arg2=|arg3=|arg4=1000
4,5595,int16,16,rack563,1000,单体电压475,model=4|arg1=bmsdeviceId.BatteryStacks[0].Cluseter[rackId].ClusterCellVoltages.CellVoltages[474]|arg2=|arg3=|arg4=1000
4,5596,int16,16,rack564,1000,单体电压476,model=4|arg1=bmsdeviceId.BatteryStacks[0].Cluseter[rackId].ClusterCellVoltages.CellVoltages[475]|arg2=|arg3=|arg4=1000
4,5597,int16,16,rack565,1000,单体电压477,model=4|arg1=bmsdeviceId.BatteryStacks[0].Cluseter[rackId].ClusterCellVoltages.CellVoltages[476]|arg2=|arg3=|arg4=1000
4,5598,int16,16,rack566,1000,单体电压478,model=4|arg1=bmsdeviceId.BatteryStacks[0].Cluseter[rackId].ClusterCellVoltages.CellVoltages[477]|arg2=|arg3=|arg4=1000
4,5599,int16,16,rack567,1000,单体电压479,model=4|arg1=bmsdeviceId.BatteryStacks[0].Cluseter[rackId].ClusterCellVoltages.CellVoltages[478]|arg2=|arg3=|arg4=1000
4,5600,int16,16,rack568,1000,单体电压480,model=4|arg1=bmsdeviceId.BatteryStacks[0].Cluseter[rackId].ClusterCellVoltages.CellVoltages[479]|arg2=|arg3=|arg4=1000
4,5601,int16,16,rack569,1000,单体电压481,model=4|arg1=bmsdeviceId.BatteryStacks[0].Cluseter[rackId].ClusterCellVoltages.CellVoltages[480]|arg2=|arg3=|arg4=1000
4,5602,int16,16,rack570,1000,单体电压482,model=4|arg1=bmsdeviceId.BatteryStacks[0].Cluseter[rackId].ClusterCellVoltages.CellVoltages[481]|arg2=|arg3=|arg4=1000
4,5603,int16,16,rack571,1000,单体电压483,model=4|arg1=bmsdeviceId.BatteryStacks[0].Cluseter[rackId].ClusterCellVoltages.CellVoltages[482]|arg2=|arg3=|arg4=1000
4,5604,int16,16,rack572,1000,单体电压484,model=4|arg1=bmsdeviceId.BatteryStacks[0].Cluseter[rackId].ClusterCellVoltages.CellVoltages[483]|arg2=|arg3=|arg4=1000
4,5605,int16,16,rack573,1000,单体电压485,model=4|arg1=bmsdeviceId.BatteryStacks[0].Cluseter[rackId].ClusterCellVoltages.CellVoltages[484]|arg2=|arg3=|arg4=1000
4,5606,int16,16,rack574,1000,单体电压486,model=4|arg1=bmsdeviceId.BatteryStacks[0].Cluseter[rackId].ClusterCellVoltages.CellVoltages[485]|arg2=|arg3=|arg4=1000
4,5607,int16,16,rack575,1000,单体电压487,model=4|arg1=bmsdeviceId.BatteryStacks[0].Cluseter[rackId].ClusterCellVoltages.CellVoltages[486]|arg2=|arg3=|arg4=1000
4,5608,int16,16,rack576,1000,单体电压488,model=4|arg1=bmsdeviceId.BatteryStacks[0].Cluseter[rackId].ClusterCellVoltages.CellVoltages[487]|arg2=|arg3=|arg4=1000
4,5609,int16,16,rack577,1000,单体电压489,model=4|arg1=bmsdeviceId.BatteryStacks[0].Cluseter[rackId].ClusterCellVoltages.CellVoltages[488]|arg2=|arg3=|arg4=1000
4,5610,int16,16,rack578,1000,单体电压490,model=4|arg1=bmsdeviceId.BatteryStacks[0].Cluseter[rackId].ClusterCellVoltages.CellVoltages[489]|arg2=|arg3=|arg4=1000
4,5611,int16,16,rack579,1000,单体电压491,model=4|arg1=bmsdeviceId.BatteryStacks[0].Cluseter[rackId].ClusterCellVoltages.CellVoltages[490]|arg2=|arg3=|arg4=1000
4,5612,int16,16,rack580,1000,单体电压492,model=4|arg1=bmsdeviceId.BatteryStacks[0].Cluseter[rackId].ClusterCellVoltages.CellVoltages[491]|arg2=|arg3=|arg4=1000
4,5613,int16,16,rack581,1000,单体电压493,model=4|arg1=bmsdeviceId.BatteryStacks[0].Cluseter[rackId].ClusterCellVoltages.CellVoltages[492]|arg2=|arg3=|arg4=1000
4,5614,int16,16,rack582,1000,单体电压494,model=4|arg1=bmsdeviceId.BatteryStacks[0].Cluseter[rackId].ClusterCellVoltages.CellVoltages[493]|arg2=|arg3=|arg4=1000
4,5615,int16,16,rack583,1000,单体电压495,model=4|arg1=bmsdeviceId.BatteryStacks[0].Cluseter[rackId].ClusterCellVoltages.CellVoltages[494]|arg2=|arg3=|arg4=1000
4,5616,int16,16,rack584,1000,单体电压496,model=4|arg1=bmsdeviceId.BatteryStacks[0].Cluseter[rackId].ClusterCellVoltages.CellVoltages[495]|arg2=|arg3=|arg4=1000
4,5617,int16,16,rack585,1000,单体电压497,model=4|arg1=bmsdeviceId.BatteryStacks[0].Cluseter[rackId].ClusterCellVoltages.CellVoltages[496]|arg2=|arg3=|arg4=1000
4,5618,int16,16,rack586,1000,单体电压498,model=4|arg1=bmsdeviceId.BatteryStacks[0].Cluseter[rackId].ClusterCellVoltages.CellVoltages[497]|arg2=|arg3=|arg4=1000
4,5619,int16,16,rack587,1000,单体电压499,model=4|arg1=bmsdeviceId.BatteryStacks[0].Cluseter[rackId].ClusterCellVoltages.CellVoltages[498]|arg2=|arg3=|arg4=1000
4,5620,int16,16,rack588,1000,单体电压500,model=4|arg1=bmsdeviceId.BatteryStacks[0].Cluseter[rackId].ClusterCellVoltages.CellVoltages[499]|arg2=|arg3=|arg4=1000
4,5621,int16,16,rack589,1000,单体电压501,model=4|arg1=bmsdeviceId.BatteryStacks[0].Cluseter[rackId].ClusterCellVoltages.CellVoltages[500]|arg2=|arg3=|arg4=1000
4,5622,int16,16,rack590,1000,单体电压502,model=4|arg1=bmsdeviceId.BatteryStacks[0].Cluseter[rackId].ClusterCellVoltages.CellVoltages[501]|arg2=|arg3=|arg4=1000
4,5623,int16,16,rack591,1000,单体电压503,model=4|arg1=bmsdeviceId.BatteryStacks[0].Cluseter[rackId].ClusterCellVoltages.CellVoltages[502]|arg2=|arg3=|arg4=1000
4,5624,int16,16,rack592,1000,单体电压504,model=4|arg1=bmsdeviceId.BatteryStacks[0].Cluseter[rackId].ClusterCellVoltages.CellVoltages[503]|arg2=|arg3=|arg4=1000
4,5625,int16,16,rack593,1000,单体电压505,model=4|arg1=bmsdeviceId.BatteryStacks[0].Cluseter[rackId].ClusterCellVoltages.CellVoltages[504]|arg2=|arg3=|arg4=1000
4,5626,int16,16,rack594,1000,单体电压506,model=4|arg1=bmsdeviceId.BatteryStacks[0].Cluseter[rackId].ClusterCellVoltages.CellVoltages[505]|arg2=|arg3=|arg4=1000
4,5627,int16,16,rack595,1000,单体电压507,model=4|arg1=bmsdeviceId.BatteryStacks[0].Cluseter[rackId].ClusterCellVoltages.CellVoltages[506]|arg2=|arg3=|arg4=1000
4,5628,int16,16,rack596,1000,单体电压508,model=4|arg1=bmsdeviceId.BatteryStacks[0].Cluseter[rackId].ClusterCellVoltages.CellVoltages[507]|arg2=|arg3=|arg4=1000
4,5629,int16,16,rack597,1000,单体电压509,model=4|arg1=bmsdeviceId.BatteryStacks[0].Cluseter[rackId].ClusterCellVoltages.CellVoltages[508]|arg2=|arg3=|arg4=1000
4,5630,int16,16,rack598,1000,单体电压510,model=4|arg1=bmsdeviceId.BatteryStacks[0].Cluseter[rackId].ClusterCellVoltages.CellVoltages[509]|arg2=|arg3=|arg4=1000
4,5631,int16,16,rack599,1000,单体电压511,model=4|arg1=bmsdeviceId.BatteryStacks[0].Cluseter[rackId].ClusterCellVoltages.CellVoltages[510]|arg2=|arg3=|arg4=1000
4,5632,int16,16,rack600,1000,单体电压512,model=4|arg1=bmsdeviceId.BatteryStacks[0].Cluseter[rackId].ClusterCellVoltages.CellVoltages[511]|arg2=|arg3=|arg4=1000
4,6145,int16,16,rack601,10,单体温度1,model=4|arg1=bmsdeviceId.BatteryStacks[0].Cluseter[rackId].ClusterCellTemperatures.CellTemperatures[0]|arg2=|arg3=|arg4=10
4,6146,int16,16,rack602,10,单体温度2,model=4|arg1=bmsdeviceId.BatteryStacks[0].Cluseter[rackId].ClusterCellTemperatures.CellTemperatures[1]|arg2=|arg3=|arg4=10
4,6147,int16,16,rack603,10,单体温度3,model=4|arg1=bmsdeviceId.BatteryStacks[0].Cluseter[rackId].ClusterCellTemperatures.CellTemperatures[2]|arg2=|arg3=|arg4=10
4,6148,int16,16,rack604,10,单体温度4,model=4|arg1=bmsdeviceId.BatteryStacks[0].Cluseter[rackId].ClusterCellTemperatures.CellTemperatures[3]|arg2=|arg3=|arg4=10
4,6149,int16,16,rack605,10,单体温度5,model=4|arg1=bmsdeviceId.BatteryStacks[0].Cluseter[rackId].ClusterCellTemperatures.CellTemperatures[4]|arg2=|arg3=|arg4=10
4,6150,int16,16,rack606,10,单体温度6,model=4|arg1=bmsdeviceId.BatteryStacks[0].Cluseter[rackId].ClusterCellTemperatures.CellTemperatures[5]|arg2=|arg3=|arg4=10
4,6151,int16,16,rack607,10,单体温度7,model=4|arg1=bmsdeviceId.BatteryStacks[0].Cluseter[rackId].ClusterCellTemperatures.CellTemperatures[6]|arg2=|arg3=|arg4=10
4,6152,int16,16,rack608,10,单体温度8,model=4|arg1=bmsdeviceId.BatteryStacks[0].Cluseter[rackId].ClusterCellTemperatures.CellTemperatures[7]|arg2=|arg3=|arg4=10
4,6153,int16,16,rack609,10,单体温度9,model=4|arg1=bmsdeviceId.BatteryStacks[0].Cluseter[rackId].ClusterCellTemperatures.CellTemperatures[8]|arg2=|arg3=|arg4=10
4,6154,int16,16,rack610,10,单体温度10,model=4|arg1=bmsdeviceId.BatteryStacks[0].Cluseter[rackId].ClusterCellTemperatures.CellTemperatures[9]|arg2=|arg3=|arg4=10
4,6155,int16,16,rack611,10,单体温度11,model=4|arg1=bmsdeviceId.BatteryStacks[0].Cluseter[rackId].ClusterCellTemperatures.CellTemperatures[10]|arg2=|arg3=|arg4=10
4,6156,int16,16,rack612,10,单体温度12,model=4|arg1=bmsdeviceId.BatteryStacks[0].Cluseter[rackId].ClusterCellTemperatures.CellTemperatures[11]|arg2=|arg3=|arg4=10
4,6157,int16,16,rack613,10,单体温度13,model=4|arg1=bmsdeviceId.BatteryStacks[0].Cluseter[rackId].ClusterCellTemperatures.CellTemperatures[12]|arg2=|arg3=|arg4=10
4,6158,int16,16,rack614,10,单体温度14,model=4|arg1=bmsdeviceId.BatteryStacks[0].Cluseter[rackId].ClusterCellTemperatures.CellTemperatures[13]|arg2=|arg3=|arg4=10
4,6159,int16,16,rack615,10,单体温度15,model=4|arg1=bmsdeviceId.BatteryStacks[0].Cluseter[rackId].ClusterCellTemperatures.CellTemperatures[14]|arg2=|arg3=|arg4=10
4,6160,int16,16,rack616,10,单体温度16,model=4|arg1=bmsdeviceId.BatteryStacks[0].Cluseter[rackId].ClusterCellTemperatures.CellTemperatures[15]|arg2=|arg3=|arg4=10
4,6161,int16,16,rack617,10,单体温度17,model=4|arg1=bmsdeviceId.BatteryStacks[0].Cluseter[rackId].ClusterCellTemperatures.CellTemperatures[16]|arg2=|arg3=|arg4=10
4,6162,int16,16,rack618,10,单体温度18,model=4|arg1=bmsdeviceId.BatteryStacks[0].Cluseter[rackId].ClusterCellTemperatures.CellTemperatures[17]|arg2=|arg3=|arg4=10
4,6163,int16,16,rack619,10,单体温度19,model=4|arg1=bmsdeviceId.BatteryStacks[0].Cluseter[rackId].ClusterCellTemperatures.CellTemperatures[18]|arg2=|arg3=|arg4=10
4,6164,int16,16,rack620,10,单体温度20,model=4|arg1=bmsdeviceId.BatteryStacks[0].Cluseter[rackId].ClusterCellTemperatures.CellTemperatures[19]|arg2=|arg3=|arg4=10
4,6165,int16,16,rack621,10,单体温度21,model=4|arg1=bmsdeviceId.BatteryStacks[0].Cluseter[rackId].ClusterCellTemperatures.CellTemperatures[20]|arg2=|arg3=|arg4=10
4,6166,int16,16,rack622,10,单体温度22,model=4|arg1=bmsdeviceId.BatteryStacks[0].Cluseter[rackId].ClusterCellTemperatures.CellTemperatures[21]|arg2=|arg3=|arg4=10
4,6167,int16,16,rack623,10,单体温度23,model=4|arg1=bmsdeviceId.BatteryStacks[0].Cluseter[rackId].ClusterCellTemperatures.CellTemperatures[22]|arg2=|arg3=|arg4=10
4,6168,int16,16,rack624,10,单体温度24,model=4|arg1=bmsdeviceId.BatteryStacks[0].Cluseter[rackId].ClusterCellTemperatures.CellTemperatures[23]|arg2=|arg3=|arg4=10
4,6169,int16,16,rack625,10,单体温度25,model=4|arg1=bmsdeviceId.BatteryStacks[0].Cluseter[rackId].ClusterCellTemperatures.CellTemperatures[24]|arg2=|arg3=|arg4=10
4,6170,int16,16,rack626,10,单体温度26,model=4|arg1=bmsdeviceId.BatteryStacks[0].Cluseter[rackId].ClusterCellTemperatures.CellTemperatures[25]|arg2=|arg3=|arg4=10
4,6171,int16,16,rack627,10,单体温度27,model=4|arg1=bmsdeviceId.BatteryStacks[0].Cluseter[rackId].ClusterCellTemperatures.CellTemperatures[26]|arg2=|arg3=|arg4=10
4,6172,int16,16,rack628,10,单体温度28,model=4|arg1=bmsdeviceId.BatteryStacks[0].Cluseter[rackId].ClusterCellTemperatures.CellTemperatures[27]|arg2=|arg3=|arg4=10
4,6173,int16,16,rack629,10,单体温度29,model=4|arg1=bmsdeviceId.BatteryStacks[0].Cluseter[rackId].ClusterCellTemperatures.CellTemperatures[28]|arg2=|arg3=|arg4=10
4,6174,int16,16,rack630,10,单体温度30,model=4|arg1=bmsdeviceId.BatteryStacks[0].Cluseter[rackId].ClusterCellTemperatures.CellTemperatures[29]|arg2=|arg3=|arg4=10
4,6175,int16,16,rack631,10,单体温度31,model=4|arg1=bmsdeviceId.BatteryStacks[0].Cluseter[rackId].ClusterCellTemperatures.CellTemperatures[30]|arg2=|arg3=|arg4=10
4,6176,int16,16,rack632,10,单体温度32,model=4|arg1=bmsdeviceId.BatteryStacks[0].Cluseter[rackId].ClusterCellTemperatures.CellTemperatures[31]|arg2=|arg3=|arg4=10
4,6177,int16,16,rack633,10,单体温度33,model=4|arg1=bmsdeviceId.BatteryStacks[0].Cluseter[rackId].ClusterCellTemperatures.CellTemperatures[32]|arg2=|arg3=|arg4=10
4,6178,int16,16,rack634,10,单体温度34,model=4|arg1=bmsdeviceId.BatteryStacks[0].Cluseter[rackId].ClusterCellTemperatures.CellTemperatures[33]|arg2=|arg3=|arg4=10
4,6179,int16,16,rack635,10,单体温度35,model=4|arg1=bmsdeviceId.BatteryStacks[0].Cluseter[rackId].ClusterCellTemperatures.CellTemperatures[34]|arg2=|arg3=|arg4=10
4,6180,int16,16,rack636,10,单体温度36,model=4|arg1=bmsdeviceId.BatteryStacks[0].Cluseter[rackId].ClusterCellTemperatures.CellTemperatures[35]|arg2=|arg3=|arg4=10
4,6181,int16,16,rack637,10,单体温度37,model=4|arg1=bmsdeviceId.BatteryStacks[0].Cluseter[rackId].ClusterCellTemperatures.CellTemperatures[36]|arg2=|arg3=|arg4=10
4,6182,int16,16,rack638,10,单体温度38,model=4|arg1=bmsdeviceId.BatteryStacks[0].Cluseter[rackId].ClusterCellTemperatures.CellTemperatures[37]|arg2=|arg3=|arg4=10
4,6183,int16,16,rack639,10,单体温度39,model=4|arg1=bmsdeviceId.BatteryStacks[0].Cluseter[rackId].ClusterCellTemperatures.CellTemperatures[38]|arg2=|arg3=|arg4=10
4,6184,int16,16,rack640,10,单体温度40,model=4|arg1=bmsdeviceId.BatteryStacks[0].Cluseter[rackId].ClusterCellTemperatures.CellTemperatures[39]|arg2=|arg3=|arg4=10
4,6185,int16,16,rack641,10,单体温度41,model=4|arg1=bmsdeviceId.BatteryStacks[0].Cluseter[rackId].ClusterCellTemperatures.CellTemperatures[40]|arg2=|arg3=|arg4=10
4,6186,int16,16,rack642,10,单体温度42,model=4|arg1=bmsdeviceId.BatteryStacks[0].Cluseter[rackId].ClusterCellTemperatures.CellTemperatures[41]|arg2=|arg3=|arg4=10
4,6187,int16,16,rack643,10,单体温度43,model=4|arg1=bmsdeviceId.BatteryStacks[0].Cluseter[rackId].ClusterCellTemperatures.CellTemperatures[42]|arg2=|arg3=|arg4=10
4,6188,int16,16,rack644,10,单体温度44,model=4|arg1=bmsdeviceId.BatteryStacks[0].Cluseter[rackId].ClusterCellTemperatures.CellTemperatures[43]|arg2=|arg3=|arg4=10
4,6189,int16,16,rack645,10,单体温度45,model=4|arg1=bmsdeviceId.BatteryStacks[0].Cluseter[rackId].ClusterCellTemperatures.CellTemperatures[44]|arg2=|arg3=|arg4=10
4,6190,int16,16,rack646,10,单体温度46,model=4|arg1=bmsdeviceId.BatteryStacks[0].Cluseter[rackId].ClusterCellTemperatures.CellTemperatures[45]|arg2=|arg3=|arg4=10
4,6191,int16,16,rack647,10,单体温度47,model=4|arg1=bmsdeviceId.BatteryStacks[0].Cluseter[rackId].ClusterCellTemperatures.CellTemperatures[46]|arg2=|arg3=|arg4=10
4,6192,int16,16,rack648,10,单体温度48,model=4|arg1=bmsdeviceId.BatteryStacks[0].Cluseter[rackId].ClusterCellTemperatures.CellTemperatures[47]|arg2=|arg3=|arg4=10
4,6193,int16,16,rack649,10,单体温度49,model=4|arg1=bmsdeviceId.BatteryStacks[0].Cluseter[rackId].ClusterCellTemperatures.CellTemperatures[48]|arg2=|arg3=|arg4=10
4,6194,int16,16,rack650,10,单体温度50,model=4|arg1=bmsdeviceId.BatteryStacks[0].Cluseter[rackId].ClusterCellTemperatures.CellTemperatures[49]|arg2=|arg3=|arg4=10
4,6195,int16,16,rack651,10,单体温度51,model=4|arg1=bmsdeviceId.BatteryStacks[0].Cluseter[rackId].ClusterCellTemperatures.CellTemperatures[50]|arg2=|arg3=|arg4=10
4,6196,int16,16,rack652,10,单体温度52,model=4|arg1=bmsdeviceId.BatteryStacks[0].Cluseter[rackId].ClusterCellTemperatures.CellTemperatures[51]|arg2=|arg3=|arg4=10
4,6197,int16,16,rack653,10,单体温度53,model=4|arg1=bmsdeviceId.BatteryStacks[0].Cluseter[rackId].ClusterCellTemperatures.CellTemperatures[52]|arg2=|arg3=|arg4=10
4,6198,int16,16,rack654,10,单体温度54,model=4|arg1=bmsdeviceId.BatteryStacks[0].Cluseter[rackId].ClusterCellTemperatures.CellTemperatures[53]|arg2=|arg3=|arg4=10
4,6199,int16,16,rack655,10,单体温度55,model=4|arg1=bmsdeviceId.BatteryStacks[0].Cluseter[rackId].ClusterCellTemperatures.CellTemperatures[54]|arg2=|arg3=|arg4=10
4,6200,int16,16,rack656,10,单体温度56,model=4|arg1=bmsdeviceId.BatteryStacks[0].Cluseter[rackId].ClusterCellTemperatures.CellTemperatures[55]|arg2=|arg3=|arg4=10
4,6201,int16,16,rack657,10,单体温度57,model=4|arg1=bmsdeviceId.BatteryStacks[0].Cluseter[rackId].ClusterCellTemperatures.CellTemperatures[56]|arg2=|arg3=|arg4=10
4,6202,int16,16,rack658,10,单体温度58,model=4|arg1=bmsdeviceId.BatteryStacks[0].Cluseter[rackId].ClusterCellTemperatures.CellTemperatures[57]|arg2=|arg3=|arg4=10
4,6203,int16,16,rack659,10,单体温度59,model=4|arg1=bmsdeviceId.BatteryStacks[0].Cluseter[rackId].ClusterCellTemperatures.CellTemperatures[58]|arg2=|arg3=|arg4=10
4,6204,int16,16,rack660,10,单体温度60,model=4|arg1=bmsdeviceId.BatteryStacks[0].Cluseter[rackId].ClusterCellTemperatures.CellTemperatures[59]|arg2=|arg3=|arg4=10
4,6205,int16,16,rack661,10,单体温度61,model=4|arg1=bmsdeviceId.BatteryStacks[0].Cluseter[rackId].ClusterCellTemperatures.CellTemperatures[60]|arg2=|arg3=|arg4=10
4,6206,int16,16,rack662,10,单体温度62,model=4|arg1=bmsdeviceId.BatteryStacks[0].Cluseter[rackId].ClusterCellTemperatures.CellTemperatures[61]|arg2=|arg3=|arg4=10
4,6207,int16,16,rack663,10,单体温度63,model=4|arg1=bmsdeviceId.BatteryStacks[0].Cluseter[rackId].ClusterCellTemperatures.CellTemperatures[62]|arg2=|arg3=|arg4=10
4,6208,int16,16,rack664,10,单体温度64,model=4|arg1=bmsdeviceId.BatteryStacks[0].Cluseter[rackId].ClusterCellTemperatures.CellTemperatures[63]|arg2=|arg3=|arg4=10
4,6209,int16,16,rack665,10,单体温度65,model=4|arg1=bmsdeviceId.BatteryStacks[0].Cluseter[rackId].ClusterCellTemperatures.CellTemperatures[64]|arg2=|arg3=|arg4=10
4,6210,int16,16,rack666,10,单体温度66,model=4|arg1=bmsdeviceId.BatteryStacks[0].Cluseter[rackId].ClusterCellTemperatures.CellTemperatures[65]|arg2=|arg3=|arg4=10
4,6211,int16,16,rack667,10,单体温度67,model=4|arg1=bmsdeviceId.BatteryStacks[0].Cluseter[rackId].ClusterCellTemperatures.CellTemperatures[66]|arg2=|arg3=|arg4=10
4,6212,int16,16,rack668,10,单体温度68,model=4|arg1=bmsdeviceId.BatteryStacks[0].Cluseter[rackId].ClusterCellTemperatures.CellTemperatures[67]|arg2=|arg3=|arg4=10
4,6213,int16,16,rack669,10,单体温度69,model=4|arg1=bmsdeviceId.BatteryStacks[0].Cluseter[rackId].ClusterCellTemperatures.CellTemperatures[68]|arg2=|arg3=|arg4=10
4,6214,int16,16,rack670,10,单体温度70,model=4|arg1=bmsdeviceId.BatteryStacks[0].Cluseter[rackId].ClusterCellTemperatures.CellTemperatures[69]|arg2=|arg3=|arg4=10
4,6215,int16,16,rack671,10,单体温度71,model=4|arg1=bmsdeviceId.BatteryStacks[0].Cluseter[rackId].ClusterCellTemperatures.CellTemperatures[70]|arg2=|arg3=|arg4=10
4,6216,int16,16,rack672,10,单体温度72,model=4|arg1=bmsdeviceId.BatteryStacks[0].Cluseter[rackId].ClusterCellTemperatures.CellTemperatures[71]|arg2=|arg3=|arg4=10
4,6217,int16,16,rack673,10,单体温度73,model=4|arg1=bmsdeviceId.BatteryStacks[0].Cluseter[rackId].ClusterCellTemperatures.CellTemperatures[72]|arg2=|arg3=|arg4=10
4,6218,int16,16,rack674,10,单体温度74,model=4|arg1=bmsdeviceId.BatteryStacks[0].Cluseter[rackId].ClusterCellTemperatures.CellTemperatures[73]|arg2=|arg3=|arg4=10
4,6219,int16,16,rack675,10,单体温度75,model=4|arg1=bmsdeviceId.BatteryStacks[0].Cluseter[rackId].ClusterCellTemperatures.CellTemperatures[74]|arg2=|arg3=|arg4=10
4,6220,int16,16,rack676,10,单体温度76,model=4|arg1=bmsdeviceId.BatteryStacks[0].Cluseter[rackId].ClusterCellTemperatures.CellTemperatures[75]|arg2=|arg3=|arg4=10
4,6221,int16,16,rack677,10,单体温度77,model=4|arg1=bmsdeviceId.BatteryStacks[0].Cluseter[rackId].ClusterCellTemperatures.CellTemperatures[76]|arg2=|arg3=|arg4=10
4,6222,int16,16,rack678,10,单体温度78,model=4|arg1=bmsdeviceId.BatteryStacks[0].Cluseter[rackId].ClusterCellTemperatures.CellTemperatures[77]|arg2=|arg3=|arg4=10
4,6223,int16,16,rack679,10,单体温度79,model=4|arg1=bmsdeviceId.BatteryStacks[0].Cluseter[rackId].ClusterCellTemperatures.CellTemperatures[78]|arg2=|arg3=|arg4=10
4,6224,int16,16,rack680,10,单体温度80,model=4|arg1=bmsdeviceId.BatteryStacks[0].Cluseter[rackId].ClusterCellTemperatures.CellTemperatures[79]|arg2=|arg3=|arg4=10
4,6225,int16,16,rack681,10,单体温度81,model=4|arg1=bmsdeviceId.BatteryStacks[0].Cluseter[rackId].ClusterCellTemperatures.CellTemperatures[80]|arg2=|arg3=|arg4=10
4,6226,int16,16,rack682,10,单体温度82,model=4|arg1=bmsdeviceId.BatteryStacks[0].Cluseter[rackId].ClusterCellTemperatures.CellTemperatures[81]|arg2=|arg3=|arg4=10
4,6227,int16,16,rack683,10,单体温度83,model=4|arg1=bmsdeviceId.BatteryStacks[0].Cluseter[rackId].ClusterCellTemperatures.CellTemperatures[82]|arg2=|arg3=|arg4=10
4,6228,int16,16,rack684,10,单体温度84,model=4|arg1=bmsdeviceId.BatteryStacks[0].Cluseter[rackId].ClusterCellTemperatures.CellTemperatures[83]|arg2=|arg3=|arg4=10
4,6229,int16,16,rack685,10,单体温度85,model=4|arg1=bmsdeviceId.BatteryStacks[0].Cluseter[rackId].ClusterCellTemperatures.CellTemperatures[84]|arg2=|arg3=|arg4=10
4,6230,int16,16,rack686,10,单体温度86,model=4|arg1=bmsdeviceId.BatteryStacks[0].Cluseter[rackId].ClusterCellTemperatures.CellTemperatures[85]|arg2=|arg3=|arg4=10
4,6231,int16,16,rack687,10,单体温度87,model=4|arg1=bmsdeviceId.BatteryStacks[0].Cluseter[rackId].ClusterCellTemperatures.CellTemperatures[86]|arg2=|arg3=|arg4=10
4,6232,int16,16,rack688,10,单体温度88,model=4|arg1=bmsdeviceId.BatteryStacks[0].Cluseter[rackId].ClusterCellTemperatures.CellTemperatures[87]|arg2=|arg3=|arg4=10
4,6233,int16,16,rack689,10,单体温度89,model=4|arg1=bmsdeviceId.BatteryStacks[0].Cluseter[rackId].ClusterCellTemperatures.CellTemperatures[88]|arg2=|arg3=|arg4=10
4,6234,int16,16,rack690,10,单体温度90,model=4|arg1=bmsdeviceId.BatteryStacks[0].Cluseter[rackId].ClusterCellTemperatures.CellTemperatures[89]|arg2=|arg3=|arg4=10
4,6235,int16,16,rack691,10,单体温度91,model=4|arg1=bmsdeviceId.BatteryStacks[0].Cluseter[rackId].ClusterCellTemperatures.CellTemperatures[90]|arg2=|arg3=|arg4=10
4,6236,int16,16,rack692,10,单体温度92,model=4|arg1=bmsdeviceId.BatteryStacks[0].Cluseter[rackId].ClusterCellTemperatures.CellTemperatures[91]|arg2=|arg3=|arg4=10
4,6237,int16,16,rack693,10,单体温度93,model=4|arg1=bmsdeviceId.BatteryStacks[0].Cluseter[rackId].ClusterCellTemperatures.CellTemperatures[92]|arg2=|arg3=|arg4=10
4,6238,int16,16,rack694,10,单体温度94,model=4|arg1=bmsdeviceId.BatteryStacks[0].Cluseter[rackId].ClusterCellTemperatures.CellTemperatures[93]|arg2=|arg3=|arg4=10
4,6239,int16,16,rack695,10,单体温度95,model=4|arg1=bmsdeviceId.BatteryStacks[0].Cluseter[rackId].ClusterCellTemperatures.CellTemperatures[94]|arg2=|arg3=|arg4=10
4,6240,int16,16,rack696,10,单体温度96,model=4|arg1=bmsdeviceId.BatteryStacks[0].Cluseter[rackId].ClusterCellTemperatures.CellTemperatures[95]|arg2=|arg3=|arg4=10
4,6241,int16,16,rack697,10,单体温度97,model=4|arg1=bmsdeviceId.BatteryStacks[0].Cluseter[rackId].ClusterCellTemperatures.CellTemperatures[96]|arg2=|arg3=|arg4=10
4,6242,int16,16,rack698,10,单体温度98,model=4|arg1=bmsdeviceId.BatteryStacks[0].Cluseter[rackId].ClusterCellTemperatures.CellTemperatures[97]|arg2=|arg3=|arg4=10
4,6243,int16,16,rack699,10,单体温度99,model=4|arg1=bmsdeviceId.BatteryStacks[0].Cluseter[rackId].ClusterCellTemperatures.CellTemperatures[98]|arg2=|arg3=|arg4=10
4,6244,int16,16,rack700,10,单体温度100,model=4|arg1=bmsdeviceId.BatteryStacks[0].Cluseter[rackId].ClusterCellTemperatures.CellTemperatures[99]|arg2=|arg3=|arg4=10
4,6245,int16,16,rack701,10,单体温度101,model=4|arg1=bmsdeviceId.BatteryStacks[0].Cluseter[rackId].ClusterCellTemperatures.CellTemperatures[100]|arg2=|arg3=|arg4=10
4,6246,int16,16,rack702,10,单体温度102,model=4|arg1=bmsdeviceId.BatteryStacks[0].Cluseter[rackId].ClusterCellTemperatures.CellTemperatures[101]|arg2=|arg3=|arg4=10
4,6247,int16,16,rack703,10,单体温度103,model=4|arg1=bmsdeviceId.BatteryStacks[0].Cluseter[rackId].ClusterCellTemperatures.CellTemperatures[102]|arg2=|arg3=|arg4=10
4,6248,int16,16,rack704,10,单体温度104,model=4|arg1=bmsdeviceId.BatteryStacks[0].Cluseter[rackId].ClusterCellTemperatures.CellTemperatures[103]|arg2=|arg3=|arg4=10
4,6249,int16,16,rack705,10,单体温度105,model=4|arg1=bmsdeviceId.BatteryStacks[0].Cluseter[rackId].ClusterCellTemperatures.CellTemperatures[104]|arg2=|arg3=|arg4=10
4,6250,int16,16,rack706,10,单体温度106,model=4|arg1=bmsdeviceId.BatteryStacks[0].Cluseter[rackId].ClusterCellTemperatures.CellTemperatures[105]|arg2=|arg3=|arg4=10
4,6251,int16,16,rack707,10,单体温度107,model=4|arg1=bmsdeviceId.BatteryStacks[0].Cluseter[rackId].ClusterCellTemperatures.CellTemperatures[106]|arg2=|arg3=|arg4=10
4,6252,int16,16,rack708,10,单体温度108,model=4|arg1=bmsdeviceId.BatteryStacks[0].Cluseter[rackId].ClusterCellTemperatures.CellTemperatures[107]|arg2=|arg3=|arg4=10
4,6253,int16,16,rack709,10,单体温度109,model=4|arg1=bmsdeviceId.BatteryStacks[0].Cluseter[rackId].ClusterCellTemperatures.CellTemperatures[108]|arg2=|arg3=|arg4=10
4,6254,int16,16,rack710,10,单体温度110,model=4|arg1=bmsdeviceId.BatteryStacks[0].Cluseter[rackId].ClusterCellTemperatures.CellTemperatures[109]|arg2=|arg3=|arg4=10
4,6255,int16,16,rack711,10,单体温度111,model=4|arg1=bmsdeviceId.BatteryStacks[0].Cluseter[rackId].ClusterCellTemperatures.CellTemperatures[110]|arg2=|arg3=|arg4=10
4,6256,int16,16,rack712,10,单体温度112,model=4|arg1=bmsdeviceId.BatteryStacks[0].Cluseter[rackId].ClusterCellTemperatures.CellTemperatures[111]|arg2=|arg3=|arg4=10
4,6257,int16,16,rack713,10,单体温度113,model=4|arg1=bmsdeviceId.BatteryStacks[0].Cluseter[rackId].ClusterCellTemperatures.CellTemperatures[112]|arg2=|arg3=|arg4=10
4,6258,int16,16,rack714,10,单体温度114,model=4|arg1=bmsdeviceId.BatteryStacks[0].Cluseter[rackId].ClusterCellTemperatures.CellTemperatures[113]|arg2=|arg3=|arg4=10
4,6259,int16,16,rack715,10,单体温度115,model=4|arg1=bmsdeviceId.BatteryStacks[0].Cluseter[rackId].ClusterCellTemperatures.CellTemperatures[114]|arg2=|arg3=|arg4=10
4,6260,int16,16,rack716,10,单体温度116,model=4|arg1=bmsdeviceId.BatteryStacks[0].Cluseter[rackId].ClusterCellTemperatures.CellTemperatures[115]|arg2=|arg3=|arg4=10
4,6261,int16,16,rack717,10,单体温度117,model=4|arg1=bmsdeviceId.BatteryStacks[0].Cluseter[rackId].ClusterCellTemperatures.CellTemperatures[116]|arg2=|arg3=|arg4=10
4,6262,int16,16,rack718,10,单体温度118,model=4|arg1=bmsdeviceId.BatteryStacks[0].Cluseter[rackId].ClusterCellTemperatures.CellTemperatures[117]|arg2=|arg3=|arg4=10
4,6263,int16,16,rack719,10,单体温度119,model=4|arg1=bmsdeviceId.BatteryStacks[0].Cluseter[rackId].ClusterCellTemperatures.CellTemperatures[118]|arg2=|arg3=|arg4=10
4,6264,int16,16,rack720,10,单体温度120,model=4|arg1=bmsdeviceId.BatteryStacks[0].Cluseter[rackId].ClusterCellTemperatures.CellTemperatures[119]|arg2=|arg3=|arg4=10
4,6265,int16,16,rack721,10,单体温度121,model=4|arg1=bmsdeviceId.BatteryStacks[0].Cluseter[rackId].ClusterCellTemperatures.CellTemperatures[120]|arg2=|arg3=|arg4=10
4,6266,int16,16,rack722,10,单体温度122,model=4|arg1=bmsdeviceId.BatteryStacks[0].Cluseter[rackId].ClusterCellTemperatures.CellTemperatures[121]|arg2=|arg3=|arg4=10
4,6267,int16,16,rack723,10,单体温度123,model=4|arg1=bmsdeviceId.BatteryStacks[0].Cluseter[rackId].ClusterCellTemperatures.CellTemperatures[122]|arg2=|arg3=|arg4=10
4,6268,int16,16,rack724,10,单体温度124,model=4|arg1=bmsdeviceId.BatteryStacks[0].Cluseter[rackId].ClusterCellTemperatures.CellTemperatures[123]|arg2=|arg3=|arg4=10
4,6269,int16,16,rack725,10,单体温度125,model=4|arg1=bmsdeviceId.BatteryStacks[0].Cluseter[rackId].ClusterCellTemperatures.CellTemperatures[124]|arg2=|arg3=|arg4=10
4,6270,int16,16,rack726,10,单体温度126,model=4|arg1=bmsdeviceId.BatteryStacks[0].Cluseter[rackId].ClusterCellTemperatures.CellTemperatures[125]|arg2=|arg3=|arg4=10
4,6271,int16,16,rack727,10,单体温度127,model=4|arg1=bmsdeviceId.BatteryStacks[0].Cluseter[rackId].ClusterCellTemperatures.CellTemperatures[126]|arg2=|arg3=|arg4=10
4,6272,int16,16,rack728,10,单体温度128,model=4|arg1=bmsdeviceId.BatteryStacks[0].Cluseter[rackId].ClusterCellTemperatures.CellTemperatures[127]|arg2=|arg3=|arg4=10
4,6273,int16,16,rack729,10,单体温度129,model=4|arg1=bmsdeviceId.BatteryStacks[0].Cluseter[rackId].ClusterCellTemperatures.CellTemperatures[128]|arg2=|arg3=|arg4=10
4,6274,int16,16,rack730,10,单体温度130,model=4|arg1=bmsdeviceId.BatteryStacks[0].Cluseter[rackId].ClusterCellTemperatures.CellTemperatures[129]|arg2=|arg3=|arg4=10
4,6275,int16,16,rack731,10,单体温度131,model=4|arg1=bmsdeviceId.BatteryStacks[0].Cluseter[rackId].ClusterCellTemperatures.CellTemperatures[130]|arg2=|arg3=|arg4=10
4,6276,int16,16,rack732,10,单体温度132,model=4|arg1=bmsdeviceId.BatteryStacks[0].Cluseter[rackId].ClusterCellTemperatures.CellTemperatures[131]|arg2=|arg3=|arg4=10
4,6277,int16,16,rack733,10,单体温度133,model=4|arg1=bmsdeviceId.BatteryStacks[0].Cluseter[rackId].ClusterCellTemperatures.CellTemperatures[132]|arg2=|arg3=|arg4=10
4,6278,int16,16,rack734,10,单体温度134,model=4|arg1=bmsdeviceId.BatteryStacks[0].Cluseter[rackId].ClusterCellTemperatures.CellTemperatures[133]|arg2=|arg3=|arg4=10
4,6279,int16,16,rack735,10,单体温度135,model=4|arg1=bmsdeviceId.BatteryStacks[0].Cluseter[rackId].ClusterCellTemperatures.CellTemperatures[134]|arg2=|arg3=|arg4=10
4,6280,int16,16,rack736,10,单体温度136,model=4|arg1=bmsdeviceId.BatteryStacks[0].Cluseter[rackId].ClusterCellTemperatures.CellTemperatures[135]|arg2=|arg3=|arg4=10
4,6281,int16,16,rack737,10,单体温度137,model=4|arg1=bmsdeviceId.BatteryStacks[0].Cluseter[rackId].ClusterCellTemperatures.CellTemperatures[136]|arg2=|arg3=|arg4=10
4,6282,int16,16,rack738,10,单体温度138,model=4|arg1=bmsdeviceId.BatteryStacks[0].Cluseter[rackId].ClusterCellTemperatures.CellTemperatures[137]|arg2=|arg3=|arg4=10
4,6283,int16,16,rack739,10,单体温度139,model=4|arg1=bmsdeviceId.BatteryStacks[0].Cluseter[rackId].ClusterCellTemperatures.CellTemperatures[138]|arg2=|arg3=|arg4=10
4,6284,int16,16,rack740,10,单体温度140,model=4|arg1=bmsdeviceId.BatteryStacks[0].Cluseter[rackId].ClusterCellTemperatures.CellTemperatures[139]|arg2=|arg3=|arg4=10
4,6285,int16,16,rack741,10,单体温度141,model=4|arg1=bmsdeviceId.BatteryStacks[0].Cluseter[rackId].ClusterCellTemperatures.CellTemperatures[140]|arg2=|arg3=|arg4=10
4,6286,int16,16,rack742,10,单体温度142,model=4|arg1=bmsdeviceId.BatteryStacks[0].Cluseter[rackId].ClusterCellTemperatures.CellTemperatures[141]|arg2=|arg3=|arg4=10
4,6287,int16,16,rack743,10,单体温度143,model=4|arg1=bmsdeviceId.BatteryStacks[0].Cluseter[rackId].ClusterCellTemperatures.CellTemperatures[142]|arg2=|arg3=|arg4=10
4,6288,int16,16,rack744,10,单体温度144,model=4|arg1=bmsdeviceId.BatteryStacks[0].Cluseter[rackId].ClusterCellTemperatures.CellTemperatures[143]|arg2=|arg3=|arg4=10
4,6289,int16,16,rack745,10,单体温度145,model=4|arg1=bmsdeviceId.BatteryStacks[0].Cluseter[rackId].ClusterCellTemperatures.CellTemperatures[144]|arg2=|arg3=|arg4=10
4,6290,int16,16,rack746,10,单体温度146,model=4|arg1=bmsdeviceId.BatteryStacks[0].Cluseter[rackId].ClusterCellTemperatures.CellTemperatures[145]|arg2=|arg3=|arg4=10
4,6291,int16,16,rack747,10,单体温度147,model=4|arg1=bmsdeviceId.BatteryStacks[0].Cluseter[rackId].ClusterCellTemperatures.CellTemperatures[146]|arg2=|arg3=|arg4=10
4,6292,int16,16,rack748,10,单体温度148,model=4|arg1=bmsdeviceId.BatteryStacks[0].Cluseter[rackId].ClusterCellTemperatures.CellTemperatures[147]|arg2=|arg3=|arg4=10
4,6293,int16,16,rack749,10,单体温度149,model=4|arg1=bmsdeviceId.BatteryStacks[0].Cluseter[rackId].ClusterCellTemperatures.CellTemperatures[148]|arg2=|arg3=|arg4=10
4,6294,int16,16,rack750,10,单体温度150,model=4|arg1=bmsdeviceId.BatteryStacks[0].Cluseter[rackId].ClusterCellTemperatures.CellTemperatures[149]|arg2=|arg3=|arg4=10
4,6295,int16,16,rack751,10,单体温度151,model=4|arg1=bmsdeviceId.BatteryStacks[0].Cluseter[rackId].ClusterCellTemperatures.CellTemperatures[150]|arg2=|arg3=|arg4=10
4,6296,int16,16,rack752,10,单体温度152,model=4|arg1=bmsdeviceId.BatteryStacks[0].Cluseter[rackId].ClusterCellTemperatures.CellTemperatures[151]|arg2=|arg3=|arg4=10
4,6297,int16,16,rack753,10,单体温度153,model=4|arg1=bmsdeviceId.BatteryStacks[0].Cluseter[rackId].ClusterCellTemperatures.CellTemperatures[152]|arg2=|arg3=|arg4=10
4,6298,int16,16,rack754,10,单体温度154,model=4|arg1=bmsdeviceId.BatteryStacks[0].Cluseter[rackId].ClusterCellTemperatures.CellTemperatures[153]|arg2=|arg3=|arg4=10
4,6299,int16,16,rack755,10,单体温度155,model=4|arg1=bmsdeviceId.BatteryStacks[0].Cluseter[rackId].ClusterCellTemperatures.CellTemperatures[154]|arg2=|arg3=|arg4=10
4,6300,int16,16,rack756,10,单体温度156,model=4|arg1=bmsdeviceId.BatteryStacks[0].Cluseter[rackId].ClusterCellTemperatures.CellTemperatures[155]|arg2=|arg3=|arg4=10
4,6301,int16,16,rack757,10,单体温度157,model=4|arg1=bmsdeviceId.BatteryStacks[0].Cluseter[rackId].ClusterCellTemperatures.CellTemperatures[156]|arg2=|arg3=|arg4=10
4,6302,int16,16,rack758,10,单体温度158,model=4|arg1=bmsdeviceId.BatteryStacks[0].Cluseter[rackId].ClusterCellTemperatures.CellTemperatures[157]|arg2=|arg3=|arg4=10
4,6303,int16,16,rack759,10,单体温度159,model=4|arg1=bmsdeviceId.BatteryStacks[0].Cluseter[rackId].ClusterCellTemperatures.CellTemperatures[158]|arg2=|arg3=|arg4=10
4,6304,int16,16,rack760,10,单体温度160,model=4|arg1=bmsdeviceId.BatteryStacks[0].Cluseter[rackId].ClusterCellTemperatures.CellTemperatures[159]|arg2=|arg3=|arg4=10
4,6305,int16,16,rack761,10,单体温度161,model=4|arg1=bmsdeviceId.BatteryStacks[0].Cluseter[rackId].ClusterCellTemperatures.CellTemperatures[160]|arg2=|arg3=|arg4=10
4,6306,int16,16,rack762,10,单体温度162,model=4|arg1=bmsdeviceId.BatteryStacks[0].Cluseter[rackId].ClusterCellTemperatures.CellTemperatures[161]|arg2=|arg3=|arg4=10
4,6307,int16,16,rack763,10,单体温度163,model=4|arg1=bmsdeviceId.BatteryStacks[0].Cluseter[rackId].ClusterCellTemperatures.CellTemperatures[162]|arg2=|arg3=|arg4=10
4,6308,int16,16,rack764,10,单体温度164,model=4|arg1=bmsdeviceId.BatteryStacks[0].Cluseter[rackId].ClusterCellTemperatures.CellTemperatures[163]|arg2=|arg3=|arg4=10
4,6309,int16,16,rack765,10,单体温度165,model=4|arg1=bmsdeviceId.BatteryStacks[0].Cluseter[rackId].ClusterCellTemperatures.CellTemperatures[164]|arg2=|arg3=|arg4=10
4,6310,int16,16,rack766,10,单体温度166,model=4|arg1=bmsdeviceId.BatteryStacks[0].Cluseter[rackId].ClusterCellTemperatures.CellTemperatures[165]|arg2=|arg3=|arg4=10
4,6311,int16,16,rack767,10,单体温度167,model=4|arg1=bmsdeviceId.BatteryStacks[0].Cluseter[rackId].ClusterCellTemperatures.CellTemperatures[166]|arg2=|arg3=|arg4=10
4,6312,int16,16,rack768,10,单体温度168,model=4|arg1=bmsdeviceId.BatteryStacks[0].Cluseter[rackId].ClusterCellTemperatures.CellTemperatures[167]|arg2=|arg3=|arg4=10
4,6313,int16,16,rack769,10,单体温度169,model=4|arg1=bmsdeviceId.BatteryStacks[0].Cluseter[rackId].ClusterCellTemperatures.CellTemperatures[168]|arg2=|arg3=|arg4=10
4,6314,int16,16,rack770,10,单体温度170,model=4|arg1=bmsdeviceId.BatteryStacks[0].Cluseter[rackId].ClusterCellTemperatures.CellTemperatures[169]|arg2=|arg3=|arg4=10
4,6315,int16,16,rack771,10,单体温度171,model=4|arg1=bmsdeviceId.BatteryStacks[0].Cluseter[rackId].ClusterCellTemperatures.CellTemperatures[170]|arg2=|arg3=|arg4=10
4,6316,int16,16,rack772,10,单体温度172,model=4|arg1=bmsdeviceId.BatteryStacks[0].Cluseter[rackId].ClusterCellTemperatures.CellTemperatures[171]|arg2=|arg3=|arg4=10
4,6317,int16,16,rack773,10,单体温度173,model=4|arg1=bmsdeviceId.BatteryStacks[0].Cluseter[rackId].ClusterCellTemperatures.CellTemperatures[172]|arg2=|arg3=|arg4=10
4,6318,int16,16,rack774,10,单体温度174,model=4|arg1=bmsdeviceId.BatteryStacks[0].Cluseter[rackId].ClusterCellTemperatures.CellTemperatures[173]|arg2=|arg3=|arg4=10
4,6319,int16,16,rack775,10,单体温度175,model=4|arg1=bmsdeviceId.BatteryStacks[0].Cluseter[rackId].ClusterCellTemperatures.CellTemperatures[174]|arg2=|arg3=|arg4=10
4,6320,int16,16,rack776,10,单体温度176,model=4|arg1=bmsdeviceId.BatteryStacks[0].Cluseter[rackId].ClusterCellTemperatures.CellTemperatures[175]|arg2=|arg3=|arg4=10
4,6321,int16,16,rack777,10,单体温度177,model=4|arg1=bmsdeviceId.BatteryStacks[0].Cluseter[rackId].ClusterCellTemperatures.CellTemperatures[176]|arg2=|arg3=|arg4=10
4,6322,int16,16,rack778,10,单体温度178,model=4|arg1=bmsdeviceId.BatteryStacks[0].Cluseter[rackId].ClusterCellTemperatures.CellTemperatures[177]|arg2=|arg3=|arg4=10
4,6323,int16,16,rack779,10,单体温度179,model=4|arg1=bmsdeviceId.BatteryStacks[0].Cluseter[rackId].ClusterCellTemperatures.CellTemperatures[178]|arg2=|arg3=|arg4=10
4,6324,int16,16,rack780,10,单体温度180,model=4|arg1=bmsdeviceId.BatteryStacks[0].Cluseter[rackId].ClusterCellTemperatures.CellTemperatures[179]|arg2=|arg3=|arg4=10
4,6325,int16,16,rack781,10,单体温度181,model=4|arg1=bmsdeviceId.BatteryStacks[0].Cluseter[rackId].ClusterCellTemperatures.CellTemperatures[180]|arg2=|arg3=|arg4=10
4,6326,int16,16,rack782,10,单体温度182,model=4|arg1=bmsdeviceId.BatteryStacks[0].Cluseter[rackId].ClusterCellTemperatures.CellTemperatures[181]|arg2=|arg3=|arg4=10
4,6327,int16,16,rack783,10,单体温度183,model=4|arg1=bmsdeviceId.BatteryStacks[0].Cluseter[rackId].ClusterCellTemperatures.CellTemperatures[182]|arg2=|arg3=|arg4=10
4,6328,int16,16,rack784,10,单体温度184,model=4|arg1=bmsdeviceId.BatteryStacks[0].Cluseter[rackId].ClusterCellTemperatures.CellTemperatures[183]|arg2=|arg3=|arg4=10
4,6329,int16,16,rack785,10,单体温度185,model=4|arg1=bmsdeviceId.BatteryStacks[0].Cluseter[rackId].ClusterCellTemperatures.CellTemperatures[184]|arg2=|arg3=|arg4=10
4,6330,int16,16,rack786,10,单体温度186,model=4|arg1=bmsdeviceId.BatteryStacks[0].Cluseter[rackId].ClusterCellTemperatures.CellTemperatures[185]|arg2=|arg3=|arg4=10
4,6331,int16,16,rack787,10,单体温度187,model=4|arg1=bmsdeviceId.BatteryStacks[0].Cluseter[rackId].ClusterCellTemperatures.CellTemperatures[186]|arg2=|arg3=|arg4=10
4,6332,int16,16,rack788,10,单体温度188,model=4|arg1=bmsdeviceId.BatteryStacks[0].Cluseter[rackId].ClusterCellTemperatures.CellTemperatures[187]|arg2=|arg3=|arg4=10
4,6333,int16,16,rack789,10,单体温度189,model=4|arg1=bmsdeviceId.BatteryStacks[0].Cluseter[rackId].ClusterCellTemperatures.CellTemperatures[188]|arg2=|arg3=|arg4=10
4,6334,int16,16,rack790,10,单体温度190,model=4|arg1=bmsdeviceId.BatteryStacks[0].Cluseter[rackId].ClusterCellTemperatures.CellTemperatures[189]|arg2=|arg3=|arg4=10
4,6335,int16,16,rack791,10,单体温度191,model=4|arg1=bmsdeviceId.BatteryStacks[0].Cluseter[rackId].ClusterCellTemperatures.CellTemperatures[190]|arg2=|arg3=|arg4=10
4,6336,int16,16,rack792,10,单体温度192,model=4|arg1=bmsdeviceId.BatteryStacks[0].Cluseter[rackId].ClusterCellTemperatures.CellTemperatures[191]|arg2=|arg3=|arg4=10
4,6337,int16,16,rack793,10,单体温度193,model=4|arg1=bmsdeviceId.BatteryStacks[0].Cluseter[rackId].ClusterCellTemperatures.CellTemperatures[192]|arg2=|arg3=|arg4=10
4,6338,int16,16,rack794,10,单体温度194,model=4|arg1=bmsdeviceId.BatteryStacks[0].Cluseter[rackId].ClusterCellTemperatures.CellTemperatures[193]|arg2=|arg3=|arg4=10
4,6339,int16,16,rack795,10,单体温度195,model=4|arg1=bmsdeviceId.BatteryStacks[0].Cluseter[rackId].ClusterCellTemperatures.CellTemperatures[194]|arg2=|arg3=|arg4=10
4,6340,int16,16,rack796,10,单体温度196,model=4|arg1=bmsdeviceId.BatteryStacks[0].Cluseter[rackId].ClusterCellTemperatures.CellTemperatures[195]|arg2=|arg3=|arg4=10
4,6341,int16,16,rack797,10,单体温度197,model=4|arg1=bmsdeviceId.BatteryStacks[0].Cluseter[rackId].ClusterCellTemperatures.CellTemperatures[196]|arg2=|arg3=|arg4=10
4,6342,int16,16,rack798,10,单体温度198,model=4|arg1=bmsdeviceId.BatteryStacks[0].Cluseter[rackId].ClusterCellTemperatures.CellTemperatures[197]|arg2=|arg3=|arg4=10
4,6343,int16,16,rack799,10,单体温度199,model=4|arg1=bmsdeviceId.BatteryStacks[0].Cluseter[rackId].ClusterCellTemperatures.CellTemperatures[198]|arg2=|arg3=|arg4=10
4,6344,int16,16,rack800,10,单体温度200,model=4|arg1=bmsdeviceId.BatteryStacks[0].Cluseter[rackId].ClusterCellTemperatures.CellTemperatures[199]|arg2=|arg3=|arg4=10
4,6345,int16,16,rack801,10,单体温度201,model=4|arg1=bmsdeviceId.BatteryStacks[0].Cluseter[rackId].ClusterCellTemperatures.CellTemperatures[200]|arg2=|arg3=|arg4=10
4,6346,int16,16,rack802,10,单体温度202,model=4|arg1=bmsdeviceId.BatteryStacks[0].Cluseter[rackId].ClusterCellTemperatures.CellTemperatures[201]|arg2=|arg3=|arg4=10
4,6347,int16,16,rack803,10,单体温度203,model=4|arg1=bmsdeviceId.BatteryStacks[0].Cluseter[rackId].ClusterCellTemperatures.CellTemperatures[202]|arg2=|arg3=|arg4=10
4,6348,int16,16,rack804,10,单体温度204,model=4|arg1=bmsdeviceId.BatteryStacks[0].Cluseter[rackId].ClusterCellTemperatures.CellTemperatures[203]|arg2=|arg3=|arg4=10
4,6349,int16,16,rack805,10,单体温度205,model=4|arg1=bmsdeviceId.BatteryStacks[0].Cluseter[rackId].ClusterCellTemperatures.CellTemperatures[204]|arg2=|arg3=|arg4=10
4,6350,int16,16,rack806,10,单体温度206,model=4|arg1=bmsdeviceId.BatteryStacks[0].Cluseter[rackId].ClusterCellTemperatures.CellTemperatures[205]|arg2=|arg3=|arg4=10
4,6351,int16,16,rack807,10,单体温度207,model=4|arg1=bmsdeviceId.BatteryStacks[0].Cluseter[rackId].ClusterCellTemperatures.CellTemperatures[206]|arg2=|arg3=|arg4=10
4,6352,int16,16,rack808,10,单体温度208,model=4|arg1=bmsdeviceId.BatteryStacks[0].Cluseter[rackId].ClusterCellTemperatures.CellTemperatures[207]|arg2=|arg3=|arg4=10
4,6353,int16,16,rack809,10,单体温度209,model=4|arg1=bmsdeviceId.BatteryStacks[0].Cluseter[rackId].ClusterCellTemperatures.CellTemperatures[208]|arg2=|arg3=|arg4=10
4,6354,int16,16,rack810,10,单体温度210,model=4|arg1=bmsdeviceId.BatteryStacks[0].Cluseter[rackId].ClusterCellTemperatures.CellTemperatures[209]|arg2=|arg3=|arg4=10
4,6355,int16,16,rack811,10,单体温度211,model=4|arg1=bmsdeviceId.BatteryStacks[0].Cluseter[rackId].ClusterCellTemperatures.CellTemperatures[210]|arg2=|arg3=|arg4=10
4,6356,int16,16,rack812,10,单体温度212,model=4|arg1=bmsdeviceId.BatteryStacks[0].Cluseter[rackId].ClusterCellTemperatures.CellTemperatures[211]|arg2=|arg3=|arg4=10
4,6357,int16,16,rack813,10,单体温度213,model=4|arg1=bmsdeviceId.BatteryStacks[0].Cluseter[rackId].ClusterCellTemperatures.CellTemperatures[212]|arg2=|arg3=|arg4=10
4,6358,int16,16,rack814,10,单体温度214,model=4|arg1=bmsdeviceId.BatteryStacks[0].Cluseter[rackId].ClusterCellTemperatures.CellTemperatures[213]|arg2=|arg3=|arg4=10
4,6359,int16,16,rack815,10,单体温度215,model=4|arg1=bmsdeviceId.BatteryStacks[0].Cluseter[rackId].ClusterCellTemperatures.CellTemperatures[214]|arg2=|arg3=|arg4=10
4,6360,int16,16,rack816,10,单体温度216,model=4|arg1=bmsdeviceId.BatteryStacks[0].Cluseter[rackId].ClusterCellTemperatures.CellTemperatures[215]|arg2=|arg3=|arg4=10
4,6361,int16,16,rack817,10,单体温度217,model=4|arg1=bmsdeviceId.BatteryStacks[0].Cluseter[rackId].ClusterCellTemperatures.CellTemperatures[216]|arg2=|arg3=|arg4=10
4,6362,int16,16,rack818,10,单体温度218,model=4|arg1=bmsdeviceId.BatteryStacks[0].Cluseter[rackId].ClusterCellTemperatures.CellTemperatures[217]|arg2=|arg3=|arg4=10
4,6363,int16,16,rack819,10,单体温度219,model=4|arg1=bmsdeviceId.BatteryStacks[0].Cluseter[rackId].ClusterCellTemperatures.CellTemperatures[218]|arg2=|arg3=|arg4=10
4,6364,int16,16,rack820,10,单体温度220,model=4|arg1=bmsdeviceId.BatteryStacks[0].Cluseter[rackId].ClusterCellTemperatures.CellTemperatures[219]|arg2=|arg3=|arg4=10
4,6365,int16,16,rack821,10,单体温度221,model=4|arg1=bmsdeviceId.BatteryStacks[0].Cluseter[rackId].ClusterCellTemperatures.CellTemperatures[220]|arg2=|arg3=|arg4=10
4,6366,int16,16,rack822,10,单体温度222,model=4|arg1=bmsdeviceId.BatteryStacks[0].Cluseter[rackId].ClusterCellTemperatures.CellTemperatures[221]|arg2=|arg3=|arg4=10
4,6367,int16,16,rack823,10,单体温度223,model=4|arg1=bmsdeviceId.BatteryStacks[0].Cluseter[rackId].ClusterCellTemperatures.CellTemperatures[222]|arg2=|arg3=|arg4=10
4,6368,int16,16,rack824,10,单体温度224,model=4|arg1=bmsdeviceId.BatteryStacks[0].Cluseter[rackId].ClusterCellTemperatures.CellTemperatures[223]|arg2=|arg3=|arg4=10
4,6369,int16,16,rack825,10,单体温度225,model=4|arg1=bmsdeviceId.BatteryStacks[0].Cluseter[rackId].ClusterCellTemperatures.CellTemperatures[224]|arg2=|arg3=|arg4=10
4,6370,int16,16,rack826,10,单体温度226,model=4|arg1=bmsdeviceId.BatteryStacks[0].Cluseter[rackId].ClusterCellTemperatures.CellTemperatures[225]|arg2=|arg3=|arg4=10
4,6371,int16,16,rack827,10,单体温度227,model=4|arg1=bmsdeviceId.BatteryStacks[0].Cluseter[rackId].ClusterCellTemperatures.CellTemperatures[226]|arg2=|arg3=|arg4=10
4,6372,int16,16,rack828,10,单体温度228,model=4|arg1=bmsdeviceId.BatteryStacks[0].Cluseter[rackId].ClusterCellTemperatures.CellTemperatures[227]|arg2=|arg3=|arg4=10
4,6373,int16,16,rack829,10,单体温度229,model=4|arg1=bmsdeviceId.BatteryStacks[0].Cluseter[rackId].ClusterCellTemperatures.CellTemperatures[228]|arg2=|arg3=|arg4=10
4,6374,int16,16,rack830,10,单体温度230,model=4|arg1=bmsdeviceId.BatteryStacks[0].Cluseter[rackId].ClusterCellTemperatures.CellTemperatures[229]|arg2=|arg3=|arg4=10
4,6375,int16,16,rack831,10,单体温度231,model=4|arg1=bmsdeviceId.BatteryStacks[0].Cluseter[rackId].ClusterCellTemperatures.CellTemperatures[230]|arg2=|arg3=|arg4=10
4,6376,int16,16,rack832,10,单体温度232,model=4|arg1=bmsdeviceId.BatteryStacks[0].Cluseter[rackId].ClusterCellTemperatures.CellTemperatures[231]|arg2=|arg3=|arg4=10
4,6377,int16,16,rack833,10,单体温度233,model=4|arg1=bmsdeviceId.BatteryStacks[0].Cluseter[rackId].ClusterCellTemperatures.CellTemperatures[232]|arg2=|arg3=|arg4=10
4,6378,int16,16,rack834,10,单体温度234,model=4|arg1=bmsdeviceId.BatteryStacks[0].Cluseter[rackId].ClusterCellTemperatures.CellTemperatures[233]|arg2=|arg3=|arg4=10
4,6379,int16,16,rack835,10,单体温度235,model=4|arg1=bmsdeviceId.BatteryStacks[0].Cluseter[rackId].ClusterCellTemperatures.CellTemperatures[234]|arg2=|arg3=|arg4=10
4,6380,int16,16,rack836,10,单体温度236,model=4|arg1=bmsdeviceId.BatteryStacks[0].Cluseter[rackId].ClusterCellTemperatures.CellTemperatures[235]|arg2=|arg3=|arg4=10
4,6381,int16,16,rack837,10,单体温度237,model=4|arg1=bmsdeviceId.BatteryStacks[0].Cluseter[rackId].ClusterCellTemperatures.CellTemperatures[236]|arg2=|arg3=|arg4=10
4,6382,int16,16,rack838,10,单体温度238,model=4|arg1=bmsdeviceId.BatteryStacks[0].Cluseter[rackId].ClusterCellTemperatures.CellTemperatures[237]|arg2=|arg3=|arg4=10
4,6383,int16,16,rack839,10,单体温度239,model=4|arg1=bmsdeviceId.BatteryStacks[0].Cluseter[rackId].ClusterCellTemperatures.CellTemperatures[238]|arg2=|arg3=|arg4=10
4,6384,int16,16,rack840,10,单体温度240,model=4|arg1=bmsdeviceId.BatteryStacks[0].Cluseter[rackId].ClusterCellTemperatures.CellTemperatures[239]|arg2=|arg3=|arg4=10
4,6385,int16,16,rack841,10,单体温度241,model=4|arg1=bmsdeviceId.BatteryStacks[0].Cluseter[rackId].ClusterCellTemperatures.CellTemperatures[240]|arg2=|arg3=|arg4=10
4,6386,int16,16,rack842,10,单体温度242,model=4|arg1=bmsdeviceId.BatteryStacks[0].Cluseter[rackId].ClusterCellTemperatures.CellTemperatures[241]|arg2=|arg3=|arg4=10
4,6387,int16,16,rack843,10,单体温度243,model=4|arg1=bmsdeviceId.BatteryStacks[0].Cluseter[rackId].ClusterCellTemperatures.CellTemperatures[242]|arg2=|arg3=|arg4=10
4,6388,int16,16,rack844,10,单体温度244,model=4|arg1=bmsdeviceId.BatteryStacks[0].Cluseter[rackId].ClusterCellTemperatures.CellTemperatures[243]|arg2=|arg3=|arg4=10
4,6389,int16,16,rack845,10,单体温度245,model=4|arg1=bmsdeviceId.BatteryStacks[0].Cluseter[rackId].ClusterCellTemperatures.CellTemperatures[244]|arg2=|arg3=|arg4=10
4,6390,int16,16,rack846,10,单体温度246,model=4|arg1=bmsdeviceId.BatteryStacks[0].Cluseter[rackId].ClusterCellTemperatures.CellTemperatures[245]|arg2=|arg3=|arg4=10
4,6391,int16,16,rack847,10,单体温度247,model=4|arg1=bmsdeviceId.BatteryStacks[0].Cluseter[rackId].ClusterCellTemperatures.CellTemperatures[246]|arg2=|arg3=|arg4=10
4,6392,int16,16,rack848,10,单体温度248,model=4|arg1=bmsdeviceId.BatteryStacks[0].Cluseter[rackId].ClusterCellTemperatures.CellTemperatures[247]|arg2=|arg3=|arg4=10
4,6393,int16,16,rack849,10,单体温度249,model=4|arg1=bmsdeviceId.BatteryStacks[0].Cluseter[rackId].ClusterCellTemperatures.CellTemperatures[248]|arg2=|arg3=|arg4=10
4,6394,int16,16,rack850,10,单体温度250,model=4|arg1=bmsdeviceId.BatteryStacks[0].Cluseter[rackId].ClusterCellTemperatures.CellTemperatures[249]|arg2=|arg3=|arg4=10
4,6395,int16,16,rack851,10,单体温度251,model=4|arg1=bmsdeviceId.BatteryStacks[0].Cluseter[rackId].ClusterCellTemperatures.CellTemperatures[250]|arg2=|arg3=|arg4=10
4,6396,int16,16,rack852,10,单体温度252,model=4|arg1=bmsdeviceId.BatteryStacks[0].Cluseter[rackId].ClusterCellTemperatures.CellTemperatures[251]|arg2=|arg3=|arg4=10
4,6397,int16,16,rack853,10,单体温度253,model=4|arg1=bmsdeviceId.BatteryStacks[0].Cluseter[rackId].ClusterCellTemperatures.CellTemperatures[252]|arg2=|arg3=|arg4=10
4,6398,int16,16,rack854,10,单体温度254,model=4|arg1=bmsdeviceId.BatteryStacks[0].Cluseter[rackId].ClusterCellTemperatures.CellTemperatures[253]|arg2=|arg3=|arg4=10
4,6399,int16,16,rack855,10,单体温度255,model=4|arg1=bmsdeviceId.BatteryStacks[0].Cluseter[rackId].ClusterCellTemperatures.CellTemperatures[254]|arg2=|arg3=|arg4=10
4,6400,int16,16,rack856,10,单体温度256,model=4|arg1=bmsdeviceId.BatteryStacks[0].Cluseter[rackId].ClusterCellTemperatures.CellTemperatures[255]|arg2=|arg3=|arg4=10
4,6401,int16,16,rack857,10,单体温度257,model=4|arg1=bmsdeviceId.BatteryStacks[0].Cluseter[rackId].ClusterCellTemperatures.CellTemperatures[256]|arg2=|arg3=|arg4=10
4,6402,int16,16,rack858,10,单体温度258,model=4|arg1=bmsdeviceId.BatteryStacks[0].Cluseter[rackId].ClusterCellTemperatures.CellTemperatures[257]|arg2=|arg3=|arg4=10
4,6403,int16,16,rack859,10,单体温度259,model=4|arg1=bmsdeviceId.BatteryStacks[0].Cluseter[rackId].ClusterCellTemperatures.CellTemperatures[258]|arg2=|arg3=|arg4=10
4,6404,int16,16,rack860,10,单体温度260,model=4|arg1=bmsdeviceId.BatteryStacks[0].Cluseter[rackId].ClusterCellTemperatures.CellTemperatures[259]|arg2=|arg3=|arg4=10
4,6405,int16,16,rack861,10,单体温度261,model=4|arg1=bmsdeviceId.BatteryStacks[0].Cluseter[rackId].ClusterCellTemperatures.CellTemperatures[260]|arg2=|arg3=|arg4=10
4,6406,int16,16,rack862,10,单体温度262,model=4|arg1=bmsdeviceId.BatteryStacks[0].Cluseter[rackId].ClusterCellTemperatures.CellTemperatures[261]|arg2=|arg3=|arg4=10
4,6407,int16,16,rack863,10,单体温度263,model=4|arg1=bmsdeviceId.BatteryStacks[0].Cluseter[rackId].ClusterCellTemperatures.CellTemperatures[262]|arg2=|arg3=|arg4=10
4,6408,int16,16,rack864,10,单体温度264,model=4|arg1=bmsdeviceId.BatteryStacks[0].Cluseter[rackId].ClusterCellTemperatures.CellTemperatures[263]|arg2=|arg3=|arg4=10
4,6409,int16,16,rack865,10,单体温度265,model=4|arg1=bmsdeviceId.BatteryStacks[0].Cluseter[rackId].ClusterCellTemperatures.CellTemperatures[264]|arg2=|arg3=|arg4=10
4,6410,int16,16,rack866,10,单体温度266,model=4|arg1=bmsdeviceId.BatteryStacks[0].Cluseter[rackId].ClusterCellTemperatures.CellTemperatures[265]|arg2=|arg3=|arg4=10
4,6411,int16,16,rack867,10,单体温度267,model=4|arg1=bmsdeviceId.BatteryStacks[0].Cluseter[rackId].ClusterCellTemperatures.CellTemperatures[266]|arg2=|arg3=|arg4=10
4,6412,int16,16,rack868,10,单体温度268,model=4|arg1=bmsdeviceId.BatteryStacks[0].Cluseter[rackId].ClusterCellTemperatures.CellTemperatures[267]|arg2=|arg3=|arg4=10
4,6413,int16,16,rack869,10,单体温度269,model=4|arg1=bmsdeviceId.BatteryStacks[0].Cluseter[rackId].ClusterCellTemperatures.CellTemperatures[268]|arg2=|arg3=|arg4=10
4,6414,int16,16,rack870,10,单体温度270,model=4|arg1=bmsdeviceId.BatteryStacks[0].Cluseter[rackId].ClusterCellTemperatures.CellTemperatures[269]|arg2=|arg3=|arg4=10
4,6415,int16,16,rack871,10,单体温度271,model=4|arg1=bmsdeviceId.BatteryStacks[0].Cluseter[rackId].ClusterCellTemperatures.CellTemperatures[270]|arg2=|arg3=|arg4=10
4,6416,int16,16,rack872,10,单体温度272,model=4|arg1=bmsdeviceId.BatteryStacks[0].Cluseter[rackId].ClusterCellTemperatures.CellTemperatures[271]|arg2=|arg3=|arg4=10
4,6417,int16,16,rack873,10,单体温度273,model=4|arg1=bmsdeviceId.BatteryStacks[0].Cluseter[rackId].ClusterCellTemperatures.CellTemperatures[272]|arg2=|arg3=|arg4=10
4,6418,int16,16,rack874,10,单体温度274,model=4|arg1=bmsdeviceId.BatteryStacks[0].Cluseter[rackId].ClusterCellTemperatures.CellTemperatures[273]|arg2=|arg3=|arg4=10
4,6419,int16,16,rack875,10,单体温度275,model=4|arg1=bmsdeviceId.BatteryStacks[0].Cluseter[rackId].ClusterCellTemperatures.CellTemperatures[274]|arg2=|arg3=|arg4=10
4,6420,int16,16,rack876,10,单体温度276,model=4|arg1=bmsdeviceId.BatteryStacks[0].Cluseter[rackId].ClusterCellTemperatures.CellTemperatures[275]|arg2=|arg3=|arg4=10
4,6421,int16,16,rack877,10,单体温度277,model=4|arg1=bmsdeviceId.BatteryStacks[0].Cluseter[rackId].ClusterCellTemperatures.CellTemperatures[276]|arg2=|arg3=|arg4=10
4,6422,int16,16,rack878,10,单体温度278,model=4|arg1=bmsdeviceId.BatteryStacks[0].Cluseter[rackId].ClusterCellTemperatures.CellTemperatures[277]|arg2=|arg3=|arg4=10
4,6423,int16,16,rack879,10,单体温度279,model=4|arg1=bmsdeviceId.BatteryStacks[0].Cluseter[rackId].ClusterCellTemperatures.CellTemperatures[278]|arg2=|arg3=|arg4=10
4,6424,int16,16,rack880,10,单体温度280,model=4|arg1=bmsdeviceId.BatteryStacks[0].Cluseter[rackId].ClusterCellTemperatures.CellTemperatures[279]|arg2=|arg3=|arg4=10
4,6425,int16,16,rack881,10,单体温度281,model=4|arg1=bmsdeviceId.BatteryStacks[0].Cluseter[rackId].ClusterCellTemperatures.CellTemperatures[280]|arg2=|arg3=|arg4=10
4,6426,int16,16,rack882,10,单体温度282,model=4|arg1=bmsdeviceId.BatteryStacks[0].Cluseter[rackId].ClusterCellTemperatures.CellTemperatures[281]|arg2=|arg3=|arg4=10
4,6427,int16,16,rack883,10,单体温度283,model=4|arg1=bmsdeviceId.BatteryStacks[0].Cluseter[rackId].ClusterCellTemperatures.CellTemperatures[282]|arg2=|arg3=|arg4=10
4,6428,int16,16,rack884,10,单体温度284,model=4|arg1=bmsdeviceId.BatteryStacks[0].Cluseter[rackId].ClusterCellTemperatures.CellTemperatures[283]|arg2=|arg3=|arg4=10
4,6429,int16,16,rack885,10,单体温度285,model=4|arg1=bmsdeviceId.BatteryStacks[0].Cluseter[rackId].ClusterCellTemperatures.CellTemperatures[284]|arg2=|arg3=|arg4=10
4,6430,int16,16,rack886,10,单体温度286,model=4|arg1=bmsdeviceId.BatteryStacks[0].Cluseter[rackId].ClusterCellTemperatures.CellTemperatures[285]|arg2=|arg3=|arg4=10
4,6431,int16,16,rack887,10,单体温度287,model=4|arg1=bmsdeviceId.BatteryStacks[0].Cluseter[rackId].ClusterCellTemperatures.CellTemperatures[286]|arg2=|arg3=|arg4=10
4,6432,int16,16,rack888,10,单体温度288,model=4|arg1=bmsdeviceId.BatteryStacks[0].Cluseter[rackId].ClusterCellTemperatures.CellTemperatures[287]|arg2=|arg3=|arg4=10
4,6433,int16,16,rack889,10,单体温度289,model=4|arg1=bmsdeviceId.BatteryStacks[0].Cluseter[rackId].ClusterCellTemperatures.CellTemperatures[288]|arg2=|arg3=|arg4=10
4,6434,int16,16,rack890,10,单体温度290,model=4|arg1=bmsdeviceId.BatteryStacks[0].Cluseter[rackId].ClusterCellTemperatures.CellTemperatures[289]|arg2=|arg3=|arg4=10
4,6435,int16,16,rack891,10,单体温度291,model=4|arg1=bmsdeviceId.BatteryStacks[0].Cluseter[rackId].ClusterCellTemperatures.CellTemperatures[290]|arg2=|arg3=|arg4=10
4,6436,int16,16,rack892,10,单体温度292,model=4|arg1=bmsdeviceId.BatteryStacks[0].Cluseter[rackId].ClusterCellTemperatures.CellTemperatures[291]|arg2=|arg3=|arg4=10
4,6437,int16,16,rack893,10,单体温度293,model=4|arg1=bmsdeviceId.BatteryStacks[0].Cluseter[rackId].ClusterCellTemperatures.CellTemperatures[292]|arg2=|arg3=|arg4=10
4,6438,int16,16,rack894,10,单体温度294,model=4|arg1=bmsdeviceId.BatteryStacks[0].Cluseter[rackId].ClusterCellTemperatures.CellTemperatures[293]|arg2=|arg3=|arg4=10
4,6439,int16,16,rack895,10,单体温度295,model=4|arg1=bmsdeviceId.BatteryStacks[0].Cluseter[rackId].ClusterCellTemperatures.CellTemperatures[294]|arg2=|arg3=|arg4=10
4,6440,int16,16,rack896,10,单体温度296,model=4|arg1=bmsdeviceId.BatteryStacks[0].Cluseter[rackId].ClusterCellTemperatures.CellTemperatures[295]|arg2=|arg3=|arg4=10
4,6441,int16,16,rack897,10,单体温度297,model=4|arg1=bmsdeviceId.BatteryStacks[0].Cluseter[rackId].ClusterCellTemperatures.CellTemperatures[296]|arg2=|arg3=|arg4=10
4,6442,int16,16,rack898,10,单体温度298,model=4|arg1=bmsdeviceId.BatteryStacks[0].Cluseter[rackId].ClusterCellTemperatures.CellTemperatures[297]|arg2=|arg3=|arg4=10
4,6443,int16,16,rack899,10,单体温度299,model=4|arg1=bmsdeviceId.BatteryStacks[0].Cluseter[rackId].ClusterCellTemperatures.CellTemperatures[298]|arg2=|arg3=|arg4=10
4,6444,int16,16,rack900,10,单体温度300,model=4|arg1=bmsdeviceId.BatteryStacks[0].Cluseter[rackId].ClusterCellTemperatures.CellTemperatures[299]|arg2=|arg3=|arg4=10
4,6445,int16,16,rack901,10,单体温度301,model=4|arg1=bmsdeviceId.BatteryStacks[0].Cluseter[rackId].ClusterCellTemperatures.CellTemperatures[300]|arg2=|arg3=|arg4=10
4,6446,int16,16,rack902,10,单体温度302,model=4|arg1=bmsdeviceId.BatteryStacks[0].Cluseter[rackId].ClusterCellTemperatures.CellTemperatures[301]|arg2=|arg3=|arg4=10
4,6447,int16,16,rack903,10,单体温度303,model=4|arg1=bmsdeviceId.BatteryStacks[0].Cluseter[rackId].ClusterCellTemperatures.CellTemperatures[302]|arg2=|arg3=|arg4=10
4,6448,int16,16,rack904,10,单体温度304,model=4|arg1=bmsdeviceId.BatteryStacks[0].Cluseter[rackId].ClusterCellTemperatures.CellTemperatures[303]|arg2=|arg3=|arg4=10
4,6449,int16,16,rack905,10,单体温度305,model=4|arg1=bmsdeviceId.BatteryStacks[0].Cluseter[rackId].ClusterCellTemperatures.CellTemperatures[304]|arg2=|arg3=|arg4=10
4,6450,int16,16,rack906,10,单体温度306,model=4|arg1=bmsdeviceId.BatteryStacks[0].Cluseter[rackId].ClusterCellTemperatures.CellTemperatures[305]|arg2=|arg3=|arg4=10
4,6451,int16,16,rack907,10,单体温度307,model=4|arg1=bmsdeviceId.BatteryStacks[0].Cluseter[rackId].ClusterCellTemperatures.CellTemperatures[306]|arg2=|arg3=|arg4=10
4,6452,int16,16,rack908,10,单体温度308,model=4|arg1=bmsdeviceId.BatteryStacks[0].Cluseter[rackId].ClusterCellTemperatures.CellTemperatures[307]|arg2=|arg3=|arg4=10
4,6453,int16,16,rack909,10,单体温度309,model=4|arg1=bmsdeviceId.BatteryStacks[0].Cluseter[rackId].ClusterCellTemperatures.CellTemperatures[308]|arg2=|arg3=|arg4=10
4,6454,int16,16,rack910,10,单体温度310,model=4|arg1=bmsdeviceId.BatteryStacks[0].Cluseter[rackId].ClusterCellTemperatures.CellTemperatures[309]|arg2=|arg3=|arg4=10
4,6455,int16,16,rack911,10,单体温度311,model=4|arg1=bmsdeviceId.BatteryStacks[0].Cluseter[rackId].ClusterCellTemperatures.CellTemperatures[310]|arg2=|arg3=|arg4=10
4,6456,int16,16,rack912,10,单体温度312,model=4|arg1=bmsdeviceId.BatteryStacks[0].Cluseter[rackId].ClusterCellTemperatures.CellTemperatures[311]|arg2=|arg3=|arg4=10
4,6457,int16,16,rack913,10,单体温度313,model=4|arg1=bmsdeviceId.BatteryStacks[0].Cluseter[rackId].ClusterCellTemperatures.CellTemperatures[312]|arg2=|arg3=|arg4=10
4,6458,int16,16,rack914,10,单体温度314,model=4|arg1=bmsdeviceId.BatteryStacks[0].Cluseter[rackId].ClusterCellTemperatures.CellTemperatures[313]|arg2=|arg3=|arg4=10
4,6459,int16,16,rack915,10,单体温度315,model=4|arg1=bmsdeviceId.BatteryStacks[0].Cluseter[rackId].ClusterCellTemperatures.CellTemperatures[314]|arg2=|arg3=|arg4=10
4,6460,int16,16,rack916,10,单体温度316,model=4|arg1=bmsdeviceId.BatteryStacks[0].Cluseter[rackId].ClusterCellTemperatures.CellTemperatures[315]|arg2=|arg3=|arg4=10
4,6461,int16,16,rack917,10,单体温度317,model=4|arg1=bmsdeviceId.BatteryStacks[0].Cluseter[rackId].ClusterCellTemperatures.CellTemperatures[316]|arg2=|arg3=|arg4=10
4,6462,int16,16,rack918,10,单体温度318,model=4|arg1=bmsdeviceId.BatteryStacks[0].Cluseter[rackId].ClusterCellTemperatures.CellTemperatures[317]|arg2=|arg3=|arg4=10
4,6463,int16,16,rack919,10,单体温度319,model=4|arg1=bmsdeviceId.BatteryStacks[0].Cluseter[rackId].ClusterCellTemperatures.CellTemperatures[318]|arg2=|arg3=|arg4=10
4,6464,int16,16,rack920,10,单体温度320,model=4|arg1=bmsdeviceId.BatteryStacks[0].Cluseter[rackId].ClusterCellTemperatures.CellTemperatures[319]|arg2=|arg3=|arg4=10
4,6465,int16,16,rack921,10,单体温度321,model=4|arg1=bmsdeviceId.BatteryStacks[0].Cluseter[rackId].ClusterCellTemperatures.CellTemperatures[320]|arg2=|arg3=|arg4=10
4,6466,int16,16,rack922,10,单体温度322,model=4|arg1=bmsdeviceId.BatteryStacks[0].Cluseter[rackId].ClusterCellTemperatures.CellTemperatures[321]|arg2=|arg3=|arg4=10
4,6467,int16,16,rack923,10,单体温度323,model=4|arg1=bmsdeviceId.BatteryStacks[0].Cluseter[rackId].ClusterCellTemperatures.CellTemperatures[322]|arg2=|arg3=|arg4=10
4,6468,int16,16,rack924,10,单体温度324,model=4|arg1=bmsdeviceId.BatteryStacks[0].Cluseter[rackId].ClusterCellTemperatures.CellTemperatures[323]|arg2=|arg3=|arg4=10
4,6469,int16,16,rack925,10,单体温度325,model=4|arg1=bmsdeviceId.BatteryStacks[0].Cluseter[rackId].ClusterCellTemperatures.CellTemperatures[324]|arg2=|arg3=|arg4=10
4,6470,int16,16,rack926,10,单体温度326,model=4|arg1=bmsdeviceId.BatteryStacks[0].Cluseter[rackId].ClusterCellTemperatures.CellTemperatures[325]|arg2=|arg3=|arg4=10
4,6471,int16,16,rack927,10,单体温度327,model=4|arg1=bmsdeviceId.BatteryStacks[0].Cluseter[rackId].ClusterCellTemperatures.CellTemperatures[326]|arg2=|arg3=|arg4=10
4,6472,int16,16,rack928,10,单体温度328,model=4|arg1=bmsdeviceId.BatteryStacks[0].Cluseter[rackId].ClusterCellTemperatures.CellTemperatures[327]|arg2=|arg3=|arg4=10
4,6473,int16,16,rack929,10,单体温度329,model=4|arg1=bmsdeviceId.BatteryStacks[0].Cluseter[rackId].ClusterCellTemperatures.CellTemperatures[328]|arg2=|arg3=|arg4=10
4,6474,int16,16,rack930,10,单体温度330,model=4|arg1=bmsdeviceId.BatteryStacks[0].Cluseter[rackId].ClusterCellTemperatures.CellTemperatures[329]|arg2=|arg3=|arg4=10
4,6475,int16,16,rack931,10,单体温度331,model=4|arg1=bmsdeviceId.BatteryStacks[0].Cluseter[rackId].ClusterCellTemperatures.CellTemperatures[330]|arg2=|arg3=|arg4=10
4,6476,int16,16,rack932,10,单体温度332,model=4|arg1=bmsdeviceId.BatteryStacks[0].Cluseter[rackId].ClusterCellTemperatures.CellTemperatures[331]|arg2=|arg3=|arg4=10
4,6477,int16,16,rack933,10,单体温度333,model=4|arg1=bmsdeviceId.BatteryStacks[0].Cluseter[rackId].ClusterCellTemperatures.CellTemperatures[332]|arg2=|arg3=|arg4=10
4,6478,int16,16,rack934,10,单体温度334,model=4|arg1=bmsdeviceId.BatteryStacks[0].Cluseter[rackId].ClusterCellTemperatures.CellTemperatures[333]|arg2=|arg3=|arg4=10
4,6479,int16,16,rack935,10,单体温度335,model=4|arg1=bmsdeviceId.BatteryStacks[0].Cluseter[rackId].ClusterCellTemperatures.CellTemperatures[334]|arg2=|arg3=|arg4=10
4,6480,int16,16,rack936,10,单体温度336,model=4|arg1=bmsdeviceId.BatteryStacks[0].Cluseter[rackId].ClusterCellTemperatures.CellTemperatures[335]|arg2=|arg3=|arg4=10
4,6481,int16,16,rack937,10,单体温度337,model=4|arg1=bmsdeviceId.BatteryStacks[0].Cluseter[rackId].ClusterCellTemperatures.CellTemperatures[336]|arg2=|arg3=|arg4=10
4,6482,int16,16,rack938,10,单体温度338,model=4|arg1=bmsdeviceId.BatteryStacks[0].Cluseter[rackId].ClusterCellTemperatures.CellTemperatures[337]|arg2=|arg3=|arg4=10
4,6483,int16,16,rack939,10,单体温度339,model=4|arg1=bmsdeviceId.BatteryStacks[0].Cluseter[rackId].ClusterCellTemperatures.CellTemperatures[338]|arg2=|arg3=|arg4=10
4,6484,int16,16,rack940,10,单体温度340,model=4|arg1=bmsdeviceId.BatteryStacks[0].Cluseter[rackId].ClusterCellTemperatures.CellTemperatures[339]|arg2=|arg3=|arg4=10
4,6485,int16,16,rack941,10,单体温度341,model=4|arg1=bmsdeviceId.BatteryStacks[0].Cluseter[rackId].ClusterCellTemperatures.CellTemperatures[340]|arg2=|arg3=|arg4=10
4,6486,int16,16,rack942,10,单体温度342,model=4|arg1=bmsdeviceId.BatteryStacks[0].Cluseter[rackId].ClusterCellTemperatures.CellTemperatures[341]|arg2=|arg3=|arg4=10
4,6487,int16,16,rack943,10,单体温度343,model=4|arg1=bmsdeviceId.BatteryStacks[0].Cluseter[rackId].ClusterCellTemperatures.CellTemperatures[342]|arg2=|arg3=|arg4=10
4,6488,int16,16,rack944,10,单体温度344,model=4|arg1=bmsdeviceId.BatteryStacks[0].Cluseter[rackId].ClusterCellTemperatures.CellTemperatures[343]|arg2=|arg3=|arg4=10
4,6489,int16,16,rack945,10,单体温度345,model=4|arg1=bmsdeviceId.BatteryStacks[0].Cluseter[rackId].ClusterCellTemperatures.CellTemperatures[344]|arg2=|arg3=|arg4=10
4,6490,int16,16,rack946,10,单体温度346,model=4|arg1=bmsdeviceId.BatteryStacks[0].Cluseter[rackId].ClusterCellTemperatures.CellTemperatures[345]|arg2=|arg3=|arg4=10
4,6491,int16,16,rack947,10,单体温度347,model=4|arg1=bmsdeviceId.BatteryStacks[0].Cluseter[rackId].ClusterCellTemperatures.CellTemperatures[346]|arg2=|arg3=|arg4=10
4,6492,int16,16,rack948,10,单体温度348,model=4|arg1=bmsdeviceId.BatteryStacks[0].Cluseter[rackId].ClusterCellTemperatures.CellTemperatures[347]|arg2=|arg3=|arg4=10
4,6493,int16,16,rack949,10,单体温度349,model=4|arg1=bmsdeviceId.BatteryStacks[0].Cluseter[rackId].ClusterCellTemperatures.CellTemperatures[348]|arg2=|arg3=|arg4=10
4,6494,int16,16,rack950,10,单体温度350,model=4|arg1=bmsdeviceId.BatteryStacks[0].Cluseter[rackId].ClusterCellTemperatures.CellTemperatures[349]|arg2=|arg3=|arg4=10
4,6495,int16,16,rack951,10,单体温度351,model=4|arg1=bmsdeviceId.BatteryStacks[0].Cluseter[rackId].ClusterCellTemperatures.CellTemperatures[350]|arg2=|arg3=|arg4=10
4,6496,int16,16,rack952,10,单体温度352,model=4|arg1=bmsdeviceId.BatteryStacks[0].Cluseter[rackId].ClusterCellTemperatures.CellTemperatures[351]|arg2=|arg3=|arg4=10
4,6497,int16,16,rack953,10,单体温度353,model=4|arg1=bmsdeviceId.BatteryStacks[0].Cluseter[rackId].ClusterCellTemperatures.CellTemperatures[352]|arg2=|arg3=|arg4=10
4,6498,int16,16,rack954,10,单体温度354,model=4|arg1=bmsdeviceId.BatteryStacks[0].Cluseter[rackId].ClusterCellTemperatures.CellTemperatures[353]|arg2=|arg3=|arg4=10
4,6499,int16,16,rack955,10,单体温度355,model=4|arg1=bmsdeviceId.BatteryStacks[0].Cluseter[rackId].ClusterCellTemperatures.CellTemperatures[354]|arg2=|arg3=|arg4=10
4,6500,int16,16,rack956,10,单体温度356,model=4|arg1=bmsdeviceId.BatteryStacks[0].Cluseter[rackId].ClusterCellTemperatures.CellTemperatures[355]|arg2=|arg3=|arg4=10
4,6501,int16,16,rack957,10,单体温度357,model=4|arg1=bmsdeviceId.BatteryStacks[0].Cluseter[rackId].ClusterCellTemperatures.CellTemperatures[356]|arg2=|arg3=|arg4=10
4,6502,int16,16,rack958,10,单体温度358,model=4|arg1=bmsdeviceId.BatteryStacks[0].Cluseter[rackId].ClusterCellTemperatures.CellTemperatures[357]|arg2=|arg3=|arg4=10
4,6503,int16,16,rack959,10,单体温度359,model=4|arg1=bmsdeviceId.BatteryStacks[0].Cluseter[rackId].ClusterCellTemperatures.CellTemperatures[358]|arg2=|arg3=|arg4=10
4,6504,int16,16,rack960,10,单体温度360,model=4|arg1=bmsdeviceId.BatteryStacks[0].Cluseter[rackId].ClusterCellTemperatures.CellTemperatures[359]|arg2=|arg3=|arg4=10
4,6505,int16,16,rack961,10,单体温度361,model=4|arg1=bmsdeviceId.BatteryStacks[0].Cluseter[rackId].ClusterCellTemperatures.CellTemperatures[360]|arg2=|arg3=|arg4=10
4,6506,int16,16,rack962,10,单体温度362,model=4|arg1=bmsdeviceId.BatteryStacks[0].Cluseter[rackId].ClusterCellTemperatures.CellTemperatures[361]|arg2=|arg3=|arg4=10
4,6507,int16,16,rack963,10,单体温度363,model=4|arg1=bmsdeviceId.BatteryStacks[0].Cluseter[rackId].ClusterCellTemperatures.CellTemperatures[362]|arg2=|arg3=|arg4=10
4,6508,int16,16,rack964,10,单体温度364,model=4|arg1=bmsdeviceId.BatteryStacks[0].Cluseter[rackId].ClusterCellTemperatures.CellTemperatures[363]|arg2=|arg3=|arg4=10
4,6509,int16,16,rack965,10,单体温度365,model=4|arg1=bmsdeviceId.BatteryStacks[0].Cluseter[rackId].ClusterCellTemperatures.CellTemperatures[364]|arg2=|arg3=|arg4=10
4,6510,int16,16,rack966,10,单体温度366,model=4|arg1=bmsdeviceId.BatteryStacks[0].Cluseter[rackId].ClusterCellTemperatures.CellTemperatures[365]|arg2=|arg3=|arg4=10
4,6511,int16,16,rack967,10,单体温度367,model=4|arg1=bmsdeviceId.BatteryStacks[0].Cluseter[rackId].ClusterCellTemperatures.CellTemperatures[366]|arg2=|arg3=|arg4=10
4,6512,int16,16,rack968,10,单体温度368,model=4|arg1=bmsdeviceId.BatteryStacks[0].Cluseter[rackId].ClusterCellTemperatures.CellTemperatures[367]|arg2=|arg3=|arg4=10
4,6513,int16,16,rack969,10,单体温度369,model=4|arg1=bmsdeviceId.BatteryStacks[0].Cluseter[rackId].ClusterCellTemperatures.CellTemperatures[368]|arg2=|arg3=|arg4=10
4,6514,int16,16,rack970,10,单体温度370,model=4|arg1=bmsdeviceId.BatteryStacks[0].Cluseter[rackId].ClusterCellTemperatures.CellTemperatures[369]|arg2=|arg3=|arg4=10
4,6515,int16,16,rack971,10,单体温度371,model=4|arg1=bmsdeviceId.BatteryStacks[0].Cluseter[rackId].ClusterCellTemperatures.CellTemperatures[370]|arg2=|arg3=|arg4=10
4,6516,int16,16,rack972,10,单体温度372,model=4|arg1=bmsdeviceId.BatteryStacks[0].Cluseter[rackId].ClusterCellTemperatures.CellTemperatures[371]|arg2=|arg3=|arg4=10
4,6517,int16,16,rack973,10,单体温度373,model=4|arg1=bmsdeviceId.BatteryStacks[0].Cluseter[rackId].ClusterCellTemperatures.CellTemperatures[372]|arg2=|arg3=|arg4=10
4,6518,int16,16,rack974,10,单体温度374,model=4|arg1=bmsdeviceId.BatteryStacks[0].Cluseter[rackId].ClusterCellTemperatures.CellTemperatures[373]|arg2=|arg3=|arg4=10
4,6519,int16,16,rack975,10,单体温度375,model=4|arg1=bmsdeviceId.BatteryStacks[0].Cluseter[rackId].ClusterCellTemperatures.CellTemperatures[374]|arg2=|arg3=|arg4=10
4,6520,int16,16,rack976,10,单体温度376,model=4|arg1=bmsdeviceId.BatteryStacks[0].Cluseter[rackId].ClusterCellTemperatures.CellTemperatures[375]|arg2=|arg3=|arg4=10
4,6521,int16,16,rack977,10,单体温度377,model=4|arg1=bmsdeviceId.BatteryStacks[0].Cluseter[rackId].ClusterCellTemperatures.CellTemperatures[376]|arg2=|arg3=|arg4=10
4,6522,int16,16,rack978,10,单体温度378,model=4|arg1=bmsdeviceId.BatteryStacks[0].Cluseter[rackId].ClusterCellTemperatures.CellTemperatures[377]|arg2=|arg3=|arg4=10
4,6523,int16,16,rack979,10,单体温度379,model=4|arg1=bmsdeviceId.BatteryStacks[0].Cluseter[rackId].ClusterCellTemperatures.CellTemperatures[378]|arg2=|arg3=|arg4=10
4,6524,int16,16,rack980,10,单体温度380,model=4|arg1=bmsdeviceId.BatteryStacks[0].Cluseter[rackId].ClusterCellTemperatures.CellTemperatures[379]|arg2=|arg3=|arg4=10
4,6525,int16,16,rack981,10,单体温度381,model=4|arg1=bmsdeviceId.BatteryStacks[0].Cluseter[rackId].ClusterCellTemperatures.CellTemperatures[380]|arg2=|arg3=|arg4=10
4,6526,int16,16,rack982,10,单体温度382,model=4|arg1=bmsdeviceId.BatteryStacks[0].Cluseter[rackId].ClusterCellTemperatures.CellTemperatures[381]|arg2=|arg3=|arg4=10
4,6527,int16,16,rack983,10,单体温度383,model=4|arg1=bmsdeviceId.BatteryStacks[0].Cluseter[rackId].ClusterCellTemperatures.CellTemperatures[382]|arg2=|arg3=|arg4=10
4,6528,int16,16,rack984,10,单体温度384,model=4|arg1=bmsdeviceId.BatteryStacks[0].Cluseter[rackId].ClusterCellTemperatures.CellTemperatures[383]|arg2=|arg3=|arg4=10
4,6529,int16,16,rack985,10,单体温度385,model=4|arg1=bmsdeviceId.BatteryStacks[0].Cluseter[rackId].ClusterCellTemperatures.CellTemperatures[384]|arg2=|arg3=|arg4=10
4,6530,int16,16,rack986,10,单体温度386,model=4|arg1=bmsdeviceId.BatteryStacks[0].Cluseter[rackId].ClusterCellTemperatures.CellTemperatures[385]|arg2=|arg3=|arg4=10
4,6531,int16,16,rack987,10,单体温度387,model=4|arg1=bmsdeviceId.BatteryStacks[0].Cluseter[rackId].ClusterCellTemperatures.CellTemperatures[386]|arg2=|arg3=|arg4=10
4,6532,int16,16,rack988,10,单体温度388,model=4|arg1=bmsdeviceId.BatteryStacks[0].Cluseter[rackId].ClusterCellTemperatures.CellTemperatures[387]|arg2=|arg3=|arg4=10
4,6533,int16,16,rack989,10,单体温度389,model=4|arg1=bmsdeviceId.BatteryStacks[0].Cluseter[rackId].ClusterCellTemperatures.CellTemperatures[388]|arg2=|arg3=|arg4=10
4,6534,int16,16,rack990,10,单体温度390,model=4|arg1=bmsdeviceId.BatteryStacks[0].Cluseter[rackId].ClusterCellTemperatures.CellTemperatures[389]|arg2=|arg3=|arg4=10
4,6535,int16,16,rack991,10,单体温度391,model=4|arg1=bmsdeviceId.BatteryStacks[0].Cluseter[rackId].ClusterCellTemperatures.CellTemperatures[390]|arg2=|arg3=|arg4=10
4,6536,int16,16,rack992,10,单体温度392,model=4|arg1=bmsdeviceId.BatteryStacks[0].Cluseter[rackId].ClusterCellTemperatures.CellTemperatures[391]|arg2=|arg3=|arg4=10
4,6537,int16,16,rack993,10,单体温度393,model=4|arg1=bmsdeviceId.BatteryStacks[0].Cluseter[rackId].ClusterCellTemperatures.CellTemperatures[392]|arg2=|arg3=|arg4=10
4,6538,int16,16,rack994,10,单体温度394,model=4|arg1=bmsdeviceId.BatteryStacks[0].Cluseter[rackId].ClusterCellTemperatures.CellTemperatures[393]|arg2=|arg3=|arg4=10
4,6539,int16,16,rack995,10,单体温度395,model=4|arg1=bmsdeviceId.BatteryStacks[0].Cluseter[rackId].ClusterCellTemperatures.CellTemperatures[394]|arg2=|arg3=|arg4=10
4,6540,int16,16,rack996,10,单体温度396,model=4|arg1=bmsdeviceId.BatteryStacks[0].Cluseter[rackId].ClusterCellTemperatures.CellTemperatures[395]|arg2=|arg3=|arg4=10
4,6541,int16,16,rack997,10,单体温度397,model=4|arg1=bmsdeviceId.BatteryStacks[0].Cluseter[rackId].ClusterCellTemperatures.CellTemperatures[396]|arg2=|arg3=|arg4=10
4,6542,int16,16,rack998,10,单体温度398,model=4|arg1=bmsdeviceId.BatteryStacks[0].Cluseter[rackId].ClusterCellTemperatures.CellTemperatures[397]|arg2=|arg3=|arg4=10
4,6543,int16,16,rack999,10,单体温度399,model=4|arg1=bmsdeviceId.BatteryStacks[0].Cluseter[rackId].ClusterCellTemperatures.CellTemperatures[398]|arg2=|arg3=|arg4=10
4,6544,int16,16,rack1000,10,单体温度400,model=4|arg1=bmsdeviceId.BatteryStacks[0].Cluseter[rackId].ClusterCellTemperatures.CellTemperatures[399]|arg2=|arg3=|arg4=10
4,6545,int16,16,rack1001,10,单体温度401,model=4|arg1=bmsdeviceId.BatteryStacks[0].Cluseter[rackId].ClusterCellTemperatures.CellTemperatures[400]|arg2=|arg3=|arg4=10
4,6546,int16,16,rack1002,10,单体温度402,model=4|arg1=bmsdeviceId.BatteryStacks[0].Cluseter[rackId].ClusterCellTemperatures.CellTemperatures[401]|arg2=|arg3=|arg4=10
4,6547,int16,16,rack1003,10,单体温度403,model=4|arg1=bmsdeviceId.BatteryStacks[0].Cluseter[rackId].ClusterCellTemperatures.CellTemperatures[402]|arg2=|arg3=|arg4=10
4,6548,int16,16,rack1004,10,单体温度404,model=4|arg1=bmsdeviceId.BatteryStacks[0].Cluseter[rackId].ClusterCellTemperatures.CellTemperatures[403]|arg2=|arg3=|arg4=10
4,6549,int16,16,rack1005,10,单体温度405,model=4|arg1=bmsdeviceId.BatteryStacks[0].Cluseter[rackId].ClusterCellTemperatures.CellTemperatures[404]|arg2=|arg3=|arg4=10
4,6550,int16,16,rack1006,10,单体温度406,model=4|arg1=bmsdeviceId.BatteryStacks[0].Cluseter[rackId].ClusterCellTemperatures.CellTemperatures[405]|arg2=|arg3=|arg4=10
4,6551,int16,16,rack1007,10,单体温度407,model=4|arg1=bmsdeviceId.BatteryStacks[0].Cluseter[rackId].ClusterCellTemperatures.CellTemperatures[406]|arg2=|arg3=|arg4=10
4,6552,int16,16,rack1008,10,单体温度408,model=4|arg1=bmsdeviceId.BatteryStacks[0].Cluseter[rackId].ClusterCellTemperatures.CellTemperatures[407]|arg2=|arg3=|arg4=10
4,6553,int16,16,rack1009,10,单体温度409,model=4|arg1=bmsdeviceId.BatteryStacks[0].Cluseter[rackId].ClusterCellTemperatures.CellTemperatures[408]|arg2=|arg3=|arg4=10
4,6554,int16,16,rack1010,10,单体温度410,model=4|arg1=bmsdeviceId.BatteryStacks[0].Cluseter[rackId].ClusterCellTemperatures.CellTemperatures[409]|arg2=|arg3=|arg4=10
4,6555,int16,16,rack1011,10,单体温度411,model=4|arg1=bmsdeviceId.BatteryStacks[0].Cluseter[rackId].ClusterCellTemperatures.CellTemperatures[410]|arg2=|arg3=|arg4=10
4,6556,int16,16,rack1012,10,单体温度412,model=4|arg1=bmsdeviceId.BatteryStacks[0].Cluseter[rackId].ClusterCellTemperatures.CellTemperatures[411]|arg2=|arg3=|arg4=10
4,6557,int16,16,rack1013,10,单体温度413,model=4|arg1=bmsdeviceId.BatteryStacks[0].Cluseter[rackId].ClusterCellTemperatures.CellTemperatures[412]|arg2=|arg3=|arg4=10
4,6558,int16,16,rack1014,10,单体温度414,model=4|arg1=bmsdeviceId.BatteryStacks[0].Cluseter[rackId].ClusterCellTemperatures.CellTemperatures[413]|arg2=|arg3=|arg4=10
4,6559,int16,16,rack1015,10,单体温度415,model=4|arg1=bmsdeviceId.BatteryStacks[0].Cluseter[rackId].ClusterCellTemperatures.CellTemperatures[414]|arg2=|arg3=|arg4=10
4,6560,int16,16,rack1016,10,单体温度416,model=4|arg1=bmsdeviceId.BatteryStacks[0].Cluseter[rackId].ClusterCellTemperatures.CellTemperatures[415]|arg2=|arg3=|arg4=10
4,6561,int16,16,rack1017,10,单体温度417,model=4|arg1=bmsdeviceId.BatteryStacks[0].Cluseter[rackId].ClusterCellTemperatures.CellTemperatures[416]|arg2=|arg3=|arg4=10
4,6562,int16,16,rack1018,10,单体温度418,model=4|arg1=bmsdeviceId.BatteryStacks[0].Cluseter[rackId].ClusterCellTemperatures.CellTemperatures[417]|arg2=|arg3=|arg4=10
4,6563,int16,16,rack1019,10,单体温度419,model=4|arg1=bmsdeviceId.BatteryStacks[0].Cluseter[rackId].ClusterCellTemperatures.CellTemperatures[418]|arg2=|arg3=|arg4=10
4,6564,int16,16,rack1020,10,单体温度420,model=4|arg1=bmsdeviceId.BatteryStacks[0].Cluseter[rackId].ClusterCellTemperatures.CellTemperatures[419]|arg2=|arg3=|arg4=10
4,6565,int16,16,rack1021,10,单体温度421,model=4|arg1=bmsdeviceId.BatteryStacks[0].Cluseter[rackId].ClusterCellTemperatures.CellTemperatures[420]|arg2=|arg3=|arg4=10
4,6566,int16,16,rack1022,10,单体温度422,model=4|arg1=bmsdeviceId.BatteryStacks[0].Cluseter[rackId].ClusterCellTemperatures.CellTemperatures[421]|arg2=|arg3=|arg4=10
4,6567,int16,16,rack1023,10,单体温度423,model=4|arg1=bmsdeviceId.BatteryStacks[0].Cluseter[rackId].ClusterCellTemperatures.CellTemperatures[422]|arg2=|arg3=|arg4=10
4,6568,int16,16,rack1024,10,单体温度424,model=4|arg1=bmsdeviceId.BatteryStacks[0].Cluseter[rackId].ClusterCellTemperatures.CellTemperatures[423]|arg2=|arg3=|arg4=10
4,6569,int16,16,rack1025,10,单体温度425,model=4|arg1=bmsdeviceId.BatteryStacks[0].Cluseter[rackId].ClusterCellTemperatures.CellTemperatures[424]|arg2=|arg3=|arg4=10
4,6570,int16,16,rack1026,10,单体温度426,model=4|arg1=bmsdeviceId.BatteryStacks[0].Cluseter[rackId].ClusterCellTemperatures.CellTemperatures[425]|arg2=|arg3=|arg4=10
4,6571,int16,16,rack1027,10,单体温度427,model=4|arg1=bmsdeviceId.BatteryStacks[0].Cluseter[rackId].ClusterCellTemperatures.CellTemperatures[426]|arg2=|arg3=|arg4=10
4,6572,int16,16,rack1028,10,单体温度428,model=4|arg1=bmsdeviceId.BatteryStacks[0].Cluseter[rackId].ClusterCellTemperatures.CellTemperatures[427]|arg2=|arg3=|arg4=10
4,6573,int16,16,rack1029,10,单体温度429,model=4|arg1=bmsdeviceId.BatteryStacks[0].Cluseter[rackId].ClusterCellTemperatures.CellTemperatures[428]|arg2=|arg3=|arg4=10
4,6574,int16,16,rack1030,10,单体温度430,model=4|arg1=bmsdeviceId.BatteryStacks[0].Cluseter[rackId].ClusterCellTemperatures.CellTemperatures[429]|arg2=|arg3=|arg4=10
4,6575,int16,16,rack1031,10,单体温度431,model=4|arg1=bmsdeviceId.BatteryStacks[0].Cluseter[rackId].ClusterCellTemperatures.CellTemperatures[430]|arg2=|arg3=|arg4=10
4,6576,int16,16,rack1032,10,单体温度432,model=4|arg1=bmsdeviceId.BatteryStacks[0].Cluseter[rackId].ClusterCellTemperatures.CellTemperatures[431]|arg2=|arg3=|arg4=10
4,6577,int16,16,rack1033,10,单体温度433,model=4|arg1=bmsdeviceId.BatteryStacks[0].Cluseter[rackId].ClusterCellTemperatures.CellTemperatures[432]|arg2=|arg3=|arg4=10
4,6578,int16,16,rack1034,10,单体温度434,model=4|arg1=bmsdeviceId.BatteryStacks[0].Cluseter[rackId].ClusterCellTemperatures.CellTemperatures[433]|arg2=|arg3=|arg4=10
4,6579,int16,16,rack1035,10,单体温度435,model=4|arg1=bmsdeviceId.BatteryStacks[0].Cluseter[rackId].ClusterCellTemperatures.CellTemperatures[434]|arg2=|arg3=|arg4=10
4,6580,int16,16,rack1036,10,单体温度436,model=4|arg1=bmsdeviceId.BatteryStacks[0].Cluseter[rackId].ClusterCellTemperatures.CellTemperatures[435]|arg2=|arg3=|arg4=10
4,6581,int16,16,rack1037,10,单体温度437,model=4|arg1=bmsdeviceId.BatteryStacks[0].Cluseter[rackId].ClusterCellTemperatures.CellTemperatures[436]|arg2=|arg3=|arg4=10
4,6582,int16,16,rack1038,10,单体温度438,model=4|arg1=bmsdeviceId.BatteryStacks[0].Cluseter[rackId].ClusterCellTemperatures.CellTemperatures[437]|arg2=|arg3=|arg4=10
4,6583,int16,16,rack1039,10,单体温度439,model=4|arg1=bmsdeviceId.BatteryStacks[0].Cluseter[rackId].ClusterCellTemperatures.CellTemperatures[438]|arg2=|arg3=|arg4=10
4,6584,int16,16,rack1040,10,单体温度440,model=4|arg1=bmsdeviceId.BatteryStacks[0].Cluseter[rackId].ClusterCellTemperatures.CellTemperatures[439]|arg2=|arg3=|arg4=10
4,6585,int16,16,rack1041,10,单体温度441,model=4|arg1=bmsdeviceId.BatteryStacks[0].Cluseter[rackId].ClusterCellTemperatures.CellTemperatures[440]|arg2=|arg3=|arg4=10
4,6586,int16,16,rack1042,10,单体温度442,model=4|arg1=bmsdeviceId.BatteryStacks[0].Cluseter[rackId].ClusterCellTemperatures.CellTemperatures[441]|arg2=|arg3=|arg4=10
4,6587,int16,16,rack1043,10,单体温度443,model=4|arg1=bmsdeviceId.BatteryStacks[0].Cluseter[rackId].ClusterCellTemperatures.CellTemperatures[442]|arg2=|arg3=|arg4=10
4,6588,int16,16,rack1044,10,单体温度444,model=4|arg1=bmsdeviceId.BatteryStacks[0].Cluseter[rackId].ClusterCellTemperatures.CellTemperatures[443]|arg2=|arg3=|arg4=10
4,6589,int16,16,rack1045,10,单体温度445,model=4|arg1=bmsdeviceId.BatteryStacks[0].Cluseter[rackId].ClusterCellTemperatures.CellTemperatures[444]|arg2=|arg3=|arg4=10
4,6590,int16,16,rack1046,10,单体温度446,model=4|arg1=bmsdeviceId.BatteryStacks[0].Cluseter[rackId].ClusterCellTemperatures.CellTemperatures[445]|arg2=|arg3=|arg4=10
4,6591,int16,16,rack1047,10,单体温度447,model=4|arg1=bmsdeviceId.BatteryStacks[0].Cluseter[rackId].ClusterCellTemperatures.CellTemperatures[446]|arg2=|arg3=|arg4=10
4,6592,int16,16,rack1048,10,单体温度448,model=4|arg1=bmsdeviceId.BatteryStacks[0].Cluseter[rackId].ClusterCellTemperatures.CellTemperatures[447]|arg2=|arg3=|arg4=10
4,6593,int16,16,rack1049,10,单体温度449,model=4|arg1=bmsdeviceId.BatteryStacks[0].Cluseter[rackId].ClusterCellTemperatures.CellTemperatures[448]|arg2=|arg3=|arg4=10
4,6594,int16,16,rack1050,10,单体温度450,model=4|arg1=bmsdeviceId.BatteryStacks[0].Cluseter[rackId].ClusterCellTemperatures.CellTemperatures[449]|arg2=|arg3=|arg4=10
4,6595,int16,16,rack1051,10,单体温度451,model=4|arg1=bmsdeviceId.BatteryStacks[0].Cluseter[rackId].ClusterCellTemperatures.CellTemperatures[450]|arg2=|arg3=|arg4=10
4,6596,int16,16,rack1052,10,单体温度452,model=4|arg1=bmsdeviceId.BatteryStacks[0].Cluseter[rackId].ClusterCellTemperatures.CellTemperatures[451]|arg2=|arg3=|arg4=10
4,6597,int16,16,rack1053,10,单体温度453,model=4|arg1=bmsdeviceId.BatteryStacks[0].Cluseter[rackId].ClusterCellTemperatures.CellTemperatures[452]|arg2=|arg3=|arg4=10
4,6598,int16,16,rack1054,10,单体温度454,model=4|arg1=bmsdeviceId.BatteryStacks[0].Cluseter[rackId].ClusterCellTemperatures.CellTemperatures[453]|arg2=|arg3=|arg4=10
4,6599,int16,16,rack1055,10,单体温度455,model=4|arg1=bmsdeviceId.BatteryStacks[0].Cluseter[rackId].ClusterCellTemperatures.CellTemperatures[454]|arg2=|arg3=|arg4=10
4,6600,int16,16,rack1056,10,单体温度456,model=4|arg1=bmsdeviceId.BatteryStacks[0].Cluseter[rackId].ClusterCellTemperatures.CellTemperatures[455]|arg2=|arg3=|arg4=10
4,6601,int16,16,rack1057,10,单体温度457,model=4|arg1=bmsdeviceId.BatteryStacks[0].Cluseter[rackId].ClusterCellTemperatures.CellTemperatures[456]|arg2=|arg3=|arg4=10
4,6602,int16,16,rack1058,10,单体温度458,model=4|arg1=bmsdeviceId.BatteryStacks[0].Cluseter[rackId].ClusterCellTemperatures.CellTemperatures[457]|arg2=|arg3=|arg4=10
4,6603,int16,16,rack1059,10,单体温度459,model=4|arg1=bmsdeviceId.BatteryStacks[0].Cluseter[rackId].ClusterCellTemperatures.CellTemperatures[458]|arg2=|arg3=|arg4=10
4,6604,int16,16,rack1060,10,单体温度460,model=4|arg1=bmsdeviceId.BatteryStacks[0].Cluseter[rackId].ClusterCellTemperatures.CellTemperatures[459]|arg2=|arg3=|arg4=10
4,6605,int16,16,rack1061,10,单体温度461,model=4|arg1=bmsdeviceId.BatteryStacks[0].Cluseter[rackId].ClusterCellTemperatures.CellTemperatures[460]|arg2=|arg3=|arg4=10
4,6606,int16,16,rack1062,10,单体温度462,model=4|arg1=bmsdeviceId.BatteryStacks[0].Cluseter[rackId].ClusterCellTemperatures.CellTemperatures[461]|arg2=|arg3=|arg4=10
4,6607,int16,16,rack1063,10,单体温度463,model=4|arg1=bmsdeviceId.BatteryStacks[0].Cluseter[rackId].ClusterCellTemperatures.CellTemperatures[462]|arg2=|arg3=|arg4=10
4,6608,int16,16,rack1064,10,单体温度464,model=4|arg1=bmsdeviceId.BatteryStacks[0].Cluseter[rackId].ClusterCellTemperatures.CellTemperatures[463]|arg2=|arg3=|arg4=10
4,6609,int16,16,rack1065,10,单体温度465,model=4|arg1=bmsdeviceId.BatteryStacks[0].Cluseter[rackId].ClusterCellTemperatures.CellTemperatures[464]|arg2=|arg3=|arg4=10
4,6610,int16,16,rack1066,10,单体温度466,model=4|arg1=bmsdeviceId.BatteryStacks[0].Cluseter[rackId].ClusterCellTemperatures.CellTemperatures[465]|arg2=|arg3=|arg4=10
4,6611,int16,16,rack1067,10,单体温度467,model=4|arg1=bmsdeviceId.BatteryStacks[0].Cluseter[rackId].ClusterCellTemperatures.CellTemperatures[466]|arg2=|arg3=|arg4=10
4,6612,int16,16,rack1068,10,单体温度468,model=4|arg1=bmsdeviceId.BatteryStacks[0].Cluseter[rackId].ClusterCellTemperatures.CellTemperatures[467]|arg2=|arg3=|arg4=10
4,6613,int16,16,rack1069,10,单体温度469,model=4|arg1=bmsdeviceId.BatteryStacks[0].Cluseter[rackId].ClusterCellTemperatures.CellTemperatures[468]|arg2=|arg3=|arg4=10
4,6614,int16,16,rack1070,10,单体温度470,model=4|arg1=bmsdeviceId.BatteryStacks[0].Cluseter[rackId].ClusterCellTemperatures.CellTemperatures[469]|arg2=|arg3=|arg4=10
4,6615,int16,16,rack1071,10,单体温度471,model=4|arg1=bmsdeviceId.BatteryStacks[0].Cluseter[rackId].ClusterCellTemperatures.CellTemperatures[470]|arg2=|arg3=|arg4=10
4,6616,int16,16,rack1072,10,单体温度472,model=4|arg1=bmsdeviceId.BatteryStacks[0].Cluseter[rackId].ClusterCellTemperatures.CellTemperatures[471]|arg2=|arg3=|arg4=10
4,6617,int16,16,rack1073,10,单体温度473,model=4|arg1=bmsdeviceId.BatteryStacks[0].Cluseter[rackId].ClusterCellTemperatures.CellTemperatures[472]|arg2=|arg3=|arg4=10
4,6618,int16,16,rack1074,10,单体温度474,model=4|arg1=bmsdeviceId.BatteryStacks[0].Cluseter[rackId].ClusterCellTemperatures.CellTemperatures[473]|arg2=|arg3=|arg4=10
4,6619,int16,16,rack1075,10,单体温度475,model=4|arg1=bmsdeviceId.BatteryStacks[0].Cluseter[rackId].ClusterCellTemperatures.CellTemperatures[474]|arg2=|arg3=|arg4=10
4,6620,int16,16,rack1076,10,单体温度476,model=4|arg1=bmsdeviceId.BatteryStacks[0].Cluseter[rackId].ClusterCellTemperatures.CellTemperatures[475]|arg2=|arg3=|arg4=10
4,6621,int16,16,rack1077,10,单体温度477,model=4|arg1=bmsdeviceId.BatteryStacks[0].Cluseter[rackId].ClusterCellTemperatures.CellTemperatures[476]|arg2=|arg3=|arg4=10
4,6622,int16,16,rack1078,10,单体温度478,model=4|arg1=bmsdeviceId.BatteryStacks[0].Cluseter[rackId].ClusterCellTemperatures.CellTemperatures[477]|arg2=|arg3=|arg4=10
4,6623,int16,16,rack1079,10,单体温度479,model=4|arg1=bmsdeviceId.BatteryStacks[0].Cluseter[rackId].ClusterCellTemperatures.CellTemperatures[478]|arg2=|arg3=|arg4=10
4,6624,int16,16,rack1080,10,单体温度480,model=4|arg1=bmsdeviceId.BatteryStacks[0].Cluseter[rackId].ClusterCellTemperatures.CellTemperatures[479]|arg2=|arg3=|arg4=10
4,6625,int16,16,rack1081,10,单体温度481,model=4|arg1=bmsdeviceId.BatteryStacks[0].Cluseter[rackId].ClusterCellTemperatures.CellTemperatures[480]|arg2=|arg3=|arg4=10
4,6626,int16,16,rack1082,10,单体温度482,model=4|arg1=bmsdeviceId.BatteryStacks[0].Cluseter[rackId].ClusterCellTemperatures.CellTemperatures[481]|arg2=|arg3=|arg4=10
4,6627,int16,16,rack1083,10,单体温度483,model=4|arg1=bmsdeviceId.BatteryStacks[0].Cluseter[rackId].ClusterCellTemperatures.CellTemperatures[482]|arg2=|arg3=|arg4=10
4,6628,int16,16,rack1084,10,单体温度484,model=4|arg1=bmsdeviceId.BatteryStacks[0].Cluseter[rackId].ClusterCellTemperatures.CellTemperatures[483]|arg2=|arg3=|arg4=10
4,6629,int16,16,rack1085,10,单体温度485,model=4|arg1=bmsdeviceId.BatteryStacks[0].Cluseter[rackId].ClusterCellTemperatures.CellTemperatures[484]|arg2=|arg3=|arg4=10
4,6630,int16,16,rack1086,10,单体温度486,model=4|arg1=bmsdeviceId.BatteryStacks[0].Cluseter[rackId].ClusterCellTemperatures.CellTemperatures[485]|arg2=|arg3=|arg4=10
4,6631,int16,16,rack1087,10,单体温度487,model=4|arg1=bmsdeviceId.BatteryStacks[0].Cluseter[rackId].ClusterCellTemperatures.CellTemperatures[486]|arg2=|arg3=|arg4=10
4,6632,int16,16,rack1088,10,单体温度488,model=4|arg1=bmsdeviceId.BatteryStacks[0].Cluseter[rackId].ClusterCellTemperatures.CellTemperatures[487]|arg2=|arg3=|arg4=10
4,6633,int16,16,rack1089,10,单体温度489,model=4|arg1=bmsdeviceId.BatteryStacks[0].Cluseter[rackId].ClusterCellTemperatures.CellTemperatures[488]|arg2=|arg3=|arg4=10
4,6634,int16,16,rack1090,10,单体温度490,model=4|arg1=bmsdeviceId.BatteryStacks[0].Cluseter[rackId].ClusterCellTemperatures.CellTemperatures[489]|arg2=|arg3=|arg4=10
4,6635,int16,16,rack1091,10,单体温度491,model=4|arg1=bmsdeviceId.BatteryStacks[0].Cluseter[rackId].ClusterCellTemperatures.CellTemperatures[490]|arg2=|arg3=|arg4=10
4,6636,int16,16,rack1092,10,单体温度492,model=4|arg1=bmsdeviceId.BatteryStacks[0].Cluseter[rackId].ClusterCellTemperatures.CellTemperatures[491]|arg2=|arg3=|arg4=10
4,6637,int16,16,rack1093,10,单体温度493,model=4|arg1=bmsdeviceId.BatteryStacks[0].Cluseter[rackId].ClusterCellTemperatures.CellTemperatures[492]|arg2=|arg3=|arg4=10
4,6638,int16,16,rack1094,10,单体温度494,model=4|arg1=bmsdeviceId.BatteryStacks[0].Cluseter[rackId].ClusterCellTemperatures.CellTemperatures[493]|arg2=|arg3=|arg4=10
4,6639,int16,16,rack1095,10,单体温度495,model=4|arg1=bmsdeviceId.BatteryStacks[0].Cluseter[rackId].ClusterCellTemperatures.CellTemperatures[494]|arg2=|arg3=|arg4=10
4,6640,int16,16,rack1096,10,单体温度496,model=4|arg1=bmsdeviceId.BatteryStacks[0].Cluseter[rackId].ClusterCellTemperatures.CellTemperatures[495]|arg2=|arg3=|arg4=10
4,6641,int16,16,rack1097,10,单体温度497,model=4|arg1=bmsdeviceId.BatteryStacks[0].Cluseter[rackId].ClusterCellTemperatures.CellTemperatures[496]|arg2=|arg3=|arg4=10
4,6642,int16,16,rack1098,10,单体温度498,model=4|arg1=bmsdeviceId.BatteryStacks[0].Cluseter[rackId].ClusterCellTemperatures.CellTemperatures[497]|arg2=|arg3=|arg4=10
4,6643,int16,16,rack1099,10,单体温度499,model=4|arg1=bmsdeviceId.BatteryStacks[0].Cluseter[rackId].ClusterCellTemperatures.CellTemperatures[498]|arg2=|arg3=|arg4=10
4,6644,int16,16,rack1100,10,单体温度500,model=4|arg1=bmsdeviceId.BatteryStacks[0].Cluseter[rackId].ClusterCellTemperatures.CellTemperatures[499]|arg2=|arg3=|arg4=10
4,6645,int16,16,rack1101,10,单体温度501,model=4|arg1=bmsdeviceId.BatteryStacks[0].Cluseter[rackId].ClusterCellTemperatures.CellTemperatures[500]|arg2=|arg3=|arg4=10
4,6646,int16,16,rack1102,10,单体温度502,model=4|arg1=bmsdeviceId.BatteryStacks[0].Cluseter[rackId].ClusterCellTemperatures.CellTemperatures[501]|arg2=|arg3=|arg4=10
4,6647,int16,16,rack1103,10,单体温度503,model=4|arg1=bmsdeviceId.BatteryStacks[0].Cluseter[rackId].ClusterCellTemperatures.CellTemperatures[502]|arg2=|arg3=|arg4=10
4,6648,int16,16,rack1104,10,单体温度504,model=4|arg1=bmsdeviceId.BatteryStacks[0].Cluseter[rackId].ClusterCellTemperatures.CellTemperatures[503]|arg2=|arg3=|arg4=10
4,6649,int16,16,rack1105,10,单体温度505,model=4|arg1=bmsdeviceId.BatteryStacks[0].Cluseter[rackId].ClusterCellTemperatures.CellTemperatures[504]|arg2=|arg3=|arg4=10
4,6650,int16,16,rack1106,10,单体温度506,model=4|arg1=bmsdeviceId.BatteryStacks[0].Cluseter[rackId].ClusterCellTemperatures.CellTemperatures[505]|arg2=|arg3=|arg4=10
4,6651,int16,16,rack1107,10,单体温度507,model=4|arg1=bmsdeviceId.BatteryStacks[0].Cluseter[rackId].ClusterCellTemperatures.CellTemperatures[506]|arg2=|arg3=|arg4=10
4,6652,int16,16,rack1108,10,单体温度508,model=4|arg1=bmsdeviceId.BatteryStacks[0].Cluseter[rackId].ClusterCellTemperatures.CellTemperatures[507]|arg2=|arg3=|arg4=10
4,6653,int16,16,rack1109,10,单体温度509,model=4|arg1=bmsdeviceId.BatteryStacks[0].Cluseter[rackId].ClusterCellTemperatures.CellTemperatures[508]|arg2=|arg3=|arg4=10
4,6654,int16,16,rack1110,10,单体温度510,model=4|arg1=bmsdeviceId.BatteryStacks[0].Cluseter[rackId].ClusterCellTemperatures.CellTemperatures[509]|arg2=|arg3=|arg4=10
4,6655,int16,16,rack1111,10,单体温度511,model=4|arg1=bmsdeviceId.BatteryStacks[0].Cluseter[rackId].ClusterCellTemperatures.CellTemperatures[510]|arg2=|arg3=|arg4=10
4,6656,int16,16,rack1112,10,单体温度512,model=4|arg1=bmsdeviceId.BatteryStacks[0].Cluseter[rackId].ClusterCellTemperatures.CellTemperatures[511]|arg2=|arg3=|arg4=10
4,8705,int16,16,rack1113,10,正极温度1,model=4|arg1=bmsdeviceId.BatteryStacks[0].Cluseter[rackId].ClusterCellTemperatures.PositivePoleTemperatures[0]|arg2=|arg3=|arg4=10
4,8706,int16,16,rack1114,10,正极温度2,model=4|arg1=bmsdeviceId.BatteryStacks[0].Cluseter[rackId].ClusterCellTemperatures.PositivePoleTemperatures[1]|arg2=|arg3=|arg4=10
4,8707,int16,16,rack1115,10,正极温度3,model=4|arg1=bmsdeviceId.BatteryStacks[0].Cluseter[rackId].ClusterCellTemperatures.PositivePoleTemperatures[2]|arg2=|arg3=|arg4=10
4,8708,int16,16,rack1116,10,正极温度4,model=4|arg1=bmsdeviceId.BatteryStacks[0].Cluseter[rackId].ClusterCellTemperatures.PositivePoleTemperatures[3]|arg2=|arg3=|arg4=10
4,8709,int16,16,rack1117,10,正极温度5,model=4|arg1=bmsdeviceId.BatteryStacks[0].Cluseter[rackId].ClusterCellTemperatures.PositivePoleTemperatures[4]|arg2=|arg3=|arg4=10
4,8710,int16,16,rack1118,10,正极温度6,model=4|arg1=bmsdeviceId.BatteryStacks[0].Cluseter[rackId].ClusterCellTemperatures.PositivePoleTemperatures[5]|arg2=|arg3=|arg4=10
4,8711,int16,16,rack1119,10,正极温度7,model=4|arg1=bmsdeviceId.BatteryStacks[0].Cluseter[rackId].ClusterCellTemperatures.PositivePoleTemperatures[6]|arg2=|arg3=|arg4=10
4,8712,int16,16,rack1120,10,正极温度8,model=4|arg1=bmsdeviceId.BatteryStacks[0].Cluseter[rackId].ClusterCellTemperatures.PositivePoleTemperatures[7]|arg2=|arg3=|arg4=10
4,8713,int16,16,rack1121,10,正极温度9,model=4|arg1=bmsdeviceId.BatteryStacks[0].Cluseter[rackId].ClusterCellTemperatures.PositivePoleTemperatures[8]|arg2=|arg3=|arg4=10
4,8714,int16,16,rack1122,10,正极温度10,model=4|arg1=bmsdeviceId.BatteryStacks[0].Cluseter[rackId].ClusterCellTemperatures.PositivePoleTemperatures[9]|arg2=|arg3=|arg4=10
4,8715,int16,16,rack1123,10,正极温度11,model=4|arg1=bmsdeviceId.BatteryStacks[0].Cluseter[rackId].ClusterCellTemperatures.PositivePoleTemperatures[10]|arg2=|arg3=|arg4=10
4,8716,int16,16,rack1124,10,正极温度12,model=4|arg1=bmsdeviceId.BatteryStacks[0].Cluseter[rackId].ClusterCellTemperatures.PositivePoleTemperatures[11]|arg2=|arg3=|arg4=10
4,8717,int16,16,rack1125,10,正极温度13,model=4|arg1=bmsdeviceId.BatteryStacks[0].Cluseter[rackId].ClusterCellTemperatures.PositivePoleTemperatures[12]|arg2=|arg3=|arg4=10
4,8718,int16,16,rack1126,10,正极温度14,model=4|arg1=bmsdeviceId.BatteryStacks[0].Cluseter[rackId].ClusterCellTemperatures.PositivePoleTemperatures[13]|arg2=|arg3=|arg4=10
4,8719,int16,16,rack1127,10,正极温度15,model=4|arg1=bmsdeviceId.BatteryStacks[0].Cluseter[rackId].ClusterCellTemperatures.PositivePoleTemperatures[14]|arg2=|arg3=|arg4=10
4,8720,int16,16,rack1128,10,正极温度16,model=4|arg1=bmsdeviceId.BatteryStacks[0].Cluseter[rackId].ClusterCellTemperatures.PositivePoleTemperatures[15]|arg2=|arg3=|arg4=10
4,8721,int16,16,rack1129,10,正极温度17,model=4|arg1=bmsdeviceId.BatteryStacks[0].Cluseter[rackId].ClusterCellTemperatures.PositivePoleTemperatures[16]|arg2=|arg3=|arg4=10
4,8722,int16,16,rack1130,10,正极温度18,model=4|arg1=bmsdeviceId.BatteryStacks[0].Cluseter[rackId].ClusterCellTemperatures.PositivePoleTemperatures[17]|arg2=|arg3=|arg4=10
4,8723,int16,16,rack1131,10,正极温度19,model=4|arg1=bmsdeviceId.BatteryStacks[0].Cluseter[rackId].ClusterCellTemperatures.PositivePoleTemperatures[18]|arg2=|arg3=|arg4=10
4,8724,int16,16,rack1132,10,正极温度20,model=4|arg1=bmsdeviceId.BatteryStacks[0].Cluseter[rackId].ClusterCellTemperatures.PositivePoleTemperatures[19]|arg2=|arg3=|arg4=10
4,8725,int16,16,rack1133,10,正极温度21,model=4|arg1=bmsdeviceId.BatteryStacks[0].Cluseter[rackId].ClusterCellTemperatures.PositivePoleTemperatures[20]|arg2=|arg3=|arg4=10
4,8726,int16,16,rack1134,10,正极温度22,model=4|arg1=bmsdeviceId.BatteryStacks[0].Cluseter[rackId].ClusterCellTemperatures.PositivePoleTemperatures[21]|arg2=|arg3=|arg4=10
4,8727,int16,16,rack1135,10,正极温度23,model=4|arg1=bmsdeviceId.BatteryStacks[0].Cluseter[rackId].ClusterCellTemperatures.PositivePoleTemperatures[22]|arg2=|arg3=|arg4=10
4,8728,int16,16,rack1136,10,正极温度24,model=4|arg1=bmsdeviceId.BatteryStacks[0].Cluseter[rackId].ClusterCellTemperatures.PositivePoleTemperatures[23]|arg2=|arg3=|arg4=10
4,8729,int16,16,rack1137,10,正极温度25,model=4|arg1=bmsdeviceId.BatteryStacks[0].Cluseter[rackId].ClusterCellTemperatures.PositivePoleTemperatures[24]|arg2=|arg3=|arg4=10
4,8730,int16,16,rack1138,10,正极温度26,model=4|arg1=bmsdeviceId.BatteryStacks[0].Cluseter[rackId].ClusterCellTemperatures.PositivePoleTemperatures[25]|arg2=|arg3=|arg4=10
4,8731,int16,16,rack1139,10,正极温度27,model=4|arg1=bmsdeviceId.BatteryStacks[0].Cluseter[rackId].ClusterCellTemperatures.PositivePoleTemperatures[26]|arg2=|arg3=|arg4=10
4,8732,int16,16,rack1140,10,正极温度28,model=4|arg1=bmsdeviceId.BatteryStacks[0].Cluseter[rackId].ClusterCellTemperatures.PositivePoleTemperatures[27]|arg2=|arg3=|arg4=10
4,8733,int16,16,rack1141,10,正极温度29,model=4|arg1=bmsdeviceId.BatteryStacks[0].Cluseter[rackId].ClusterCellTemperatures.PositivePoleTemperatures[28]|arg2=|arg3=|arg4=10
4,8734,int16,16,rack1142,10,正极温度30,model=4|arg1=bmsdeviceId.BatteryStacks[0].Cluseter[rackId].ClusterCellTemperatures.PositivePoleTemperatures[29]|arg2=|arg3=|arg4=10
4,8735,int16,16,rack1143,10,正极温度31,model=4|arg1=bmsdeviceId.BatteryStacks[0].Cluseter[rackId].ClusterCellTemperatures.PositivePoleTemperatures[30]|arg2=|arg3=|arg4=10
4,8736,int16,16,rack1144,10,正极温度32,model=4|arg1=bmsdeviceId.BatteryStacks[0].Cluseter[rackId].ClusterCellTemperatures.PositivePoleTemperatures[31]|arg2=|arg3=|arg4=10
4,8737,int16,16,rack1145,10,正极温度33,model=4|arg1=bmsdeviceId.BatteryStacks[0].Cluseter[rackId].ClusterCellTemperatures.PositivePoleTemperatures[32]|arg2=|arg3=|arg4=10
4,8738,int16,16,rack1146,10,正极温度34,model=4|arg1=bmsdeviceId.BatteryStacks[0].Cluseter[rackId].ClusterCellTemperatures.PositivePoleTemperatures[33]|arg2=|arg3=|arg4=10
4,8739,int16,16,rack1147,10,正极温度35,model=4|arg1=bmsdeviceId.BatteryStacks[0].Cluseter[rackId].ClusterCellTemperatures.PositivePoleTemperatures[34]|arg2=|arg3=|arg4=10
4,8740,int16,16,rack1148,10,正极温度36,model=4|arg1=bmsdeviceId.BatteryStacks[0].Cluseter[rackId].ClusterCellTemperatures.PositivePoleTemperatures[35]|arg2=|arg3=|arg4=10
4,8741,int16,16,rack1149,10,正极温度37,model=4|arg1=bmsdeviceId.BatteryStacks[0].Cluseter[rackId].ClusterCellTemperatures.PositivePoleTemperatures[36]|arg2=|arg3=|arg4=10
4,8742,int16,16,rack1150,10,正极温度38,model=4|arg1=bmsdeviceId.BatteryStacks[0].Cluseter[rackId].ClusterCellTemperatures.PositivePoleTemperatures[37]|arg2=|arg3=|arg4=10
4,8743,int16,16,rack1151,10,正极温度39,model=4|arg1=bmsdeviceId.BatteryStacks[0].Cluseter[rackId].ClusterCellTemperatures.PositivePoleTemperatures[38]|arg2=|arg3=|arg4=10
4,8744,int16,16,rack1152,10,正极温度40,model=4|arg1=bmsdeviceId.BatteryStacks[0].Cluseter[rackId].ClusterCellTemperatures.PositivePoleTemperatures[39]|arg2=|arg3=|arg4=10
4,8745,int16,16,rack1153,10,正极温度41,model=4|arg1=bmsdeviceId.BatteryStacks[0].Cluseter[rackId].ClusterCellTemperatures.PositivePoleTemperatures[40]|arg2=|arg3=|arg4=10
4,8746,int16,16,rack1154,10,正极温度42,model=4|arg1=bmsdeviceId.BatteryStacks[0].Cluseter[rackId].ClusterCellTemperatures.PositivePoleTemperatures[41]|arg2=|arg3=|arg4=10
4,8747,int16,16,rack1155,10,正极温度43,model=4|arg1=bmsdeviceId.BatteryStacks[0].Cluseter[rackId].ClusterCellTemperatures.PositivePoleTemperatures[42]|arg2=|arg3=|arg4=10
4,8748,int16,16,rack1156,10,正极温度44,model=4|arg1=bmsdeviceId.BatteryStacks[0].Cluseter[rackId].ClusterCellTemperatures.PositivePoleTemperatures[43]|arg2=|arg3=|arg4=10
4,8749,int16,16,rack1157,10,正极温度45,model=4|arg1=bmsdeviceId.BatteryStacks[0].Cluseter[rackId].ClusterCellTemperatures.PositivePoleTemperatures[44]|arg2=|arg3=|arg4=10
4,8750,int16,16,rack1158,10,正极温度46,model=4|arg1=bmsdeviceId.BatteryStacks[0].Cluseter[rackId].ClusterCellTemperatures.PositivePoleTemperatures[45]|arg2=|arg3=|arg4=10
4,8751,int16,16,rack1159,10,正极温度47,model=4|arg1=bmsdeviceId.BatteryStacks[0].Cluseter[rackId].ClusterCellTemperatures.PositivePoleTemperatures[46]|arg2=|arg3=|arg4=10
4,8752,int16,16,rack1160,10,正极温度48,model=4|arg1=bmsdeviceId.BatteryStacks[0].Cluseter[rackId].ClusterCellTemperatures.PositivePoleTemperatures[47]|arg2=|arg3=|arg4=10
4,8753,int16,16,rack1161,10,正极温度49,model=4|arg1=bmsdeviceId.BatteryStacks[0].Cluseter[rackId].ClusterCellTemperatures.PositivePoleTemperatures[48]|arg2=|arg3=|arg4=10
4,8754,int16,16,rack1162,10,正极温度50,model=4|arg1=bmsdeviceId.BatteryStacks[0].Cluseter[rackId].ClusterCellTemperatures.PositivePoleTemperatures[49]|arg2=|arg3=|arg4=10
4,8755,int16,16,rack1163,10,正极温度51,model=4|arg1=bmsdeviceId.BatteryStacks[0].Cluseter[rackId].ClusterCellTemperatures.PositivePoleTemperatures[50]|arg2=|arg3=|arg4=10
4,8756,int16,16,rack1164,10,正极温度52,model=4|arg1=bmsdeviceId.BatteryStacks[0].Cluseter[rackId].ClusterCellTemperatures.PositivePoleTemperatures[51]|arg2=|arg3=|arg4=10
4,8757,int16,16,rack1165,10,正极温度53,model=4|arg1=bmsdeviceId.BatteryStacks[0].Cluseter[rackId].ClusterCellTemperatures.PositivePoleTemperatures[52]|arg2=|arg3=|arg4=10
4,8758,int16,16,rack1166,10,正极温度54,model=4|arg1=bmsdeviceId.BatteryStacks[0].Cluseter[rackId].ClusterCellTemperatures.PositivePoleTemperatures[53]|arg2=|arg3=|arg4=10
4,8759,int16,16,rack1167,10,正极温度55,model=4|arg1=bmsdeviceId.BatteryStacks[0].Cluseter[rackId].ClusterCellTemperatures.PositivePoleTemperatures[54]|arg2=|arg3=|arg4=10
4,8760,int16,16,rack1168,10,正极温度56,model=4|arg1=bmsdeviceId.BatteryStacks[0].Cluseter[rackId].ClusterCellTemperatures.PositivePoleTemperatures[55]|arg2=|arg3=|arg4=10
4,8761,int16,16,rack1169,10,正极温度57,model=4|arg1=bmsdeviceId.BatteryStacks[0].Cluseter[rackId].ClusterCellTemperatures.PositivePoleTemperatures[56]|arg2=|arg3=|arg4=10
4,8762,int16,16,rack1170,10,正极温度58,model=4|arg1=bmsdeviceId.BatteryStacks[0].Cluseter[rackId].ClusterCellTemperatures.PositivePoleTemperatures[57]|arg2=|arg3=|arg4=10
4,8763,int16,16,rack1171,10,正极温度59,model=4|arg1=bmsdeviceId.BatteryStacks[0].Cluseter[rackId].ClusterCellTemperatures.PositivePoleTemperatures[58]|arg2=|arg3=|arg4=10
4,8764,int16,16,rack1172,10,正极温度60,model=4|arg1=bmsdeviceId.BatteryStacks[0].Cluseter[rackId].ClusterCellTemperatures.PositivePoleTemperatures[59]|arg2=|arg3=|arg4=10
4,8765,int16,16,rack1173,10,正极温度61,model=4|arg1=bmsdeviceId.BatteryStacks[0].Cluseter[rackId].ClusterCellTemperatures.PositivePoleTemperatures[60]|arg2=|arg3=|arg4=10
4,8766,int16,16,rack1174,10,正极温度62,model=4|arg1=bmsdeviceId.BatteryStacks[0].Cluseter[rackId].ClusterCellTemperatures.PositivePoleTemperatures[61]|arg2=|arg3=|arg4=10
4,8767,int16,16,rack1175,10,正极温度63,model=4|arg1=bmsdeviceId.BatteryStacks[0].Cluseter[rackId].ClusterCellTemperatures.PositivePoleTemperatures[62]|arg2=|arg3=|arg4=10
4,8768,int16,16,rack1176,10,正极温度64,model=4|arg1=bmsdeviceId.BatteryStacks[0].Cluseter[rackId].ClusterCellTemperatures.PositivePoleTemperatures[63]|arg2=|arg3=|arg4=10
4,8769,int16,16,rack1177,10,正极温度65,model=4|arg1=bmsdeviceId.BatteryStacks[0].Cluseter[rackId].ClusterCellTemperatures.PositivePoleTemperatures[64]|arg2=|arg3=|arg4=10
4,8770,int16,16,rack1178,10,正极温度66,model=4|arg1=bmsdeviceId.BatteryStacks[0].Cluseter[rackId].ClusterCellTemperatures.PositivePoleTemperatures[65]|arg2=|arg3=|arg4=10
4,8771,int16,16,rack1179,10,正极温度67,model=4|arg1=bmsdeviceId.BatteryStacks[0].Cluseter[rackId].ClusterCellTemperatures.PositivePoleTemperatures[66]|arg2=|arg3=|arg4=10
4,8772,int16,16,rack1180,10,正极温度68,model=4|arg1=bmsdeviceId.BatteryStacks[0].Cluseter[rackId].ClusterCellTemperatures.PositivePoleTemperatures[67]|arg2=|arg3=|arg4=10
4,8773,int16,16,rack1181,10,正极温度69,model=4|arg1=bmsdeviceId.BatteryStacks[0].Cluseter[rackId].ClusterCellTemperatures.PositivePoleTemperatures[68]|arg2=|arg3=|arg4=10
4,8774,int16,16,rack1182,10,正极温度70,model=4|arg1=bmsdeviceId.BatteryStacks[0].Cluseter[rackId].ClusterCellTemperatures.PositivePoleTemperatures[69]|arg2=|arg3=|arg4=10
4,8775,int16,16,rack1183,10,正极温度71,model=4|arg1=bmsdeviceId.BatteryStacks[0].Cluseter[rackId].ClusterCellTemperatures.PositivePoleTemperatures[70]|arg2=|arg3=|arg4=10
4,8776,int16,16,rack1184,10,正极温度72,model=4|arg1=bmsdeviceId.BatteryStacks[0].Cluseter[rackId].ClusterCellTemperatures.PositivePoleTemperatures[71]|arg2=|arg3=|arg4=10
4,8777,int16,16,rack1185,10,正极温度73,model=4|arg1=bmsdeviceId.BatteryStacks[0].Cluseter[rackId].ClusterCellTemperatures.PositivePoleTemperatures[72]|arg2=|arg3=|arg4=10
4,8778,int16,16,rack1186,10,正极温度74,model=4|arg1=bmsdeviceId.BatteryStacks[0].Cluseter[rackId].ClusterCellTemperatures.PositivePoleTemperatures[73]|arg2=|arg3=|arg4=10
4,8779,int16,16,rack1187,10,正极温度75,model=4|arg1=bmsdeviceId.BatteryStacks[0].Cluseter[rackId].ClusterCellTemperatures.PositivePoleTemperatures[74]|arg2=|arg3=|arg4=10
4,8780,int16,16,rack1188,10,正极温度76,model=4|arg1=bmsdeviceId.BatteryStacks[0].Cluseter[rackId].ClusterCellTemperatures.PositivePoleTemperatures[75]|arg2=|arg3=|arg4=10
4,8781,int16,16,rack1189,10,正极温度77,model=4|arg1=bmsdeviceId.BatteryStacks[0].Cluseter[rackId].ClusterCellTemperatures.PositivePoleTemperatures[76]|arg2=|arg3=|arg4=10
4,8782,int16,16,rack1190,10,正极温度78,model=4|arg1=bmsdeviceId.BatteryStacks[0].Cluseter[rackId].ClusterCellTemperatures.PositivePoleTemperatures[77]|arg2=|arg3=|arg4=10
4,8783,int16,16,rack1191,10,正极温度79,model=4|arg1=bmsdeviceId.BatteryStacks[0].Cluseter[rackId].ClusterCellTemperatures.PositivePoleTemperatures[78]|arg2=|arg3=|arg4=10
4,8784,int16,16,rack1192,10,正极温度80,model=4|arg1=bmsdeviceId.BatteryStacks[0].Cluseter[rackId].ClusterCellTemperatures.PositivePoleTemperatures[79]|arg2=|arg3=|arg4=10
4,8785,int16,16,rack1193,10,正极温度81,model=4|arg1=bmsdeviceId.BatteryStacks[0].Cluseter[rackId].ClusterCellTemperatures.PositivePoleTemperatures[80]|arg2=|arg3=|arg4=10
4,8786,int16,16,rack1194,10,正极温度82,model=4|arg1=bmsdeviceId.BatteryStacks[0].Cluseter[rackId].ClusterCellTemperatures.PositivePoleTemperatures[81]|arg2=|arg3=|arg4=10
4,8787,int16,16,rack1195,10,正极温度83,model=4|arg1=bmsdeviceId.BatteryStacks[0].Cluseter[rackId].ClusterCellTemperatures.PositivePoleTemperatures[82]|arg2=|arg3=|arg4=10
4,8788,int16,16,rack1196,10,正极温度84,model=4|arg1=bmsdeviceId.BatteryStacks[0].Cluseter[rackId].ClusterCellTemperatures.PositivePoleTemperatures[83]|arg2=|arg3=|arg4=10
4,8789,int16,16,rack1197,10,正极温度85,model=4|arg1=bmsdeviceId.BatteryStacks[0].Cluseter[rackId].ClusterCellTemperatures.PositivePoleTemperatures[84]|arg2=|arg3=|arg4=10
4,8790,int16,16,rack1198,10,正极温度86,model=4|arg1=bmsdeviceId.BatteryStacks[0].Cluseter[rackId].ClusterCellTemperatures.PositivePoleTemperatures[85]|arg2=|arg3=|arg4=10
4,8791,int16,16,rack1199,10,正极温度87,model=4|arg1=bmsdeviceId.BatteryStacks[0].Cluseter[rackId].ClusterCellTemperatures.PositivePoleTemperatures[86]|arg2=|arg3=|arg4=10
4,8792,int16,16,rack1200,10,正极温度88,model=4|arg1=bmsdeviceId.BatteryStacks[0].Cluseter[rackId].ClusterCellTemperatures.PositivePoleTemperatures[87]|arg2=|arg3=|arg4=10
4,8793,int16,16,rack1201,10,正极温度89,model=4|arg1=bmsdeviceId.BatteryStacks[0].Cluseter[rackId].ClusterCellTemperatures.PositivePoleTemperatures[88]|arg2=|arg3=|arg4=10
4,8794,int16,16,rack1202,10,正极温度90,model=4|arg1=bmsdeviceId.BatteryStacks[0].Cluseter[rackId].ClusterCellTemperatures.PositivePoleTemperatures[89]|arg2=|arg3=|arg4=10
4,8795,int16,16,rack1203,10,正极温度91,model=4|arg1=bmsdeviceId.BatteryStacks[0].Cluseter[rackId].ClusterCellTemperatures.PositivePoleTemperatures[90]|arg2=|arg3=|arg4=10
4,8796,int16,16,rack1204,10,正极温度92,model=4|arg1=bmsdeviceId.BatteryStacks[0].Cluseter[rackId].ClusterCellTemperatures.PositivePoleTemperatures[91]|arg2=|arg3=|arg4=10
4,8797,int16,16,rack1205,10,正极温度93,model=4|arg1=bmsdeviceId.BatteryStacks[0].Cluseter[rackId].ClusterCellTemperatures.PositivePoleTemperatures[92]|arg2=|arg3=|arg4=10
4,8798,int16,16,rack1206,10,正极温度94,model=4|arg1=bmsdeviceId.BatteryStacks[0].Cluseter[rackId].ClusterCellTemperatures.PositivePoleTemperatures[93]|arg2=|arg3=|arg4=10
4,8799,int16,16,rack1207,10,正极温度95,model=4|arg1=bmsdeviceId.BatteryStacks[0].Cluseter[rackId].ClusterCellTemperatures.PositivePoleTemperatures[94]|arg2=|arg3=|arg4=10
4,8800,int16,16,rack1208,10,正极温度96,model=4|arg1=bmsdeviceId.BatteryStacks[0].Cluseter[rackId].ClusterCellTemperatures.PositivePoleTemperatures[95]|arg2=|arg3=|arg4=10
4,8801,int16,16,rack1209,10,正极温度97,model=4|arg1=bmsdeviceId.BatteryStacks[0].Cluseter[rackId].ClusterCellTemperatures.PositivePoleTemperatures[96]|arg2=|arg3=|arg4=10
4,8802,int16,16,rack1210,10,正极温度98,model=4|arg1=bmsdeviceId.BatteryStacks[0].Cluseter[rackId].ClusterCellTemperatures.PositivePoleTemperatures[97]|arg2=|arg3=|arg4=10
4,8803,int16,16,rack1211,10,正极温度99,model=4|arg1=bmsdeviceId.BatteryStacks[0].Cluseter[rackId].ClusterCellTemperatures.PositivePoleTemperatures[98]|arg2=|arg3=|arg4=10
4,8804,int16,16,rack1212,10,正极温度100,model=4|arg1=bmsdeviceId.BatteryStacks[0].Cluseter[rackId].ClusterCellTemperatures.PositivePoleTemperatures[99]|arg2=|arg3=|arg4=10
4,8805,int16,16,rack1213,10,正极温度101,model=4|arg1=bmsdeviceId.BatteryStacks[0].Cluseter[rackId].ClusterCellTemperatures.PositivePoleTemperatures[100]|arg2=|arg3=|arg4=10
4,8806,int16,16,rack1214,10,正极温度102,model=4|arg1=bmsdeviceId.BatteryStacks[0].Cluseter[rackId].ClusterCellTemperatures.PositivePoleTemperatures[101]|arg2=|arg3=|arg4=10
4,8807,int16,16,rack1215,10,正极温度103,model=4|arg1=bmsdeviceId.BatteryStacks[0].Cluseter[rackId].ClusterCellTemperatures.PositivePoleTemperatures[102]|arg2=|arg3=|arg4=10
4,8808,int16,16,rack1216,10,正极温度104,model=4|arg1=bmsdeviceId.BatteryStacks[0].Cluseter[rackId].ClusterCellTemperatures.PositivePoleTemperatures[103]|arg2=|arg3=|arg4=10
4,8809,int16,16,rack1217,10,正极温度105,model=4|arg1=bmsdeviceId.BatteryStacks[0].Cluseter[rackId].ClusterCellTemperatures.PositivePoleTemperatures[104]|arg2=|arg3=|arg4=10
4,8810,int16,16,rack1218,10,正极温度106,model=4|arg1=bmsdeviceId.BatteryStacks[0].Cluseter[rackId].ClusterCellTemperatures.PositivePoleTemperatures[105]|arg2=|arg3=|arg4=10
4,8811,int16,16,rack1219,10,正极温度107,model=4|arg1=bmsdeviceId.BatteryStacks[0].Cluseter[rackId].ClusterCellTemperatures.PositivePoleTemperatures[106]|arg2=|arg3=|arg4=10
4,8812,int16,16,rack1220,10,正极温度108,model=4|arg1=bmsdeviceId.BatteryStacks[0].Cluseter[rackId].ClusterCellTemperatures.PositivePoleTemperatures[107]|arg2=|arg3=|arg4=10
4,8813,int16,16,rack1221,10,正极温度109,model=4|arg1=bmsdeviceId.BatteryStacks[0].Cluseter[rackId].ClusterCellTemperatures.PositivePoleTemperatures[108]|arg2=|arg3=|arg4=10
4,8814,int16,16,rack1222,10,正极温度110,model=4|arg1=bmsdeviceId.BatteryStacks[0].Cluseter[rackId].ClusterCellTemperatures.PositivePoleTemperatures[109]|arg2=|arg3=|arg4=10
4,8815,int16,16,rack1223,10,正极温度111,model=4|arg1=bmsdeviceId.BatteryStacks[0].Cluseter[rackId].ClusterCellTemperatures.PositivePoleTemperatures[110]|arg2=|arg3=|arg4=10
4,8816,int16,16,rack1224,10,正极温度112,model=4|arg1=bmsdeviceId.BatteryStacks[0].Cluseter[rackId].ClusterCellTemperatures.PositivePoleTemperatures[111]|arg2=|arg3=|arg4=10
4,8817,int16,16,rack1225,10,正极温度113,model=4|arg1=bmsdeviceId.BatteryStacks[0].Cluseter[rackId].ClusterCellTemperatures.PositivePoleTemperatures[112]|arg2=|arg3=|arg4=10
4,8818,int16,16,rack1226,10,正极温度114,model=4|arg1=bmsdeviceId.BatteryStacks[0].Cluseter[rackId].ClusterCellTemperatures.PositivePoleTemperatures[113]|arg2=|arg3=|arg4=10
4,8819,int16,16,rack1227,10,正极温度115,model=4|arg1=bmsdeviceId.BatteryStacks[0].Cluseter[rackId].ClusterCellTemperatures.PositivePoleTemperatures[114]|arg2=|arg3=|arg4=10
4,8820,int16,16,rack1228,10,正极温度116,model=4|arg1=bmsdeviceId.BatteryStacks[0].Cluseter[rackId].ClusterCellTemperatures.PositivePoleTemperatures[115]|arg2=|arg3=|arg4=10
4,8821,int16,16,rack1229,10,正极温度117,model=4|arg1=bmsdeviceId.BatteryStacks[0].Cluseter[rackId].ClusterCellTemperatures.PositivePoleTemperatures[116]|arg2=|arg3=|arg4=10
4,8822,int16,16,rack1230,10,正极温度118,model=4|arg1=bmsdeviceId.BatteryStacks[0].Cluseter[rackId].ClusterCellTemperatures.PositivePoleTemperatures[117]|arg2=|arg3=|arg4=10
4,8823,int16,16,rack1231,10,正极温度119,model=4|arg1=bmsdeviceId.BatteryStacks[0].Cluseter[rackId].ClusterCellTemperatures.PositivePoleTemperatures[118]|arg2=|arg3=|arg4=10
4,8824,int16,16,rack1232,10,正极温度120,model=4|arg1=bmsdeviceId.BatteryStacks[0].Cluseter[rackId].ClusterCellTemperatures.PositivePoleTemperatures[119]|arg2=|arg3=|arg4=10
4,8825,int16,16,rack1233,10,正极温度121,model=4|arg1=bmsdeviceId.BatteryStacks[0].Cluseter[rackId].ClusterCellTemperatures.PositivePoleTemperatures[120]|arg2=|arg3=|arg4=10
4,8826,int16,16,rack1234,10,正极温度122,model=4|arg1=bmsdeviceId.BatteryStacks[0].Cluseter[rackId].ClusterCellTemperatures.PositivePoleTemperatures[121]|arg2=|arg3=|arg4=10
4,8827,int16,16,rack1235,10,正极温度123,model=4|arg1=bmsdeviceId.BatteryStacks[0].Cluseter[rackId].ClusterCellTemperatures.PositivePoleTemperatures[122]|arg2=|arg3=|arg4=10
4,8828,int16,16,rack1236,10,正极温度124,model=4|arg1=bmsdeviceId.BatteryStacks[0].Cluseter[rackId].ClusterCellTemperatures.PositivePoleTemperatures[123]|arg2=|arg3=|arg4=10
4,8829,int16,16,rack1237,10,正极温度125,model=4|arg1=bmsdeviceId.BatteryStacks[0].Cluseter[rackId].ClusterCellTemperatures.PositivePoleTemperatures[124]|arg2=|arg3=|arg4=10
4,8830,int16,16,rack1238,10,正极温度126,model=4|arg1=bmsdeviceId.BatteryStacks[0].Cluseter[rackId].ClusterCellTemperatures.PositivePoleTemperatures[125]|arg2=|arg3=|arg4=10
4,8831,int16,16,rack1239,10,正极温度127,model=4|arg1=bmsdeviceId.BatteryStacks[0].Cluseter[rackId].ClusterCellTemperatures.PositivePoleTemperatures[126]|arg2=|arg3=|arg4=10
4,8832,int16,16,rack1240,10,正极温度128,model=4|arg1=bmsdeviceId.BatteryStacks[0].Cluseter[rackId].ClusterCellTemperatures.PositivePoleTemperatures[127]|arg2=|arg3=|arg4=10
4,8833,int16,16,rack1241,10,负极温度1,model=4|arg1=bmsdeviceId.BatteryStacks[0].Cluseter[rackId].ClusterCellTemperatures.NegativePoleTemperatures[0]|arg2=|arg3=|arg4=10
4,8834,int16,16,rack1242,10,负极温度2,model=4|arg1=bmsdeviceId.BatteryStacks[0].Cluseter[rackId].ClusterCellTemperatures.NegativePoleTemperatures[1]|arg2=|arg3=|arg4=10
4,8835,int16,16,rack1243,10,负极温度3,model=4|arg1=bmsdeviceId.BatteryStacks[0].Cluseter[rackId].ClusterCellTemperatures.NegativePoleTemperatures[2]|arg2=|arg3=|arg4=10
4,8836,int16,16,rack1244,10,负极温度4,model=4|arg1=bmsdeviceId.BatteryStacks[0].Cluseter[rackId].ClusterCellTemperatures.NegativePoleTemperatures[3]|arg2=|arg3=|arg4=10
4,8837,int16,16,rack1245,10,负极温度5,model=4|arg1=bmsdeviceId.BatteryStacks[0].Cluseter[rackId].ClusterCellTemperatures.NegativePoleTemperatures[4]|arg2=|arg3=|arg4=10
4,8838,int16,16,rack1246,10,负极温度6,model=4|arg1=bmsdeviceId.BatteryStacks[0].Cluseter[rackId].ClusterCellTemperatures.NegativePoleTemperatures[5]|arg2=|arg3=|arg4=10
4,8839,int16,16,rack1247,10,负极温度7,model=4|arg1=bmsdeviceId.BatteryStacks[0].Cluseter[rackId].ClusterCellTemperatures.NegativePoleTemperatures[6]|arg2=|arg3=|arg4=10
4,8840,int16,16,rack1248,10,负极温度8,model=4|arg1=bmsdeviceId.BatteryStacks[0].Cluseter[rackId].ClusterCellTemperatures.NegativePoleTemperatures[7]|arg2=|arg3=|arg4=10
4,8841,int16,16,rack1249,10,负极温度9,model=4|arg1=bmsdeviceId.BatteryStacks[0].Cluseter[rackId].ClusterCellTemperatures.NegativePoleTemperatures[8]|arg2=|arg3=|arg4=10
4,8842,int16,16,rack1250,10,负极温度10,model=4|arg1=bmsdeviceId.BatteryStacks[0].Cluseter[rackId].ClusterCellTemperatures.NegativePoleTemperatures[9]|arg2=|arg3=|arg4=10
4,8843,int16,16,rack1251,10,负极温度11,model=4|arg1=bmsdeviceId.BatteryStacks[0].Cluseter[rackId].ClusterCellTemperatures.NegativePoleTemperatures[10]|arg2=|arg3=|arg4=10
4,8844,int16,16,rack1252,10,负极温度12,model=4|arg1=bmsdeviceId.BatteryStacks[0].Cluseter[rackId].ClusterCellTemperatures.NegativePoleTemperatures[11]|arg2=|arg3=|arg4=10
4,8845,int16,16,rack1253,10,负极温度13,model=4|arg1=bmsdeviceId.BatteryStacks[0].Cluseter[rackId].ClusterCellTemperatures.NegativePoleTemperatures[12]|arg2=|arg3=|arg4=10
4,8846,int16,16,rack1254,10,负极温度14,model=4|arg1=bmsdeviceId.BatteryStacks[0].Cluseter[rackId].ClusterCellTemperatures.NegativePoleTemperatures[13]|arg2=|arg3=|arg4=10
4,8847,int16,16,rack1255,10,负极温度15,model=4|arg1=bmsdeviceId.BatteryStacks[0].Cluseter[rackId].ClusterCellTemperatures.NegativePoleTemperatures[14]|arg2=|arg3=|arg4=10
4,8848,int16,16,rack1256,10,负极温度16,model=4|arg1=bmsdeviceId.BatteryStacks[0].Cluseter[rackId].ClusterCellTemperatures.NegativePoleTemperatures[15]|arg2=|arg3=|arg4=10
4,8849,int16,16,rack1257,10,负极温度17,model=4|arg1=bmsdeviceId.BatteryStacks[0].Cluseter[rackId].ClusterCellTemperatures.NegativePoleTemperatures[16]|arg2=|arg3=|arg4=10
4,8850,int16,16,rack1258,10,负极温度18,model=4|arg1=bmsdeviceId.BatteryStacks[0].Cluseter[rackId].ClusterCellTemperatures.NegativePoleTemperatures[17]|arg2=|arg3=|arg4=10
4,8851,int16,16,rack1259,10,负极温度19,model=4|arg1=bmsdeviceId.BatteryStacks[0].Cluseter[rackId].ClusterCellTemperatures.NegativePoleTemperatures[18]|arg2=|arg3=|arg4=10
4,8852,int16,16,rack1260,10,负极温度20,model=4|arg1=bmsdeviceId.BatteryStacks[0].Cluseter[rackId].ClusterCellTemperatures.NegativePoleTemperatures[19]|arg2=|arg3=|arg4=10
4,8853,int16,16,rack1261,10,负极温度21,model=4|arg1=bmsdeviceId.BatteryStacks[0].Cluseter[rackId].ClusterCellTemperatures.NegativePoleTemperatures[20]|arg2=|arg3=|arg4=10
4,8854,int16,16,rack1262,10,负极温度22,model=4|arg1=bmsdeviceId.BatteryStacks[0].Cluseter[rackId].ClusterCellTemperatures.NegativePoleTemperatures[21]|arg2=|arg3=|arg4=10
4,8855,int16,16,rack1263,10,负极温度23,model=4|arg1=bmsdeviceId.BatteryStacks[0].Cluseter[rackId].ClusterCellTemperatures.NegativePoleTemperatures[22]|arg2=|arg3=|arg4=10
4,8856,int16,16,rack1264,10,负极温度24,model=4|arg1=bmsdeviceId.BatteryStacks[0].Cluseter[rackId].ClusterCellTemperatures.NegativePoleTemperatures[23]|arg2=|arg3=|arg4=10
4,8857,int16,16,rack1265,10,负极温度25,model=4|arg1=bmsdeviceId.BatteryStacks[0].Cluseter[rackId].ClusterCellTemperatures.NegativePoleTemperatures[24]|arg2=|arg3=|arg4=10
4,8858,int16,16,rack1266,10,负极温度26,model=4|arg1=bmsdeviceId.BatteryStacks[0].Cluseter[rackId].ClusterCellTemperatures.NegativePoleTemperatures[25]|arg2=|arg3=|arg4=10
4,8859,int16,16,rack1267,10,负极温度27,model=4|arg1=bmsdeviceId.BatteryStacks[0].Cluseter[rackId].ClusterCellTemperatures.NegativePoleTemperatures[26]|arg2=|arg3=|arg4=10
4,8860,int16,16,rack1268,10,负极温度28,model=4|arg1=bmsdeviceId.BatteryStacks[0].Cluseter[rackId].ClusterCellTemperatures.NegativePoleTemperatures[27]|arg2=|arg3=|arg4=10
4,8861,int16,16,rack1269,10,负极温度29,model=4|arg1=bmsdeviceId.BatteryStacks[0].Cluseter[rackId].ClusterCellTemperatures.NegativePoleTemperatures[28]|arg2=|arg3=|arg4=10
4,8862,int16,16,rack1270,10,负极温度30,model=4|arg1=bmsdeviceId.BatteryStacks[0].Cluseter[rackId].ClusterCellTemperatures.NegativePoleTemperatures[29]|arg2=|arg3=|arg4=10
4,8863,int16,16,rack1271,10,负极温度31,model=4|arg1=bmsdeviceId.BatteryStacks[0].Cluseter[rackId].ClusterCellTemperatures.NegativePoleTemperatures[30]|arg2=|arg3=|arg4=10
4,8864,int16,16,rack1272,10,负极温度32,model=4|arg1=bmsdeviceId.BatteryStacks[0].Cluseter[rackId].ClusterCellTemperatures.NegativePoleTemperatures[31]|arg2=|arg3=|arg4=10
4,8865,int16,16,rack1273,10,负极温度33,model=4|arg1=bmsdeviceId.BatteryStacks[0].Cluseter[rackId].ClusterCellTemperatures.NegativePoleTemperatures[32]|arg2=|arg3=|arg4=10
4,8866,int16,16,rack1274,10,负极温度34,model=4|arg1=bmsdeviceId.BatteryStacks[0].Cluseter[rackId].ClusterCellTemperatures.NegativePoleTemperatures[33]|arg2=|arg3=|arg4=10
4,8867,int16,16,rack1275,10,负极温度35,model=4|arg1=bmsdeviceId.BatteryStacks[0].Cluseter[rackId].ClusterCellTemperatures.NegativePoleTemperatures[34]|arg2=|arg3=|arg4=10
4,8868,int16,16,rack1276,10,负极温度36,model=4|arg1=bmsdeviceId.BatteryStacks[0].Cluseter[rackId].ClusterCellTemperatures.NegativePoleTemperatures[35]|arg2=|arg3=|arg4=10
4,8869,int16,16,rack1277,10,负极温度37,model=4|arg1=bmsdeviceId.BatteryStacks[0].Cluseter[rackId].ClusterCellTemperatures.NegativePoleTemperatures[36]|arg2=|arg3=|arg4=10
4,8870,int16,16,rack1278,10,负极温度38,model=4|arg1=bmsdeviceId.BatteryStacks[0].Cluseter[rackId].ClusterCellTemperatures.NegativePoleTemperatures[37]|arg2=|arg3=|arg4=10
4,8871,int16,16,rack1279,10,负极温度39,model=4|arg1=bmsdeviceId.BatteryStacks[0].Cluseter[rackId].ClusterCellTemperatures.NegativePoleTemperatures[38]|arg2=|arg3=|arg4=10
4,8872,int16,16,rack1280,10,负极温度40,model=4|arg1=bmsdeviceId.BatteryStacks[0].Cluseter[rackId].ClusterCellTemperatures.NegativePoleTemperatures[39]|arg2=|arg3=|arg4=10
4,8873,int16,16,rack1281,10,负极温度41,model=4|arg1=bmsdeviceId.BatteryStacks[0].Cluseter[rackId].ClusterCellTemperatures.NegativePoleTemperatures[40]|arg2=|arg3=|arg4=10
4,8874,int16,16,rack1282,10,负极温度42,model=4|arg1=bmsdeviceId.BatteryStacks[0].Cluseter[rackId].ClusterCellTemperatures.NegativePoleTemperatures[41]|arg2=|arg3=|arg4=10
4,8875,int16,16,rack1283,10,负极温度43,model=4|arg1=bmsdeviceId.BatteryStacks[0].Cluseter[rackId].ClusterCellTemperatures.NegativePoleTemperatures[42]|arg2=|arg3=|arg4=10
4,8876,int16,16,rack1284,10,负极温度44,model=4|arg1=bmsdeviceId.BatteryStacks[0].Cluseter[rackId].ClusterCellTemperatures.NegativePoleTemperatures[43]|arg2=|arg3=|arg4=10
4,8877,int16,16,rack1285,10,负极温度45,model=4|arg1=bmsdeviceId.BatteryStacks[0].Cluseter[rackId].ClusterCellTemperatures.NegativePoleTemperatures[44]|arg2=|arg3=|arg4=10
4,8878,int16,16,rack1286,10,负极温度46,model=4|arg1=bmsdeviceId.BatteryStacks[0].Cluseter[rackId].ClusterCellTemperatures.NegativePoleTemperatures[45]|arg2=|arg3=|arg4=10
4,8879,int16,16,rack1287,10,负极温度47,model=4|arg1=bmsdeviceId.BatteryStacks[0].Cluseter[rackId].ClusterCellTemperatures.NegativePoleTemperatures[46]|arg2=|arg3=|arg4=10
4,8880,int16,16,rack1288,10,负极温度48,model=4|arg1=bmsdeviceId.BatteryStacks[0].Cluseter[rackId].ClusterCellTemperatures.NegativePoleTemperatures[47]|arg2=|arg3=|arg4=10
4,8881,int16,16,rack1289,10,负极温度49,model=4|arg1=bmsdeviceId.BatteryStacks[0].Cluseter[rackId].ClusterCellTemperatures.NegativePoleTemperatures[48]|arg2=|arg3=|arg4=10
4,8882,int16,16,rack1290,10,负极温度50,model=4|arg1=bmsdeviceId.BatteryStacks[0].Cluseter[rackId].ClusterCellTemperatures.NegativePoleTemperatures[49]|arg2=|arg3=|arg4=10
4,8883,int16,16,rack1291,10,负极温度51,model=4|arg1=bmsdeviceId.BatteryStacks[0].Cluseter[rackId].ClusterCellTemperatures.NegativePoleTemperatures[50]|arg2=|arg3=|arg4=10
4,8884,int16,16,rack1292,10,负极温度52,model=4|arg1=bmsdeviceId.BatteryStacks[0].Cluseter[rackId].ClusterCellTemperatures.NegativePoleTemperatures[51]|arg2=|arg3=|arg4=10
4,8885,int16,16,rack1293,10,负极温度53,model=4|arg1=bmsdeviceId.BatteryStacks[0].Cluseter[rackId].ClusterCellTemperatures.NegativePoleTemperatures[52]|arg2=|arg3=|arg4=10
4,8886,int16,16,rack1294,10,负极温度54,model=4|arg1=bmsdeviceId.BatteryStacks[0].Cluseter[rackId].ClusterCellTemperatures.NegativePoleTemperatures[53]|arg2=|arg3=|arg4=10
4,8887,int16,16,rack1295,10,负极温度55,model=4|arg1=bmsdeviceId.BatteryStacks[0].Cluseter[rackId].ClusterCellTemperatures.NegativePoleTemperatures[54]|arg2=|arg3=|arg4=10
4,8888,int16,16,rack1296,10,负极温度56,model=4|arg1=bmsdeviceId.BatteryStacks[0].Cluseter[rackId].ClusterCellTemperatures.NegativePoleTemperatures[55]|arg2=|arg3=|arg4=10
4,8889,int16,16,rack1297,10,负极温度57,model=4|arg1=bmsdeviceId.BatteryStacks[0].Cluseter[rackId].ClusterCellTemperatures.NegativePoleTemperatures[56]|arg2=|arg3=|arg4=10
4,8890,int16,16,rack1298,10,负极温度58,model=4|arg1=bmsdeviceId.BatteryStacks[0].Cluseter[rackId].ClusterCellTemperatures.NegativePoleTemperatures[57]|arg2=|arg3=|arg4=10
4,8891,int16,16,rack1299,10,负极温度59,model=4|arg1=bmsdeviceId.BatteryStacks[0].Cluseter[rackId].ClusterCellTemperatures.NegativePoleTemperatures[58]|arg2=|arg3=|arg4=10
4,8892,int16,16,rack1300,10,负极温度60,model=4|arg1=bmsdeviceId.BatteryStacks[0].Cluseter[rackId].ClusterCellTemperatures.NegativePoleTemperatures[59]|arg2=|arg3=|arg4=10
4,8893,int16,16,rack1301,10,负极温度61,model=4|arg1=bmsdeviceId.BatteryStacks[0].Cluseter[rackId].ClusterCellTemperatures.NegativePoleTemperatures[60]|arg2=|arg3=|arg4=10
4,8894,int16,16,rack1302,10,负极温度62,model=4|arg1=bmsdeviceId.BatteryStacks[0].Cluseter[rackId].ClusterCellTemperatures.NegativePoleTemperatures[61]|arg2=|arg3=|arg4=10
4,8895,int16,16,rack1303,10,负极温度63,model=4|arg1=bmsdeviceId.BatteryStacks[0].Cluseter[rackId].ClusterCellTemperatures.NegativePoleTemperatures[62]|arg2=|arg3=|arg4=10
4,8896,int16,16,rack1304,10,负极温度64,model=4|arg1=bmsdeviceId.BatteryStacks[0].Cluseter[rackId].ClusterCellTemperatures.NegativePoleTemperatures[63]|arg2=|arg3=|arg4=10
4,8897,int16,16,rack1305,10,负极温度65,model=4|arg1=bmsdeviceId.BatteryStacks[0].Cluseter[rackId].ClusterCellTemperatures.NegativePoleTemperatures[64]|arg2=|arg3=|arg4=10
4,8898,int16,16,rack1306,10,负极温度66,model=4|arg1=bmsdeviceId.BatteryStacks[0].Cluseter[rackId].ClusterCellTemperatures.NegativePoleTemperatures[65]|arg2=|arg3=|arg4=10
4,8899,int16,16,rack1307,10,负极温度67,model=4|arg1=bmsdeviceId.BatteryStacks[0].Cluseter[rackId].ClusterCellTemperatures.NegativePoleTemperatures[66]|arg2=|arg3=|arg4=10
4,8900,int16,16,rack1308,10,负极温度68,model=4|arg1=bmsdeviceId.BatteryStacks[0].Cluseter[rackId].ClusterCellTemperatures.NegativePoleTemperatures[67]|arg2=|arg3=|arg4=10
4,8901,int16,16,rack1309,10,负极温度69,model=4|arg1=bmsdeviceId.BatteryStacks[0].Cluseter[rackId].ClusterCellTemperatures.NegativePoleTemperatures[68]|arg2=|arg3=|arg4=10
4,8902,int16,16,rack1310,10,负极温度70,model=4|arg1=bmsdeviceId.BatteryStacks[0].Cluseter[rackId].ClusterCellTemperatures.NegativePoleTemperatures[69]|arg2=|arg3=|arg4=10
4,8903,int16,16,rack1311,10,负极温度71,model=4|arg1=bmsdeviceId.BatteryStacks[0].Cluseter[rackId].ClusterCellTemperatures.NegativePoleTemperatures[70]|arg2=|arg3=|arg4=10
4,8904,int16,16,rack1312,10,负极温度72,model=4|arg1=bmsdeviceId.BatteryStacks[0].Cluseter[rackId].ClusterCellTemperatures.NegativePoleTemperatures[71]|arg2=|arg3=|arg4=10
4,8905,int16,16,rack1313,10,负极温度73,model=4|arg1=bmsdeviceId.BatteryStacks[0].Cluseter[rackId].ClusterCellTemperatures.NegativePoleTemperatures[72]|arg2=|arg3=|arg4=10
4,8906,int16,16,rack1314,10,负极温度74,model=4|arg1=bmsdeviceId.BatteryStacks[0].Cluseter[rackId].ClusterCellTemperatures.NegativePoleTemperatures[73]|arg2=|arg3=|arg4=10
4,8907,int16,16,rack1315,10,负极温度75,model=4|arg1=bmsdeviceId.BatteryStacks[0].Cluseter[rackId].ClusterCellTemperatures.NegativePoleTemperatures[74]|arg2=|arg3=|arg4=10
4,8908,int16,16,rack1316,10,负极温度76,model=4|arg1=bmsdeviceId.BatteryStacks[0].Cluseter[rackId].ClusterCellTemperatures.NegativePoleTemperatures[75]|arg2=|arg3=|arg4=10
4,8909,int16,16,rack1317,10,负极温度77,model=4|arg1=bmsdeviceId.BatteryStacks[0].Cluseter[rackId].ClusterCellTemperatures.NegativePoleTemperatures[76]|arg2=|arg3=|arg4=10
4,8910,int16,16,rack1318,10,负极温度78,model=4|arg1=bmsdeviceId.BatteryStacks[0].Cluseter[rackId].ClusterCellTemperatures.NegativePoleTemperatures[77]|arg2=|arg3=|arg4=10
4,8911,int16,16,rack1319,10,负极温度79,model=4|arg1=bmsdeviceId.BatteryStacks[0].Cluseter[rackId].ClusterCellTemperatures.NegativePoleTemperatures[78]|arg2=|arg3=|arg4=10
4,8912,int16,16,rack1320,10,负极温度80,model=4|arg1=bmsdeviceId.BatteryStacks[0].Cluseter[rackId].ClusterCellTemperatures.NegativePoleTemperatures[79]|arg2=|arg3=|arg4=10
4,8913,int16,16,rack1321,10,负极温度81,model=4|arg1=bmsdeviceId.BatteryStacks[0].Cluseter[rackId].ClusterCellTemperatures.NegativePoleTemperatures[80]|arg2=|arg3=|arg4=10
4,8914,int16,16,rack1322,10,负极温度82,model=4|arg1=bmsdeviceId.BatteryStacks[0].Cluseter[rackId].ClusterCellTemperatures.NegativePoleTemperatures[81]|arg2=|arg3=|arg4=10
4,8915,int16,16,rack1323,10,负极温度83,model=4|arg1=bmsdeviceId.BatteryStacks[0].Cluseter[rackId].ClusterCellTemperatures.NegativePoleTemperatures[82]|arg2=|arg3=|arg4=10
4,8916,int16,16,rack1324,10,负极温度84,model=4|arg1=bmsdeviceId.BatteryStacks[0].Cluseter[rackId].ClusterCellTemperatures.NegativePoleTemperatures[83]|arg2=|arg3=|arg4=10
4,8917,int16,16,rack1325,10,负极温度85,model=4|arg1=bmsdeviceId.BatteryStacks[0].Cluseter[rackId].ClusterCellTemperatures.NegativePoleTemperatures[84]|arg2=|arg3=|arg4=10
4,8918,int16,16,rack1326,10,负极温度86,model=4|arg1=bmsdeviceId.BatteryStacks[0].Cluseter[rackId].ClusterCellTemperatures.NegativePoleTemperatures[85]|arg2=|arg3=|arg4=10
4,8919,int16,16,rack1327,10,负极温度87,model=4|arg1=bmsdeviceId.BatteryStacks[0].Cluseter[rackId].ClusterCellTemperatures.NegativePoleTemperatures[86]|arg2=|arg3=|arg4=10
4,8920,int16,16,rack1328,10,负极温度88,model=4|arg1=bmsdeviceId.BatteryStacks[0].Cluseter[rackId].ClusterCellTemperatures.NegativePoleTemperatures[87]|arg2=|arg3=|arg4=10
4,8921,int16,16,rack1329,10,负极温度89,model=4|arg1=bmsdeviceId.BatteryStacks[0].Cluseter[rackId].ClusterCellTemperatures.NegativePoleTemperatures[88]|arg2=|arg3=|arg4=10
4,8922,int16,16,rack1330,10,负极温度90,model=4|arg1=bmsdeviceId.BatteryStacks[0].Cluseter[rackId].ClusterCellTemperatures.NegativePoleTemperatures[89]|arg2=|arg3=|arg4=10
4,8923,int16,16,rack1331,10,负极温度91,model=4|arg1=bmsdeviceId.BatteryStacks[0].Cluseter[rackId].ClusterCellTemperatures.NegativePoleTemperatures[90]|arg2=|arg3=|arg4=10
4,8924,int16,16,rack1332,10,负极温度92,model=4|arg1=bmsdeviceId.BatteryStacks[0].Cluseter[rackId].ClusterCellTemperatures.NegativePoleTemperatures[91]|arg2=|arg3=|arg4=10
4,8925,int16,16,rack1333,10,负极温度93,model=4|arg1=bmsdeviceId.BatteryStacks[0].Cluseter[rackId].ClusterCellTemperatures.NegativePoleTemperatures[92]|arg2=|arg3=|arg4=10
4,8926,int16,16,rack1334,10,负极温度94,model=4|arg1=bmsdeviceId.BatteryStacks[0].Cluseter[rackId].ClusterCellTemperatures.NegativePoleTemperatures[93]|arg2=|arg3=|arg4=10
4,8927,int16,16,rack1335,10,负极温度95,model=4|arg1=bmsdeviceId.BatteryStacks[0].Cluseter[rackId].ClusterCellTemperatures.NegativePoleTemperatures[94]|arg2=|arg3=|arg4=10
4,8928,int16,16,rack1336,10,负极温度96,model=4|arg1=bmsdeviceId.BatteryStacks[0].Cluseter[rackId].ClusterCellTemperatures.NegativePoleTemperatures[95]|arg2=|arg3=|arg4=10
4,8929,int16,16,rack1337,10,负极温度97,model=4|arg1=bmsdeviceId.BatteryStacks[0].Cluseter[rackId].ClusterCellTemperatures.NegativePoleTemperatures[96]|arg2=|arg3=|arg4=10
4,8930,int16,16,rack1338,10,负极温度98,model=4|arg1=bmsdeviceId.BatteryStacks[0].Cluseter[rackId].ClusterCellTemperatures.NegativePoleTemperatures[97]|arg2=|arg3=|arg4=10
4,8931,int16,16,rack1339,10,负极温度99,model=4|arg1=bmsdeviceId.BatteryStacks[0].Cluseter[rackId].ClusterCellTemperatures.NegativePoleTemperatures[98]|arg2=|arg3=|arg4=10
4,8932,int16,16,rack1340,10,负极温度100,model=4|arg1=bmsdeviceId.BatteryStacks[0].Cluseter[rackId].ClusterCellTemperatures.NegativePoleTemperatures[99]|arg2=|arg3=|arg4=10
4,8933,int16,16,rack1341,10,负极温度101,model=4|arg1=bmsdeviceId.BatteryStacks[0].Cluseter[rackId].ClusterCellTemperatures.NegativePoleTemperatures[100]|arg2=|arg3=|arg4=10
4,8934,int16,16,rack1342,10,负极温度102,model=4|arg1=bmsdeviceId.BatteryStacks[0].Cluseter[rackId].ClusterCellTemperatures.NegativePoleTemperatures[101]|arg2=|arg3=|arg4=10
4,8935,int16,16,rack1343,10,负极温度103,model=4|arg1=bmsdeviceId.BatteryStacks[0].Cluseter[rackId].ClusterCellTemperatures.NegativePoleTemperatures[102]|arg2=|arg3=|arg4=10
4,8936,int16,16,rack1344,10,负极温度104,model=4|arg1=bmsdeviceId.BatteryStacks[0].Cluseter[rackId].ClusterCellTemperatures.NegativePoleTemperatures[103]|arg2=|arg3=|arg4=10
4,8937,int16,16,rack1345,10,负极温度105,model=4|arg1=bmsdeviceId.BatteryStacks[0].Cluseter[rackId].ClusterCellTemperatures.NegativePoleTemperatures[104]|arg2=|arg3=|arg4=10
4,8938,int16,16,rack1346,10,负极温度106,model=4|arg1=bmsdeviceId.BatteryStacks[0].Cluseter[rackId].ClusterCellTemperatures.NegativePoleTemperatures[105]|arg2=|arg3=|arg4=10
4,8939,int16,16,rack1347,10,负极温度107,model=4|arg1=bmsdeviceId.BatteryStacks[0].Cluseter[rackId].ClusterCellTemperatures.NegativePoleTemperatures[106]|arg2=|arg3=|arg4=10
4,8940,int16,16,rack1348,10,负极温度108,model=4|arg1=bmsdeviceId.BatteryStacks[0].Cluseter[rackId].ClusterCellTemperatures.NegativePoleTemperatures[107]|arg2=|arg3=|arg4=10
4,8941,int16,16,rack1349,10,负极温度109,model=4|arg1=bmsdeviceId.BatteryStacks[0].Cluseter[rackId].ClusterCellTemperatures.NegativePoleTemperatures[108]|arg2=|arg3=|arg4=10
4,8942,int16,16,rack1350,10,负极温度110,model=4|arg1=bmsdeviceId.BatteryStacks[0].Cluseter[rackId].ClusterCellTemperatures.NegativePoleTemperatures[109]|arg2=|arg3=|arg4=10
4,8943,int16,16,rack1351,10,负极温度111,model=4|arg1=bmsdeviceId.BatteryStacks[0].Cluseter[rackId].ClusterCellTemperatures.NegativePoleTemperatures[110]|arg2=|arg3=|arg4=10
4,8944,int16,16,rack1352,10,负极温度112,model=4|arg1=bmsdeviceId.BatteryStacks[0].Cluseter[rackId].ClusterCellTemperatures.NegativePoleTemperatures[111]|arg2=|arg3=|arg4=10
4,8945,int16,16,rack1353,10,负极温度113,model=4|arg1=bmsdeviceId.BatteryStacks[0].Cluseter[rackId].ClusterCellTemperatures.NegativePoleTemperatures[112]|arg2=|arg3=|arg4=10
4,8946,int16,16,rack1354,10,负极温度114,model=4|arg1=bmsdeviceId.BatteryStacks[0].Cluseter[rackId].ClusterCellTemperatures.NegativePoleTemperatures[113]|arg2=|arg3=|arg4=10
4,8947,int16,16,rack1355,10,负极温度115,model=4|arg1=bmsdeviceId.BatteryStacks[0].Cluseter[rackId].ClusterCellTemperatures.NegativePoleTemperatures[114]|arg2=|arg3=|arg4=10
4,8948,int16,16,rack1356,10,负极温度116,model=4|arg1=bmsdeviceId.BatteryStacks[0].Cluseter[rackId].ClusterCellTemperatures.NegativePoleTemperatures[115]|arg2=|arg3=|arg4=10
4,8949,int16,16,rack1357,10,负极温度117,model=4|arg1=bmsdeviceId.BatteryStacks[0].Cluseter[rackId].ClusterCellTemperatures.NegativePoleTemperatures[116]|arg2=|arg3=|arg4=10
4,8950,int16,16,rack1358,10,负极温度118,model=4|arg1=bmsdeviceId.BatteryStacks[0].Cluseter[rackId].ClusterCellTemperatures.NegativePoleTemperatures[117]|arg2=|arg3=|arg4=10
4,8951,int16,16,rack1359,10,负极温度119,model=4|arg1=bmsdeviceId.BatteryStacks[0].Cluseter[rackId].ClusterCellTemperatures.NegativePoleTemperatures[118]|arg2=|arg3=|arg4=10
4,8952,int16,16,rack1360,10,负极温度120,model=4|arg1=bmsdeviceId.BatteryStacks[0].Cluseter[rackId].ClusterCellTemperatures.NegativePoleTemperatures[119]|arg2=|arg3=|arg4=10
4,8953,int16,16,rack1361,10,负极温度121,model=4|arg1=bmsdeviceId.BatteryStacks[0].Cluseter[rackId].ClusterCellTemperatures.NegativePoleTemperatures[120]|arg2=|arg3=|arg4=10
4,8954,int16,16,rack1362,10,负极温度122,model=4|arg1=bmsdeviceId.BatteryStacks[0].Cluseter[rackId].ClusterCellTemperatures.NegativePoleTemperatures[121]|arg2=|arg3=|arg4=10
4,8955,int16,16,rack1363,10,负极温度123,model=4|arg1=bmsdeviceId.BatteryStacks[0].Cluseter[rackId].ClusterCellTemperatures.NegativePoleTemperatures[122]|arg2=|arg3=|arg4=10
4,8956,int16,16,rack1364,10,负极温度124,model=4|arg1=bmsdeviceId.BatteryStacks[0].Cluseter[rackId].ClusterCellTemperatures.NegativePoleTemperatures[123]|arg2=|arg3=|arg4=10
4,8957,int16,16,rack1365,10,负极温度125,model=4|arg1=bmsdeviceId.BatteryStacks[0].Cluseter[rackId].ClusterCellTemperatures.NegativePoleTemperatures[124]|arg2=|arg3=|arg4=10
4,8958,int16,16,rack1366,10,负极温度126,model=4|arg1=bmsdeviceId.BatteryStacks[0].Cluseter[rackId].ClusterCellTemperatures.NegativePoleTemperatures[125]|arg2=|arg3=|arg4=10
4,8959,int16,16,rack1367,10,负极温度127,model=4|arg1=bmsdeviceId.BatteryStacks[0].Cluseter[rackId].ClusterCellTemperatures.NegativePoleTemperatures[126]|arg2=|arg3=|arg4=10
4,8960,int16,16,rack1368,10,负极温度128,model=4|arg1=bmsdeviceId.BatteryStacks[0].Cluseter[rackId].ClusterCellTemperatures.NegativePoleTemperatures[127]|arg2=|arg3=|arg4=10
4,8961,int16,16,rack1369,10,铜牌温度1,0
4,8962,int16,16,rack1370,10,铜牌温度2,0
4,8963,int16,16,rack1371,10,铜牌温度3,0
4,8964,int16,16,rack1372,10,铜牌温度4,0
4,8965,int16,16,rack1373,10,铜牌温度5,0
4,8966,int16,16,rack1374,10,铜牌温度6,0
4,8967,int16,16,rack1375,10,铜牌温度7,0
4,8968,int16,16,rack1376,10,铜牌温度8,0
4,8969,int16,16,rack1377,10,铜牌温度9,0
4,8970,int16,16,rack1378,10,铜牌温度10,0
4,8971,int16,16,rack1379,10,铜牌温度11,0
4,8972,int16,16,rack1380,10,铜牌温度12,0
4,8973,int16,16,rack1381,10,铜牌温度13,0
4,8974,int16,16,rack1382,10,铜牌温度14,0
4,8975,int16,16,rack1383,10,铜牌温度15,0
4,8976,int16,16,rack1384,10,铜牌温度16,0
4,8977,int16,16,rack1385,10,铜牌温度17,0
4,8978,int16,16,rack1386,10,铜牌温度18,0
4,8979,int16,16,rack1387,10,铜牌温度19,0
4,8980,int16,16,rack1388,10,铜牌温度20,0
4,8981,int16,16,rack1389,10,铜牌温度21,0
4,8982,int16,16,rack1390,10,铜牌温度22,0
4,8983,int16,16,rack1391,10,铜牌温度23,0
4,8984,int16,16,rack1392,10,铜牌温度24,0
4,8985,int16,16,rack1393,10,铜牌温度25,0
4,8986,int16,16,rack1394,10,铜牌温度26,0
4,8987,int16,16,rack1395,10,铜牌温度27,0
4,8988,int16,16,rack1396,10,铜牌温度28,0
4,8989,int16,16,rack1397,10,铜牌温度29,0
4,8990,int16,16,rack1398,10,铜牌温度30,0
4,8991,int16,16,rack1399,10,铜牌温度31,0
4,8992,int16,16,rack1400,10,铜牌温度32,0
4,8993,int16,16,rack1401,10,铜牌温度33,0
4,8994,int16,16,rack1402,10,铜牌温度34,0
4,8995,int16,16,rack1403,10,铜牌温度35,0
4,8996,int16,16,rack1404,10,铜牌温度36,0
4,8997,int16,16,rack1405,10,铜牌温度37,0
4,8998,int16,16,rack1406,10,铜牌温度38,0
4,8999,int16,16,rack1407,10,铜牌温度39,0
4,9000,int16,16,rack1408,10,铜牌温度40,0
4,9001,int16,16,rack1409,10,铜牌温度41,0
4,9002,int16,16,rack1410,10,铜牌温度42,0
4,9003,int16,16,rack1411,10,铜牌温度43,0
4,9004,int16,16,rack1412,10,铜牌温度44,0
4,9005,int16,16,rack1413,10,铜牌温度45,0
4,9006,int16,16,rack1414,10,铜牌温度46,0
4,9007,int16,16,rack1415,10,铜牌温度47,0
4,9008,int16,16,rack1416,10,铜牌温度48,0
4,9009,int16,16,rack1417,10,铜牌温度49,0
4,9010,int16,16,rack1418,10,铜牌温度50,0
4,9011,int16,16,rack1419,10,铜牌温度51,0
4,9012,int16,16,rack1420,10,铜牌温度52,0
4,9013,int16,16,rack1421,10,铜牌温度53,0
4,9014,int16,16,rack1422,10,铜牌温度54,0
4,9015,int16,16,rack1423,10,铜牌温度55,0
4,9016,int16,16,rack1424,10,铜牌温度56,0
4,9017,int16,16,rack1425,10,铜牌温度57,0
4,9018,int16,16,rack1426,10,铜牌温度58,0
4,9019,int16,16,rack1427,10,铜牌温度59,0
4,9020,int16,16,rack1428,10,铜牌温度60,0
4,9021,int16,16,rack1429,10,铜牌温度61,0
4,9022,int16,16,rack1430,10,铜牌温度62,0
4,9023,int16,16,rack1431,10,铜牌温度63,0
4,9024,int16,16,rack1432,10,铜牌温度64,0
4,9025,int16,16,rack1433,10,铜牌温度65,0
4,9026,int16,16,rack1434,10,铜牌温度66,0
4,9027,int16,16,rack1435,10,铜牌温度67,0
4,9028,int16,16,rack1436,10,铜牌温度68,0
4,9029,int16,16,rack1437,10,铜牌温度69,0
4,9030,int16,16,rack1438,10,铜牌温度70,0
4,9031,int16,16,rack1439,10,铜牌温度71,0
4,9032,int16,16,rack1440,10,铜牌温度72,0
4,9033,int16,16,rack1441,10,铜牌温度73,0
4,9034,int16,16,rack1442,10,铜牌温度74,0
4,9035,int16,16,rack1443,10,铜牌温度75,0
4,9036,int16,16,rack1444,10,铜牌温度76,0
4,9037,int16,16,rack1445,10,铜牌温度77,0
4,9038,int16,16,rack1446,10,铜牌温度78,0
4,9039,int16,16,rack1447,10,铜牌温度79,0
4,9040,int16,16,rack1448,10,铜牌温度80,0
4,9041,int16,16,rack1449,10,铜牌温度81,0
4,9042,int16,16,rack1450,10,铜牌温度82,0
4,9043,int16,16,rack1451,10,铜牌温度83,0
4,9044,int16,16,rack1452,10,铜牌温度84,0
4,9045,int16,16,rack1453,10,铜牌温度85,0
4,9046,int16,16,rack1454,10,铜牌温度86,0
4,9047,int16,16,rack1455,10,铜牌温度87,0
4,9048,int16,16,rack1456,10,铜牌温度88,0
4,9049,int16,16,rack1457,10,铜牌温度89,0
4,9050,int16,16,rack1458,10,铜牌温度90,0
4,9051,int16,16,rack1459,10,铜牌温度91,0
4,9052,int16,16,rack1460,10,铜牌温度92,0
4,9053,int16,16,rack1461,10,铜牌温度93,0
4,9054,int16,16,rack1462,10,铜牌温度94,0
4,9055,int16,16,rack1463,10,铜牌温度95,0
4,9056,int16,16,rack1464,10,铜牌温度96,0
4,9057,int16,16,rack1465,10,铜牌温度97,0
4,9058,int16,16,rack1466,10,铜牌温度98,0
4,9059,int16,16,rack1467,10,铜牌温度99,0
4,9060,int16,16,rack1468,10,铜牌温度100,0
4,9061,int16,16,rack1469,10,铜牌温度101,0
4,9062,int16,16,rack1470,10,铜牌温度102,0
4,9063,int16,16,rack1471,10,铜牌温度103,0
4,9064,int16,16,rack1472,10,铜牌温度104,0
4,9065,int16,16,rack1473,10,铜牌温度105,0
4,9066,int16,16,rack1474,10,铜牌温度106,0
4,9067,int16,16,rack1475,10,铜牌温度107,0
4,9068,int16,16,rack1476,10,铜牌温度108,0
4,9069,int16,16,rack1477,10,铜牌温度109,0
4,9070,int16,16,rack1478,10,铜牌温度110,0
4,9071,int16,16,rack1479,10,铜牌温度111,0
4,9072,int16,16,rack1480,10,铜牌温度112,0
4,9073,int16,16,rack1481,10,铜牌温度113,0
4,9074,int16,16,rack1482,10,铜牌温度114,0
4,9075,int16,16,rack1483,10,铜牌温度115,0
4,9076,int16,16,rack1484,10,铜牌温度116,0
4,9077,int16,16,rack1485,10,铜牌温度117,0
4,9078,int16,16,rack1486,10,铜牌温度118,0
4,9079,int16,16,rack1487,10,铜牌温度119,0
4,9080,int16,16,rack1488,10,铜牌温度120,0
4,9081,int16,16,rack1489,10,铜牌温度121,0
4,9082,int16,16,rack1490,10,铜牌温度122,0
4,9083,int16,16,rack1491,10,铜牌温度123,0
4,9084,int16,16,rack1492,10,铜牌温度124,0
4,9085,int16,16,rack1493,10,铜牌温度125,0
4,9086,int16,16,rack1494,10,铜牌温度126,0
4,9087,int16,16,rack1495,10,铜牌温度127,0
4,9088,int16,16,rack1496,10,铜牌温度128,0
