FunctionCode,Address,Type,Size,ParamName,Scale,Description,ModelSim
5,1000,bool,1,yx0,1,Rack簇过压三级保护,0
5,1001,bool,1,yx1,1,Rack簇欠压三级保护,0
5,1002,bool,1,yx2,1,Rack单体过压三级保护,model=4|arg1=bmsdeviceId.BatteryStacks[0].Cluseter[rackId].Alarms.CellOverVoltageProtection|arg2=|arg3=|arg4=1000
5,1003,bool,1,yx3,1,Rack单体欠压三级保护,model=4|arg1=bmsdeviceId.BatteryStacks[0].Cluseter[rackId].Alarms.CellUnderVoltageProtection|arg2=|arg3=|arg4=1000
5,1004,bool,1,yx4,1,Rack放电过流三级保护,model=4|arg1=bmsdeviceId.BatteryStacks[0].Cluseter[rackId].Alarms.DischargeOvercurrentProtection|arg2=|arg3=|arg4=1000
5,1005,bool,1,yx5,1,Rack充电过流三级保护,model=4|arg1=bmsdeviceId.BatteryStacks[0].Cluseter[rackId].Alarms.ChargeOvercurrentProtection|arg2=|arg3=|arg4=1000
5,1006,bool,1,yx6,1,Rack放电过温三级保护,model=4|arg1=bmsdeviceId.BatteryStacks[0].Cluseter[rackId].Alarms.CellDischargeHighTempProtection|arg2=|arg3=|arg4=1000
5,1007,bool,1,yx7,1,Rack放电欠温三级保护,model=4|arg1=bmsdeviceId.BatteryStacks[0].Cluseter[rackId].Alarms.CellDischargeLowTempProtection|arg2=|arg3=|arg4=1000
5,1008,bool,1,yx8,1,Rack充电过温三级保护,model=4|arg1=bmsdeviceId.BatteryStacks[0].Cluseter[rackId].Alarms.CellChargeHighTempProtection|arg2=|arg3=|arg4=1000
5,1009,bool,1,yx9,1,Rack充电欠温三级保护,model=4|arg1=bmsdeviceId.BatteryStacks[0].Cluseter[rackId].Alarms.CellChargeLowTempProtection|arg2=|arg3=|arg4=1000
5,1010,bool,1,yx10,1,Rack绝缘失效三级保护,model=4|arg1=bmsdeviceId.BatteryStacks[0].Cluseter[rackId].Alarms.InsulationProtection|arg2=|arg3=|arg4=1000
5,1011,bool,1,yx11,1,Rack端子高温三级保护,model=4|arg1=bmsdeviceId.BatteryStacks[0].Cluseter[rackId].Alarms.TerminalHighTempProtection|arg2=|arg3=|arg4=1000
5,1012,bool,1,yx12,1,Rack高压箱连接器高温三级保护,model=4|arg1=bmsdeviceId.BatteryStacks[0].Cluseter[rackId].Alarms.HVBHighTempProtection|arg2=|arg3=|arg4=1000
5,1013,bool,1,yx13,1,Rack单体压差过高三级保护,model=4|arg1=bmsdeviceId.BatteryStacks[0].Cluseter[rackId].Alarms.VoltageDifferenceProtection|arg2=|arg3=|arg4=1000
5,1014,bool,1,yx14,1,Rack温差过高三级保护,model=4|arg1=bmsdeviceId.BatteryStacks[0].Cluseter[rackId].Alarms.TempDifferenceProtection|arg2=|arg3=|arg4=1000
5,1015,bool,1,yx15,1,RackSOC过低三级保护,model=4|arg1=bmsdeviceId.BatteryStacks[0].Cluseter[rackId].Alarms.LowSOCProtection|arg2=|arg3=|arg4=1000
5,1016,bool,1,yx16,1,Rack簇过压二级报警,model=4|arg1=bmsdeviceId.BatteryStacks[0].Cluseter[rackId].Alarms.OvervoltageAlarm|arg2=|arg3=|arg4=1000
5,1017,bool,1,yx17,1,Rack簇欠压二级报警,model=4|arg1=bmsdeviceId.BatteryStacks[0].Cluseter[rackId].Alarms.UndervoltageAlarm|arg2=|arg3=|arg4=1000
5,1018,bool,1,yx18,1,Rack单体过压二级报警,model=4|arg1=bmsdeviceId.BatteryStacks[0].Cluseter[rackId].Alarms.CellOverVoltageAlarm|arg2=|arg3=|arg4=1000
5,1019,bool,1,yx19,1,Rack单体欠压二级报警,model=4|arg1=bmsdeviceId.BatteryStacks[0].Cluseter[rackId].Alarms.CellUnderVoltageAlarm|arg2=|arg3=|arg4=1000
5,1020,bool,1,yx20,1,Rack放电过流二级报警,model=4|arg1=bmsdeviceId.BatteryStacks[0].Cluseter[rackId].Alarms.DischargeOvercurrentAlarm|arg2=|arg3=|arg4=1000
5,1021,bool,1,yx21,1,Rack充电过流二级报警,model=4|arg1=bmsdeviceId.BatteryStacks[0].Cluseter[rackId].Alarms.ChargeOvercurrentAlarm|arg2=|arg3=|arg4=1000
5,1022,bool,1,yx22,1,Rack放电过温二级报警,model=4|arg1=bmsdeviceId.BatteryStacks[0].Cluseter[rackId].Alarms.CellDischargeHighTempAlarm|arg2=|arg3=|arg4=1000
5,1023,bool,1,yx23,1,Rack放电欠温二级报警,model=4|arg1=bmsdeviceId.BatteryStacks[0].Cluseter[rackId].Alarms.CellDischargeLowTempAlarm|arg2=|arg3=|arg4=1000
5,1024,bool,1,yx24,1,Rack充电过温二级报警,model=4|arg1=bmsdeviceId.BatteryStacks[0].Cluseter[rackId].Alarms.CellChargeHighTempAlarm|arg2=|arg3=|arg4=1000
5,1025,bool,1,yx25,1,Rack充电欠温二级报警,model=4|arg1=bmsdeviceId.BatteryStacks[0].Cluseter[rackId].Alarms.CellChargeLowTempAlarm|arg2=|arg3=|arg4=1000
5,1026,bool,1,yx26,1,Rack绝缘失效二级报警,model=4|arg1=bmsdeviceId.BatteryStacks[0].Cluseter[rackId].Alarms.InsulationAlarm|arg2=|arg3=|arg4=1000
5,1027,bool,1,yx27,1,Rack端子高温二级报警,model=4|arg1=bmsdeviceId.BatteryStacks[0].Cluseter[rackId].Alarms.TerminalHighTempAlarm|arg2=|arg3=|arg4=1000
5,1028,bool,1,yx28,1,Rack高压箱连接器高温二级报警,model=4|arg1=bmsdeviceId.BatteryStacks[0].Cluseter[rackId].Alarms.HVBHighTempAlarm|arg2=|arg3=|arg4=1000
5,1029,bool,1,yx29,1,Rack单体压差过高二级报警,model=4|arg1=bmsdeviceId.BatteryStacks[0].Cluseter[rackId].Alarms.VoltageDifferenceAlarm|arg2=|arg3=|arg4=1000
5,1030,bool,1,yx30,1,Rack温差过高二级报警,model=4|arg1=bmsdeviceId.BatteryStacks[0].Cluseter[rackId].Alarms.TempDifferenceAlarm|arg2=|arg3=|arg4=1000
5,1031,bool,1,yx31,1,RackSOC过低二级报警,model=4|arg1=bmsdeviceId.BatteryStacks[0].Cluseter[rackId].Alarms.LowSOCAlarm|arg2=|arg3=|arg4=1000
5,1032,bool,1,yx32,1,Rack簇过压一级故障,model=4|arg1=bmsdeviceId.BatteryStacks[0].Cluseter[rackId].Alarms.OvervoltageFault|arg2=|arg3=|arg4=1000
5,1033,bool,1,yx33,1,Rack簇欠压一级故障,model=4|arg1=bmsdeviceId.BatteryStacks[0].Cluseter[rackId].Alarms.UndervoltageFault|arg2=|arg3=|arg4=1000
5,1034,bool,1,yx34,1,Rack单体过压一级故障,model=4|arg1=bmsdeviceId.BatteryStacks[0].Cluseter[rackId].Alarms.CellOverVoltageFault|arg2=|arg3=|arg4=1000
5,1035,bool,1,yx35,1,Rack单体欠压一级故障,model=4|arg1=bmsdeviceId.BatteryStacks[0].Cluseter[rackId].Alarms.CellUnderVoltageFault|arg2=|arg3=|arg4=1000
5,1036,bool,1,yx36,1,Rack放电过流一级故障,model=4|arg1=bmsdeviceId.BatteryStacks[0].Cluseter[rackId].Alarms.DischargeOvercurrentFault|arg2=|arg3=|arg4=1000
5,1037,bool,1,yx37,1,Rack充电过流一级故障,model=4|arg1=bmsdeviceId.BatteryStacks[0].Cluseter[rackId].Alarms.ChargeOvercurrentFault|arg2=|arg3=|arg4=1000
5,1038,bool,1,yx38,1,Rack放电过温一级故障,model=4|arg1=bmsdeviceId.BatteryStacks[0].Cluseter[rackId].Alarms.CellDischargeHighTempFault|arg2=|arg3=|arg4=1000
5,1039,bool,1,yx39,1,Rack放电欠温一级故障,model=4|arg1=bmsdeviceId.BatteryStacks[0].Cluseter[rackId].Alarms.CellDischargeLowTempFault|arg2=|arg3=|arg4=1000
5,1040,bool,1,yx40,1,Rack充电过温一级故障,model=4|arg1=bmsdeviceId.BatteryStacks[0].Cluseter[rackId].Alarms.CellChargeHighTempFault|arg2=|arg3=|arg4=1000
5,1041,bool,1,yx41,1,Rack充电欠温一级故障,model=4|arg1=bmsdeviceId.BatteryStacks[0].Cluseter[rackId].Alarms.CellChargeLowTempFault|arg2=|arg3=|arg4=1000
5,1042,bool,1,yx42,1,Rack绝缘失效一级故障,model=4|arg1=bmsdeviceId.BatteryStacks[0].Cluseter[rackId].Alarms.InsulationFault|arg2=|arg3=|arg4=1000
5,1043,bool,1,yx43,1,Rack端子高温一级故障,model=4|arg1=bmsdeviceId.BatteryStacks[0].Cluseter[rackId].Alarms.TerminalHighTempFault|arg2=|arg3=|arg4=1000
5,1044,bool,1,yx44,1,Rack高压箱连接器高温一级故障,model=4|arg1=bmsdeviceId.BatteryStacks[0].Cluseter[rackId].Alarms.HVBHighTempFault|arg2=|arg3=|arg4=1000
5,1045,bool,1,yx45,1,Rack单体压差过高一级故障,model=4|arg1=bmsdeviceId.BatteryStacks[0].Cluseter[rackId].Alarms.VoltageDifferenceFault|arg2=|arg3=|arg4=1000
5,1046,bool,1,yx46,1,Rack温差过高一级故障,model=4|arg1=bmsdeviceId.BatteryStacks[0].Cluseter[rackId].Alarms.TempDifferenceFault|arg2=|arg3=|arg4=1000
5,1047,bool,1,yx47,1,RackSOC过低一级故障,model=4|arg1=bmsdeviceId.BatteryStacks[0].Cluseter[rackId].Alarms.LowSOCFault|arg2=|arg3=|arg4=1000
5,1048,bool,1,yx48,1,均衡开关,0
4,10000,u16,16,yc0,1,Rack运行状态,1
4,10001,u16,16,yc1,1,Rack预充电阶段,1
4,10002,u16,16,yc2,1,Rack接触器状态,1
4,10003,u16,16,yc3,1,Rack故障,0
4,10004,u16,16,yc4,1,Rack三级报警,model=4|arg1=bmsdeviceId.BatteryStacks[0].Cluseter[rackId].Alarms.RackProtectionSummary1|arg2=|arg3=|arg4=1000
4,10005,u16,16,yc5,1,Rack二级报警,model=4|arg1=bmsdeviceId.BatteryStacks[0].Cluseter[rackId].Alarms.RackAlarmSummary1|arg2=|arg3=|arg4=1000
4,10006,u16,16,yc6,1,Rack一级报警,model=4|arg1=bmsdeviceId.BatteryStacks[0].Cluseter[rackId].Alarms.RackFaultSummary1|arg2=|arg3=|arg4=1000
4,10007,u16,16,yc7,1,Rack切入失败原因,0
4,10008,u16,16,yc8,1,Rack未启动切入原因,0
4,10009,u16,16,yc9,1,Rack预充总压,0
4,10010,u16,16,yc10,10,Rack电池总电压,model=4|arg1=bmsdeviceId.BatteryStacks[0].Cluseter[rackId].Measurements.TotalVoltage|arg2=|arg3=|arg4=1000
4,10011,int16,16,yc11,10,Rack电池总电流,model=4|arg1=bmsdeviceId.BatteryStacks[0].Cluseter[rackId].Measurements.Current|arg2=|arg3=|arg4=1000
4,10012,u16,16,yc12,1,Rack充放电指示,model=4|arg1=bmsdeviceId.BatteryStacks[0].Cluseter[rackId].Measurements.OperationStatus|arg2=|arg3=|arg4=1000
4,10013,u16,16,yc13,1000,RackSOC,model=4|arg1=bmsdeviceId.BatteryStacks[0].Cluseter[rackId].Measurements.SOC|arg2=|arg3=|arg4=1000
4,10014,u16,16,yc14,1000,RackSOH,model=4|arg1=bmsdeviceId.BatteryStacks[0].Cluseter[rackId].Measurements.SOH|arg2=|arg3=|arg4=1000
4,10015,u16,16,yc15,10,Rack绝缘值,model=4|arg1=bmsdeviceId.BatteryStacks[0].Cluseter[rackId].Measurements.Insulation|arg2=|arg3=|arg4=1000
4,10016,u16,16,yc16,10,Rack正极绝缘值,model=4|arg1=bmsdeviceId.BatteryStacks[0].Cluseter[rackId].Measurements.InsulationPlus|arg2=|arg3=|arg4=1000
4,10017,u16,16,yc17,10,Rack负极绝缘值,model=4|arg1=bmsdeviceId.BatteryStacks[0].Cluseter[rackId].Measurements.InsulationMinus|arg2=|arg3=|arg4=1000
4,10018,u16,16,yc18,10,Rack最大充电电流,model=4|arg1=bmsdeviceId.BatteryStacks[0].Cluseter[rackId].Measurements.MaxChargeCurrent|arg2=|arg3=|arg4=1000
4,10019,u16,16,yc19,10,Rack最大放电电流,model=4|arg1=bmsdeviceId.BatteryStacks[0].Cluseter[rackId].Measurements.MaxDischargeCurrent|arg2=|arg3=|arg4=1000
4,10020,u16,16,yc20,1,Rack单体电压最高节序号,model=4|arg1=bmsdeviceId.BatteryStacks[0].Cluseter[rackId].Measurements.MaxCellVoltageId|arg2=|arg3=|arg4=1000
4,10021,u16,16,yc21,1000,Rack单体最高电压值,model=4|arg1=bmsdeviceId.BatteryStacks[0].Cluseter[rackId].Measurements.MaxCellVoltage|arg2=|arg3=|arg4=1000
4,10022,u16,16,yc22,1,Rack单体电压最低节序号,model=4|arg1=bmsdeviceId.BatteryStacks[0].Cluseter[rackId].Measurements.MinCellVoltageId|arg2=|arg3=|arg4=1000
4,10023,u16,16,yc23,1000,Rack单体最低电压值,model=4|arg1=bmsdeviceId.BatteryStacks[0].Cluseter[rackId].Measurements.MinCellVoltage|arg2=|arg3=|arg4=1000
4,10024,u16,16,yc24,1,Rack单体温度最高节序号,model=4|arg1=bmsdeviceId.BatteryStacks[0].Cluseter[rackId].Measurements.MaxCellTempId|arg2=|arg3=|arg4=1000
4,10025,int16,16,yc25,10,Rack单体温度最高值,model=4|arg1=bmsdeviceId.BatteryStacks[0].Cluseter[rackId].Measurements.MaxCellTemp|arg2=|arg3=|arg4=1000
4,10026,u16,16,yc26,1,Rack单体温度最低节序号,model=4|arg1=bmsdeviceId.BatteryStacks[0].Cluseter[rackId].Measurements.MinCellTempId|arg2=|arg3=|arg4=1000
4,10027,int16,16,yc27,10,Rack单体温度最低值,model=4|arg1=bmsdeviceId.BatteryStacks[0].Cluseter[rackId].Measurements.MinCellTemp|arg2=|arg3=|arg4=1000
4,10028,u16,16,yc28,1000,Rack平均电压,model=4|arg1=bmsdeviceId.BatteryStacks[0].Cluseter[rackId].Measurements.AvgCellVoltage|arg2=|arg3=|arg4=1000
4,10029,int16,16,yc29,10,Rack平均温度,model=4|arg1=bmsdeviceId.BatteryStacks[0].Cluseter[rackId].Measurements.AvgCellTemp|arg2=|arg3=|arg4=1000
4,10030,u16,16,yc30,10,Rack单体累加和总压,model=4|arg1=bmsdeviceId.BatteryStacks[0].Cluseter[rackId].Measurements.CellVoltageSum|arg2=|arg3=|arg4=1000
4,10031,int16,16,yc31,10,Rack高压箱温度1,model=4|arg1=bmsdeviceId.BatteryStacks[0].Cluseter[rackId].Measurements.HVB1Temp|arg2=|arg3=|arg4=1000
4,10032,int16,16,yc32,10,Rack高压箱温度2,model=4|arg1=bmsdeviceId.BatteryStacks[0].Cluseter[rackId].Measurements.HVB2Temp|arg2=|arg3=|arg4=1000
4,10033,int16,16,yc33,10,Pack1正极柱温度,model=4|arg1=bmsdeviceId.BatteryStacks[0].Cluseter[rackId].ClusterCellTemperatures.PositivePoleTemperatures[0]|arg2=|arg3=|arg4=1000
4,10034,int16,16,yc34,10,Pack2正极柱温度,model=4|arg1=bmsdeviceId.BatteryStacks[0].Cluseter[rackId].ClusterCellTemperatures.PositivePoleTemperatures[1]|arg2=|arg3=|arg4=1000
4,10035,int16,16,yc35,10,Pack3正极柱温度,model=4|arg1=bmsdeviceId.BatteryStacks[0].Cluseter[rackId].ClusterCellTemperatures.PositivePoleTemperatures[2]|arg2=|arg3=|arg4=1000
4,10036,int16,16,yc36,10,Pack4正极柱温度,model=4|arg1=bmsdeviceId.BatteryStacks[0].Cluseter[rackId].ClusterCellTemperatures.PositivePoleTemperatures[3]|arg2=|arg3=|arg4=1000
4,10037,int16,16,yc37,10,Pack5正极柱温度,model=4|arg1=bmsdeviceId.BatteryStacks[0].Cluseter[rackId].ClusterCellTemperatures.PositivePoleTemperatures[4]|arg2=|arg3=|arg4=1000
4,10038,int16,16,yc38,10,Pack6正极柱温度,model=4|arg1=bmsdeviceId.BatteryStacks[0].Cluseter[rackId].ClusterCellTemperatures.PositivePoleTemperatures[5]|arg2=|arg3=|arg4=1000
4,10039,int16,16,yc39,10,Pack7正极柱温度,model=4|arg1=bmsdeviceId.BatteryStacks[0].Cluseter[rackId].ClusterCellTemperatures.PositivePoleTemperatures[6]|arg2=|arg3=|arg4=1000
4,10040,int16,16,yc40,10,Pack8正极柱温度,model=4|arg1=bmsdeviceId.BatteryStacks[0].Cluseter[rackId].ClusterCellTemperatures.PositivePoleTemperatures[7]|arg2=|arg3=|arg4=1000
4,10041,int16,16,yc41,10,Pack9正极柱温度,model=4|arg1=bmsdeviceId.BatteryStacks[0].Cluseter[rackId].ClusterCellTemperatures.PositivePoleTemperatures[8]|arg2=|arg3=|arg4=1000
4,10042,int16,16,yc42,10,Pack10正极柱温度,model=4|arg1=bmsdeviceId.BatteryStacks[0].Cluseter[rackId].ClusterCellTemperatures.PositivePoleTemperatures[9]|arg2=|arg3=|arg4=1000
4,10043,int16,16,yc43,10,Pack11正极柱温度,model=4|arg1=bmsdeviceId.BatteryStacks[0].Cluseter[rackId].ClusterCellTemperatures.PositivePoleTemperatures[10]|arg2=|arg3=|arg4=1000
4,10044,int16,16,yc44,10,Pack12正极柱温度,model=4|arg1=bmsdeviceId.BatteryStacks[0].Cluseter[rackId].ClusterCellTemperatures.PositivePoleTemperatures[11]|arg2=|arg3=|arg4=1000
4,10045,int16,16,yc45,10,Pack13正极柱温度,model=4|arg1=bmsdeviceId.BatteryStacks[0].Cluseter[rackId].ClusterCellTemperatures.PositivePoleTemperatures[12]|arg2=|arg3=|arg4=1000
4,10046,int16,16,yc46,10,Pack14正极柱温度,model=4|arg1=bmsdeviceId.BatteryStacks[0].Cluseter[rackId].ClusterCellTemperatures.PositivePoleTemperatures[13]|arg2=|arg3=|arg4=1000
4,10047,int16,16,yc47,10,Pack15正极柱温度,model=4|arg1=bmsdeviceId.BatteryStacks[0].Cluseter[rackId].ClusterCellTemperatures.PositivePoleTemperatures[14]|arg2=|arg3=|arg4=1000
4,10048,int16,16,yc48,10,Pack16正极柱温度,model=4|arg1=bmsdeviceId.BatteryStacks[0].Cluseter[rackId].ClusterCellTemperatures.PositivePoleTemperatures[15]|arg2=|arg3=|arg4=1000
4,10049,int16,16,yc49,10,Pack17正极柱温度,model=4|arg1=bmsdeviceId.BatteryStacks[0].Cluseter[rackId].ClusterCellTemperatures.PositivePoleTemperatures[16]|arg2=|arg3=|arg4=1000
4,10050,int16,16,yc50,10,Pack18正极柱温度,model=4|arg1=bmsdeviceId.BatteryStacks[0].Cluseter[rackId].ClusterCellTemperatures.PositivePoleTemperatures[17]|arg2=|arg3=|arg4=1000
4,10051,int16,16,yc51,10,Pack19正极柱温度,model=4|arg1=bmsdeviceId.BatteryStacks[0].Cluseter[rackId].ClusterCellTemperatures.PositivePoleTemperatures[18]|arg2=|arg3=|arg4=1000
4,10052,int16,16,yc52,10,Pack20正极柱温度,model=4|arg1=bmsdeviceId.BatteryStacks[0].Cluseter[rackId].ClusterCellTemperatures.PositivePoleTemperatures[19]|arg2=|arg3=|arg4=1000
4,10053,int16,16,yc53,10,Pack21正极柱温度,model=4|arg1=bmsdeviceId.BatteryStacks[0].Cluseter[rackId].ClusterCellTemperatures.PositivePoleTemperatures[20]|arg2=|arg3=|arg4=1000
4,10054,int16,16,yc54,10,Pack22正极柱温度,model=4|arg1=bmsdeviceId.BatteryStacks[0].Cluseter[rackId].ClusterCellTemperatures.PositivePoleTemperatures[21]|arg2=|arg3=|arg4=1000
4,10055,int16,16,yc55,10,Pack23正极柱温度,model=4|arg1=bmsdeviceId.BatteryStacks[0].Cluseter[rackId].ClusterCellTemperatures.PositivePoleTemperatures[22]|arg2=|arg3=|arg4=1000
4,10056,int16,16,yc56,10,Pack24正极柱温度,model=4|arg1=bmsdeviceId.BatteryStacks[0].Cluseter[rackId].ClusterCellTemperatures.PositivePoleTemperatures[23]|arg2=|arg3=|arg4=1000
4,10057,int16,16,yc57,10,Pack25正极柱温度,model=4|arg1=bmsdeviceId.BatteryStacks[0].Cluseter[rackId].ClusterCellTemperatures.PositivePoleTemperatures[24]|arg2=|arg3=|arg4=1000
4,10058,int16,16,yc58,10,Pack26正极柱温度,model=4|arg1=bmsdeviceId.BatteryStacks[0].Cluseter[rackId].ClusterCellTemperatures.PositivePoleTemperatures[25]|arg2=|arg3=|arg4=1000
4,10059,int16,16,yc59,10,Pack27正极柱温度,model=4|arg1=bmsdeviceId.BatteryStacks[0].Cluseter[rackId].ClusterCellTemperatures.PositivePoleTemperatures[26]|arg2=|arg3=|arg4=1000
4,10060,int16,16,yc60,10,Pack28正极柱温度,model=4|arg1=bmsdeviceId.BatteryStacks[0].Cluseter[rackId].ClusterCellTemperatures.PositivePoleTemperatures[27]|arg2=|arg3=|arg4=1000
4,10061,int16,16,yc61,10,Pack29正极柱温度,model=4|arg1=bmsdeviceId.BatteryStacks[0].Cluseter[rackId].ClusterCellTemperatures.PositivePoleTemperatures[28]|arg2=|arg3=|arg4=1000
4,10062,int16,16,yc62,10,Pack30正极柱温度,model=4|arg1=bmsdeviceId.BatteryStacks[0].Cluseter[rackId].ClusterCellTemperatures.PositivePoleTemperatures[29]|arg2=|arg3=|arg4=1000
4,10063,int16,16,yc63,10,Pack31正极柱温度,model=4|arg1=bmsdeviceId.BatteryStacks[0].Cluseter[rackId].ClusterCellTemperatures.PositivePoleTemperatures[30]|arg2=|arg3=|arg4=1000
4,10064,int16,16,yc64,10,Pack32正极柱温度,model=4|arg1=bmsdeviceId.BatteryStacks[0].Cluseter[rackId].ClusterCellTemperatures.PositivePoleTemperatures[31]|arg2=|arg3=|arg4=1000
4,10065,int16,16,yc65,10,Pack33正极柱温度,model=4|arg1=bmsdeviceId.BatteryStacks[0].Cluseter[rackId].ClusterCellTemperatures.PositivePoleTemperatures[32]|arg2=|arg3=|arg4=1000
4,10066,int16,16,yc66,10,Pack34正极柱温度,model=4|arg1=bmsdeviceId.BatteryStacks[0].Cluseter[rackId].ClusterCellTemperatures.PositivePoleTemperatures[33]|arg2=|arg3=|arg4=1000
4,10067,int16,16,yc67,10,Pack35正极柱温度,model=4|arg1=bmsdeviceId.BatteryStacks[0].Cluseter[rackId].ClusterCellTemperatures.PositivePoleTemperatures[34]|arg2=|arg3=|arg4=1000
4,10068,int16,16,yc68,10,Pack36正极柱温度,model=4|arg1=bmsdeviceId.BatteryStacks[0].Cluseter[rackId].ClusterCellTemperatures.PositivePoleTemperatures[35]|arg2=|arg3=|arg4=1000
4,10069,int16,16,yc69,10,Pack37正极柱温度,model=4|arg1=bmsdeviceId.BatteryStacks[0].Cluseter[rackId].ClusterCellTemperatures.PositivePoleTemperatures[36]|arg2=|arg3=|arg4=1000
4,10070,int16,16,yc70,10,Pack38正极柱温度,model=4|arg1=bmsdeviceId.BatteryStacks[0].Cluseter[rackId].ClusterCellTemperatures.PositivePoleTemperatures[37]|arg2=|arg3=|arg4=1000
4,10071,int16,16,yc71,10,Pack39正极柱温度,model=4|arg1=bmsdeviceId.BatteryStacks[0].Cluseter[rackId].ClusterCellTemperatures.PositivePoleTemperatures[38]|arg2=|arg3=|arg4=1000
4,10072,int16,16,yc72,10,Pack40正极柱温度,model=4|arg1=bmsdeviceId.BatteryStacks[0].Cluseter[rackId].ClusterCellTemperatures.PositivePoleTemperatures[39]|arg2=|arg3=|arg4=1000
4,10073,int16,16,yc73,10,Pack41正极柱温度,model=4|arg1=bmsdeviceId.BatteryStacks[0].Cluseter[rackId].ClusterCellTemperatures.PositivePoleTemperatures[40]|arg2=|arg3=|arg4=1000
4,10074,int16,16,yc74,10,Pack42正极柱温度,model=4|arg1=bmsdeviceId.BatteryStacks[0].Cluseter[rackId].ClusterCellTemperatures.PositivePoleTemperatures[41]|arg2=|arg3=|arg4=1000
4,10075,int16,16,yc75,10,Pack43正极柱温度,model=4|arg1=bmsdeviceId.BatteryStacks[0].Cluseter[rackId].ClusterCellTemperatures.PositivePoleTemperatures[42]|arg2=|arg3=|arg4=1000
4,10076,int16,16,yc76,10,Pack44正极柱温度,model=4|arg1=bmsdeviceId.BatteryStacks[0].Cluseter[rackId].ClusterCellTemperatures.PositivePoleTemperatures[43]|arg2=|arg3=|arg4=1000
4,10077,int16,16,yc77,10,Pack45正极柱温度,model=4|arg1=bmsdeviceId.BatteryStacks[0].Cluseter[rackId].ClusterCellTemperatures.PositivePoleTemperatures[44]|arg2=|arg3=|arg4=1000
4,10078,int16,16,yc78,10,Pack46正极柱温度,model=4|arg1=bmsdeviceId.BatteryStacks[0].Cluseter[rackId].ClusterCellTemperatures.PositivePoleTemperatures[45]|arg2=|arg3=|arg4=1000
4,10079,int16,16,yc79,10,Pack47正极柱温度,model=4|arg1=bmsdeviceId.BatteryStacks[0].Cluseter[rackId].ClusterCellTemperatures.PositivePoleTemperatures[46]|arg2=|arg3=|arg4=1000
4,10080,int16,16,yc80,10,Pack48正极柱温度,model=4|arg1=bmsdeviceId.BatteryStacks[0].Cluseter[rackId].ClusterCellTemperatures.PositivePoleTemperatures[47]|arg2=|arg3=|arg4=1000
4,10081,int16,16,yc81,10,Pack49正极柱温度,model=4|arg1=bmsdeviceId.BatteryStacks[0].Cluseter[rackId].ClusterCellTemperatures.PositivePoleTemperatures[48]|arg2=|arg3=|arg4=1000
4,10082,int16,16,yc82,10,Pack50正极柱温度,model=4|arg1=bmsdeviceId.BatteryStacks[0].Cluseter[rackId].ClusterCellTemperatures.PositivePoleTemperatures[49]|arg2=|arg3=|arg4=1000
4,10083,int16,16,yc83,10,Pack51正极柱温度,model=4|arg1=bmsdeviceId.BatteryStacks[0].Cluseter[rackId].ClusterCellTemperatures.PositivePoleTemperatures[50]|arg2=|arg3=|arg4=1000
4,10084,int16,16,yc84,10,Pack52正极柱温度,model=4|arg1=bmsdeviceId.BatteryStacks[0].Cluseter[rackId].ClusterCellTemperatures.PositivePoleTemperatures[51]|arg2=|arg3=|arg4=1000
4,10085,int16,16,yc85,10,Pack53正极柱温度,model=4|arg1=bmsdeviceId.BatteryStacks[0].Cluseter[rackId].ClusterCellTemperatures.PositivePoleTemperatures[52]|arg2=|arg3=|arg4=1000
4,10086,int16,16,yc86,10,Pack54正极柱温度,model=4|arg1=bmsdeviceId.BatteryStacks[0].Cluseter[rackId].ClusterCellTemperatures.PositivePoleTemperatures[53]|arg2=|arg3=|arg4=1000
4,10087,int16,16,yc87,10,Pack55正极柱温度,model=4|arg1=bmsdeviceId.BatteryStacks[0].Cluseter[rackId].ClusterCellTemperatures.PositivePoleTemperatures[54]|arg2=|arg3=|arg4=1000
4,10088,int16,16,yc88,10,Pack56正极柱温度,model=4|arg1=bmsdeviceId.BatteryStacks[0].Cluseter[rackId].ClusterCellTemperatures.PositivePoleTemperatures[55]|arg2=|arg3=|arg4=1000
4,10089,int16,16,yc89,10,Pack57正极柱温度,model=4|arg1=bmsdeviceId.BatteryStacks[0].Cluseter[rackId].ClusterCellTemperatures.PositivePoleTemperatures[56]|arg2=|arg3=|arg4=1000
4,10090,int16,16,yc90,10,Pack58正极柱温度,model=4|arg1=bmsdeviceId.BatteryStacks[0].Cluseter[rackId].ClusterCellTemperatures.PositivePoleTemperatures[57]|arg2=|arg3=|arg4=1000
4,10091,int16,16,yc91,10,Pack59正极柱温度,model=4|arg1=bmsdeviceId.BatteryStacks[0].Cluseter[rackId].ClusterCellTemperatures.PositivePoleTemperatures[58]|arg2=|arg3=|arg4=1000
4,10092,int16,16,yc92,10,Pack60正极柱温度,model=4|arg1=bmsdeviceId.BatteryStacks[0].Cluseter[rackId].ClusterCellTemperatures.PositivePoleTemperatures[59]|arg2=|arg3=|arg4=1000
4,10093,int16,16,yc93,10,Pack61正极柱温度,model=4|arg1=bmsdeviceId.BatteryStacks[0].Cluseter[rackId].ClusterCellTemperatures.PositivePoleTemperatures[60]|arg2=|arg3=|arg4=1000
4,10094,int16,16,yc94,10,Pack62正极柱温度,model=4|arg1=bmsdeviceId.BatteryStacks[0].Cluseter[rackId].ClusterCellTemperatures.PositivePoleTemperatures[61]|arg2=|arg3=|arg4=1000
4,10095,int16,16,yc95,10,Pack63正极柱温度,model=4|arg1=bmsdeviceId.BatteryStacks[0].Cluseter[rackId].ClusterCellTemperatures.PositivePoleTemperatures[62]|arg2=|arg3=|arg4=1000
4,10096,int16,16,yc96,10,Pack64正极柱温度,model=4|arg1=bmsdeviceId.BatteryStacks[0].Cluseter[rackId].ClusterCellTemperatures.PositivePoleTemperatures[63]|arg2=|arg3=|arg4=1000
4,10097,int16,16,yc97,10,Pack1负极柱温度,model=4|arg1=bmsdeviceId.BatteryStacks[0].Cluseter[rackId].ClusterCellTemperatures.NegativePoleTemperatures[0]|arg2=|arg3=|arg4=1000
4,10098,int16,16,yc98,10,Pack2负极柱温度,model=4|arg1=bmsdeviceId.BatteryStacks[0].Cluseter[rackId].ClusterCellTemperatures.NegativePoleTemperatures[1]|arg2=|arg3=|arg4=1000
4,10099,int16,16,yc99,10,Pack3负极柱温度,model=4|arg1=bmsdeviceId.BatteryStacks[0].Cluseter[rackId].ClusterCellTemperatures.NegativePoleTemperatures[2]|arg2=|arg3=|arg4=1000
4,10100,int16,16,yc100,10,Pack4负极柱温度,model=4|arg1=bmsdeviceId.BatteryStacks[0].Cluseter[rackId].ClusterCellTemperatures.NegativePoleTemperatures[3]|arg2=|arg3=|arg4=1000
4,10101,int16,16,yc101,10,Pack5负极柱温度,model=4|arg1=bmsdeviceId.BatteryStacks[0].Cluseter[rackId].ClusterCellTemperatures.NegativePoleTemperatures[4]|arg2=|arg3=|arg4=1000
4,10102,int16,16,yc102,10,Pack6负极柱温度,model=4|arg1=bmsdeviceId.BatteryStacks[0].Cluseter[rackId].ClusterCellTemperatures.NegativePoleTemperatures[5]|arg2=|arg3=|arg4=1000
4,10103,int16,16,yc103,10,Pack7负极柱温度,model=4|arg1=bmsdeviceId.BatteryStacks[0].Cluseter[rackId].ClusterCellTemperatures.NegativePoleTemperatures[6]|arg2=|arg3=|arg4=1000
4,10104,int16,16,yc104,10,Pack8负极柱温度,model=4|arg1=bmsdeviceId.BatteryStacks[0].Cluseter[rackId].ClusterCellTemperatures.NegativePoleTemperatures[7]|arg2=|arg3=|arg4=1000
4,10105,int16,16,yc105,10,Pack9负极柱温度,model=4|arg1=bmsdeviceId.BatteryStacks[0].Cluseter[rackId].ClusterCellTemperatures.NegativePoleTemperatures[8]|arg2=|arg3=|arg4=1000
4,10106,int16,16,yc106,10,Pack10负极柱温度,model=4|arg1=bmsdeviceId.BatteryStacks[0].Cluseter[rackId].ClusterCellTemperatures.NegativePoleTemperatures[9]|arg2=|arg3=|arg4=1000
4,10107,int16,16,yc107,10,Pack11负极柱温度,model=4|arg1=bmsdeviceId.BatteryStacks[0].Cluseter[rackId].ClusterCellTemperatures.NegativePoleTemperatures[10]|arg2=|arg3=|arg4=1000
4,10108,int16,16,yc108,10,Pack12负极柱温度,model=4|arg1=bmsdeviceId.BatteryStacks[0].Cluseter[rackId].ClusterCellTemperatures.NegativePoleTemperatures[11]|arg2=|arg3=|arg4=1000
4,10109,int16,16,yc109,10,Pack13负极柱温度,model=4|arg1=bmsdeviceId.BatteryStacks[0].Cluseter[rackId].ClusterCellTemperatures.NegativePoleTemperatures[12]|arg2=|arg3=|arg4=1000
4,10110,int16,16,yc110,10,Pack14负极柱温度,model=4|arg1=bmsdeviceId.BatteryStacks[0].Cluseter[rackId].ClusterCellTemperatures.NegativePoleTemperatures[13]|arg2=|arg3=|arg4=1000
4,10111,int16,16,yc111,10,Pack15负极柱温度,model=4|arg1=bmsdeviceId.BatteryStacks[0].Cluseter[rackId].ClusterCellTemperatures.NegativePoleTemperatures[14]|arg2=|arg3=|arg4=1000
4,10112,int16,16,yc112,10,Pack16负极柱温度,model=4|arg1=bmsdeviceId.BatteryStacks[0].Cluseter[rackId].ClusterCellTemperatures.NegativePoleTemperatures[15]|arg2=|arg3=|arg4=1000
4,10113,int16,16,yc113,10,Pack17负极柱温度,model=4|arg1=bmsdeviceId.BatteryStacks[0].Cluseter[rackId].ClusterCellTemperatures.NegativePoleTemperatures[16]|arg2=|arg3=|arg4=1000
4,10114,int16,16,yc114,10,Pack18负极柱温度,model=4|arg1=bmsdeviceId.BatteryStacks[0].Cluseter[rackId].ClusterCellTemperatures.NegativePoleTemperatures[17]|arg2=|arg3=|arg4=1000
4,10115,int16,16,yc115,10,Pack19负极柱温度,model=4|arg1=bmsdeviceId.BatteryStacks[0].Cluseter[rackId].ClusterCellTemperatures.NegativePoleTemperatures[18]|arg2=|arg3=|arg4=1000
4,10116,int16,16,yc116,10,Pack20负极柱温度,model=4|arg1=bmsdeviceId.BatteryStacks[0].Cluseter[rackId].ClusterCellTemperatures.NegativePoleTemperatures[19]|arg2=|arg3=|arg4=1000
4,10117,int16,16,yc117,10,Pack21负极柱温度,model=4|arg1=bmsdeviceId.BatteryStacks[0].Cluseter[rackId].ClusterCellTemperatures.NegativePoleTemperatures[20]|arg2=|arg3=|arg4=1000
4,10118,int16,16,yc118,10,Pack22负极柱温度,model=4|arg1=bmsdeviceId.BatteryStacks[0].Cluseter[rackId].ClusterCellTemperatures.NegativePoleTemperatures[21]|arg2=|arg3=|arg4=1000
4,10119,int16,16,yc119,10,Pack23负极柱温度,model=4|arg1=bmsdeviceId.BatteryStacks[0].Cluseter[rackId].ClusterCellTemperatures.NegativePoleTemperatures[22]|arg2=|arg3=|arg4=1000
4,10120,int16,16,yc120,10,Pack24负极柱温度,model=4|arg1=bmsdeviceId.BatteryStacks[0].Cluseter[rackId].ClusterCellTemperatures.NegativePoleTemperatures[23]|arg2=|arg3=|arg4=1000
4,10121,int16,16,yc121,10,Pack25负极柱温度,model=4|arg1=bmsdeviceId.BatteryStacks[0].Cluseter[rackId].ClusterCellTemperatures.NegativePoleTemperatures[24]|arg2=|arg3=|arg4=1000
4,10122,int16,16,yc122,10,Pack26负极柱温度,model=4|arg1=bmsdeviceId.BatteryStacks[0].Cluseter[rackId].ClusterCellTemperatures.NegativePoleTemperatures[25]|arg2=|arg3=|arg4=1000
4,10123,int16,16,yc123,10,Pack27负极柱温度,model=4|arg1=bmsdeviceId.BatteryStacks[0].Cluseter[rackId].ClusterCellTemperatures.NegativePoleTemperatures[26]|arg2=|arg3=|arg4=1000
4,10124,int16,16,yc124,10,Pack28负极柱温度,model=4|arg1=bmsdeviceId.BatteryStacks[0].Cluseter[rackId].ClusterCellTemperatures.NegativePoleTemperatures[27]|arg2=|arg3=|arg4=1000
4,10125,int16,16,yc125,10,Pack29负极柱温度,model=4|arg1=bmsdeviceId.BatteryStacks[0].Cluseter[rackId].ClusterCellTemperatures.NegativePoleTemperatures[28]|arg2=|arg3=|arg4=1000
4,10126,int16,16,yc126,10,Pack30负极柱温度,model=4|arg1=bmsdeviceId.BatteryStacks[0].Cluseter[rackId].ClusterCellTemperatures.NegativePoleTemperatures[29]|arg2=|arg3=|arg4=1000
4,10127,int16,16,yc127,10,Pack31负极柱温度,model=4|arg1=bmsdeviceId.BatteryStacks[0].Cluseter[rackId].ClusterCellTemperatures.NegativePoleTemperatures[30]|arg2=|arg3=|arg4=1000
4,10128,int16,16,yc128,10,Pack32负极柱温度,model=4|arg1=bmsdeviceId.BatteryStacks[0].Cluseter[rackId].ClusterCellTemperatures.NegativePoleTemperatures[31]|arg2=|arg3=|arg4=1000
4,10129,int16,16,yc129,10,Pack33负极柱温度,model=4|arg1=bmsdeviceId.BatteryStacks[0].Cluseter[rackId].ClusterCellTemperatures.NegativePoleTemperatures[32]|arg2=|arg3=|arg4=1000
4,10130,int16,16,yc130,10,Pack34负极柱温度,model=4|arg1=bmsdeviceId.BatteryStacks[0].Cluseter[rackId].ClusterCellTemperatures.NegativePoleTemperatures[33]|arg2=|arg3=|arg4=1000
4,10131,int16,16,yc131,10,Pack35负极柱温度,model=4|arg1=bmsdeviceId.BatteryStacks[0].Cluseter[rackId].ClusterCellTemperatures.NegativePoleTemperatures[34]|arg2=|arg3=|arg4=1000
4,10132,int16,16,yc132,10,Pack36负极柱温度,model=4|arg1=bmsdeviceId.BatteryStacks[0].Cluseter[rackId].ClusterCellTemperatures.NegativePoleTemperatures[35]|arg2=|arg3=|arg4=1000
4,10133,int16,16,yc133,10,Pack37负极柱温度,model=4|arg1=bmsdeviceId.BatteryStacks[0].Cluseter[rackId].ClusterCellTemperatures.NegativePoleTemperatures[36]|arg2=|arg3=|arg4=1000
4,10134,int16,16,yc134,10,Pack38负极柱温度,model=4|arg1=bmsdeviceId.BatteryStacks[0].Cluseter[rackId].ClusterCellTemperatures.NegativePoleTemperatures[37]|arg2=|arg3=|arg4=1000
4,10135,int16,16,yc135,10,Pack39负极柱温度,model=4|arg1=bmsdeviceId.BatteryStacks[0].Cluseter[rackId].ClusterCellTemperatures.NegativePoleTemperatures[38]|arg2=|arg3=|arg4=1000
4,10136,int16,16,yc136,10,Pack40负极柱温度,model=4|arg1=bmsdeviceId.BatteryStacks[0].Cluseter[rackId].ClusterCellTemperatures.NegativePoleTemperatures[39]|arg2=|arg3=|arg4=1000
4,10137,int16,16,yc137,10,Pack41负极柱温度,model=4|arg1=bmsdeviceId.BatteryStacks[0].Cluseter[rackId].ClusterCellTemperatures.NegativePoleTemperatures[40]|arg2=|arg3=|arg4=1000
4,10138,int16,16,yc138,10,Pack42负极柱温度,model=4|arg1=bmsdeviceId.BatteryStacks[0].Cluseter[rackId].ClusterCellTemperatures.NegativePoleTemperatures[41]|arg2=|arg3=|arg4=1000
4,10139,int16,16,yc139,10,Pack43负极柱温度,model=4|arg1=bmsdeviceId.BatteryStacks[0].Cluseter[rackId].ClusterCellTemperatures.NegativePoleTemperatures[42]|arg2=|arg3=|arg4=1000
4,10140,int16,16,yc140,10,Pack44负极柱温度,model=4|arg1=bmsdeviceId.BatteryStacks[0].Cluseter[rackId].ClusterCellTemperatures.NegativePoleTemperatures[43]|arg2=|arg3=|arg4=1000
4,10141,int16,16,yc141,10,Pack45负极柱温度,model=4|arg1=bmsdeviceId.BatteryStacks[0].Cluseter[rackId].ClusterCellTemperatures.NegativePoleTemperatures[44]|arg2=|arg3=|arg4=1000
4,10142,int16,16,yc142,10,Pack46负极柱温度,model=4|arg1=bmsdeviceId.BatteryStacks[0].Cluseter[rackId].ClusterCellTemperatures.NegativePoleTemperatures[45]|arg2=|arg3=|arg4=1000
4,10143,int16,16,yc143,10,Pack47负极柱温度,model=4|arg1=bmsdeviceId.BatteryStacks[0].Cluseter[rackId].ClusterCellTemperatures.NegativePoleTemperatures[46]|arg2=|arg3=|arg4=1000
4,10144,int16,16,yc144,10,Pack48负极柱温度,model=4|arg1=bmsdeviceId.BatteryStacks[0].Cluseter[rackId].ClusterCellTemperatures.NegativePoleTemperatures[47]|arg2=|arg3=|arg4=1000
4,10145,int16,16,yc145,10,Pack49负极柱温度,model=4|arg1=bmsdeviceId.BatteryStacks[0].Cluseter[rackId].ClusterCellTemperatures.NegativePoleTemperatures[48]|arg2=|arg3=|arg4=1000
4,10146,int16,16,yc146,10,Pack50负极柱温度,model=4|arg1=bmsdeviceId.BatteryStacks[0].Cluseter[rackId].ClusterCellTemperatures.NegativePoleTemperatures[49]|arg2=|arg3=|arg4=1000
4,10147,int16,16,yc147,10,Pack51负极柱温度,model=4|arg1=bmsdeviceId.BatteryStacks[0].Cluseter[rackId].ClusterCellTemperatures.NegativePoleTemperatures[50]|arg2=|arg3=|arg4=1000
4,10148,int16,16,yc148,10,Pack52负极柱温度,model=4|arg1=bmsdeviceId.BatteryStacks[0].Cluseter[rackId].ClusterCellTemperatures.NegativePoleTemperatures[51]|arg2=|arg3=|arg4=1000
4,10149,int16,16,yc149,10,Pack53负极柱温度,model=4|arg1=bmsdeviceId.BatteryStacks[0].Cluseter[rackId].ClusterCellTemperatures.NegativePoleTemperatures[52]|arg2=|arg3=|arg4=1000
4,10150,int16,16,yc150,10,Pack54负极柱温度,model=4|arg1=bmsdeviceId.BatteryStacks[0].Cluseter[rackId].ClusterCellTemperatures.NegativePoleTemperatures[53]|arg2=|arg3=|arg4=1000
4,10151,int16,16,yc151,10,Pack55负极柱温度,model=4|arg1=bmsdeviceId.BatteryStacks[0].Cluseter[rackId].ClusterCellTemperatures.NegativePoleTemperatures[54]|arg2=|arg3=|arg4=1000
4,10152,int16,16,yc152,10,Pack56负极柱温度,model=4|arg1=bmsdeviceId.BatteryStacks[0].Cluseter[rackId].ClusterCellTemperatures.NegativePoleTemperatures[55]|arg2=|arg3=|arg4=1000
4,10153,int16,16,yc153,10,Pack57负极柱温度,model=4|arg1=bmsdeviceId.BatteryStacks[0].Cluseter[rackId].ClusterCellTemperatures.NegativePoleTemperatures[56]|arg2=|arg3=|arg4=1000
4,10154,int16,16,yc154,10,Pack58负极柱温度,model=4|arg1=bmsdeviceId.BatteryStacks[0].Cluseter[rackId].ClusterCellTemperatures.NegativePoleTemperatures[57]|arg2=|arg3=|arg4=1000
4,10155,int16,16,yc155,10,Pack59负极柱温度,model=4|arg1=bmsdeviceId.BatteryStacks[0].Cluseter[rackId].ClusterCellTemperatures.NegativePoleTemperatures[58]|arg2=|arg3=|arg4=1000
4,10156,int16,16,yc156,10,Pack60负极柱温度,model=4|arg1=bmsdeviceId.BatteryStacks[0].Cluseter[rackId].ClusterCellTemperatures.NegativePoleTemperatures[59]|arg2=|arg3=|arg4=1000
4,10157,int16,16,yc157,10,Pack61负极柱温度,model=4|arg1=bmsdeviceId.BatteryStacks[0].Cluseter[rackId].ClusterCellTemperatures.NegativePoleTemperatures[60]|arg2=|arg3=|arg4=1000
4,10158,int16,16,yc158,10,Pack62负极柱温度,model=4|arg1=bmsdeviceId.BatteryStacks[0].Cluseter[rackId].ClusterCellTemperatures.NegativePoleTemperatures[61]|arg2=|arg3=|arg4=1000
4,10159,int16,16,yc159,10,Pack63负极柱温度,model=4|arg1=bmsdeviceId.BatteryStacks[0].Cluseter[rackId].ClusterCellTemperatures.NegativePoleTemperatures[62]|arg2=|arg3=|arg4=1000
4,10160,int16,16,yc160,10,Pack64负极柱温度,model=4|arg1=bmsdeviceId.BatteryStacks[0].Cluseter[rackId].ClusterCellTemperatures.NegativePoleTemperatures[63]|arg2=|arg3=|arg4=1000
4,10161,u16,16,yc161,1000,Rack单体电池电压1,model=4|arg1=bmsdeviceId.BatteryStacks[0].Cluseter[rackId].ClusterCellVoltages.CellVoltages[0]|arg2=|arg3=|arg4=1000
4,10162,u16,16,yc162,1000,Rack单体电池电压2,model=4|arg1=bmsdeviceId.BatteryStacks[0].Cluseter[rackId].ClusterCellVoltages.CellVoltages[1]|arg2=|arg3=|arg4=1000
4,10163,u16,16,yc163,1000,Rack单体电池电压3,model=4|arg1=bmsdeviceId.BatteryStacks[0].Cluseter[rackId].ClusterCellVoltages.CellVoltages[2]|arg2=|arg3=|arg4=1000
4,10164,u16,16,yc164,1000,Rack单体电池电压4,model=4|arg1=bmsdeviceId.BatteryStacks[0].Cluseter[rackId].ClusterCellVoltages.CellVoltages[3]|arg2=|arg3=|arg4=1000
4,10165,u16,16,yc165,1000,Rack单体电池电压5,model=4|arg1=bmsdeviceId.BatteryStacks[0].Cluseter[rackId].ClusterCellVoltages.CellVoltages[4]|arg2=|arg3=|arg4=1000
4,10166,u16,16,yc166,1000,Rack单体电池电压6,model=4|arg1=bmsdeviceId.BatteryStacks[0].Cluseter[rackId].ClusterCellVoltages.CellVoltages[5]|arg2=|arg3=|arg4=1000
4,10167,u16,16,yc167,1000,Rack单体电池电压7,model=4|arg1=bmsdeviceId.BatteryStacks[0].Cluseter[rackId].ClusterCellVoltages.CellVoltages[6]|arg2=|arg3=|arg4=1000
4,10168,u16,16,yc168,1000,Rack单体电池电压8,model=4|arg1=bmsdeviceId.BatteryStacks[0].Cluseter[rackId].ClusterCellVoltages.CellVoltages[7]|arg2=|arg3=|arg4=1000
4,10169,u16,16,yc169,1000,Rack单体电池电压9,model=4|arg1=bmsdeviceId.BatteryStacks[0].Cluseter[rackId].ClusterCellVoltages.CellVoltages[8]|arg2=|arg3=|arg4=1000
4,10170,u16,16,yc170,1000,Rack单体电池电压10,model=4|arg1=bmsdeviceId.BatteryStacks[0].Cluseter[rackId].ClusterCellVoltages.CellVoltages[9]|arg2=|arg3=|arg4=1000
4,10171,u16,16,yc171,1000,Rack单体电池电压11,model=4|arg1=bmsdeviceId.BatteryStacks[0].Cluseter[rackId].ClusterCellVoltages.CellVoltages[10]|arg2=|arg3=|arg4=1000
4,10172,u16,16,yc172,1000,Rack单体电池电压12,model=4|arg1=bmsdeviceId.BatteryStacks[0].Cluseter[rackId].ClusterCellVoltages.CellVoltages[11]|arg2=|arg3=|arg4=1000
4,10173,u16,16,yc173,1000,Rack单体电池电压13,model=4|arg1=bmsdeviceId.BatteryStacks[0].Cluseter[rackId].ClusterCellVoltages.CellVoltages[12]|arg2=|arg3=|arg4=1000
4,10174,u16,16,yc174,1000,Rack单体电池电压14,model=4|arg1=bmsdeviceId.BatteryStacks[0].Cluseter[rackId].ClusterCellVoltages.CellVoltages[13]|arg2=|arg3=|arg4=1000
4,10175,u16,16,yc175,1000,Rack单体电池电压15,model=4|arg1=bmsdeviceId.BatteryStacks[0].Cluseter[rackId].ClusterCellVoltages.CellVoltages[14]|arg2=|arg3=|arg4=1000
4,10176,u16,16,yc176,1000,Rack单体电池电压16,model=4|arg1=bmsdeviceId.BatteryStacks[0].Cluseter[rackId].ClusterCellVoltages.CellVoltages[15]|arg2=|arg3=|arg4=1000
4,10177,u16,16,yc177,1000,Rack单体电池电压17,model=4|arg1=bmsdeviceId.BatteryStacks[0].Cluseter[rackId].ClusterCellVoltages.CellVoltages[16]|arg2=|arg3=|arg4=1000
4,10178,u16,16,yc178,1000,Rack单体电池电压18,model=4|arg1=bmsdeviceId.BatteryStacks[0].Cluseter[rackId].ClusterCellVoltages.CellVoltages[17]|arg2=|arg3=|arg4=1000
4,10179,u16,16,yc179,1000,Rack单体电池电压19,model=4|arg1=bmsdeviceId.BatteryStacks[0].Cluseter[rackId].ClusterCellVoltages.CellVoltages[18]|arg2=|arg3=|arg4=1000
4,10180,u16,16,yc180,1000,Rack单体电池电压20,model=4|arg1=bmsdeviceId.BatteryStacks[0].Cluseter[rackId].ClusterCellVoltages.CellVoltages[19]|arg2=|arg3=|arg4=1000
4,10181,u16,16,yc181,1000,Rack单体电池电压21,model=4|arg1=bmsdeviceId.BatteryStacks[0].Cluseter[rackId].ClusterCellVoltages.CellVoltages[20]|arg2=|arg3=|arg4=1000
4,10182,u16,16,yc182,1000,Rack单体电池电压22,model=4|arg1=bmsdeviceId.BatteryStacks[0].Cluseter[rackId].ClusterCellVoltages.CellVoltages[21]|arg2=|arg3=|arg4=1000
4,10183,u16,16,yc183,1000,Rack单体电池电压23,model=4|arg1=bmsdeviceId.BatteryStacks[0].Cluseter[rackId].ClusterCellVoltages.CellVoltages[22]|arg2=|arg3=|arg4=1000
4,10184,u16,16,yc184,1000,Rack单体电池电压24,model=4|arg1=bmsdeviceId.BatteryStacks[0].Cluseter[rackId].ClusterCellVoltages.CellVoltages[23]|arg2=|arg3=|arg4=1000
4,10185,u16,16,yc185,1000,Rack单体电池电压25,model=4|arg1=bmsdeviceId.BatteryStacks[0].Cluseter[rackId].ClusterCellVoltages.CellVoltages[24]|arg2=|arg3=|arg4=1000
4,10186,u16,16,yc186,1000,Rack单体电池电压26,model=4|arg1=bmsdeviceId.BatteryStacks[0].Cluseter[rackId].ClusterCellVoltages.CellVoltages[25]|arg2=|arg3=|arg4=1000
4,10187,u16,16,yc187,1000,Rack单体电池电压27,model=4|arg1=bmsdeviceId.BatteryStacks[0].Cluseter[rackId].ClusterCellVoltages.CellVoltages[26]|arg2=|arg3=|arg4=1000
4,10188,u16,16,yc188,1000,Rack单体电池电压28,model=4|arg1=bmsdeviceId.BatteryStacks[0].Cluseter[rackId].ClusterCellVoltages.CellVoltages[27]|arg2=|arg3=|arg4=1000
4,10189,u16,16,yc189,1000,Rack单体电池电压29,model=4|arg1=bmsdeviceId.BatteryStacks[0].Cluseter[rackId].ClusterCellVoltages.CellVoltages[28]|arg2=|arg3=|arg4=1000
4,10190,u16,16,yc190,1000,Rack单体电池电压30,model=4|arg1=bmsdeviceId.BatteryStacks[0].Cluseter[rackId].ClusterCellVoltages.CellVoltages[29]|arg2=|arg3=|arg4=1000
4,10191,u16,16,yc191,1000,Rack单体电池电压31,model=4|arg1=bmsdeviceId.BatteryStacks[0].Cluseter[rackId].ClusterCellVoltages.CellVoltages[30]|arg2=|arg3=|arg4=1000
4,10192,u16,16,yc192,1000,Rack单体电池电压32,model=4|arg1=bmsdeviceId.BatteryStacks[0].Cluseter[rackId].ClusterCellVoltages.CellVoltages[31]|arg2=|arg3=|arg4=1000
4,10193,u16,16,yc193,1000,Rack单体电池电压33,model=4|arg1=bmsdeviceId.BatteryStacks[0].Cluseter[rackId].ClusterCellVoltages.CellVoltages[32]|arg2=|arg3=|arg4=1000
4,10194,u16,16,yc194,1000,Rack单体电池电压34,model=4|arg1=bmsdeviceId.BatteryStacks[0].Cluseter[rackId].ClusterCellVoltages.CellVoltages[33]|arg2=|arg3=|arg4=1000
4,10195,u16,16,yc195,1000,Rack单体电池电压35,model=4|arg1=bmsdeviceId.BatteryStacks[0].Cluseter[rackId].ClusterCellVoltages.CellVoltages[34]|arg2=|arg3=|arg4=1000
4,10196,u16,16,yc196,1000,Rack单体电池电压36,model=4|arg1=bmsdeviceId.BatteryStacks[0].Cluseter[rackId].ClusterCellVoltages.CellVoltages[35]|arg2=|arg3=|arg4=1000
4,10197,u16,16,yc197,1000,Rack单体电池电压37,model=4|arg1=bmsdeviceId.BatteryStacks[0].Cluseter[rackId].ClusterCellVoltages.CellVoltages[36]|arg2=|arg3=|arg4=1000
4,10198,u16,16,yc198,1000,Rack单体电池电压38,model=4|arg1=bmsdeviceId.BatteryStacks[0].Cluseter[rackId].ClusterCellVoltages.CellVoltages[37]|arg2=|arg3=|arg4=1000
4,10199,u16,16,yc199,1000,Rack单体电池电压39,model=4|arg1=bmsdeviceId.BatteryStacks[0].Cluseter[rackId].ClusterCellVoltages.CellVoltages[38]|arg2=|arg3=|arg4=1000
4,10200,u16,16,yc200,1000,Rack单体电池电压40,model=4|arg1=bmsdeviceId.BatteryStacks[0].Cluseter[rackId].ClusterCellVoltages.CellVoltages[39]|arg2=|arg3=|arg4=1000
4,10201,u16,16,yc201,1000,Rack单体电池电压41,model=4|arg1=bmsdeviceId.BatteryStacks[0].Cluseter[rackId].ClusterCellVoltages.CellVoltages[40]|arg2=|arg3=|arg4=1000
4,10202,u16,16,yc202,1000,Rack单体电池电压42,model=4|arg1=bmsdeviceId.BatteryStacks[0].Cluseter[rackId].ClusterCellVoltages.CellVoltages[41]|arg2=|arg3=|arg4=1000
4,10203,u16,16,yc203,1000,Rack单体电池电压43,model=4|arg1=bmsdeviceId.BatteryStacks[0].Cluseter[rackId].ClusterCellVoltages.CellVoltages[42]|arg2=|arg3=|arg4=1000
4,10204,u16,16,yc204,1000,Rack单体电池电压44,model=4|arg1=bmsdeviceId.BatteryStacks[0].Cluseter[rackId].ClusterCellVoltages.CellVoltages[43]|arg2=|arg3=|arg4=1000
4,10205,u16,16,yc205,1000,Rack单体电池电压45,model=4|arg1=bmsdeviceId.BatteryStacks[0].Cluseter[rackId].ClusterCellVoltages.CellVoltages[44]|arg2=|arg3=|arg4=1000
4,10206,u16,16,yc206,1000,Rack单体电池电压46,model=4|arg1=bmsdeviceId.BatteryStacks[0].Cluseter[rackId].ClusterCellVoltages.CellVoltages[45]|arg2=|arg3=|arg4=1000
4,10207,u16,16,yc207,1000,Rack单体电池电压47,model=4|arg1=bmsdeviceId.BatteryStacks[0].Cluseter[rackId].ClusterCellVoltages.CellVoltages[46]|arg2=|arg3=|arg4=1000
4,10208,u16,16,yc208,1000,Rack单体电池电压48,model=4|arg1=bmsdeviceId.BatteryStacks[0].Cluseter[rackId].ClusterCellVoltages.CellVoltages[47]|arg2=|arg3=|arg4=1000
4,10209,u16,16,yc209,1000,Rack单体电池电压49,model=4|arg1=bmsdeviceId.BatteryStacks[0].Cluseter[rackId].ClusterCellVoltages.CellVoltages[48]|arg2=|arg3=|arg4=1000
4,10210,u16,16,yc210,1000,Rack单体电池电压50,model=4|arg1=bmsdeviceId.BatteryStacks[0].Cluseter[rackId].ClusterCellVoltages.CellVoltages[49]|arg2=|arg3=|arg4=1000
4,10211,u16,16,yc211,1000,Rack单体电池电压51,model=4|arg1=bmsdeviceId.BatteryStacks[0].Cluseter[rackId].ClusterCellVoltages.CellVoltages[50]|arg2=|arg3=|arg4=1000
4,10212,u16,16,yc212,1000,Rack单体电池电压52,model=4|arg1=bmsdeviceId.BatteryStacks[0].Cluseter[rackId].ClusterCellVoltages.CellVoltages[51]|arg2=|arg3=|arg4=1000
4,10213,u16,16,yc213,1000,Rack单体电池电压53,model=4|arg1=bmsdeviceId.BatteryStacks[0].Cluseter[rackId].ClusterCellVoltages.CellVoltages[52]|arg2=|arg3=|arg4=1000
4,10214,u16,16,yc214,1000,Rack单体电池电压54,model=4|arg1=bmsdeviceId.BatteryStacks[0].Cluseter[rackId].ClusterCellVoltages.CellVoltages[53]|arg2=|arg3=|arg4=1000
4,10215,u16,16,yc215,1000,Rack单体电池电压55,model=4|arg1=bmsdeviceId.BatteryStacks[0].Cluseter[rackId].ClusterCellVoltages.CellVoltages[54]|arg2=|arg3=|arg4=1000
4,10216,u16,16,yc216,1000,Rack单体电池电压56,model=4|arg1=bmsdeviceId.BatteryStacks[0].Cluseter[rackId].ClusterCellVoltages.CellVoltages[55]|arg2=|arg3=|arg4=1000
4,10217,u16,16,yc217,1000,Rack单体电池电压57,model=4|arg1=bmsdeviceId.BatteryStacks[0].Cluseter[rackId].ClusterCellVoltages.CellVoltages[56]|arg2=|arg3=|arg4=1000
4,10218,u16,16,yc218,1000,Rack单体电池电压58,model=4|arg1=bmsdeviceId.BatteryStacks[0].Cluseter[rackId].ClusterCellVoltages.CellVoltages[57]|arg2=|arg3=|arg4=1000
4,10219,u16,16,yc219,1000,Rack单体电池电压59,model=4|arg1=bmsdeviceId.BatteryStacks[0].Cluseter[rackId].ClusterCellVoltages.CellVoltages[58]|arg2=|arg3=|arg4=1000
4,10220,u16,16,yc220,1000,Rack单体电池电压60,model=4|arg1=bmsdeviceId.BatteryStacks[0].Cluseter[rackId].ClusterCellVoltages.CellVoltages[59]|arg2=|arg3=|arg4=1000
4,10221,u16,16,yc221,1000,Rack单体电池电压61,model=4|arg1=bmsdeviceId.BatteryStacks[0].Cluseter[rackId].ClusterCellVoltages.CellVoltages[60]|arg2=|arg3=|arg4=1000
4,10222,u16,16,yc222,1000,Rack单体电池电压62,model=4|arg1=bmsdeviceId.BatteryStacks[0].Cluseter[rackId].ClusterCellVoltages.CellVoltages[61]|arg2=|arg3=|arg4=1000
4,10223,u16,16,yc223,1000,Rack单体电池电压63,model=4|arg1=bmsdeviceId.BatteryStacks[0].Cluseter[rackId].ClusterCellVoltages.CellVoltages[62]|arg2=|arg3=|arg4=1000
4,10224,u16,16,yc224,1000,Rack单体电池电压64,model=4|arg1=bmsdeviceId.BatteryStacks[0].Cluseter[rackId].ClusterCellVoltages.CellVoltages[63]|arg2=|arg3=|arg4=1000
4,10225,u16,16,yc225,1000,Rack单体电池电压65,model=4|arg1=bmsdeviceId.BatteryStacks[0].Cluseter[rackId].ClusterCellVoltages.CellVoltages[64]|arg2=|arg3=|arg4=1000
4,10226,u16,16,yc226,1000,Rack单体电池电压66,model=4|arg1=bmsdeviceId.BatteryStacks[0].Cluseter[rackId].ClusterCellVoltages.CellVoltages[65]|arg2=|arg3=|arg4=1000
4,10227,u16,16,yc227,1000,Rack单体电池电压67,model=4|arg1=bmsdeviceId.BatteryStacks[0].Cluseter[rackId].ClusterCellVoltages.CellVoltages[66]|arg2=|arg3=|arg4=1000
4,10228,u16,16,yc228,1000,Rack单体电池电压68,model=4|arg1=bmsdeviceId.BatteryStacks[0].Cluseter[rackId].ClusterCellVoltages.CellVoltages[67]|arg2=|arg3=|arg4=1000
4,10229,u16,16,yc229,1000,Rack单体电池电压69,model=4|arg1=bmsdeviceId.BatteryStacks[0].Cluseter[rackId].ClusterCellVoltages.CellVoltages[68]|arg2=|arg3=|arg4=1000
4,10230,u16,16,yc230,1000,Rack单体电池电压70,model=4|arg1=bmsdeviceId.BatteryStacks[0].Cluseter[rackId].ClusterCellVoltages.CellVoltages[69]|arg2=|arg3=|arg4=1000
4,10231,u16,16,yc231,1000,Rack单体电池电压71,model=4|arg1=bmsdeviceId.BatteryStacks[0].Cluseter[rackId].ClusterCellVoltages.CellVoltages[70]|arg2=|arg3=|arg4=1000
4,10232,u16,16,yc232,1000,Rack单体电池电压72,model=4|arg1=bmsdeviceId.BatteryStacks[0].Cluseter[rackId].ClusterCellVoltages.CellVoltages[71]|arg2=|arg3=|arg4=1000
4,10233,u16,16,yc233,1000,Rack单体电池电压73,model=4|arg1=bmsdeviceId.BatteryStacks[0].Cluseter[rackId].ClusterCellVoltages.CellVoltages[72]|arg2=|arg3=|arg4=1000
4,10234,u16,16,yc234,1000,Rack单体电池电压74,model=4|arg1=bmsdeviceId.BatteryStacks[0].Cluseter[rackId].ClusterCellVoltages.CellVoltages[73]|arg2=|arg3=|arg4=1000
4,10235,u16,16,yc235,1000,Rack单体电池电压75,model=4|arg1=bmsdeviceId.BatteryStacks[0].Cluseter[rackId].ClusterCellVoltages.CellVoltages[74]|arg2=|arg3=|arg4=1000
4,10236,u16,16,yc236,1000,Rack单体电池电压76,model=4|arg1=bmsdeviceId.BatteryStacks[0].Cluseter[rackId].ClusterCellVoltages.CellVoltages[75]|arg2=|arg3=|arg4=1000
4,10237,u16,16,yc237,1000,Rack单体电池电压77,model=4|arg1=bmsdeviceId.BatteryStacks[0].Cluseter[rackId].ClusterCellVoltages.CellVoltages[76]|arg2=|arg3=|arg4=1000
4,10238,u16,16,yc238,1000,Rack单体电池电压78,model=4|arg1=bmsdeviceId.BatteryStacks[0].Cluseter[rackId].ClusterCellVoltages.CellVoltages[77]|arg2=|arg3=|arg4=1000
4,10239,u16,16,yc239,1000,Rack单体电池电压79,model=4|arg1=bmsdeviceId.BatteryStacks[0].Cluseter[rackId].ClusterCellVoltages.CellVoltages[78]|arg2=|arg3=|arg4=1000
4,10240,u16,16,yc240,1000,Rack单体电池电压80,model=4|arg1=bmsdeviceId.BatteryStacks[0].Cluseter[rackId].ClusterCellVoltages.CellVoltages[79]|arg2=|arg3=|arg4=1000
4,10241,u16,16,yc241,1000,Rack单体电池电压81,model=4|arg1=bmsdeviceId.BatteryStacks[0].Cluseter[rackId].ClusterCellVoltages.CellVoltages[80]|arg2=|arg3=|arg4=1000
4,10242,u16,16,yc242,1000,Rack单体电池电压82,model=4|arg1=bmsdeviceId.BatteryStacks[0].Cluseter[rackId].ClusterCellVoltages.CellVoltages[81]|arg2=|arg3=|arg4=1000
4,10243,u16,16,yc243,1000,Rack单体电池电压83,model=4|arg1=bmsdeviceId.BatteryStacks[0].Cluseter[rackId].ClusterCellVoltages.CellVoltages[82]|arg2=|arg3=|arg4=1000
4,10244,u16,16,yc244,1000,Rack单体电池电压84,model=4|arg1=bmsdeviceId.BatteryStacks[0].Cluseter[rackId].ClusterCellVoltages.CellVoltages[83]|arg2=|arg3=|arg4=1000
4,10245,u16,16,yc245,1000,Rack单体电池电压85,model=4|arg1=bmsdeviceId.BatteryStacks[0].Cluseter[rackId].ClusterCellVoltages.CellVoltages[84]|arg2=|arg3=|arg4=1000
4,10246,u16,16,yc246,1000,Rack单体电池电压86,model=4|arg1=bmsdeviceId.BatteryStacks[0].Cluseter[rackId].ClusterCellVoltages.CellVoltages[85]|arg2=|arg3=|arg4=1000
4,10247,u16,16,yc247,1000,Rack单体电池电压87,model=4|arg1=bmsdeviceId.BatteryStacks[0].Cluseter[rackId].ClusterCellVoltages.CellVoltages[86]|arg2=|arg3=|arg4=1000
4,10248,u16,16,yc248,1000,Rack单体电池电压88,model=4|arg1=bmsdeviceId.BatteryStacks[0].Cluseter[rackId].ClusterCellVoltages.CellVoltages[87]|arg2=|arg3=|arg4=1000
4,10249,u16,16,yc249,1000,Rack单体电池电压89,model=4|arg1=bmsdeviceId.BatteryStacks[0].Cluseter[rackId].ClusterCellVoltages.CellVoltages[88]|arg2=|arg3=|arg4=1000
4,10250,u16,16,yc250,1000,Rack单体电池电压90,model=4|arg1=bmsdeviceId.BatteryStacks[0].Cluseter[rackId].ClusterCellVoltages.CellVoltages[89]|arg2=|arg3=|arg4=1000
4,10251,u16,16,yc251,1000,Rack单体电池电压91,model=4|arg1=bmsdeviceId.BatteryStacks[0].Cluseter[rackId].ClusterCellVoltages.CellVoltages[90]|arg2=|arg3=|arg4=1000
4,10252,u16,16,yc252,1000,Rack单体电池电压92,model=4|arg1=bmsdeviceId.BatteryStacks[0].Cluseter[rackId].ClusterCellVoltages.CellVoltages[91]|arg2=|arg3=|arg4=1000
4,10253,u16,16,yc253,1000,Rack单体电池电压93,model=4|arg1=bmsdeviceId.BatteryStacks[0].Cluseter[rackId].ClusterCellVoltages.CellVoltages[92]|arg2=|arg3=|arg4=1000
4,10254,u16,16,yc254,1000,Rack单体电池电压94,model=4|arg1=bmsdeviceId.BatteryStacks[0].Cluseter[rackId].ClusterCellVoltages.CellVoltages[93]|arg2=|arg3=|arg4=1000
4,10255,u16,16,yc255,1000,Rack单体电池电压95,model=4|arg1=bmsdeviceId.BatteryStacks[0].Cluseter[rackId].ClusterCellVoltages.CellVoltages[94]|arg2=|arg3=|arg4=1000
4,10256,u16,16,yc256,1000,Rack单体电池电压96,model=4|arg1=bmsdeviceId.BatteryStacks[0].Cluseter[rackId].ClusterCellVoltages.CellVoltages[95]|arg2=|arg3=|arg4=1000
4,10257,u16,16,yc257,1000,Rack单体电池电压97,model=4|arg1=bmsdeviceId.BatteryStacks[0].Cluseter[rackId].ClusterCellVoltages.CellVoltages[96]|arg2=|arg3=|arg4=1000
4,10258,u16,16,yc258,1000,Rack单体电池电压98,model=4|arg1=bmsdeviceId.BatteryStacks[0].Cluseter[rackId].ClusterCellVoltages.CellVoltages[97]|arg2=|arg3=|arg4=1000
4,10259,u16,16,yc259,1000,Rack单体电池电压99,model=4|arg1=bmsdeviceId.BatteryStacks[0].Cluseter[rackId].ClusterCellVoltages.CellVoltages[98]|arg2=|arg3=|arg4=1000
4,10260,u16,16,yc260,1000,Rack单体电池电压100,model=4|arg1=bmsdeviceId.BatteryStacks[0].Cluseter[rackId].ClusterCellVoltages.CellVoltages[99]|arg2=|arg3=|arg4=1000
4,10261,u16,16,yc261,1000,Rack单体电池电压101,model=4|arg1=bmsdeviceId.BatteryStacks[0].Cluseter[rackId].ClusterCellVoltages.CellVoltages[100]|arg2=|arg3=|arg4=1000
4,10262,u16,16,yc262,1000,Rack单体电池电压102,model=4|arg1=bmsdeviceId.BatteryStacks[0].Cluseter[rackId].ClusterCellVoltages.CellVoltages[101]|arg2=|arg3=|arg4=1000
4,10263,u16,16,yc263,1000,Rack单体电池电压103,model=4|arg1=bmsdeviceId.BatteryStacks[0].Cluseter[rackId].ClusterCellVoltages.CellVoltages[102]|arg2=|arg3=|arg4=1000
4,10264,u16,16,yc264,1000,Rack单体电池电压104,model=4|arg1=bmsdeviceId.BatteryStacks[0].Cluseter[rackId].ClusterCellVoltages.CellVoltages[103]|arg2=|arg3=|arg4=1000
4,10265,u16,16,yc265,1000,Rack单体电池电压105,model=4|arg1=bmsdeviceId.BatteryStacks[0].Cluseter[rackId].ClusterCellVoltages.CellVoltages[104]|arg2=|arg3=|arg4=1000
4,10266,u16,16,yc266,1000,Rack单体电池电压106,model=4|arg1=bmsdeviceId.BatteryStacks[0].Cluseter[rackId].ClusterCellVoltages.CellVoltages[105]|arg2=|arg3=|arg4=1000
4,10267,u16,16,yc267,1000,Rack单体电池电压107,model=4|arg1=bmsdeviceId.BatteryStacks[0].Cluseter[rackId].ClusterCellVoltages.CellVoltages[106]|arg2=|arg3=|arg4=1000
4,10268,u16,16,yc268,1000,Rack单体电池电压108,model=4|arg1=bmsdeviceId.BatteryStacks[0].Cluseter[rackId].ClusterCellVoltages.CellVoltages[107]|arg2=|arg3=|arg4=1000
4,10269,u16,16,yc269,1000,Rack单体电池电压109,model=4|arg1=bmsdeviceId.BatteryStacks[0].Cluseter[rackId].ClusterCellVoltages.CellVoltages[108]|arg2=|arg3=|arg4=1000
4,10270,u16,16,yc270,1000,Rack单体电池电压110,model=4|arg1=bmsdeviceId.BatteryStacks[0].Cluseter[rackId].ClusterCellVoltages.CellVoltages[109]|arg2=|arg3=|arg4=1000
4,10271,u16,16,yc271,1000,Rack单体电池电压111,model=4|arg1=bmsdeviceId.BatteryStacks[0].Cluseter[rackId].ClusterCellVoltages.CellVoltages[110]|arg2=|arg3=|arg4=1000
4,10272,u16,16,yc272,1000,Rack单体电池电压112,model=4|arg1=bmsdeviceId.BatteryStacks[0].Cluseter[rackId].ClusterCellVoltages.CellVoltages[111]|arg2=|arg3=|arg4=1000
4,10273,u16,16,yc273,1000,Rack单体电池电压113,model=4|arg1=bmsdeviceId.BatteryStacks[0].Cluseter[rackId].ClusterCellVoltages.CellVoltages[112]|arg2=|arg3=|arg4=1000
4,10274,u16,16,yc274,1000,Rack单体电池电压114,model=4|arg1=bmsdeviceId.BatteryStacks[0].Cluseter[rackId].ClusterCellVoltages.CellVoltages[113]|arg2=|arg3=|arg4=1000
4,10275,u16,16,yc275,1000,Rack单体电池电压115,model=4|arg1=bmsdeviceId.BatteryStacks[0].Cluseter[rackId].ClusterCellVoltages.CellVoltages[114]|arg2=|arg3=|arg4=1000
4,10276,u16,16,yc276,1000,Rack单体电池电压116,model=4|arg1=bmsdeviceId.BatteryStacks[0].Cluseter[rackId].ClusterCellVoltages.CellVoltages[115]|arg2=|arg3=|arg4=1000
4,10277,u16,16,yc277,1000,Rack单体电池电压117,model=4|arg1=bmsdeviceId.BatteryStacks[0].Cluseter[rackId].ClusterCellVoltages.CellVoltages[116]|arg2=|arg3=|arg4=1000
4,10278,u16,16,yc278,1000,Rack单体电池电压118,model=4|arg1=bmsdeviceId.BatteryStacks[0].Cluseter[rackId].ClusterCellVoltages.CellVoltages[117]|arg2=|arg3=|arg4=1000
4,10279,u16,16,yc279,1000,Rack单体电池电压119,model=4|arg1=bmsdeviceId.BatteryStacks[0].Cluseter[rackId].ClusterCellVoltages.CellVoltages[118]|arg2=|arg3=|arg4=1000
4,10280,u16,16,yc280,1000,Rack单体电池电压120,model=4|arg1=bmsdeviceId.BatteryStacks[0].Cluseter[rackId].ClusterCellVoltages.CellVoltages[119]|arg2=|arg3=|arg4=1000
4,10281,u16,16,yc281,1000,Rack单体电池电压121,model=4|arg1=bmsdeviceId.BatteryStacks[0].Cluseter[rackId].ClusterCellVoltages.CellVoltages[120]|arg2=|arg3=|arg4=1000
4,10282,u16,16,yc282,1000,Rack单体电池电压122,model=4|arg1=bmsdeviceId.BatteryStacks[0].Cluseter[rackId].ClusterCellVoltages.CellVoltages[121]|arg2=|arg3=|arg4=1000
4,10283,u16,16,yc283,1000,Rack单体电池电压123,model=4|arg1=bmsdeviceId.BatteryStacks[0].Cluseter[rackId].ClusterCellVoltages.CellVoltages[122]|arg2=|arg3=|arg4=1000
4,10284,u16,16,yc284,1000,Rack单体电池电压124,model=4|arg1=bmsdeviceId.BatteryStacks[0].Cluseter[rackId].ClusterCellVoltages.CellVoltages[123]|arg2=|arg3=|arg4=1000
4,10285,u16,16,yc285,1000,Rack单体电池电压125,model=4|arg1=bmsdeviceId.BatteryStacks[0].Cluseter[rackId].ClusterCellVoltages.CellVoltages[124]|arg2=|arg3=|arg4=1000
4,10286,u16,16,yc286,1000,Rack单体电池电压126,model=4|arg1=bmsdeviceId.BatteryStacks[0].Cluseter[rackId].ClusterCellVoltages.CellVoltages[125]|arg2=|arg3=|arg4=1000
4,10287,u16,16,yc287,1000,Rack单体电池电压127,model=4|arg1=bmsdeviceId.BatteryStacks[0].Cluseter[rackId].ClusterCellVoltages.CellVoltages[126]|arg2=|arg3=|arg4=1000
4,10288,u16,16,yc288,1000,Rack单体电池电压128,model=4|arg1=bmsdeviceId.BatteryStacks[0].Cluseter[rackId].ClusterCellVoltages.CellVoltages[127]|arg2=|arg3=|arg4=1000
4,10289,u16,16,yc289,1000,Rack单体电池电压129,model=4|arg1=bmsdeviceId.BatteryStacks[0].Cluseter[rackId].ClusterCellVoltages.CellVoltages[128]|arg2=|arg3=|arg4=1000
4,10290,u16,16,yc290,1000,Rack单体电池电压130,model=4|arg1=bmsdeviceId.BatteryStacks[0].Cluseter[rackId].ClusterCellVoltages.CellVoltages[129]|arg2=|arg3=|arg4=1000
4,10291,u16,16,yc291,1000,Rack单体电池电压131,model=4|arg1=bmsdeviceId.BatteryStacks[0].Cluseter[rackId].ClusterCellVoltages.CellVoltages[130]|arg2=|arg3=|arg4=1000
4,10292,u16,16,yc292,1000,Rack单体电池电压132,model=4|arg1=bmsdeviceId.BatteryStacks[0].Cluseter[rackId].ClusterCellVoltages.CellVoltages[131]|arg2=|arg3=|arg4=1000
4,10293,u16,16,yc293,1000,Rack单体电池电压133,model=4|arg1=bmsdeviceId.BatteryStacks[0].Cluseter[rackId].ClusterCellVoltages.CellVoltages[132]|arg2=|arg3=|arg4=1000
4,10294,u16,16,yc294,1000,Rack单体电池电压134,model=4|arg1=bmsdeviceId.BatteryStacks[0].Cluseter[rackId].ClusterCellVoltages.CellVoltages[133]|arg2=|arg3=|arg4=1000
4,10295,u16,16,yc295,1000,Rack单体电池电压135,model=4|arg1=bmsdeviceId.BatteryStacks[0].Cluseter[rackId].ClusterCellVoltages.CellVoltages[134]|arg2=|arg3=|arg4=1000
4,10296,u16,16,yc296,1000,Rack单体电池电压136,model=4|arg1=bmsdeviceId.BatteryStacks[0].Cluseter[rackId].ClusterCellVoltages.CellVoltages[135]|arg2=|arg3=|arg4=1000
4,10297,u16,16,yc297,1000,Rack单体电池电压137,model=4|arg1=bmsdeviceId.BatteryStacks[0].Cluseter[rackId].ClusterCellVoltages.CellVoltages[136]|arg2=|arg3=|arg4=1000
4,10298,u16,16,yc298,1000,Rack单体电池电压138,model=4|arg1=bmsdeviceId.BatteryStacks[0].Cluseter[rackId].ClusterCellVoltages.CellVoltages[137]|arg2=|arg3=|arg4=1000
4,10299,u16,16,yc299,1000,Rack单体电池电压139,model=4|arg1=bmsdeviceId.BatteryStacks[0].Cluseter[rackId].ClusterCellVoltages.CellVoltages[138]|arg2=|arg3=|arg4=1000
4,10300,u16,16,yc300,1000,Rack单体电池电压140,model=4|arg1=bmsdeviceId.BatteryStacks[0].Cluseter[rackId].ClusterCellVoltages.CellVoltages[139]|arg2=|arg3=|arg4=1000
4,10301,u16,16,yc301,1000,Rack单体电池电压141,model=4|arg1=bmsdeviceId.BatteryStacks[0].Cluseter[rackId].ClusterCellVoltages.CellVoltages[140]|arg2=|arg3=|arg4=1000
4,10302,u16,16,yc302,1000,Rack单体电池电压142,model=4|arg1=bmsdeviceId.BatteryStacks[0].Cluseter[rackId].ClusterCellVoltages.CellVoltages[141]|arg2=|arg3=|arg4=1000
4,10303,u16,16,yc303,1000,Rack单体电池电压143,model=4|arg1=bmsdeviceId.BatteryStacks[0].Cluseter[rackId].ClusterCellVoltages.CellVoltages[142]|arg2=|arg3=|arg4=1000
4,10304,u16,16,yc304,1000,Rack单体电池电压144,model=4|arg1=bmsdeviceId.BatteryStacks[0].Cluseter[rackId].ClusterCellVoltages.CellVoltages[143]|arg2=|arg3=|arg4=1000
4,10305,u16,16,yc305,1000,Rack单体电池电压145,model=4|arg1=bmsdeviceId.BatteryStacks[0].Cluseter[rackId].ClusterCellVoltages.CellVoltages[144]|arg2=|arg3=|arg4=1000
4,10306,u16,16,yc306,1000,Rack单体电池电压146,model=4|arg1=bmsdeviceId.BatteryStacks[0].Cluseter[rackId].ClusterCellVoltages.CellVoltages[145]|arg2=|arg3=|arg4=1000
4,10307,u16,16,yc307,1000,Rack单体电池电压147,model=4|arg1=bmsdeviceId.BatteryStacks[0].Cluseter[rackId].ClusterCellVoltages.CellVoltages[146]|arg2=|arg3=|arg4=1000
4,10308,u16,16,yc308,1000,Rack单体电池电压148,model=4|arg1=bmsdeviceId.BatteryStacks[0].Cluseter[rackId].ClusterCellVoltages.CellVoltages[147]|arg2=|arg3=|arg4=1000
4,10309,u16,16,yc309,1000,Rack单体电池电压149,model=4|arg1=bmsdeviceId.BatteryStacks[0].Cluseter[rackId].ClusterCellVoltages.CellVoltages[148]|arg2=|arg3=|arg4=1000
4,10310,u16,16,yc310,1000,Rack单体电池电压150,model=4|arg1=bmsdeviceId.BatteryStacks[0].Cluseter[rackId].ClusterCellVoltages.CellVoltages[149]|arg2=|arg3=|arg4=1000
4,10311,u16,16,yc311,1000,Rack单体电池电压151,model=4|arg1=bmsdeviceId.BatteryStacks[0].Cluseter[rackId].ClusterCellVoltages.CellVoltages[150]|arg2=|arg3=|arg4=1000
4,10312,u16,16,yc312,1000,Rack单体电池电压152,model=4|arg1=bmsdeviceId.BatteryStacks[0].Cluseter[rackId].ClusterCellVoltages.CellVoltages[151]|arg2=|arg3=|arg4=1000
4,10313,u16,16,yc313,1000,Rack单体电池电压153,model=4|arg1=bmsdeviceId.BatteryStacks[0].Cluseter[rackId].ClusterCellVoltages.CellVoltages[152]|arg2=|arg3=|arg4=1000
4,10314,u16,16,yc314,1000,Rack单体电池电压154,model=4|arg1=bmsdeviceId.BatteryStacks[0].Cluseter[rackId].ClusterCellVoltages.CellVoltages[153]|arg2=|arg3=|arg4=1000
4,10315,u16,16,yc315,1000,Rack单体电池电压155,model=4|arg1=bmsdeviceId.BatteryStacks[0].Cluseter[rackId].ClusterCellVoltages.CellVoltages[154]|arg2=|arg3=|arg4=1000
4,10316,u16,16,yc316,1000,Rack单体电池电压156,model=4|arg1=bmsdeviceId.BatteryStacks[0].Cluseter[rackId].ClusterCellVoltages.CellVoltages[155]|arg2=|arg3=|arg4=1000
4,10317,u16,16,yc317,1000,Rack单体电池电压157,model=4|arg1=bmsdeviceId.BatteryStacks[0].Cluseter[rackId].ClusterCellVoltages.CellVoltages[156]|arg2=|arg3=|arg4=1000
4,10318,u16,16,yc318,1000,Rack单体电池电压158,model=4|arg1=bmsdeviceId.BatteryStacks[0].Cluseter[rackId].ClusterCellVoltages.CellVoltages[157]|arg2=|arg3=|arg4=1000
4,10319,u16,16,yc319,1000,Rack单体电池电压159,model=4|arg1=bmsdeviceId.BatteryStacks[0].Cluseter[rackId].ClusterCellVoltages.CellVoltages[158]|arg2=|arg3=|arg4=1000
4,10320,u16,16,yc320,1000,Rack单体电池电压160,model=4|arg1=bmsdeviceId.BatteryStacks[0].Cluseter[rackId].ClusterCellVoltages.CellVoltages[159]|arg2=|arg3=|arg4=1000
4,10321,u16,16,yc321,1000,Rack单体电池电压161,model=4|arg1=bmsdeviceId.BatteryStacks[0].Cluseter[rackId].ClusterCellVoltages.CellVoltages[160]|arg2=|arg3=|arg4=1000
4,10322,u16,16,yc322,1000,Rack单体电池电压162,model=4|arg1=bmsdeviceId.BatteryStacks[0].Cluseter[rackId].ClusterCellVoltages.CellVoltages[161]|arg2=|arg3=|arg4=1000
4,10323,u16,16,yc323,1000,Rack单体电池电压163,model=4|arg1=bmsdeviceId.BatteryStacks[0].Cluseter[rackId].ClusterCellVoltages.CellVoltages[162]|arg2=|arg3=|arg4=1000
4,10324,u16,16,yc324,1000,Rack单体电池电压164,model=4|arg1=bmsdeviceId.BatteryStacks[0].Cluseter[rackId].ClusterCellVoltages.CellVoltages[163]|arg2=|arg3=|arg4=1000
4,10325,u16,16,yc325,1000,Rack单体电池电压165,model=4|arg1=bmsdeviceId.BatteryStacks[0].Cluseter[rackId].ClusterCellVoltages.CellVoltages[164]|arg2=|arg3=|arg4=1000
4,10326,u16,16,yc326,1000,Rack单体电池电压166,model=4|arg1=bmsdeviceId.BatteryStacks[0].Cluseter[rackId].ClusterCellVoltages.CellVoltages[165]|arg2=|arg3=|arg4=1000
4,10327,u16,16,yc327,1000,Rack单体电池电压167,model=4|arg1=bmsdeviceId.BatteryStacks[0].Cluseter[rackId].ClusterCellVoltages.CellVoltages[166]|arg2=|arg3=|arg4=1000
4,10328,u16,16,yc328,1000,Rack单体电池电压168,model=4|arg1=bmsdeviceId.BatteryStacks[0].Cluseter[rackId].ClusterCellVoltages.CellVoltages[167]|arg2=|arg3=|arg4=1000
4,10329,u16,16,yc329,1000,Rack单体电池电压169,model=4|arg1=bmsdeviceId.BatteryStacks[0].Cluseter[rackId].ClusterCellVoltages.CellVoltages[168]|arg2=|arg3=|arg4=1000
4,10330,u16,16,yc330,1000,Rack单体电池电压170,model=4|arg1=bmsdeviceId.BatteryStacks[0].Cluseter[rackId].ClusterCellVoltages.CellVoltages[169]|arg2=|arg3=|arg4=1000
4,10331,u16,16,yc331,1000,Rack单体电池电压171,model=4|arg1=bmsdeviceId.BatteryStacks[0].Cluseter[rackId].ClusterCellVoltages.CellVoltages[170]|arg2=|arg3=|arg4=1000
4,10332,u16,16,yc332,1000,Rack单体电池电压172,model=4|arg1=bmsdeviceId.BatteryStacks[0].Cluseter[rackId].ClusterCellVoltages.CellVoltages[171]|arg2=|arg3=|arg4=1000
4,10333,u16,16,yc333,1000,Rack单体电池电压173,model=4|arg1=bmsdeviceId.BatteryStacks[0].Cluseter[rackId].ClusterCellVoltages.CellVoltages[172]|arg2=|arg3=|arg4=1000
4,10334,u16,16,yc334,1000,Rack单体电池电压174,model=4|arg1=bmsdeviceId.BatteryStacks[0].Cluseter[rackId].ClusterCellVoltages.CellVoltages[173]|arg2=|arg3=|arg4=1000
4,10335,u16,16,yc335,1000,Rack单体电池电压175,model=4|arg1=bmsdeviceId.BatteryStacks[0].Cluseter[rackId].ClusterCellVoltages.CellVoltages[174]|arg2=|arg3=|arg4=1000
4,10336,u16,16,yc336,1000,Rack单体电池电压176,model=4|arg1=bmsdeviceId.BatteryStacks[0].Cluseter[rackId].ClusterCellVoltages.CellVoltages[175]|arg2=|arg3=|arg4=1000
4,10337,u16,16,yc337,1000,Rack单体电池电压177,model=4|arg1=bmsdeviceId.BatteryStacks[0].Cluseter[rackId].ClusterCellVoltages.CellVoltages[176]|arg2=|arg3=|arg4=1000
4,10338,u16,16,yc338,1000,Rack单体电池电压178,model=4|arg1=bmsdeviceId.BatteryStacks[0].Cluseter[rackId].ClusterCellVoltages.CellVoltages[177]|arg2=|arg3=|arg4=1000
4,10339,u16,16,yc339,1000,Rack单体电池电压179,model=4|arg1=bmsdeviceId.BatteryStacks[0].Cluseter[rackId].ClusterCellVoltages.CellVoltages[178]|arg2=|arg3=|arg4=1000
4,10340,u16,16,yc340,1000,Rack单体电池电压180,model=4|arg1=bmsdeviceId.BatteryStacks[0].Cluseter[rackId].ClusterCellVoltages.CellVoltages[179]|arg2=|arg3=|arg4=1000
4,10341,u16,16,yc341,1000,Rack单体电池电压181,model=4|arg1=bmsdeviceId.BatteryStacks[0].Cluseter[rackId].ClusterCellVoltages.CellVoltages[180]|arg2=|arg3=|arg4=1000
4,10342,u16,16,yc342,1000,Rack单体电池电压182,model=4|arg1=bmsdeviceId.BatteryStacks[0].Cluseter[rackId].ClusterCellVoltages.CellVoltages[181]|arg2=|arg3=|arg4=1000
4,10343,u16,16,yc343,1000,Rack单体电池电压183,model=4|arg1=bmsdeviceId.BatteryStacks[0].Cluseter[rackId].ClusterCellVoltages.CellVoltages[182]|arg2=|arg3=|arg4=1000
4,10344,u16,16,yc344,1000,Rack单体电池电压184,model=4|arg1=bmsdeviceId.BatteryStacks[0].Cluseter[rackId].ClusterCellVoltages.CellVoltages[183]|arg2=|arg3=|arg4=1000
4,10345,u16,16,yc345,1000,Rack单体电池电压185,model=4|arg1=bmsdeviceId.BatteryStacks[0].Cluseter[rackId].ClusterCellVoltages.CellVoltages[184]|arg2=|arg3=|arg4=1000
4,10346,u16,16,yc346,1000,Rack单体电池电压186,model=4|arg1=bmsdeviceId.BatteryStacks[0].Cluseter[rackId].ClusterCellVoltages.CellVoltages[185]|arg2=|arg3=|arg4=1000
4,10347,u16,16,yc347,1000,Rack单体电池电压187,model=4|arg1=bmsdeviceId.BatteryStacks[0].Cluseter[rackId].ClusterCellVoltages.CellVoltages[186]|arg2=|arg3=|arg4=1000
4,10348,u16,16,yc348,1000,Rack单体电池电压188,model=4|arg1=bmsdeviceId.BatteryStacks[0].Cluseter[rackId].ClusterCellVoltages.CellVoltages[187]|arg2=|arg3=|arg4=1000
4,10349,u16,16,yc349,1000,Rack单体电池电压189,model=4|arg1=bmsdeviceId.BatteryStacks[0].Cluseter[rackId].ClusterCellVoltages.CellVoltages[188]|arg2=|arg3=|arg4=1000
4,10350,u16,16,yc350,1000,Rack单体电池电压190,model=4|arg1=bmsdeviceId.BatteryStacks[0].Cluseter[rackId].ClusterCellVoltages.CellVoltages[189]|arg2=|arg3=|arg4=1000
4,10351,u16,16,yc351,1000,Rack单体电池电压191,model=4|arg1=bmsdeviceId.BatteryStacks[0].Cluseter[rackId].ClusterCellVoltages.CellVoltages[190]|arg2=|arg3=|arg4=1000
4,10352,u16,16,yc352,1000,Rack单体电池电压192,model=4|arg1=bmsdeviceId.BatteryStacks[0].Cluseter[rackId].ClusterCellVoltages.CellVoltages[191]|arg2=|arg3=|arg4=1000
4,10353,u16,16,yc353,1000,Rack单体电池电压193,model=4|arg1=bmsdeviceId.BatteryStacks[0].Cluseter[rackId].ClusterCellVoltages.CellVoltages[192]|arg2=|arg3=|arg4=1000
4,10354,u16,16,yc354,1000,Rack单体电池电压194,model=4|arg1=bmsdeviceId.BatteryStacks[0].Cluseter[rackId].ClusterCellVoltages.CellVoltages[193]|arg2=|arg3=|arg4=1000
4,10355,u16,16,yc355,1000,Rack单体电池电压195,model=4|arg1=bmsdeviceId.BatteryStacks[0].Cluseter[rackId].ClusterCellVoltages.CellVoltages[194]|arg2=|arg3=|arg4=1000
4,10356,u16,16,yc356,1000,Rack单体电池电压196,model=4|arg1=bmsdeviceId.BatteryStacks[0].Cluseter[rackId].ClusterCellVoltages.CellVoltages[195]|arg2=|arg3=|arg4=1000
4,10357,u16,16,yc357,1000,Rack单体电池电压197,model=4|arg1=bmsdeviceId.BatteryStacks[0].Cluseter[rackId].ClusterCellVoltages.CellVoltages[196]|arg2=|arg3=|arg4=1000
4,10358,u16,16,yc358,1000,Rack单体电池电压198,model=4|arg1=bmsdeviceId.BatteryStacks[0].Cluseter[rackId].ClusterCellVoltages.CellVoltages[197]|arg2=|arg3=|arg4=1000
4,10359,u16,16,yc359,1000,Rack单体电池电压199,model=4|arg1=bmsdeviceId.BatteryStacks[0].Cluseter[rackId].ClusterCellVoltages.CellVoltages[198]|arg2=|arg3=|arg4=1000
4,10360,u16,16,yc360,1000,Rack单体电池电压200,model=4|arg1=bmsdeviceId.BatteryStacks[0].Cluseter[rackId].ClusterCellVoltages.CellVoltages[199]|arg2=|arg3=|arg4=1000
4,10361,u16,16,yc361,1000,Rack单体电池电压201,model=4|arg1=bmsdeviceId.BatteryStacks[0].Cluseter[rackId].ClusterCellVoltages.CellVoltages[200]|arg2=|arg3=|arg4=1000
4,10362,u16,16,yc362,1000,Rack单体电池电压202,model=4|arg1=bmsdeviceId.BatteryStacks[0].Cluseter[rackId].ClusterCellVoltages.CellVoltages[201]|arg2=|arg3=|arg4=1000
4,10363,u16,16,yc363,1000,Rack单体电池电压203,model=4|arg1=bmsdeviceId.BatteryStacks[0].Cluseter[rackId].ClusterCellVoltages.CellVoltages[202]|arg2=|arg3=|arg4=1000
4,10364,u16,16,yc364,1000,Rack单体电池电压204,model=4|arg1=bmsdeviceId.BatteryStacks[0].Cluseter[rackId].ClusterCellVoltages.CellVoltages[203]|arg2=|arg3=|arg4=1000
4,10365,u16,16,yc365,1000,Rack单体电池电压205,model=4|arg1=bmsdeviceId.BatteryStacks[0].Cluseter[rackId].ClusterCellVoltages.CellVoltages[204]|arg2=|arg3=|arg4=1000
4,10366,u16,16,yc366,1000,Rack单体电池电压206,model=4|arg1=bmsdeviceId.BatteryStacks[0].Cluseter[rackId].ClusterCellVoltages.CellVoltages[205]|arg2=|arg3=|arg4=1000
4,10367,u16,16,yc367,1000,Rack单体电池电压207,model=4|arg1=bmsdeviceId.BatteryStacks[0].Cluseter[rackId].ClusterCellVoltages.CellVoltages[206]|arg2=|arg3=|arg4=1000
4,10368,u16,16,yc368,1000,Rack单体电池电压208,model=4|arg1=bmsdeviceId.BatteryStacks[0].Cluseter[rackId].ClusterCellVoltages.CellVoltages[207]|arg2=|arg3=|arg4=1000
4,10369,u16,16,yc369,1000,Rack单体电池电压209,model=4|arg1=bmsdeviceId.BatteryStacks[0].Cluseter[rackId].ClusterCellVoltages.CellVoltages[208]|arg2=|arg3=|arg4=1000
4,10370,u16,16,yc370,1000,Rack单体电池电压210,model=4|arg1=bmsdeviceId.BatteryStacks[0].Cluseter[rackId].ClusterCellVoltages.CellVoltages[209]|arg2=|arg3=|arg4=1000
4,10371,u16,16,yc371,1000,Rack单体电池电压211,model=4|arg1=bmsdeviceId.BatteryStacks[0].Cluseter[rackId].ClusterCellVoltages.CellVoltages[210]|arg2=|arg3=|arg4=1000
4,10372,u16,16,yc372,1000,Rack单体电池电压212,model=4|arg1=bmsdeviceId.BatteryStacks[0].Cluseter[rackId].ClusterCellVoltages.CellVoltages[211]|arg2=|arg3=|arg4=1000
4,10373,u16,16,yc373,1000,Rack单体电池电压213,model=4|arg1=bmsdeviceId.BatteryStacks[0].Cluseter[rackId].ClusterCellVoltages.CellVoltages[212]|arg2=|arg3=|arg4=1000
4,10374,u16,16,yc374,1000,Rack单体电池电压214,model=4|arg1=bmsdeviceId.BatteryStacks[0].Cluseter[rackId].ClusterCellVoltages.CellVoltages[213]|arg2=|arg3=|arg4=1000
4,10375,u16,16,yc375,1000,Rack单体电池电压215,model=4|arg1=bmsdeviceId.BatteryStacks[0].Cluseter[rackId].ClusterCellVoltages.CellVoltages[214]|arg2=|arg3=|arg4=1000
4,10376,u16,16,yc376,1000,Rack单体电池电压216,model=4|arg1=bmsdeviceId.BatteryStacks[0].Cluseter[rackId].ClusterCellVoltages.CellVoltages[215]|arg2=|arg3=|arg4=1000
4,10377,u16,16,yc377,1000,Rack单体电池电压217,model=4|arg1=bmsdeviceId.BatteryStacks[0].Cluseter[rackId].ClusterCellVoltages.CellVoltages[216]|arg2=|arg3=|arg4=1000
4,10378,u16,16,yc378,1000,Rack单体电池电压218,model=4|arg1=bmsdeviceId.BatteryStacks[0].Cluseter[rackId].ClusterCellVoltages.CellVoltages[217]|arg2=|arg3=|arg4=1000
4,10379,u16,16,yc379,1000,Rack单体电池电压219,model=4|arg1=bmsdeviceId.BatteryStacks[0].Cluseter[rackId].ClusterCellVoltages.CellVoltages[218]|arg2=|arg3=|arg4=1000
4,10380,u16,16,yc380,1000,Rack单体电池电压220,model=4|arg1=bmsdeviceId.BatteryStacks[0].Cluseter[rackId].ClusterCellVoltages.CellVoltages[219]|arg2=|arg3=|arg4=1000
4,10381,u16,16,yc381,1000,Rack单体电池电压221,model=4|arg1=bmsdeviceId.BatteryStacks[0].Cluseter[rackId].ClusterCellVoltages.CellVoltages[220]|arg2=|arg3=|arg4=1000
4,10382,u16,16,yc382,1000,Rack单体电池电压222,model=4|arg1=bmsdeviceId.BatteryStacks[0].Cluseter[rackId].ClusterCellVoltages.CellVoltages[221]|arg2=|arg3=|arg4=1000
4,10383,u16,16,yc383,1000,Rack单体电池电压223,model=4|arg1=bmsdeviceId.BatteryStacks[0].Cluseter[rackId].ClusterCellVoltages.CellVoltages[222]|arg2=|arg3=|arg4=1000
4,10384,u16,16,yc384,1000,Rack单体电池电压224,model=4|arg1=bmsdeviceId.BatteryStacks[0].Cluseter[rackId].ClusterCellVoltages.CellVoltages[223]|arg2=|arg3=|arg4=1000
4,10385,u16,16,yc385,1000,Rack单体电池电压225,model=4|arg1=bmsdeviceId.BatteryStacks[0].Cluseter[rackId].ClusterCellVoltages.CellVoltages[224]|arg2=|arg3=|arg4=1000
4,10386,u16,16,yc386,1000,Rack单体电池电压226,model=4|arg1=bmsdeviceId.BatteryStacks[0].Cluseter[rackId].ClusterCellVoltages.CellVoltages[225]|arg2=|arg3=|arg4=1000
4,10387,u16,16,yc387,1000,Rack单体电池电压227,model=4|arg1=bmsdeviceId.BatteryStacks[0].Cluseter[rackId].ClusterCellVoltages.CellVoltages[226]|arg2=|arg3=|arg4=1000
4,10388,u16,16,yc388,1000,Rack单体电池电压228,model=4|arg1=bmsdeviceId.BatteryStacks[0].Cluseter[rackId].ClusterCellVoltages.CellVoltages[227]|arg2=|arg3=|arg4=1000
4,10389,u16,16,yc389,1000,Rack单体电池电压229,model=4|arg1=bmsdeviceId.BatteryStacks[0].Cluseter[rackId].ClusterCellVoltages.CellVoltages[228]|arg2=|arg3=|arg4=1000
4,10390,u16,16,yc390,1000,Rack单体电池电压230,model=4|arg1=bmsdeviceId.BatteryStacks[0].Cluseter[rackId].ClusterCellVoltages.CellVoltages[229]|arg2=|arg3=|arg4=1000
4,10391,u16,16,yc391,1000,Rack单体电池电压231,model=4|arg1=bmsdeviceId.BatteryStacks[0].Cluseter[rackId].ClusterCellVoltages.CellVoltages[230]|arg2=|arg3=|arg4=1000
4,10392,u16,16,yc392,1000,Rack单体电池电压232,model=4|arg1=bmsdeviceId.BatteryStacks[0].Cluseter[rackId].ClusterCellVoltages.CellVoltages[231]|arg2=|arg3=|arg4=1000
4,10393,u16,16,yc393,1000,Rack单体电池电压233,model=4|arg1=bmsdeviceId.BatteryStacks[0].Cluseter[rackId].ClusterCellVoltages.CellVoltages[232]|arg2=|arg3=|arg4=1000
4,10394,u16,16,yc394,1000,Rack单体电池电压234,model=4|arg1=bmsdeviceId.BatteryStacks[0].Cluseter[rackId].ClusterCellVoltages.CellVoltages[233]|arg2=|arg3=|arg4=1000
4,10395,u16,16,yc395,1000,Rack单体电池电压235,model=4|arg1=bmsdeviceId.BatteryStacks[0].Cluseter[rackId].ClusterCellVoltages.CellVoltages[234]|arg2=|arg3=|arg4=1000
4,10396,u16,16,yc396,1000,Rack单体电池电压236,model=4|arg1=bmsdeviceId.BatteryStacks[0].Cluseter[rackId].ClusterCellVoltages.CellVoltages[235]|arg2=|arg3=|arg4=1000
4,10397,u16,16,yc397,1000,Rack单体电池电压237,model=4|arg1=bmsdeviceId.BatteryStacks[0].Cluseter[rackId].ClusterCellVoltages.CellVoltages[236]|arg2=|arg3=|arg4=1000
4,10398,u16,16,yc398,1000,Rack单体电池电压238,model=4|arg1=bmsdeviceId.BatteryStacks[0].Cluseter[rackId].ClusterCellVoltages.CellVoltages[237]|arg2=|arg3=|arg4=1000
4,10399,u16,16,yc399,1000,Rack单体电池电压239,model=4|arg1=bmsdeviceId.BatteryStacks[0].Cluseter[rackId].ClusterCellVoltages.CellVoltages[238]|arg2=|arg3=|arg4=1000
4,10400,u16,16,yc400,1000,Rack单体电池电压240,model=4|arg1=bmsdeviceId.BatteryStacks[0].Cluseter[rackId].ClusterCellVoltages.CellVoltages[239]|arg2=|arg3=|arg4=1000
4,10401,u16,16,yc401,1000,Rack单体电池电压241,model=4|arg1=bmsdeviceId.BatteryStacks[0].Cluseter[rackId].ClusterCellVoltages.CellVoltages[240]|arg2=|arg3=|arg4=1000
4,10402,u16,16,yc402,1000,Rack单体电池电压242,model=4|arg1=bmsdeviceId.BatteryStacks[0].Cluseter[rackId].ClusterCellVoltages.CellVoltages[241]|arg2=|arg3=|arg4=1000
4,10403,u16,16,yc403,1000,Rack单体电池电压243,model=4|arg1=bmsdeviceId.BatteryStacks[0].Cluseter[rackId].ClusterCellVoltages.CellVoltages[242]|arg2=|arg3=|arg4=1000
4,10404,u16,16,yc404,1000,Rack单体电池电压244,model=4|arg1=bmsdeviceId.BatteryStacks[0].Cluseter[rackId].ClusterCellVoltages.CellVoltages[243]|arg2=|arg3=|arg4=1000
4,10405,u16,16,yc405,1000,Rack单体电池电压245,model=4|arg1=bmsdeviceId.BatteryStacks[0].Cluseter[rackId].ClusterCellVoltages.CellVoltages[244]|arg2=|arg3=|arg4=1000
4,10406,u16,16,yc406,1000,Rack单体电池电压246,model=4|arg1=bmsdeviceId.BatteryStacks[0].Cluseter[rackId].ClusterCellVoltages.CellVoltages[245]|arg2=|arg3=|arg4=1000
4,10407,u16,16,yc407,1000,Rack单体电池电压247,model=4|arg1=bmsdeviceId.BatteryStacks[0].Cluseter[rackId].ClusterCellVoltages.CellVoltages[246]|arg2=|arg3=|arg4=1000
4,10408,u16,16,yc408,1000,Rack单体电池电压248,model=4|arg1=bmsdeviceId.BatteryStacks[0].Cluseter[rackId].ClusterCellVoltages.CellVoltages[247]|arg2=|arg3=|arg4=1000
4,10409,u16,16,yc409,1000,Rack单体电池电压249,model=4|arg1=bmsdeviceId.BatteryStacks[0].Cluseter[rackId].ClusterCellVoltages.CellVoltages[248]|arg2=|arg3=|arg4=1000
4,10410,u16,16,yc410,1000,Rack单体电池电压250,model=4|arg1=bmsdeviceId.BatteryStacks[0].Cluseter[rackId].ClusterCellVoltages.CellVoltages[249]|arg2=|arg3=|arg4=1000
4,10411,u16,16,yc411,1000,Rack单体电池电压251,model=4|arg1=bmsdeviceId.BatteryStacks[0].Cluseter[rackId].ClusterCellVoltages.CellVoltages[250]|arg2=|arg3=|arg4=1000
4,10412,u16,16,yc412,1000,Rack单体电池电压252,model=4|arg1=bmsdeviceId.BatteryStacks[0].Cluseter[rackId].ClusterCellVoltages.CellVoltages[251]|arg2=|arg3=|arg4=1000
4,10413,u16,16,yc413,1000,Rack单体电池电压253,model=4|arg1=bmsdeviceId.BatteryStacks[0].Cluseter[rackId].ClusterCellVoltages.CellVoltages[252]|arg2=|arg3=|arg4=1000
4,10414,u16,16,yc414,1000,Rack单体电池电压254,model=4|arg1=bmsdeviceId.BatteryStacks[0].Cluseter[rackId].ClusterCellVoltages.CellVoltages[253]|arg2=|arg3=|arg4=1000
4,10415,u16,16,yc415,1000,Rack单体电池电压255,model=4|arg1=bmsdeviceId.BatteryStacks[0].Cluseter[rackId].ClusterCellVoltages.CellVoltages[254]|arg2=|arg3=|arg4=1000
4,10416,u16,16,yc416,1000,Rack单体电池电压256,model=4|arg1=bmsdeviceId.BatteryStacks[0].Cluseter[rackId].ClusterCellVoltages.CellVoltages[255]|arg2=|arg3=|arg4=1000
4,10417,u16,16,yc417,1000,Rack单体电池电压257,model=4|arg1=bmsdeviceId.BatteryStacks[0].Cluseter[rackId].ClusterCellVoltages.CellVoltages[256]|arg2=|arg3=|arg4=1000
4,10418,u16,16,yc418,1000,Rack单体电池电压258,model=4|arg1=bmsdeviceId.BatteryStacks[0].Cluseter[rackId].ClusterCellVoltages.CellVoltages[257]|arg2=|arg3=|arg4=1000
4,10419,u16,16,yc419,1000,Rack单体电池电压259,model=4|arg1=bmsdeviceId.BatteryStacks[0].Cluseter[rackId].ClusterCellVoltages.CellVoltages[258]|arg2=|arg3=|arg4=1000
4,10420,u16,16,yc420,1000,Rack单体电池电压260,model=4|arg1=bmsdeviceId.BatteryStacks[0].Cluseter[rackId].ClusterCellVoltages.CellVoltages[259]|arg2=|arg3=|arg4=1000
4,10421,u16,16,yc421,1000,Rack单体电池电压261,model=4|arg1=bmsdeviceId.BatteryStacks[0].Cluseter[rackId].ClusterCellVoltages.CellVoltages[260]|arg2=|arg3=|arg4=1000
4,10422,u16,16,yc422,1000,Rack单体电池电压262,model=4|arg1=bmsdeviceId.BatteryStacks[0].Cluseter[rackId].ClusterCellVoltages.CellVoltages[261]|arg2=|arg3=|arg4=1000
4,10423,u16,16,yc423,1000,Rack单体电池电压263,model=4|arg1=bmsdeviceId.BatteryStacks[0].Cluseter[rackId].ClusterCellVoltages.CellVoltages[262]|arg2=|arg3=|arg4=1000
4,10424,u16,16,yc424,1000,Rack单体电池电压264,model=4|arg1=bmsdeviceId.BatteryStacks[0].Cluseter[rackId].ClusterCellVoltages.CellVoltages[263]|arg2=|arg3=|arg4=1000
4,10425,u16,16,yc425,1000,Rack单体电池电压265,model=4|arg1=bmsdeviceId.BatteryStacks[0].Cluseter[rackId].ClusterCellVoltages.CellVoltages[264]|arg2=|arg3=|arg4=1000
4,10426,u16,16,yc426,1000,Rack单体电池电压266,model=4|arg1=bmsdeviceId.BatteryStacks[0].Cluseter[rackId].ClusterCellVoltages.CellVoltages[265]|arg2=|arg3=|arg4=1000
4,10427,u16,16,yc427,1000,Rack单体电池电压267,model=4|arg1=bmsdeviceId.BatteryStacks[0].Cluseter[rackId].ClusterCellVoltages.CellVoltages[266]|arg2=|arg3=|arg4=1000
4,10428,u16,16,yc428,1000,Rack单体电池电压268,model=4|arg1=bmsdeviceId.BatteryStacks[0].Cluseter[rackId].ClusterCellVoltages.CellVoltages[267]|arg2=|arg3=|arg4=1000
4,10429,u16,16,yc429,1000,Rack单体电池电压269,model=4|arg1=bmsdeviceId.BatteryStacks[0].Cluseter[rackId].ClusterCellVoltages.CellVoltages[268]|arg2=|arg3=|arg4=1000
4,10430,u16,16,yc430,1000,Rack单体电池电压270,model=4|arg1=bmsdeviceId.BatteryStacks[0].Cluseter[rackId].ClusterCellVoltages.CellVoltages[269]|arg2=|arg3=|arg4=1000
4,10431,u16,16,yc431,1000,Rack单体电池电压271,model=4|arg1=bmsdeviceId.BatteryStacks[0].Cluseter[rackId].ClusterCellVoltages.CellVoltages[270]|arg2=|arg3=|arg4=1000
4,10432,u16,16,yc432,1000,Rack单体电池电压272,model=4|arg1=bmsdeviceId.BatteryStacks[0].Cluseter[rackId].ClusterCellVoltages.CellVoltages[271]|arg2=|arg3=|arg4=1000
4,10433,u16,16,yc433,1000,Rack单体电池电压273,model=4|arg1=bmsdeviceId.BatteryStacks[0].Cluseter[rackId].ClusterCellVoltages.CellVoltages[272]|arg2=|arg3=|arg4=1000
4,10434,u16,16,yc434,1000,Rack单体电池电压274,model=4|arg1=bmsdeviceId.BatteryStacks[0].Cluseter[rackId].ClusterCellVoltages.CellVoltages[273]|arg2=|arg3=|arg4=1000
4,10435,u16,16,yc435,1000,Rack单体电池电压275,model=4|arg1=bmsdeviceId.BatteryStacks[0].Cluseter[rackId].ClusterCellVoltages.CellVoltages[274]|arg2=|arg3=|arg4=1000
4,10436,u16,16,yc436,1000,Rack单体电池电压276,model=4|arg1=bmsdeviceId.BatteryStacks[0].Cluseter[rackId].ClusterCellVoltages.CellVoltages[275]|arg2=|arg3=|arg4=1000
4,10437,u16,16,yc437,1000,Rack单体电池电压277,model=4|arg1=bmsdeviceId.BatteryStacks[0].Cluseter[rackId].ClusterCellVoltages.CellVoltages[276]|arg2=|arg3=|arg4=1000
4,10438,u16,16,yc438,1000,Rack单体电池电压278,model=4|arg1=bmsdeviceId.BatteryStacks[0].Cluseter[rackId].ClusterCellVoltages.CellVoltages[277]|arg2=|arg3=|arg4=1000
4,10439,u16,16,yc439,1000,Rack单体电池电压279,model=4|arg1=bmsdeviceId.BatteryStacks[0].Cluseter[rackId].ClusterCellVoltages.CellVoltages[278]|arg2=|arg3=|arg4=1000
4,10440,u16,16,yc440,1000,Rack单体电池电压280,model=4|arg1=bmsdeviceId.BatteryStacks[0].Cluseter[rackId].ClusterCellVoltages.CellVoltages[279]|arg2=|arg3=|arg4=1000
4,10441,u16,16,yc441,1000,Rack单体电池电压281,model=4|arg1=bmsdeviceId.BatteryStacks[0].Cluseter[rackId].ClusterCellVoltages.CellVoltages[280]|arg2=|arg3=|arg4=1000
4,10442,u16,16,yc442,1000,Rack单体电池电压282,model=4|arg1=bmsdeviceId.BatteryStacks[0].Cluseter[rackId].ClusterCellVoltages.CellVoltages[281]|arg2=|arg3=|arg4=1000
4,10443,u16,16,yc443,1000,Rack单体电池电压283,model=4|arg1=bmsdeviceId.BatteryStacks[0].Cluseter[rackId].ClusterCellVoltages.CellVoltages[282]|arg2=|arg3=|arg4=1000
4,10444,u16,16,yc444,1000,Rack单体电池电压284,model=4|arg1=bmsdeviceId.BatteryStacks[0].Cluseter[rackId].ClusterCellVoltages.CellVoltages[283]|arg2=|arg3=|arg4=1000
4,10445,u16,16,yc445,1000,Rack单体电池电压285,model=4|arg1=bmsdeviceId.BatteryStacks[0].Cluseter[rackId].ClusterCellVoltages.CellVoltages[284]|arg2=|arg3=|arg4=1000
4,10446,u16,16,yc446,1000,Rack单体电池电压286,model=4|arg1=bmsdeviceId.BatteryStacks[0].Cluseter[rackId].ClusterCellVoltages.CellVoltages[285]|arg2=|arg3=|arg4=1000
4,10447,u16,16,yc447,1000,Rack单体电池电压287,model=4|arg1=bmsdeviceId.BatteryStacks[0].Cluseter[rackId].ClusterCellVoltages.CellVoltages[286]|arg2=|arg3=|arg4=1000
4,10448,u16,16,yc448,1000,Rack单体电池电压288,model=4|arg1=bmsdeviceId.BatteryStacks[0].Cluseter[rackId].ClusterCellVoltages.CellVoltages[287]|arg2=|arg3=|arg4=1000
4,10449,u16,16,yc449,1000,Rack单体电池电压289,model=4|arg1=bmsdeviceId.BatteryStacks[0].Cluseter[rackId].ClusterCellVoltages.CellVoltages[288]|arg2=|arg3=|arg4=1000
4,10450,u16,16,yc450,1000,Rack单体电池电压290,model=4|arg1=bmsdeviceId.BatteryStacks[0].Cluseter[rackId].ClusterCellVoltages.CellVoltages[289]|arg2=|arg3=|arg4=1000
4,10451,u16,16,yc451,1000,Rack单体电池电压291,model=4|arg1=bmsdeviceId.BatteryStacks[0].Cluseter[rackId].ClusterCellVoltages.CellVoltages[290]|arg2=|arg3=|arg4=1000
4,10452,u16,16,yc452,1000,Rack单体电池电压292,model=4|arg1=bmsdeviceId.BatteryStacks[0].Cluseter[rackId].ClusterCellVoltages.CellVoltages[291]|arg2=|arg3=|arg4=1000
4,10453,u16,16,yc453,1000,Rack单体电池电压293,model=4|arg1=bmsdeviceId.BatteryStacks[0].Cluseter[rackId].ClusterCellVoltages.CellVoltages[292]|arg2=|arg3=|arg4=1000
4,10454,u16,16,yc454,1000,Rack单体电池电压294,model=4|arg1=bmsdeviceId.BatteryStacks[0].Cluseter[rackId].ClusterCellVoltages.CellVoltages[293]|arg2=|arg3=|arg4=1000
4,10455,u16,16,yc455,1000,Rack单体电池电压295,model=4|arg1=bmsdeviceId.BatteryStacks[0].Cluseter[rackId].ClusterCellVoltages.CellVoltages[294]|arg2=|arg3=|arg4=1000
4,10456,u16,16,yc456,1000,Rack单体电池电压296,model=4|arg1=bmsdeviceId.BatteryStacks[0].Cluseter[rackId].ClusterCellVoltages.CellVoltages[295]|arg2=|arg3=|arg4=1000
4,10457,u16,16,yc457,1000,Rack单体电池电压297,model=4|arg1=bmsdeviceId.BatteryStacks[0].Cluseter[rackId].ClusterCellVoltages.CellVoltages[296]|arg2=|arg3=|arg4=1000
4,10458,u16,16,yc458,1000,Rack单体电池电压298,model=4|arg1=bmsdeviceId.BatteryStacks[0].Cluseter[rackId].ClusterCellVoltages.CellVoltages[297]|arg2=|arg3=|arg4=1000
4,10459,u16,16,yc459,1000,Rack单体电池电压299,model=4|arg1=bmsdeviceId.BatteryStacks[0].Cluseter[rackId].ClusterCellVoltages.CellVoltages[298]|arg2=|arg3=|arg4=1000
4,10460,u16,16,yc460,1000,Rack单体电池电压300,model=4|arg1=bmsdeviceId.BatteryStacks[0].Cluseter[rackId].ClusterCellVoltages.CellVoltages[299]|arg2=|arg3=|arg4=1000
4,10461,u16,16,yc461,1000,Rack单体电池电压301,model=4|arg1=bmsdeviceId.BatteryStacks[0].Cluseter[rackId].ClusterCellVoltages.CellVoltages[300]|arg2=|arg3=|arg4=1000
4,10462,u16,16,yc462,1000,Rack单体电池电压302,model=4|arg1=bmsdeviceId.BatteryStacks[0].Cluseter[rackId].ClusterCellVoltages.CellVoltages[301]|arg2=|arg3=|arg4=1000
4,10463,u16,16,yc463,1000,Rack单体电池电压303,model=4|arg1=bmsdeviceId.BatteryStacks[0].Cluseter[rackId].ClusterCellVoltages.CellVoltages[302]|arg2=|arg3=|arg4=1000
4,10464,u16,16,yc464,1000,Rack单体电池电压304,model=4|arg1=bmsdeviceId.BatteryStacks[0].Cluseter[rackId].ClusterCellVoltages.CellVoltages[303]|arg2=|arg3=|arg4=1000
4,10465,u16,16,yc465,1000,Rack单体电池电压305,model=4|arg1=bmsdeviceId.BatteryStacks[0].Cluseter[rackId].ClusterCellVoltages.CellVoltages[304]|arg2=|arg3=|arg4=1000
4,10466,u16,16,yc466,1000,Rack单体电池电压306,model=4|arg1=bmsdeviceId.BatteryStacks[0].Cluseter[rackId].ClusterCellVoltages.CellVoltages[305]|arg2=|arg3=|arg4=1000
4,10467,u16,16,yc467,1000,Rack单体电池电压307,model=4|arg1=bmsdeviceId.BatteryStacks[0].Cluseter[rackId].ClusterCellVoltages.CellVoltages[306]|arg2=|arg3=|arg4=1000
4,10468,u16,16,yc468,1000,Rack单体电池电压308,model=4|arg1=bmsdeviceId.BatteryStacks[0].Cluseter[rackId].ClusterCellVoltages.CellVoltages[307]|arg2=|arg3=|arg4=1000
4,10469,u16,16,yc469,1000,Rack单体电池电压309,model=4|arg1=bmsdeviceId.BatteryStacks[0].Cluseter[rackId].ClusterCellVoltages.CellVoltages[308]|arg2=|arg3=|arg4=1000
4,10470,u16,16,yc470,1000,Rack单体电池电压310,model=4|arg1=bmsdeviceId.BatteryStacks[0].Cluseter[rackId].ClusterCellVoltages.CellVoltages[309]|arg2=|arg3=|arg4=1000
4,10471,u16,16,yc471,1000,Rack单体电池电压311,model=4|arg1=bmsdeviceId.BatteryStacks[0].Cluseter[rackId].ClusterCellVoltages.CellVoltages[310]|arg2=|arg3=|arg4=1000
4,10472,u16,16,yc472,1000,Rack单体电池电压312,model=4|arg1=bmsdeviceId.BatteryStacks[0].Cluseter[rackId].ClusterCellVoltages.CellVoltages[311]|arg2=|arg3=|arg4=1000
4,10473,u16,16,yc473,1000,Rack单体电池电压313,model=4|arg1=bmsdeviceId.BatteryStacks[0].Cluseter[rackId].ClusterCellVoltages.CellVoltages[312]|arg2=|arg3=|arg4=1000
4,10474,u16,16,yc474,1000,Rack单体电池电压314,model=4|arg1=bmsdeviceId.BatteryStacks[0].Cluseter[rackId].ClusterCellVoltages.CellVoltages[313]|arg2=|arg3=|arg4=1000
4,10475,u16,16,yc475,1000,Rack单体电池电压315,model=4|arg1=bmsdeviceId.BatteryStacks[0].Cluseter[rackId].ClusterCellVoltages.CellVoltages[314]|arg2=|arg3=|arg4=1000
4,10476,u16,16,yc476,1000,Rack单体电池电压316,model=4|arg1=bmsdeviceId.BatteryStacks[0].Cluseter[rackId].ClusterCellVoltages.CellVoltages[315]|arg2=|arg3=|arg4=1000
4,10477,u16,16,yc477,1000,Rack单体电池电压317,model=4|arg1=bmsdeviceId.BatteryStacks[0].Cluseter[rackId].ClusterCellVoltages.CellVoltages[316]|arg2=|arg3=|arg4=1000
4,10478,u16,16,yc478,1000,Rack单体电池电压318,model=4|arg1=bmsdeviceId.BatteryStacks[0].Cluseter[rackId].ClusterCellVoltages.CellVoltages[317]|arg2=|arg3=|arg4=1000
4,10479,u16,16,yc479,1000,Rack单体电池电压319,model=4|arg1=bmsdeviceId.BatteryStacks[0].Cluseter[rackId].ClusterCellVoltages.CellVoltages[318]|arg2=|arg3=|arg4=1000
4,10480,u16,16,yc480,1000,Rack单体电池电压320,model=4|arg1=bmsdeviceId.BatteryStacks[0].Cluseter[rackId].ClusterCellVoltages.CellVoltages[319]|arg2=|arg3=|arg4=1000
4,10481,u16,16,yc481,1000,Rack单体电池电压321,model=4|arg1=bmsdeviceId.BatteryStacks[0].Cluseter[rackId].ClusterCellVoltages.CellVoltages[320]|arg2=|arg3=|arg4=1000
4,10482,u16,16,yc482,1000,Rack单体电池电压322,model=4|arg1=bmsdeviceId.BatteryStacks[0].Cluseter[rackId].ClusterCellVoltages.CellVoltages[321]|arg2=|arg3=|arg4=1000
4,10483,u16,16,yc483,1000,Rack单体电池电压323,model=4|arg1=bmsdeviceId.BatteryStacks[0].Cluseter[rackId].ClusterCellVoltages.CellVoltages[322]|arg2=|arg3=|arg4=1000
4,10484,u16,16,yc484,1000,Rack单体电池电压324,model=4|arg1=bmsdeviceId.BatteryStacks[0].Cluseter[rackId].ClusterCellVoltages.CellVoltages[323]|arg2=|arg3=|arg4=1000
4,10485,u16,16,yc485,1000,Rack单体电池电压325,model=4|arg1=bmsdeviceId.BatteryStacks[0].Cluseter[rackId].ClusterCellVoltages.CellVoltages[324]|arg2=|arg3=|arg4=1000
4,10486,u16,16,yc486,1000,Rack单体电池电压326,model=4|arg1=bmsdeviceId.BatteryStacks[0].Cluseter[rackId].ClusterCellVoltages.CellVoltages[325]|arg2=|arg3=|arg4=1000
4,10487,u16,16,yc487,1000,Rack单体电池电压327,model=4|arg1=bmsdeviceId.BatteryStacks[0].Cluseter[rackId].ClusterCellVoltages.CellVoltages[326]|arg2=|arg3=|arg4=1000
4,10488,u16,16,yc488,1000,Rack单体电池电压328,model=4|arg1=bmsdeviceId.BatteryStacks[0].Cluseter[rackId].ClusterCellVoltages.CellVoltages[327]|arg2=|arg3=|arg4=1000
4,10489,u16,16,yc489,1000,Rack单体电池电压329,model=4|arg1=bmsdeviceId.BatteryStacks[0].Cluseter[rackId].ClusterCellVoltages.CellVoltages[328]|arg2=|arg3=|arg4=1000
4,10490,u16,16,yc490,1000,Rack单体电池电压330,model=4|arg1=bmsdeviceId.BatteryStacks[0].Cluseter[rackId].ClusterCellVoltages.CellVoltages[329]|arg2=|arg3=|arg4=1000
4,10491,u16,16,yc491,1000,Rack单体电池电压331,model=4|arg1=bmsdeviceId.BatteryStacks[0].Cluseter[rackId].ClusterCellVoltages.CellVoltages[330]|arg2=|arg3=|arg4=1000
4,10492,u16,16,yc492,1000,Rack单体电池电压332,model=4|arg1=bmsdeviceId.BatteryStacks[0].Cluseter[rackId].ClusterCellVoltages.CellVoltages[331]|arg2=|arg3=|arg4=1000
4,10493,u16,16,yc493,1000,Rack单体电池电压333,model=4|arg1=bmsdeviceId.BatteryStacks[0].Cluseter[rackId].ClusterCellVoltages.CellVoltages[332]|arg2=|arg3=|arg4=1000
4,10494,u16,16,yc494,1000,Rack单体电池电压334,model=4|arg1=bmsdeviceId.BatteryStacks[0].Cluseter[rackId].ClusterCellVoltages.CellVoltages[333]|arg2=|arg3=|arg4=1000
4,10495,u16,16,yc495,1000,Rack单体电池电压335,model=4|arg1=bmsdeviceId.BatteryStacks[0].Cluseter[rackId].ClusterCellVoltages.CellVoltages[334]|arg2=|arg3=|arg4=1000
4,10496,u16,16,yc496,1000,Rack单体电池电压336,model=4|arg1=bmsdeviceId.BatteryStacks[0].Cluseter[rackId].ClusterCellVoltages.CellVoltages[335]|arg2=|arg3=|arg4=1000
4,10497,u16,16,yc497,1000,Rack单体电池电压337,model=4|arg1=bmsdeviceId.BatteryStacks[0].Cluseter[rackId].ClusterCellVoltages.CellVoltages[336]|arg2=|arg3=|arg4=1000
4,10498,u16,16,yc498,1000,Rack单体电池电压338,model=4|arg1=bmsdeviceId.BatteryStacks[0].Cluseter[rackId].ClusterCellVoltages.CellVoltages[337]|arg2=|arg3=|arg4=1000
4,10499,u16,16,yc499,1000,Rack单体电池电压339,model=4|arg1=bmsdeviceId.BatteryStacks[0].Cluseter[rackId].ClusterCellVoltages.CellVoltages[338]|arg2=|arg3=|arg4=1000
4,10500,u16,16,yc500,1000,Rack单体电池电压340,model=4|arg1=bmsdeviceId.BatteryStacks[0].Cluseter[rackId].ClusterCellVoltages.CellVoltages[339]|arg2=|arg3=|arg4=1000
4,10501,u16,16,yc501,1000,Rack单体电池电压341,model=4|arg1=bmsdeviceId.BatteryStacks[0].Cluseter[rackId].ClusterCellVoltages.CellVoltages[340]|arg2=|arg3=|arg4=1000
4,10502,u16,16,yc502,1000,Rack单体电池电压342,model=4|arg1=bmsdeviceId.BatteryStacks[0].Cluseter[rackId].ClusterCellVoltages.CellVoltages[341]|arg2=|arg3=|arg4=1000
4,10503,u16,16,yc503,1000,Rack单体电池电压343,model=4|arg1=bmsdeviceId.BatteryStacks[0].Cluseter[rackId].ClusterCellVoltages.CellVoltages[342]|arg2=|arg3=|arg4=1000
4,10504,u16,16,yc504,1000,Rack单体电池电压344,model=4|arg1=bmsdeviceId.BatteryStacks[0].Cluseter[rackId].ClusterCellVoltages.CellVoltages[343]|arg2=|arg3=|arg4=1000
4,10505,u16,16,yc505,1000,Rack单体电池电压345,model=4|arg1=bmsdeviceId.BatteryStacks[0].Cluseter[rackId].ClusterCellVoltages.CellVoltages[344]|arg2=|arg3=|arg4=1000
4,10506,u16,16,yc506,1000,Rack单体电池电压346,model=4|arg1=bmsdeviceId.BatteryStacks[0].Cluseter[rackId].ClusterCellVoltages.CellVoltages[345]|arg2=|arg3=|arg4=1000
4,10507,u16,16,yc507,1000,Rack单体电池电压347,model=4|arg1=bmsdeviceId.BatteryStacks[0].Cluseter[rackId].ClusterCellVoltages.CellVoltages[346]|arg2=|arg3=|arg4=1000
4,10508,u16,16,yc508,1000,Rack单体电池电压348,model=4|arg1=bmsdeviceId.BatteryStacks[0].Cluseter[rackId].ClusterCellVoltages.CellVoltages[347]|arg2=|arg3=|arg4=1000
4,10509,u16,16,yc509,1000,Rack单体电池电压349,model=4|arg1=bmsdeviceId.BatteryStacks[0].Cluseter[rackId].ClusterCellVoltages.CellVoltages[348]|arg2=|arg3=|arg4=1000
4,10510,u16,16,yc510,1000,Rack单体电池电压350,model=4|arg1=bmsdeviceId.BatteryStacks[0].Cluseter[rackId].ClusterCellVoltages.CellVoltages[349]|arg2=|arg3=|arg4=1000
4,10511,u16,16,yc511,1000,Rack单体电池电压351,model=4|arg1=bmsdeviceId.BatteryStacks[0].Cluseter[rackId].ClusterCellVoltages.CellVoltages[350]|arg2=|arg3=|arg4=1000
4,10512,u16,16,yc512,1000,Rack单体电池电压352,model=4|arg1=bmsdeviceId.BatteryStacks[0].Cluseter[rackId].ClusterCellVoltages.CellVoltages[351]|arg2=|arg3=|arg4=1000
4,10513,u16,16,yc513,1000,Rack单体电池电压353,model=4|arg1=bmsdeviceId.BatteryStacks[0].Cluseter[rackId].ClusterCellVoltages.CellVoltages[352]|arg2=|arg3=|arg4=1000
4,10514,u16,16,yc514,1000,Rack单体电池电压354,model=4|arg1=bmsdeviceId.BatteryStacks[0].Cluseter[rackId].ClusterCellVoltages.CellVoltages[353]|arg2=|arg3=|arg4=1000
4,10515,u16,16,yc515,1000,Rack单体电池电压355,model=4|arg1=bmsdeviceId.BatteryStacks[0].Cluseter[rackId].ClusterCellVoltages.CellVoltages[354]|arg2=|arg3=|arg4=1000
4,10516,u16,16,yc516,1000,Rack单体电池电压356,model=4|arg1=bmsdeviceId.BatteryStacks[0].Cluseter[rackId].ClusterCellVoltages.CellVoltages[355]|arg2=|arg3=|arg4=1000
4,10517,u16,16,yc517,1000,Rack单体电池电压357,model=4|arg1=bmsdeviceId.BatteryStacks[0].Cluseter[rackId].ClusterCellVoltages.CellVoltages[356]|arg2=|arg3=|arg4=1000
4,10518,u16,16,yc518,1000,Rack单体电池电压358,model=4|arg1=bmsdeviceId.BatteryStacks[0].Cluseter[rackId].ClusterCellVoltages.CellVoltages[357]|arg2=|arg3=|arg4=1000
4,10519,u16,16,yc519,1000,Rack单体电池电压359,model=4|arg1=bmsdeviceId.BatteryStacks[0].Cluseter[rackId].ClusterCellVoltages.CellVoltages[358]|arg2=|arg3=|arg4=1000
4,10520,u16,16,yc520,1000,Rack单体电池电压360,model=4|arg1=bmsdeviceId.BatteryStacks[0].Cluseter[rackId].ClusterCellVoltages.CellVoltages[359]|arg2=|arg3=|arg4=1000
4,10521,u16,16,yc521,1000,Rack单体电池电压361,model=4|arg1=bmsdeviceId.BatteryStacks[0].Cluseter[rackId].ClusterCellVoltages.CellVoltages[360]|arg2=|arg3=|arg4=1000
4,10522,u16,16,yc522,1000,Rack单体电池电压362,model=4|arg1=bmsdeviceId.BatteryStacks[0].Cluseter[rackId].ClusterCellVoltages.CellVoltages[361]|arg2=|arg3=|arg4=1000
4,10523,u16,16,yc523,1000,Rack单体电池电压363,model=4|arg1=bmsdeviceId.BatteryStacks[0].Cluseter[rackId].ClusterCellVoltages.CellVoltages[362]|arg2=|arg3=|arg4=1000
4,10524,u16,16,yc524,1000,Rack单体电池电压364,model=4|arg1=bmsdeviceId.BatteryStacks[0].Cluseter[rackId].ClusterCellVoltages.CellVoltages[363]|arg2=|arg3=|arg4=1000
4,10525,u16,16,yc525,1000,Rack单体电池电压365,model=4|arg1=bmsdeviceId.BatteryStacks[0].Cluseter[rackId].ClusterCellVoltages.CellVoltages[364]|arg2=|arg3=|arg4=1000
4,10526,u16,16,yc526,1000,Rack单体电池电压366,model=4|arg1=bmsdeviceId.BatteryStacks[0].Cluseter[rackId].ClusterCellVoltages.CellVoltages[365]|arg2=|arg3=|arg4=1000
4,10527,u16,16,yc527,1000,Rack单体电池电压367,model=4|arg1=bmsdeviceId.BatteryStacks[0].Cluseter[rackId].ClusterCellVoltages.CellVoltages[366]|arg2=|arg3=|arg4=1000
4,10528,u16,16,yc528,1000,Rack单体电池电压368,model=4|arg1=bmsdeviceId.BatteryStacks[0].Cluseter[rackId].ClusterCellVoltages.CellVoltages[367]|arg2=|arg3=|arg4=1000
4,10529,u16,16,yc529,1000,Rack单体电池电压369,model=4|arg1=bmsdeviceId.BatteryStacks[0].Cluseter[rackId].ClusterCellVoltages.CellVoltages[368]|arg2=|arg3=|arg4=1000
4,10530,u16,16,yc530,1000,Rack单体电池电压370,model=4|arg1=bmsdeviceId.BatteryStacks[0].Cluseter[rackId].ClusterCellVoltages.CellVoltages[369]|arg2=|arg3=|arg4=1000
4,10531,u16,16,yc531,1000,Rack单体电池电压371,model=4|arg1=bmsdeviceId.BatteryStacks[0].Cluseter[rackId].ClusterCellVoltages.CellVoltages[370]|arg2=|arg3=|arg4=1000
4,10532,u16,16,yc532,1000,Rack单体电池电压372,model=4|arg1=bmsdeviceId.BatteryStacks[0].Cluseter[rackId].ClusterCellVoltages.CellVoltages[371]|arg2=|arg3=|arg4=1000
4,10533,u16,16,yc533,1000,Rack单体电池电压373,model=4|arg1=bmsdeviceId.BatteryStacks[0].Cluseter[rackId].ClusterCellVoltages.CellVoltages[372]|arg2=|arg3=|arg4=1000
4,10534,u16,16,yc534,1000,Rack单体电池电压374,model=4|arg1=bmsdeviceId.BatteryStacks[0].Cluseter[rackId].ClusterCellVoltages.CellVoltages[373]|arg2=|arg3=|arg4=1000
4,10535,u16,16,yc535,1000,Rack单体电池电压375,model=4|arg1=bmsdeviceId.BatteryStacks[0].Cluseter[rackId].ClusterCellVoltages.CellVoltages[374]|arg2=|arg3=|arg4=1000
4,10536,u16,16,yc536,1000,Rack单体电池电压376,model=4|arg1=bmsdeviceId.BatteryStacks[0].Cluseter[rackId].ClusterCellVoltages.CellVoltages[375]|arg2=|arg3=|arg4=1000
4,10537,u16,16,yc537,1000,Rack单体电池电压377,model=4|arg1=bmsdeviceId.BatteryStacks[0].Cluseter[rackId].ClusterCellVoltages.CellVoltages[376]|arg2=|arg3=|arg4=1000
4,10538,u16,16,yc538,1000,Rack单体电池电压378,model=4|arg1=bmsdeviceId.BatteryStacks[0].Cluseter[rackId].ClusterCellVoltages.CellVoltages[377]|arg2=|arg3=|arg4=1000
4,10539,u16,16,yc539,1000,Rack单体电池电压379,model=4|arg1=bmsdeviceId.BatteryStacks[0].Cluseter[rackId].ClusterCellVoltages.CellVoltages[378]|arg2=|arg3=|arg4=1000
4,10540,u16,16,yc540,1000,Rack单体电池电压380,model=4|arg1=bmsdeviceId.BatteryStacks[0].Cluseter[rackId].ClusterCellVoltages.CellVoltages[379]|arg2=|arg3=|arg4=1000
4,10541,u16,16,yc541,1000,Rack单体电池电压381,model=4|arg1=bmsdeviceId.BatteryStacks[0].Cluseter[rackId].ClusterCellVoltages.CellVoltages[380]|arg2=|arg3=|arg4=1000
4,10542,u16,16,yc542,1000,Rack单体电池电压382,model=4|arg1=bmsdeviceId.BatteryStacks[0].Cluseter[rackId].ClusterCellVoltages.CellVoltages[381]|arg2=|arg3=|arg4=1000
4,10543,u16,16,yc543,1000,Rack单体电池电压383,model=4|arg1=bmsdeviceId.BatteryStacks[0].Cluseter[rackId].ClusterCellVoltages.CellVoltages[382]|arg2=|arg3=|arg4=1000
4,10544,u16,16,yc544,1000,Rack单体电池电压384,model=4|arg1=bmsdeviceId.BatteryStacks[0].Cluseter[rackId].ClusterCellVoltages.CellVoltages[383]|arg2=|arg3=|arg4=1000
4,10545,u16,16,yc545,1000,Rack单体电池电压385,model=4|arg1=bmsdeviceId.BatteryStacks[0].Cluseter[rackId].ClusterCellVoltages.CellVoltages[384]|arg2=|arg3=|arg4=1000
4,10546,u16,16,yc546,1000,Rack单体电池电压386,model=4|arg1=bmsdeviceId.BatteryStacks[0].Cluseter[rackId].ClusterCellVoltages.CellVoltages[385]|arg2=|arg3=|arg4=1000
4,10547,u16,16,yc547,1000,Rack单体电池电压387,model=4|arg1=bmsdeviceId.BatteryStacks[0].Cluseter[rackId].ClusterCellVoltages.CellVoltages[386]|arg2=|arg3=|arg4=1000
4,10548,u16,16,yc548,1000,Rack单体电池电压388,model=4|arg1=bmsdeviceId.BatteryStacks[0].Cluseter[rackId].ClusterCellVoltages.CellVoltages[387]|arg2=|arg3=|arg4=1000
4,10549,u16,16,yc549,1000,Rack单体电池电压389,model=4|arg1=bmsdeviceId.BatteryStacks[0].Cluseter[rackId].ClusterCellVoltages.CellVoltages[388]|arg2=|arg3=|arg4=1000
4,10550,u16,16,yc550,1000,Rack单体电池电压390,model=4|arg1=bmsdeviceId.BatteryStacks[0].Cluseter[rackId].ClusterCellVoltages.CellVoltages[389]|arg2=|arg3=|arg4=1000
4,10551,u16,16,yc551,1000,Rack单体电池电压391,model=4|arg1=bmsdeviceId.BatteryStacks[0].Cluseter[rackId].ClusterCellVoltages.CellVoltages[390]|arg2=|arg3=|arg4=1000
4,10552,u16,16,yc552,1000,Rack单体电池电压392,model=4|arg1=bmsdeviceId.BatteryStacks[0].Cluseter[rackId].ClusterCellVoltages.CellVoltages[391]|arg2=|arg3=|arg4=1000
4,10553,u16,16,yc553,1000,Rack单体电池电压393,model=4|arg1=bmsdeviceId.BatteryStacks[0].Cluseter[rackId].ClusterCellVoltages.CellVoltages[392]|arg2=|arg3=|arg4=1000
4,10554,u16,16,yc554,1000,Rack单体电池电压394,model=4|arg1=bmsdeviceId.BatteryStacks[0].Cluseter[rackId].ClusterCellVoltages.CellVoltages[393]|arg2=|arg3=|arg4=1000
4,10555,u16,16,yc555,1000,Rack单体电池电压395,model=4|arg1=bmsdeviceId.BatteryStacks[0].Cluseter[rackId].ClusterCellVoltages.CellVoltages[394]|arg2=|arg3=|arg4=1000
4,10556,u16,16,yc556,1000,Rack单体电池电压396,model=4|arg1=bmsdeviceId.BatteryStacks[0].Cluseter[rackId].ClusterCellVoltages.CellVoltages[395]|arg2=|arg3=|arg4=1000
4,10557,u16,16,yc557,1000,Rack单体电池电压397,model=4|arg1=bmsdeviceId.BatteryStacks[0].Cluseter[rackId].ClusterCellVoltages.CellVoltages[396]|arg2=|arg3=|arg4=1000
4,10558,u16,16,yc558,1000,Rack单体电池电压398,model=4|arg1=bmsdeviceId.BatteryStacks[0].Cluseter[rackId].ClusterCellVoltages.CellVoltages[397]|arg2=|arg3=|arg4=1000
4,10559,u16,16,yc559,1000,Rack单体电池电压399,model=4|arg1=bmsdeviceId.BatteryStacks[0].Cluseter[rackId].ClusterCellVoltages.CellVoltages[398]|arg2=|arg3=|arg4=1000
4,10560,u16,16,yc560,1000,Rack单体电池电压400,model=4|arg1=bmsdeviceId.BatteryStacks[0].Cluseter[rackId].ClusterCellVoltages.CellVoltages[399]|arg2=|arg3=|arg4=1000
4,10561,u16,16,yc561,1000,Rack单体电池电压401,model=4|arg1=bmsdeviceId.BatteryStacks[0].Cluseter[rackId].ClusterCellVoltages.CellVoltages[400]|arg2=|arg3=|arg4=1000
4,10562,u16,16,yc562,1000,Rack单体电池电压402,model=4|arg1=bmsdeviceId.BatteryStacks[0].Cluseter[rackId].ClusterCellVoltages.CellVoltages[401]|arg2=|arg3=|arg4=1000
4,10563,u16,16,yc563,1000,Rack单体电池电压403,model=4|arg1=bmsdeviceId.BatteryStacks[0].Cluseter[rackId].ClusterCellVoltages.CellVoltages[402]|arg2=|arg3=|arg4=1000
4,10564,u16,16,yc564,1000,Rack单体电池电压404,model=4|arg1=bmsdeviceId.BatteryStacks[0].Cluseter[rackId].ClusterCellVoltages.CellVoltages[403]|arg2=|arg3=|arg4=1000
4,10565,u16,16,yc565,1000,Rack单体电池电压405,model=4|arg1=bmsdeviceId.BatteryStacks[0].Cluseter[rackId].ClusterCellVoltages.CellVoltages[404]|arg2=|arg3=|arg4=1000
4,10566,u16,16,yc566,1000,Rack单体电池电压406,model=4|arg1=bmsdeviceId.BatteryStacks[0].Cluseter[rackId].ClusterCellVoltages.CellVoltages[405]|arg2=|arg3=|arg4=1000
4,10567,u16,16,yc567,1000,Rack单体电池电压407,model=4|arg1=bmsdeviceId.BatteryStacks[0].Cluseter[rackId].ClusterCellVoltages.CellVoltages[406]|arg2=|arg3=|arg4=1000
4,10568,u16,16,yc568,1000,Rack单体电池电压408,model=4|arg1=bmsdeviceId.BatteryStacks[0].Cluseter[rackId].ClusterCellVoltages.CellVoltages[407]|arg2=|arg3=|arg4=1000
4,10569,u16,16,yc569,1000,Rack单体电池电压409,model=4|arg1=bmsdeviceId.BatteryStacks[0].Cluseter[rackId].ClusterCellVoltages.CellVoltages[408]|arg2=|arg3=|arg4=1000
4,10570,u16,16,yc570,1000,Rack单体电池电压410,model=4|arg1=bmsdeviceId.BatteryStacks[0].Cluseter[rackId].ClusterCellVoltages.CellVoltages[409]|arg2=|arg3=|arg4=1000
4,10571,u16,16,yc571,1000,Rack单体电池电压411,model=4|arg1=bmsdeviceId.BatteryStacks[0].Cluseter[rackId].ClusterCellVoltages.CellVoltages[410]|arg2=|arg3=|arg4=1000
4,10572,u16,16,yc572,1000,Rack单体电池电压412,model=4|arg1=bmsdeviceId.BatteryStacks[0].Cluseter[rackId].ClusterCellVoltages.CellVoltages[411]|arg2=|arg3=|arg4=1000
4,10573,u16,16,yc573,1000,Rack单体电池电压413,model=4|arg1=bmsdeviceId.BatteryStacks[0].Cluseter[rackId].ClusterCellVoltages.CellVoltages[412]|arg2=|arg3=|arg4=1000
4,10574,u16,16,yc574,1000,Rack单体电池电压414,model=4|arg1=bmsdeviceId.BatteryStacks[0].Cluseter[rackId].ClusterCellVoltages.CellVoltages[413]|arg2=|arg3=|arg4=1000
4,10575,u16,16,yc575,1000,Rack单体电池电压415,model=4|arg1=bmsdeviceId.BatteryStacks[0].Cluseter[rackId].ClusterCellVoltages.CellVoltages[414]|arg2=|arg3=|arg4=1000
4,10576,u16,16,yc576,1000,Rack单体电池电压416,model=4|arg1=bmsdeviceId.BatteryStacks[0].Cluseter[rackId].ClusterCellVoltages.CellVoltages[415]|arg2=|arg3=|arg4=1000
4,10577,u16,16,yc577,1000,Rack单体电池电压417,model=4|arg1=bmsdeviceId.BatteryStacks[0].Cluseter[rackId].ClusterCellVoltages.CellVoltages[416]|arg2=|arg3=|arg4=1000
4,10578,u16,16,yc578,1000,Rack单体电池电压418,model=4|arg1=bmsdeviceId.BatteryStacks[0].Cluseter[rackId].ClusterCellVoltages.CellVoltages[417]|arg2=|arg3=|arg4=1000
4,10579,u16,16,yc579,1000,Rack单体电池电压419,model=4|arg1=bmsdeviceId.BatteryStacks[0].Cluseter[rackId].ClusterCellVoltages.CellVoltages[418]|arg2=|arg3=|arg4=1000
4,10580,u16,16,yc580,1000,Rack单体电池电压420,model=4|arg1=bmsdeviceId.BatteryStacks[0].Cluseter[rackId].ClusterCellVoltages.CellVoltages[419]|arg2=|arg3=|arg4=1000
4,10581,u16,16,yc581,1000,Rack单体电池电压421,model=4|arg1=bmsdeviceId.BatteryStacks[0].Cluseter[rackId].ClusterCellVoltages.CellVoltages[420]|arg2=|arg3=|arg4=1000
4,10582,u16,16,yc582,1000,Rack单体电池电压422,model=4|arg1=bmsdeviceId.BatteryStacks[0].Cluseter[rackId].ClusterCellVoltages.CellVoltages[421]|arg2=|arg3=|arg4=1000
4,10583,u16,16,yc583,1000,Rack单体电池电压423,model=4|arg1=bmsdeviceId.BatteryStacks[0].Cluseter[rackId].ClusterCellVoltages.CellVoltages[422]|arg2=|arg3=|arg4=1000
4,10584,u16,16,yc584,1000,Rack单体电池电压424,model=4|arg1=bmsdeviceId.BatteryStacks[0].Cluseter[rackId].ClusterCellVoltages.CellVoltages[423]|arg2=|arg3=|arg4=1000
4,10585,u16,16,yc585,1000,Rack单体电池电压425,model=4|arg1=bmsdeviceId.BatteryStacks[0].Cluseter[rackId].ClusterCellVoltages.CellVoltages[424]|arg2=|arg3=|arg4=1000
4,10586,u16,16,yc586,1000,Rack单体电池电压426,model=4|arg1=bmsdeviceId.BatteryStacks[0].Cluseter[rackId].ClusterCellVoltages.CellVoltages[425]|arg2=|arg3=|arg4=1000
4,10587,u16,16,yc587,1000,Rack单体电池电压427,model=4|arg1=bmsdeviceId.BatteryStacks[0].Cluseter[rackId].ClusterCellVoltages.CellVoltages[426]|arg2=|arg3=|arg4=1000
4,10588,u16,16,yc588,1000,Rack单体电池电压428,model=4|arg1=bmsdeviceId.BatteryStacks[0].Cluseter[rackId].ClusterCellVoltages.CellVoltages[427]|arg2=|arg3=|arg4=1000
4,10589,u16,16,yc589,1000,Rack单体电池电压429,model=4|arg1=bmsdeviceId.BatteryStacks[0].Cluseter[rackId].ClusterCellVoltages.CellVoltages[428]|arg2=|arg3=|arg4=1000
4,10590,u16,16,yc590,1000,Rack单体电池电压430,model=4|arg1=bmsdeviceId.BatteryStacks[0].Cluseter[rackId].ClusterCellVoltages.CellVoltages[429]|arg2=|arg3=|arg4=1000
4,10591,u16,16,yc591,1000,Rack单体电池电压431,model=4|arg1=bmsdeviceId.BatteryStacks[0].Cluseter[rackId].ClusterCellVoltages.CellVoltages[430]|arg2=|arg3=|arg4=1000
4,10592,u16,16,yc592,1000,Rack单体电池电压432,model=4|arg1=bmsdeviceId.BatteryStacks[0].Cluseter[rackId].ClusterCellVoltages.CellVoltages[431]|arg2=|arg3=|arg4=1000
4,10593,u16,16,yc593,1000,Rack单体电池电压433,model=4|arg1=bmsdeviceId.BatteryStacks[0].Cluseter[rackId].ClusterCellVoltages.CellVoltages[432]|arg2=|arg3=|arg4=1000
4,10594,u16,16,yc594,1000,Rack单体电池电压434,model=4|arg1=bmsdeviceId.BatteryStacks[0].Cluseter[rackId].ClusterCellVoltages.CellVoltages[433]|arg2=|arg3=|arg4=1000
4,10595,u16,16,yc595,1000,Rack单体电池电压435,model=4|arg1=bmsdeviceId.BatteryStacks[0].Cluseter[rackId].ClusterCellVoltages.CellVoltages[434]|arg2=|arg3=|arg4=1000
4,10596,u16,16,yc596,1000,Rack单体电池电压436,model=4|arg1=bmsdeviceId.BatteryStacks[0].Cluseter[rackId].ClusterCellVoltages.CellVoltages[435]|arg2=|arg3=|arg4=1000
4,10597,u16,16,yc597,1000,Rack单体电池电压437,model=4|arg1=bmsdeviceId.BatteryStacks[0].Cluseter[rackId].ClusterCellVoltages.CellVoltages[436]|arg2=|arg3=|arg4=1000
4,10598,u16,16,yc598,1000,Rack单体电池电压438,model=4|arg1=bmsdeviceId.BatteryStacks[0].Cluseter[rackId].ClusterCellVoltages.CellVoltages[437]|arg2=|arg3=|arg4=1000
4,10599,u16,16,yc599,1000,Rack单体电池电压439,model=4|arg1=bmsdeviceId.BatteryStacks[0].Cluseter[rackId].ClusterCellVoltages.CellVoltages[438]|arg2=|arg3=|arg4=1000
4,10600,u16,16,yc600,1000,Rack单体电池电压440,model=4|arg1=bmsdeviceId.BatteryStacks[0].Cluseter[rackId].ClusterCellVoltages.CellVoltages[439]|arg2=|arg3=|arg4=1000
4,10601,u16,16,yc601,1000,Rack单体电池电压441,model=4|arg1=bmsdeviceId.BatteryStacks[0].Cluseter[rackId].ClusterCellVoltages.CellVoltages[440]|arg2=|arg3=|arg4=1000
4,10602,u16,16,yc602,1000,Rack单体电池电压442,model=4|arg1=bmsdeviceId.BatteryStacks[0].Cluseter[rackId].ClusterCellVoltages.CellVoltages[441]|arg2=|arg3=|arg4=1000
4,10603,u16,16,yc603,1000,Rack单体电池电压443,model=4|arg1=bmsdeviceId.BatteryStacks[0].Cluseter[rackId].ClusterCellVoltages.CellVoltages[442]|arg2=|arg3=|arg4=1000
4,10604,u16,16,yc604,1000,Rack单体电池电压444,model=4|arg1=bmsdeviceId.BatteryStacks[0].Cluseter[rackId].ClusterCellVoltages.CellVoltages[443]|arg2=|arg3=|arg4=1000
4,10605,u16,16,yc605,1000,Rack单体电池电压445,model=4|arg1=bmsdeviceId.BatteryStacks[0].Cluseter[rackId].ClusterCellVoltages.CellVoltages[444]|arg2=|arg3=|arg4=1000
4,10606,u16,16,yc606,1000,Rack单体电池电压446,model=4|arg1=bmsdeviceId.BatteryStacks[0].Cluseter[rackId].ClusterCellVoltages.CellVoltages[445]|arg2=|arg3=|arg4=1000
4,10607,u16,16,yc607,1000,Rack单体电池电压447,model=4|arg1=bmsdeviceId.BatteryStacks[0].Cluseter[rackId].ClusterCellVoltages.CellVoltages[446]|arg2=|arg3=|arg4=1000
4,10608,u16,16,yc608,1000,Rack单体电池电压448,model=4|arg1=bmsdeviceId.BatteryStacks[0].Cluseter[rackId].ClusterCellVoltages.CellVoltages[447]|arg2=|arg3=|arg4=1000
4,10609,u16,16,yc609,1000,Rack单体电池电压449,model=4|arg1=bmsdeviceId.BatteryStacks[0].Cluseter[rackId].ClusterCellVoltages.CellVoltages[448]|arg2=|arg3=|arg4=1000
4,10610,u16,16,yc610,1000,Rack单体电池电压450,model=4|arg1=bmsdeviceId.BatteryStacks[0].Cluseter[rackId].ClusterCellVoltages.CellVoltages[449]|arg2=|arg3=|arg4=1000
4,10611,u16,16,yc611,1000,Rack单体电池电压451,model=4|arg1=bmsdeviceId.BatteryStacks[0].Cluseter[rackId].ClusterCellVoltages.CellVoltages[450]|arg2=|arg3=|arg4=1000
4,10612,u16,16,yc612,1000,Rack单体电池电压452,model=4|arg1=bmsdeviceId.BatteryStacks[0].Cluseter[rackId].ClusterCellVoltages.CellVoltages[451]|arg2=|arg3=|arg4=1000
4,10613,u16,16,yc613,1000,Rack单体电池电压453,model=4|arg1=bmsdeviceId.BatteryStacks[0].Cluseter[rackId].ClusterCellVoltages.CellVoltages[452]|arg2=|arg3=|arg4=1000
4,10614,u16,16,yc614,1000,Rack单体电池电压454,model=4|arg1=bmsdeviceId.BatteryStacks[0].Cluseter[rackId].ClusterCellVoltages.CellVoltages[453]|arg2=|arg3=|arg4=1000
4,10615,u16,16,yc615,1000,Rack单体电池电压455,model=4|arg1=bmsdeviceId.BatteryStacks[0].Cluseter[rackId].ClusterCellVoltages.CellVoltages[454]|arg2=|arg3=|arg4=1000
4,10616,u16,16,yc616,1000,Rack单体电池电压456,model=4|arg1=bmsdeviceId.BatteryStacks[0].Cluseter[rackId].ClusterCellVoltages.CellVoltages[455]|arg2=|arg3=|arg4=1000
4,10617,u16,16,yc617,1000,Rack单体电池电压457,model=4|arg1=bmsdeviceId.BatteryStacks[0].Cluseter[rackId].ClusterCellVoltages.CellVoltages[456]|arg2=|arg3=|arg4=1000
4,10618,u16,16,yc618,1000,Rack单体电池电压458,model=4|arg1=bmsdeviceId.BatteryStacks[0].Cluseter[rackId].ClusterCellVoltages.CellVoltages[457]|arg2=|arg3=|arg4=1000
4,10619,u16,16,yc619,1000,Rack单体电池电压459,model=4|arg1=bmsdeviceId.BatteryStacks[0].Cluseter[rackId].ClusterCellVoltages.CellVoltages[458]|arg2=|arg3=|arg4=1000
4,10620,u16,16,yc620,1000,Rack单体电池电压460,model=4|arg1=bmsdeviceId.BatteryStacks[0].Cluseter[rackId].ClusterCellVoltages.CellVoltages[459]|arg2=|arg3=|arg4=1000
4,10621,u16,16,yc621,1000,Rack单体电池电压461,model=4|arg1=bmsdeviceId.BatteryStacks[0].Cluseter[rackId].ClusterCellVoltages.CellVoltages[460]|arg2=|arg3=|arg4=1000
4,10622,u16,16,yc622,1000,Rack单体电池电压462,model=4|arg1=bmsdeviceId.BatteryStacks[0].Cluseter[rackId].ClusterCellVoltages.CellVoltages[461]|arg2=|arg3=|arg4=1000
4,10623,u16,16,yc623,1000,Rack单体电池电压463,model=4|arg1=bmsdeviceId.BatteryStacks[0].Cluseter[rackId].ClusterCellVoltages.CellVoltages[462]|arg2=|arg3=|arg4=1000
4,10624,u16,16,yc624,1000,Rack单体电池电压464,model=4|arg1=bmsdeviceId.BatteryStacks[0].Cluseter[rackId].ClusterCellVoltages.CellVoltages[463]|arg2=|arg3=|arg4=1000
4,10625,u16,16,yc625,1000,Rack单体电池电压465,model=4|arg1=bmsdeviceId.BatteryStacks[0].Cluseter[rackId].ClusterCellVoltages.CellVoltages[464]|arg2=|arg3=|arg4=1000
4,10626,u16,16,yc626,1000,Rack单体电池电压466,model=4|arg1=bmsdeviceId.BatteryStacks[0].Cluseter[rackId].ClusterCellVoltages.CellVoltages[465]|arg2=|arg3=|arg4=1000
4,10627,u16,16,yc627,1000,Rack单体电池电压467,model=4|arg1=bmsdeviceId.BatteryStacks[0].Cluseter[rackId].ClusterCellVoltages.CellVoltages[466]|arg2=|arg3=|arg4=1000
4,10628,u16,16,yc628,1000,Rack单体电池电压468,model=4|arg1=bmsdeviceId.BatteryStacks[0].Cluseter[rackId].ClusterCellVoltages.CellVoltages[467]|arg2=|arg3=|arg4=1000
4,10629,u16,16,yc629,1000,Rack单体电池电压469,model=4|arg1=bmsdeviceId.BatteryStacks[0].Cluseter[rackId].ClusterCellVoltages.CellVoltages[468]|arg2=|arg3=|arg4=1000
4,10630,u16,16,yc630,1000,Rack单体电池电压470,model=4|arg1=bmsdeviceId.BatteryStacks[0].Cluseter[rackId].ClusterCellVoltages.CellVoltages[469]|arg2=|arg3=|arg4=1000
4,10631,u16,16,yc631,1000,Rack单体电池电压471,model=4|arg1=bmsdeviceId.BatteryStacks[0].Cluseter[rackId].ClusterCellVoltages.CellVoltages[470]|arg2=|arg3=|arg4=1000
4,10632,u16,16,yc632,1000,Rack单体电池电压472,model=4|arg1=bmsdeviceId.BatteryStacks[0].Cluseter[rackId].ClusterCellVoltages.CellVoltages[471]|arg2=|arg3=|arg4=1000
4,10633,u16,16,yc633,1000,Rack单体电池电压473,model=4|arg1=bmsdeviceId.BatteryStacks[0].Cluseter[rackId].ClusterCellVoltages.CellVoltages[472]|arg2=|arg3=|arg4=1000
4,10634,u16,16,yc634,1000,Rack单体电池电压474,model=4|arg1=bmsdeviceId.BatteryStacks[0].Cluseter[rackId].ClusterCellVoltages.CellVoltages[473]|arg2=|arg3=|arg4=1000
4,10635,u16,16,yc635,1000,Rack单体电池电压475,model=4|arg1=bmsdeviceId.BatteryStacks[0].Cluseter[rackId].ClusterCellVoltages.CellVoltages[474]|arg2=|arg3=|arg4=1000
4,10636,u16,16,yc636,1000,Rack单体电池电压476,model=4|arg1=bmsdeviceId.BatteryStacks[0].Cluseter[rackId].ClusterCellVoltages.CellVoltages[475]|arg2=|arg3=|arg4=1000
4,10637,u16,16,yc637,1000,Rack单体电池电压477,model=4|arg1=bmsdeviceId.BatteryStacks[0].Cluseter[rackId].ClusterCellVoltages.CellVoltages[476]|arg2=|arg3=|arg4=1000
4,10638,u16,16,yc638,1000,Rack单体电池电压478,model=4|arg1=bmsdeviceId.BatteryStacks[0].Cluseter[rackId].ClusterCellVoltages.CellVoltages[477]|arg2=|arg3=|arg4=1000
4,10639,u16,16,yc639,1000,Rack单体电池电压479,model=4|arg1=bmsdeviceId.BatteryStacks[0].Cluseter[rackId].ClusterCellVoltages.CellVoltages[478]|arg2=|arg3=|arg4=1000
4,10640,u16,16,yc640,1000,Rack单体电池电压480,model=4|arg1=bmsdeviceId.BatteryStacks[0].Cluseter[rackId].ClusterCellVoltages.CellVoltages[479]|arg2=|arg3=|arg4=1000
4,10641,u16,16,yc641,1000,Rack单体电池电压481,model=4|arg1=bmsdeviceId.BatteryStacks[0].Cluseter[rackId].ClusterCellVoltages.CellVoltages[480]|arg2=|arg3=|arg4=1000
4,10642,u16,16,yc642,1000,Rack单体电池电压482,model=4|arg1=bmsdeviceId.BatteryStacks[0].Cluseter[rackId].ClusterCellVoltages.CellVoltages[481]|arg2=|arg3=|arg4=1000
4,10643,u16,16,yc643,1000,Rack单体电池电压483,model=4|arg1=bmsdeviceId.BatteryStacks[0].Cluseter[rackId].ClusterCellVoltages.CellVoltages[482]|arg2=|arg3=|arg4=1000
4,10644,u16,16,yc644,1000,Rack单体电池电压484,model=4|arg1=bmsdeviceId.BatteryStacks[0].Cluseter[rackId].ClusterCellVoltages.CellVoltages[483]|arg2=|arg3=|arg4=1000
4,10645,u16,16,yc645,1000,Rack单体电池电压485,model=4|arg1=bmsdeviceId.BatteryStacks[0].Cluseter[rackId].ClusterCellVoltages.CellVoltages[484]|arg2=|arg3=|arg4=1000
4,10646,u16,16,yc646,1000,Rack单体电池电压486,model=4|arg1=bmsdeviceId.BatteryStacks[0].Cluseter[rackId].ClusterCellVoltages.CellVoltages[485]|arg2=|arg3=|arg4=1000
4,10647,u16,16,yc647,1000,Rack单体电池电压487,model=4|arg1=bmsdeviceId.BatteryStacks[0].Cluseter[rackId].ClusterCellVoltages.CellVoltages[486]|arg2=|arg3=|arg4=1000
4,10648,u16,16,yc648,1000,Rack单体电池电压488,model=4|arg1=bmsdeviceId.BatteryStacks[0].Cluseter[rackId].ClusterCellVoltages.CellVoltages[487]|arg2=|arg3=|arg4=1000
4,10649,u16,16,yc649,1000,Rack单体电池电压489,model=4|arg1=bmsdeviceId.BatteryStacks[0].Cluseter[rackId].ClusterCellVoltages.CellVoltages[488]|arg2=|arg3=|arg4=1000
4,10650,u16,16,yc650,1000,Rack单体电池电压490,model=4|arg1=bmsdeviceId.BatteryStacks[0].Cluseter[rackId].ClusterCellVoltages.CellVoltages[489]|arg2=|arg3=|arg4=1000
4,10651,u16,16,yc651,1000,Rack单体电池电压491,model=4|arg1=bmsdeviceId.BatteryStacks[0].Cluseter[rackId].ClusterCellVoltages.CellVoltages[490]|arg2=|arg3=|arg4=1000
4,10652,u16,16,yc652,1000,Rack单体电池电压492,model=4|arg1=bmsdeviceId.BatteryStacks[0].Cluseter[rackId].ClusterCellVoltages.CellVoltages[491]|arg2=|arg3=|arg4=1000
4,10653,u16,16,yc653,1000,Rack单体电池电压493,model=4|arg1=bmsdeviceId.BatteryStacks[0].Cluseter[rackId].ClusterCellVoltages.CellVoltages[492]|arg2=|arg3=|arg4=1000
4,10654,u16,16,yc654,1000,Rack单体电池电压494,model=4|arg1=bmsdeviceId.BatteryStacks[0].Cluseter[rackId].ClusterCellVoltages.CellVoltages[493]|arg2=|arg3=|arg4=1000
4,10655,u16,16,yc655,1000,Rack单体电池电压495,model=4|arg1=bmsdeviceId.BatteryStacks[0].Cluseter[rackId].ClusterCellVoltages.CellVoltages[494]|arg2=|arg3=|arg4=1000
4,10656,u16,16,yc656,1000,Rack单体电池电压496,model=4|arg1=bmsdeviceId.BatteryStacks[0].Cluseter[rackId].ClusterCellVoltages.CellVoltages[495]|arg2=|arg3=|arg4=1000
4,10657,u16,16,yc657,1000,Rack单体电池电压497,model=4|arg1=bmsdeviceId.BatteryStacks[0].Cluseter[rackId].ClusterCellVoltages.CellVoltages[496]|arg2=|arg3=|arg4=1000
4,10658,u16,16,yc658,1000,Rack单体电池电压498,model=4|arg1=bmsdeviceId.BatteryStacks[0].Cluseter[rackId].ClusterCellVoltages.CellVoltages[497]|arg2=|arg3=|arg4=1000
4,10659,u16,16,yc659,1000,Rack单体电池电压499,model=4|arg1=bmsdeviceId.BatteryStacks[0].Cluseter[rackId].ClusterCellVoltages.CellVoltages[498]|arg2=|arg3=|arg4=1000
4,10660,u16,16,yc660,1000,Rack单体电池电压500,model=4|arg1=bmsdeviceId.BatteryStacks[0].Cluseter[rackId].ClusterCellVoltages.CellVoltages[499]|arg2=|arg3=|arg4=1000
4,10661,u16,16,yc661,1000,Rack单体电池电压501,model=4|arg1=bmsdeviceId.BatteryStacks[0].Cluseter[rackId].ClusterCellVoltages.CellVoltages[500]|arg2=|arg3=|arg4=1000
4,10662,u16,16,yc662,1000,Rack单体电池电压502,model=4|arg1=bmsdeviceId.BatteryStacks[0].Cluseter[rackId].ClusterCellVoltages.CellVoltages[501]|arg2=|arg3=|arg4=1000
4,10663,u16,16,yc663,1000,Rack单体电池电压503,model=4|arg1=bmsdeviceId.BatteryStacks[0].Cluseter[rackId].ClusterCellVoltages.CellVoltages[502]|arg2=|arg3=|arg4=1000
4,10664,u16,16,yc664,1000,Rack单体电池电压504,model=4|arg1=bmsdeviceId.BatteryStacks[0].Cluseter[rackId].ClusterCellVoltages.CellVoltages[503]|arg2=|arg3=|arg4=1000
4,10665,u16,16,yc665,1000,Rack单体电池电压505,model=4|arg1=bmsdeviceId.BatteryStacks[0].Cluseter[rackId].ClusterCellVoltages.CellVoltages[504]|arg2=|arg3=|arg4=1000
4,10666,u16,16,yc666,1000,Rack单体电池电压506,model=4|arg1=bmsdeviceId.BatteryStacks[0].Cluseter[rackId].ClusterCellVoltages.CellVoltages[505]|arg2=|arg3=|arg4=1000
4,10667,u16,16,yc667,1000,Rack单体电池电压507,model=4|arg1=bmsdeviceId.BatteryStacks[0].Cluseter[rackId].ClusterCellVoltages.CellVoltages[506]|arg2=|arg3=|arg4=1000
4,10668,u16,16,yc668,1000,Rack单体电池电压508,model=4|arg1=bmsdeviceId.BatteryStacks[0].Cluseter[rackId].ClusterCellVoltages.CellVoltages[507]|arg2=|arg3=|arg4=1000
4,10669,u16,16,yc669,1000,Rack单体电池电压509,model=4|arg1=bmsdeviceId.BatteryStacks[0].Cluseter[rackId].ClusterCellVoltages.CellVoltages[508]|arg2=|arg3=|arg4=1000
4,10670,u16,16,yc670,1000,Rack单体电池电压510,model=4|arg1=bmsdeviceId.BatteryStacks[0].Cluseter[rackId].ClusterCellVoltages.CellVoltages[509]|arg2=|arg3=|arg4=1000
4,10671,u16,16,yc671,1000,Rack单体电池电压511,model=4|arg1=bmsdeviceId.BatteryStacks[0].Cluseter[rackId].ClusterCellVoltages.CellVoltages[510]|arg2=|arg3=|arg4=1000
4,10672,u16,16,yc672,1000,Rack单体电池电压512,model=4|arg1=bmsdeviceId.BatteryStacks[0].Cluseter[rackId].ClusterCellVoltages.CellVoltages[511]|arg2=|arg3=|arg4=1000
4,10673,int16,16,yc673,100,Rack单体电池温度1,model=4|arg1=bmsdeviceId.BatteryStacks[0].Cluseter[rackId].ClusterCellTemperatures.CellTemperatures[0]|arg2=|arg3=|arg4=1000
4,10674,int16,16,yc674,100,Rack单体电池温度2,model=4|arg1=bmsdeviceId.BatteryStacks[0].Cluseter[rackId].ClusterCellTemperatures.CellTemperatures[1]|arg2=|arg3=|arg4=1000
4,10675,int16,16,yc675,100,Rack单体电池温度3,model=4|arg1=bmsdeviceId.BatteryStacks[0].Cluseter[rackId].ClusterCellTemperatures.CellTemperatures[2]|arg2=|arg3=|arg4=1000
4,10676,int16,16,yc676,100,Rack单体电池温度4,model=4|arg1=bmsdeviceId.BatteryStacks[0].Cluseter[rackId].ClusterCellTemperatures.CellTemperatures[3]|arg2=|arg3=|arg4=1000
4,10677,int16,16,yc677,100,Rack单体电池温度5,model=4|arg1=bmsdeviceId.BatteryStacks[0].Cluseter[rackId].ClusterCellTemperatures.CellTemperatures[4]|arg2=|arg3=|arg4=1000
4,10678,int16,16,yc678,100,Rack单体电池温度6,model=4|arg1=bmsdeviceId.BatteryStacks[0].Cluseter[rackId].ClusterCellTemperatures.CellTemperatures[5]|arg2=|arg3=|arg4=1000
4,10679,int16,16,yc679,100,Rack单体电池温度7,model=4|arg1=bmsdeviceId.BatteryStacks[0].Cluseter[rackId].ClusterCellTemperatures.CellTemperatures[6]|arg2=|arg3=|arg4=1000
4,10680,int16,16,yc680,100,Rack单体电池温度8,model=4|arg1=bmsdeviceId.BatteryStacks[0].Cluseter[rackId].ClusterCellTemperatures.CellTemperatures[7]|arg2=|arg3=|arg4=1000
4,10681,int16,16,yc681,100,Rack单体电池温度9,model=4|arg1=bmsdeviceId.BatteryStacks[0].Cluseter[rackId].ClusterCellTemperatures.CellTemperatures[8]|arg2=|arg3=|arg4=1000
4,10682,int16,16,yc682,100,Rack单体电池温度10,model=4|arg1=bmsdeviceId.BatteryStacks[0].Cluseter[rackId].ClusterCellTemperatures.CellTemperatures[9]|arg2=|arg3=|arg4=1000
4,10683,int16,16,yc683,100,Rack单体电池温度11,model=4|arg1=bmsdeviceId.BatteryStacks[0].Cluseter[rackId].ClusterCellTemperatures.CellTemperatures[10]|arg2=|arg3=|arg4=1000
4,10684,int16,16,yc684,100,Rack单体电池温度12,model=4|arg1=bmsdeviceId.BatteryStacks[0].Cluseter[rackId].ClusterCellTemperatures.CellTemperatures[11]|arg2=|arg3=|arg4=1000
4,10685,int16,16,yc685,100,Rack单体电池温度13,model=4|arg1=bmsdeviceId.BatteryStacks[0].Cluseter[rackId].ClusterCellTemperatures.CellTemperatures[12]|arg2=|arg3=|arg4=1000
4,10686,int16,16,yc686,100,Rack单体电池温度14,model=4|arg1=bmsdeviceId.BatteryStacks[0].Cluseter[rackId].ClusterCellTemperatures.CellTemperatures[13]|arg2=|arg3=|arg4=1000
4,10687,int16,16,yc687,100,Rack单体电池温度15,model=4|arg1=bmsdeviceId.BatteryStacks[0].Cluseter[rackId].ClusterCellTemperatures.CellTemperatures[14]|arg2=|arg3=|arg4=1000
4,10688,int16,16,yc688,100,Rack单体电池温度16,model=4|arg1=bmsdeviceId.BatteryStacks[0].Cluseter[rackId].ClusterCellTemperatures.CellTemperatures[15]|arg2=|arg3=|arg4=1000
4,10689,int16,16,yc689,100,Rack单体电池温度17,model=4|arg1=bmsdeviceId.BatteryStacks[0].Cluseter[rackId].ClusterCellTemperatures.CellTemperatures[16]|arg2=|arg3=|arg4=1000
4,10690,int16,16,yc690,100,Rack单体电池温度18,model=4|arg1=bmsdeviceId.BatteryStacks[0].Cluseter[rackId].ClusterCellTemperatures.CellTemperatures[17]|arg2=|arg3=|arg4=1000
4,10691,int16,16,yc691,100,Rack单体电池温度19,model=4|arg1=bmsdeviceId.BatteryStacks[0].Cluseter[rackId].ClusterCellTemperatures.CellTemperatures[18]|arg2=|arg3=|arg4=1000
4,10692,int16,16,yc692,100,Rack单体电池温度20,model=4|arg1=bmsdeviceId.BatteryStacks[0].Cluseter[rackId].ClusterCellTemperatures.CellTemperatures[19]|arg2=|arg3=|arg4=1000
4,10693,int16,16,yc693,100,Rack单体电池温度21,model=4|arg1=bmsdeviceId.BatteryStacks[0].Cluseter[rackId].ClusterCellTemperatures.CellTemperatures[20]|arg2=|arg3=|arg4=1000
4,10694,int16,16,yc694,100,Rack单体电池温度22,model=4|arg1=bmsdeviceId.BatteryStacks[0].Cluseter[rackId].ClusterCellTemperatures.CellTemperatures[21]|arg2=|arg3=|arg4=1000
4,10695,int16,16,yc695,100,Rack单体电池温度23,model=4|arg1=bmsdeviceId.BatteryStacks[0].Cluseter[rackId].ClusterCellTemperatures.CellTemperatures[22]|arg2=|arg3=|arg4=1000
4,10696,int16,16,yc696,100,Rack单体电池温度24,model=4|arg1=bmsdeviceId.BatteryStacks[0].Cluseter[rackId].ClusterCellTemperatures.CellTemperatures[23]|arg2=|arg3=|arg4=1000
4,10697,int16,16,yc697,100,Rack单体电池温度25,model=4|arg1=bmsdeviceId.BatteryStacks[0].Cluseter[rackId].ClusterCellTemperatures.CellTemperatures[24]|arg2=|arg3=|arg4=1000
4,10698,int16,16,yc698,100,Rack单体电池温度26,model=4|arg1=bmsdeviceId.BatteryStacks[0].Cluseter[rackId].ClusterCellTemperatures.CellTemperatures[25]|arg2=|arg3=|arg4=1000
4,10699,int16,16,yc699,100,Rack单体电池温度27,model=4|arg1=bmsdeviceId.BatteryStacks[0].Cluseter[rackId].ClusterCellTemperatures.CellTemperatures[26]|arg2=|arg3=|arg4=1000
4,10700,int16,16,yc700,100,Rack单体电池温度28,model=4|arg1=bmsdeviceId.BatteryStacks[0].Cluseter[rackId].ClusterCellTemperatures.CellTemperatures[27]|arg2=|arg3=|arg4=1000
4,10701,int16,16,yc701,100,Rack单体电池温度29,model=4|arg1=bmsdeviceId.BatteryStacks[0].Cluseter[rackId].ClusterCellTemperatures.CellTemperatures[28]|arg2=|arg3=|arg4=1000
4,10702,int16,16,yc702,100,Rack单体电池温度30,model=4|arg1=bmsdeviceId.BatteryStacks[0].Cluseter[rackId].ClusterCellTemperatures.CellTemperatures[29]|arg2=|arg3=|arg4=1000
4,10703,int16,16,yc703,100,Rack单体电池温度31,model=4|arg1=bmsdeviceId.BatteryStacks[0].Cluseter[rackId].ClusterCellTemperatures.CellTemperatures[30]|arg2=|arg3=|arg4=1000
4,10704,int16,16,yc704,100,Rack单体电池温度32,model=4|arg1=bmsdeviceId.BatteryStacks[0].Cluseter[rackId].ClusterCellTemperatures.CellTemperatures[31]|arg2=|arg3=|arg4=1000
4,10705,int16,16,yc705,100,Rack单体电池温度33,model=4|arg1=bmsdeviceId.BatteryStacks[0].Cluseter[rackId].ClusterCellTemperatures.CellTemperatures[32]|arg2=|arg3=|arg4=1000
4,10706,int16,16,yc706,100,Rack单体电池温度34,model=4|arg1=bmsdeviceId.BatteryStacks[0].Cluseter[rackId].ClusterCellTemperatures.CellTemperatures[33]|arg2=|arg3=|arg4=1000
4,10707,int16,16,yc707,100,Rack单体电池温度35,model=4|arg1=bmsdeviceId.BatteryStacks[0].Cluseter[rackId].ClusterCellTemperatures.CellTemperatures[34]|arg2=|arg3=|arg4=1000
4,10708,int16,16,yc708,100,Rack单体电池温度36,model=4|arg1=bmsdeviceId.BatteryStacks[0].Cluseter[rackId].ClusterCellTemperatures.CellTemperatures[35]|arg2=|arg3=|arg4=1000
4,10709,int16,16,yc709,100,Rack单体电池温度37,model=4|arg1=bmsdeviceId.BatteryStacks[0].Cluseter[rackId].ClusterCellTemperatures.CellTemperatures[36]|arg2=|arg3=|arg4=1000
4,10710,int16,16,yc710,100,Rack单体电池温度38,model=4|arg1=bmsdeviceId.BatteryStacks[0].Cluseter[rackId].ClusterCellTemperatures.CellTemperatures[37]|arg2=|arg3=|arg4=1000
4,10711,int16,16,yc711,100,Rack单体电池温度39,model=4|arg1=bmsdeviceId.BatteryStacks[0].Cluseter[rackId].ClusterCellTemperatures.CellTemperatures[38]|arg2=|arg3=|arg4=1000
4,10712,int16,16,yc712,100,Rack单体电池温度40,model=4|arg1=bmsdeviceId.BatteryStacks[0].Cluseter[rackId].ClusterCellTemperatures.CellTemperatures[39]|arg2=|arg3=|arg4=1000
4,10713,int16,16,yc713,100,Rack单体电池温度41,model=4|arg1=bmsdeviceId.BatteryStacks[0].Cluseter[rackId].ClusterCellTemperatures.CellTemperatures[40]|arg2=|arg3=|arg4=1000
4,10714,int16,16,yc714,100,Rack单体电池温度42,model=4|arg1=bmsdeviceId.BatteryStacks[0].Cluseter[rackId].ClusterCellTemperatures.CellTemperatures[41]|arg2=|arg3=|arg4=1000
4,10715,int16,16,yc715,100,Rack单体电池温度43,model=4|arg1=bmsdeviceId.BatteryStacks[0].Cluseter[rackId].ClusterCellTemperatures.CellTemperatures[42]|arg2=|arg3=|arg4=1000
4,10716,int16,16,yc716,100,Rack单体电池温度44,model=4|arg1=bmsdeviceId.BatteryStacks[0].Cluseter[rackId].ClusterCellTemperatures.CellTemperatures[43]|arg2=|arg3=|arg4=1000
4,10717,int16,16,yc717,100,Rack单体电池温度45,model=4|arg1=bmsdeviceId.BatteryStacks[0].Cluseter[rackId].ClusterCellTemperatures.CellTemperatures[44]|arg2=|arg3=|arg4=1000
4,10718,int16,16,yc718,100,Rack单体电池温度46,model=4|arg1=bmsdeviceId.BatteryStacks[0].Cluseter[rackId].ClusterCellTemperatures.CellTemperatures[45]|arg2=|arg3=|arg4=1000
4,10719,int16,16,yc719,100,Rack单体电池温度47,model=4|arg1=bmsdeviceId.BatteryStacks[0].Cluseter[rackId].ClusterCellTemperatures.CellTemperatures[46]|arg2=|arg3=|arg4=1000
4,10720,int16,16,yc720,100,Rack单体电池温度48,model=4|arg1=bmsdeviceId.BatteryStacks[0].Cluseter[rackId].ClusterCellTemperatures.CellTemperatures[47]|arg2=|arg3=|arg4=1000
4,10721,int16,16,yc721,100,Rack单体电池温度49,model=4|arg1=bmsdeviceId.BatteryStacks[0].Cluseter[rackId].ClusterCellTemperatures.CellTemperatures[48]|arg2=|arg3=|arg4=1000
4,10722,int16,16,yc722,100,Rack单体电池温度50,model=4|arg1=bmsdeviceId.BatteryStacks[0].Cluseter[rackId].ClusterCellTemperatures.CellTemperatures[49]|arg2=|arg3=|arg4=1000
4,10723,int16,16,yc723,100,Rack单体电池温度51,model=4|arg1=bmsdeviceId.BatteryStacks[0].Cluseter[rackId].ClusterCellTemperatures.CellTemperatures[50]|arg2=|arg3=|arg4=1000
4,10724,int16,16,yc724,100,Rack单体电池温度52,model=4|arg1=bmsdeviceId.BatteryStacks[0].Cluseter[rackId].ClusterCellTemperatures.CellTemperatures[51]|arg2=|arg3=|arg4=1000
4,10725,int16,16,yc725,100,Rack单体电池温度53,model=4|arg1=bmsdeviceId.BatteryStacks[0].Cluseter[rackId].ClusterCellTemperatures.CellTemperatures[52]|arg2=|arg3=|arg4=1000
4,10726,int16,16,yc726,100,Rack单体电池温度54,model=4|arg1=bmsdeviceId.BatteryStacks[0].Cluseter[rackId].ClusterCellTemperatures.CellTemperatures[53]|arg2=|arg3=|arg4=1000
4,10727,int16,16,yc727,100,Rack单体电池温度55,model=4|arg1=bmsdeviceId.BatteryStacks[0].Cluseter[rackId].ClusterCellTemperatures.CellTemperatures[54]|arg2=|arg3=|arg4=1000
4,10728,int16,16,yc728,100,Rack单体电池温度56,model=4|arg1=bmsdeviceId.BatteryStacks[0].Cluseter[rackId].ClusterCellTemperatures.CellTemperatures[55]|arg2=|arg3=|arg4=1000
4,10729,int16,16,yc729,100,Rack单体电池温度57,model=4|arg1=bmsdeviceId.BatteryStacks[0].Cluseter[rackId].ClusterCellTemperatures.CellTemperatures[56]|arg2=|arg3=|arg4=1000
4,10730,int16,16,yc730,100,Rack单体电池温度58,model=4|arg1=bmsdeviceId.BatteryStacks[0].Cluseter[rackId].ClusterCellTemperatures.CellTemperatures[57]|arg2=|arg3=|arg4=1000
4,10731,int16,16,yc731,100,Rack单体电池温度59,model=4|arg1=bmsdeviceId.BatteryStacks[0].Cluseter[rackId].ClusterCellTemperatures.CellTemperatures[58]|arg2=|arg3=|arg4=1000
4,10732,int16,16,yc732,100,Rack单体电池温度60,model=4|arg1=bmsdeviceId.BatteryStacks[0].Cluseter[rackId].ClusterCellTemperatures.CellTemperatures[59]|arg2=|arg3=|arg4=1000
4,10733,int16,16,yc733,100,Rack单体电池温度61,model=4|arg1=bmsdeviceId.BatteryStacks[0].Cluseter[rackId].ClusterCellTemperatures.CellTemperatures[60]|arg2=|arg3=|arg4=1000
4,10734,int16,16,yc734,100,Rack单体电池温度62,model=4|arg1=bmsdeviceId.BatteryStacks[0].Cluseter[rackId].ClusterCellTemperatures.CellTemperatures[61]|arg2=|arg3=|arg4=1000
4,10735,int16,16,yc735,100,Rack单体电池温度63,model=4|arg1=bmsdeviceId.BatteryStacks[0].Cluseter[rackId].ClusterCellTemperatures.CellTemperatures[62]|arg2=|arg3=|arg4=1000
4,10736,int16,16,yc736,100,Rack单体电池温度64,model=4|arg1=bmsdeviceId.BatteryStacks[0].Cluseter[rackId].ClusterCellTemperatures.CellTemperatures[63]|arg2=|arg3=|arg4=1000
4,10737,int16,16,yc737,100,Rack单体电池温度65,model=4|arg1=bmsdeviceId.BatteryStacks[0].Cluseter[rackId].ClusterCellTemperatures.CellTemperatures[64]|arg2=|arg3=|arg4=1000
4,10738,int16,16,yc738,100,Rack单体电池温度66,model=4|arg1=bmsdeviceId.BatteryStacks[0].Cluseter[rackId].ClusterCellTemperatures.CellTemperatures[65]|arg2=|arg3=|arg4=1000
4,10739,int16,16,yc739,100,Rack单体电池温度67,model=4|arg1=bmsdeviceId.BatteryStacks[0].Cluseter[rackId].ClusterCellTemperatures.CellTemperatures[66]|arg2=|arg3=|arg4=1000
4,10740,int16,16,yc740,100,Rack单体电池温度68,model=4|arg1=bmsdeviceId.BatteryStacks[0].Cluseter[rackId].ClusterCellTemperatures.CellTemperatures[67]|arg2=|arg3=|arg4=1000
4,10741,int16,16,yc741,100,Rack单体电池温度69,model=4|arg1=bmsdeviceId.BatteryStacks[0].Cluseter[rackId].ClusterCellTemperatures.CellTemperatures[68]|arg2=|arg3=|arg4=1000
4,10742,int16,16,yc742,100,Rack单体电池温度70,model=4|arg1=bmsdeviceId.BatteryStacks[0].Cluseter[rackId].ClusterCellTemperatures.CellTemperatures[69]|arg2=|arg3=|arg4=1000
4,10743,int16,16,yc743,100,Rack单体电池温度71,model=4|arg1=bmsdeviceId.BatteryStacks[0].Cluseter[rackId].ClusterCellTemperatures.CellTemperatures[70]|arg2=|arg3=|arg4=1000
4,10744,int16,16,yc744,100,Rack单体电池温度72,model=4|arg1=bmsdeviceId.BatteryStacks[0].Cluseter[rackId].ClusterCellTemperatures.CellTemperatures[71]|arg2=|arg3=|arg4=1000
4,10745,int16,16,yc745,100,Rack单体电池温度73,model=4|arg1=bmsdeviceId.BatteryStacks[0].Cluseter[rackId].ClusterCellTemperatures.CellTemperatures[72]|arg2=|arg3=|arg4=1000
4,10746,int16,16,yc746,100,Rack单体电池温度74,model=4|arg1=bmsdeviceId.BatteryStacks[0].Cluseter[rackId].ClusterCellTemperatures.CellTemperatures[73]|arg2=|arg3=|arg4=1000
4,10747,int16,16,yc747,100,Rack单体电池温度75,model=4|arg1=bmsdeviceId.BatteryStacks[0].Cluseter[rackId].ClusterCellTemperatures.CellTemperatures[74]|arg2=|arg3=|arg4=1000
4,10748,int16,16,yc748,100,Rack单体电池温度76,model=4|arg1=bmsdeviceId.BatteryStacks[0].Cluseter[rackId].ClusterCellTemperatures.CellTemperatures[75]|arg2=|arg3=|arg4=1000
4,10749,int16,16,yc749,100,Rack单体电池温度77,model=4|arg1=bmsdeviceId.BatteryStacks[0].Cluseter[rackId].ClusterCellTemperatures.CellTemperatures[76]|arg2=|arg3=|arg4=1000
4,10750,int16,16,yc750,100,Rack单体电池温度78,model=4|arg1=bmsdeviceId.BatteryStacks[0].Cluseter[rackId].ClusterCellTemperatures.CellTemperatures[77]|arg2=|arg3=|arg4=1000
4,10751,int16,16,yc751,100,Rack单体电池温度79,model=4|arg1=bmsdeviceId.BatteryStacks[0].Cluseter[rackId].ClusterCellTemperatures.CellTemperatures[78]|arg2=|arg3=|arg4=1000
4,10752,int16,16,yc752,100,Rack单体电池温度80,model=4|arg1=bmsdeviceId.BatteryStacks[0].Cluseter[rackId].ClusterCellTemperatures.CellTemperatures[79]|arg2=|arg3=|arg4=1000
4,10753,int16,16,yc753,100,Rack单体电池温度81,model=4|arg1=bmsdeviceId.BatteryStacks[0].Cluseter[rackId].ClusterCellTemperatures.CellTemperatures[80]|arg2=|arg3=|arg4=1000
4,10754,int16,16,yc754,100,Rack单体电池温度82,model=4|arg1=bmsdeviceId.BatteryStacks[0].Cluseter[rackId].ClusterCellTemperatures.CellTemperatures[81]|arg2=|arg3=|arg4=1000
4,10755,int16,16,yc755,100,Rack单体电池温度83,model=4|arg1=bmsdeviceId.BatteryStacks[0].Cluseter[rackId].ClusterCellTemperatures.CellTemperatures[82]|arg2=|arg3=|arg4=1000
4,10756,int16,16,yc756,100,Rack单体电池温度84,model=4|arg1=bmsdeviceId.BatteryStacks[0].Cluseter[rackId].ClusterCellTemperatures.CellTemperatures[83]|arg2=|arg3=|arg4=1000
4,10757,int16,16,yc757,100,Rack单体电池温度85,model=4|arg1=bmsdeviceId.BatteryStacks[0].Cluseter[rackId].ClusterCellTemperatures.CellTemperatures[84]|arg2=|arg3=|arg4=1000
4,10758,int16,16,yc758,100,Rack单体电池温度86,model=4|arg1=bmsdeviceId.BatteryStacks[0].Cluseter[rackId].ClusterCellTemperatures.CellTemperatures[85]|arg2=|arg3=|arg4=1000
4,10759,int16,16,yc759,100,Rack单体电池温度87,model=4|arg1=bmsdeviceId.BatteryStacks[0].Cluseter[rackId].ClusterCellTemperatures.CellTemperatures[86]|arg2=|arg3=|arg4=1000
4,10760,int16,16,yc760,100,Rack单体电池温度88,model=4|arg1=bmsdeviceId.BatteryStacks[0].Cluseter[rackId].ClusterCellTemperatures.CellTemperatures[87]|arg2=|arg3=|arg4=1000
4,10761,int16,16,yc761,100,Rack单体电池温度89,model=4|arg1=bmsdeviceId.BatteryStacks[0].Cluseter[rackId].ClusterCellTemperatures.CellTemperatures[88]|arg2=|arg3=|arg4=1000
4,10762,int16,16,yc762,100,Rack单体电池温度90,model=4|arg1=bmsdeviceId.BatteryStacks[0].Cluseter[rackId].ClusterCellTemperatures.CellTemperatures[89]|arg2=|arg3=|arg4=1000
4,10763,int16,16,yc763,100,Rack单体电池温度91,model=4|arg1=bmsdeviceId.BatteryStacks[0].Cluseter[rackId].ClusterCellTemperatures.CellTemperatures[90]|arg2=|arg3=|arg4=1000
4,10764,int16,16,yc764,100,Rack单体电池温度92,model=4|arg1=bmsdeviceId.BatteryStacks[0].Cluseter[rackId].ClusterCellTemperatures.CellTemperatures[91]|arg2=|arg3=|arg4=1000
4,10765,int16,16,yc765,100,Rack单体电池温度93,model=4|arg1=bmsdeviceId.BatteryStacks[0].Cluseter[rackId].ClusterCellTemperatures.CellTemperatures[92]|arg2=|arg3=|arg4=1000
4,10766,int16,16,yc766,100,Rack单体电池温度94,model=4|arg1=bmsdeviceId.BatteryStacks[0].Cluseter[rackId].ClusterCellTemperatures.CellTemperatures[93]|arg2=|arg3=|arg4=1000
4,10767,int16,16,yc767,100,Rack单体电池温度95,model=4|arg1=bmsdeviceId.BatteryStacks[0].Cluseter[rackId].ClusterCellTemperatures.CellTemperatures[94]|arg2=|arg3=|arg4=1000
4,10768,int16,16,yc768,100,Rack单体电池温度96,model=4|arg1=bmsdeviceId.BatteryStacks[0].Cluseter[rackId].ClusterCellTemperatures.CellTemperatures[95]|arg2=|arg3=|arg4=1000
4,10769,int16,16,yc769,100,Rack单体电池温度97,model=4|arg1=bmsdeviceId.BatteryStacks[0].Cluseter[rackId].ClusterCellTemperatures.CellTemperatures[96]|arg2=|arg3=|arg4=1000
4,10770,int16,16,yc770,100,Rack单体电池温度98,model=4|arg1=bmsdeviceId.BatteryStacks[0].Cluseter[rackId].ClusterCellTemperatures.CellTemperatures[97]|arg2=|arg3=|arg4=1000
4,10771,int16,16,yc771,100,Rack单体电池温度99,model=4|arg1=bmsdeviceId.BatteryStacks[0].Cluseter[rackId].ClusterCellTemperatures.CellTemperatures[98]|arg2=|arg3=|arg4=1000
4,10772,int16,16,yc772,100,Rack单体电池温度100,model=4|arg1=bmsdeviceId.BatteryStacks[0].Cluseter[rackId].ClusterCellTemperatures.CellTemperatures[99]|arg2=|arg3=|arg4=1000
4,10773,int16,16,yc773,100,Rack单体电池温度101,model=4|arg1=bmsdeviceId.BatteryStacks[0].Cluseter[rackId].ClusterCellTemperatures.CellTemperatures[100]|arg2=|arg3=|arg4=1000
4,10774,int16,16,yc774,100,Rack单体电池温度102,model=4|arg1=bmsdeviceId.BatteryStacks[0].Cluseter[rackId].ClusterCellTemperatures.CellTemperatures[101]|arg2=|arg3=|arg4=1000
4,10775,int16,16,yc775,100,Rack单体电池温度103,model=4|arg1=bmsdeviceId.BatteryStacks[0].Cluseter[rackId].ClusterCellTemperatures.CellTemperatures[102]|arg2=|arg3=|arg4=1000
4,10776,int16,16,yc776,100,Rack单体电池温度104,model=4|arg1=bmsdeviceId.BatteryStacks[0].Cluseter[rackId].ClusterCellTemperatures.CellTemperatures[103]|arg2=|arg3=|arg4=1000
4,10777,int16,16,yc777,100,Rack单体电池温度105,model=4|arg1=bmsdeviceId.BatteryStacks[0].Cluseter[rackId].ClusterCellTemperatures.CellTemperatures[104]|arg2=|arg3=|arg4=1000
4,10778,int16,16,yc778,100,Rack单体电池温度106,model=4|arg1=bmsdeviceId.BatteryStacks[0].Cluseter[rackId].ClusterCellTemperatures.CellTemperatures[105]|arg2=|arg3=|arg4=1000
4,10779,int16,16,yc779,100,Rack单体电池温度107,model=4|arg1=bmsdeviceId.BatteryStacks[0].Cluseter[rackId].ClusterCellTemperatures.CellTemperatures[106]|arg2=|arg3=|arg4=1000
4,10780,int16,16,yc780,100,Rack单体电池温度108,model=4|arg1=bmsdeviceId.BatteryStacks[0].Cluseter[rackId].ClusterCellTemperatures.CellTemperatures[107]|arg2=|arg3=|arg4=1000
4,10781,int16,16,yc781,100,Rack单体电池温度109,model=4|arg1=bmsdeviceId.BatteryStacks[0].Cluseter[rackId].ClusterCellTemperatures.CellTemperatures[108]|arg2=|arg3=|arg4=1000
4,10782,int16,16,yc782,100,Rack单体电池温度110,model=4|arg1=bmsdeviceId.BatteryStacks[0].Cluseter[rackId].ClusterCellTemperatures.CellTemperatures[109]|arg2=|arg3=|arg4=1000
4,10783,int16,16,yc783,100,Rack单体电池温度111,model=4|arg1=bmsdeviceId.BatteryStacks[0].Cluseter[rackId].ClusterCellTemperatures.CellTemperatures[110]|arg2=|arg3=|arg4=1000
4,10784,int16,16,yc784,100,Rack单体电池温度112,model=4|arg1=bmsdeviceId.BatteryStacks[0].Cluseter[rackId].ClusterCellTemperatures.CellTemperatures[111]|arg2=|arg3=|arg4=1000
4,10785,int16,16,yc785,100,Rack单体电池温度113,model=4|arg1=bmsdeviceId.BatteryStacks[0].Cluseter[rackId].ClusterCellTemperatures.CellTemperatures[112]|arg2=|arg3=|arg4=1000
4,10786,int16,16,yc786,100,Rack单体电池温度114,model=4|arg1=bmsdeviceId.BatteryStacks[0].Cluseter[rackId].ClusterCellTemperatures.CellTemperatures[113]|arg2=|arg3=|arg4=1000
4,10787,int16,16,yc787,100,Rack单体电池温度115,model=4|arg1=bmsdeviceId.BatteryStacks[0].Cluseter[rackId].ClusterCellTemperatures.CellTemperatures[114]|arg2=|arg3=|arg4=1000
4,10788,int16,16,yc788,100,Rack单体电池温度116,model=4|arg1=bmsdeviceId.BatteryStacks[0].Cluseter[rackId].ClusterCellTemperatures.CellTemperatures[115]|arg2=|arg3=|arg4=1000
4,10789,int16,16,yc789,100,Rack单体电池温度117,model=4|arg1=bmsdeviceId.BatteryStacks[0].Cluseter[rackId].ClusterCellTemperatures.CellTemperatures[116]|arg2=|arg3=|arg4=1000
4,10790,int16,16,yc790,100,Rack单体电池温度118,model=4|arg1=bmsdeviceId.BatteryStacks[0].Cluseter[rackId].ClusterCellTemperatures.CellTemperatures[117]|arg2=|arg3=|arg4=1000
4,10791,int16,16,yc791,100,Rack单体电池温度119,model=4|arg1=bmsdeviceId.BatteryStacks[0].Cluseter[rackId].ClusterCellTemperatures.CellTemperatures[118]|arg2=|arg3=|arg4=1000
4,10792,int16,16,yc792,100,Rack单体电池温度120,model=4|arg1=bmsdeviceId.BatteryStacks[0].Cluseter[rackId].ClusterCellTemperatures.CellTemperatures[119]|arg2=|arg3=|arg4=1000
4,10793,int16,16,yc793,100,Rack单体电池温度121,model=4|arg1=bmsdeviceId.BatteryStacks[0].Cluseter[rackId].ClusterCellTemperatures.CellTemperatures[120]|arg2=|arg3=|arg4=1000
4,10794,int16,16,yc794,100,Rack单体电池温度122,model=4|arg1=bmsdeviceId.BatteryStacks[0].Cluseter[rackId].ClusterCellTemperatures.CellTemperatures[121]|arg2=|arg3=|arg4=1000
4,10795,int16,16,yc795,100,Rack单体电池温度123,model=4|arg1=bmsdeviceId.BatteryStacks[0].Cluseter[rackId].ClusterCellTemperatures.CellTemperatures[122]|arg2=|arg3=|arg4=1000
4,10796,int16,16,yc796,100,Rack单体电池温度124,model=4|arg1=bmsdeviceId.BatteryStacks[0].Cluseter[rackId].ClusterCellTemperatures.CellTemperatures[123]|arg2=|arg3=|arg4=1000
4,10797,int16,16,yc797,100,Rack单体电池温度125,model=4|arg1=bmsdeviceId.BatteryStacks[0].Cluseter[rackId].ClusterCellTemperatures.CellTemperatures[124]|arg2=|arg3=|arg4=1000
4,10798,int16,16,yc798,100,Rack单体电池温度126,model=4|arg1=bmsdeviceId.BatteryStacks[0].Cluseter[rackId].ClusterCellTemperatures.CellTemperatures[125]|arg2=|arg3=|arg4=1000
4,10799,int16,16,yc799,100,Rack单体电池温度127,model=4|arg1=bmsdeviceId.BatteryStacks[0].Cluseter[rackId].ClusterCellTemperatures.CellTemperatures[126]|arg2=|arg3=|arg4=1000
4,10800,int16,16,yc800,100,Rack单体电池温度128,model=4|arg1=bmsdeviceId.BatteryStacks[0].Cluseter[rackId].ClusterCellTemperatures.CellTemperatures[127]|arg2=|arg3=|arg4=1000
4,10801,int16,16,yc801,100,Rack单体电池温度129,model=4|arg1=bmsdeviceId.BatteryStacks[0].Cluseter[rackId].ClusterCellTemperatures.CellTemperatures[128]|arg2=|arg3=|arg4=1000
4,10802,int16,16,yc802,100,Rack单体电池温度130,model=4|arg1=bmsdeviceId.BatteryStacks[0].Cluseter[rackId].ClusterCellTemperatures.CellTemperatures[129]|arg2=|arg3=|arg4=1000
4,10803,int16,16,yc803,100,Rack单体电池温度131,model=4|arg1=bmsdeviceId.BatteryStacks[0].Cluseter[rackId].ClusterCellTemperatures.CellTemperatures[130]|arg2=|arg3=|arg4=1000
4,10804,int16,16,yc804,100,Rack单体电池温度132,model=4|arg1=bmsdeviceId.BatteryStacks[0].Cluseter[rackId].ClusterCellTemperatures.CellTemperatures[131]|arg2=|arg3=|arg4=1000
4,10805,int16,16,yc805,100,Rack单体电池温度133,model=4|arg1=bmsdeviceId.BatteryStacks[0].Cluseter[rackId].ClusterCellTemperatures.CellTemperatures[132]|arg2=|arg3=|arg4=1000
4,10806,int16,16,yc806,100,Rack单体电池温度134,model=4|arg1=bmsdeviceId.BatteryStacks[0].Cluseter[rackId].ClusterCellTemperatures.CellTemperatures[133]|arg2=|arg3=|arg4=1000
4,10807,int16,16,yc807,100,Rack单体电池温度135,model=4|arg1=bmsdeviceId.BatteryStacks[0].Cluseter[rackId].ClusterCellTemperatures.CellTemperatures[134]|arg2=|arg3=|arg4=1000
4,10808,int16,16,yc808,100,Rack单体电池温度136,model=4|arg1=bmsdeviceId.BatteryStacks[0].Cluseter[rackId].ClusterCellTemperatures.CellTemperatures[135]|arg2=|arg3=|arg4=1000
4,10809,int16,16,yc809,100,Rack单体电池温度137,model=4|arg1=bmsdeviceId.BatteryStacks[0].Cluseter[rackId].ClusterCellTemperatures.CellTemperatures[136]|arg2=|arg3=|arg4=1000
4,10810,int16,16,yc810,100,Rack单体电池温度138,model=4|arg1=bmsdeviceId.BatteryStacks[0].Cluseter[rackId].ClusterCellTemperatures.CellTemperatures[137]|arg2=|arg3=|arg4=1000
4,10811,int16,16,yc811,100,Rack单体电池温度139,model=4|arg1=bmsdeviceId.BatteryStacks[0].Cluseter[rackId].ClusterCellTemperatures.CellTemperatures[138]|arg2=|arg3=|arg4=1000
4,10812,int16,16,yc812,100,Rack单体电池温度140,model=4|arg1=bmsdeviceId.BatteryStacks[0].Cluseter[rackId].ClusterCellTemperatures.CellTemperatures[139]|arg2=|arg3=|arg4=1000
4,10813,int16,16,yc813,100,Rack单体电池温度141,model=4|arg1=bmsdeviceId.BatteryStacks[0].Cluseter[rackId].ClusterCellTemperatures.CellTemperatures[140]|arg2=|arg3=|arg4=1000
4,10814,int16,16,yc814,100,Rack单体电池温度142,model=4|arg1=bmsdeviceId.BatteryStacks[0].Cluseter[rackId].ClusterCellTemperatures.CellTemperatures[141]|arg2=|arg3=|arg4=1000
4,10815,int16,16,yc815,100,Rack单体电池温度143,model=4|arg1=bmsdeviceId.BatteryStacks[0].Cluseter[rackId].ClusterCellTemperatures.CellTemperatures[142]|arg2=|arg3=|arg4=1000
4,10816,int16,16,yc816,100,Rack单体电池温度144,model=4|arg1=bmsdeviceId.BatteryStacks[0].Cluseter[rackId].ClusterCellTemperatures.CellTemperatures[143]|arg2=|arg3=|arg4=1000
4,10817,int16,16,yc817,100,Rack单体电池温度145,model=4|arg1=bmsdeviceId.BatteryStacks[0].Cluseter[rackId].ClusterCellTemperatures.CellTemperatures[144]|arg2=|arg3=|arg4=1000
4,10818,int16,16,yc818,100,Rack单体电池温度146,model=4|arg1=bmsdeviceId.BatteryStacks[0].Cluseter[rackId].ClusterCellTemperatures.CellTemperatures[145]|arg2=|arg3=|arg4=1000
4,10819,int16,16,yc819,100,Rack单体电池温度147,model=4|arg1=bmsdeviceId.BatteryStacks[0].Cluseter[rackId].ClusterCellTemperatures.CellTemperatures[146]|arg2=|arg3=|arg4=1000
4,10820,int16,16,yc820,100,Rack单体电池温度148,model=4|arg1=bmsdeviceId.BatteryStacks[0].Cluseter[rackId].ClusterCellTemperatures.CellTemperatures[147]|arg2=|arg3=|arg4=1000
4,10821,int16,16,yc821,100,Rack单体电池温度149,model=4|arg1=bmsdeviceId.BatteryStacks[0].Cluseter[rackId].ClusterCellTemperatures.CellTemperatures[148]|arg2=|arg3=|arg4=1000
4,10822,int16,16,yc822,100,Rack单体电池温度150,model=4|arg1=bmsdeviceId.BatteryStacks[0].Cluseter[rackId].ClusterCellTemperatures.CellTemperatures[149]|arg2=|arg3=|arg4=1000
4,10823,int16,16,yc823,100,Rack单体电池温度151,model=4|arg1=bmsdeviceId.BatteryStacks[0].Cluseter[rackId].ClusterCellTemperatures.CellTemperatures[150]|arg2=|arg3=|arg4=1000
4,10824,int16,16,yc824,100,Rack单体电池温度152,model=4|arg1=bmsdeviceId.BatteryStacks[0].Cluseter[rackId].ClusterCellTemperatures.CellTemperatures[151]|arg2=|arg3=|arg4=1000
4,10825,int16,16,yc825,100,Rack单体电池温度153,model=4|arg1=bmsdeviceId.BatteryStacks[0].Cluseter[rackId].ClusterCellTemperatures.CellTemperatures[152]|arg2=|arg3=|arg4=1000
4,10826,int16,16,yc826,100,Rack单体电池温度154,model=4|arg1=bmsdeviceId.BatteryStacks[0].Cluseter[rackId].ClusterCellTemperatures.CellTemperatures[153]|arg2=|arg3=|arg4=1000
4,10827,int16,16,yc827,100,Rack单体电池温度155,model=4|arg1=bmsdeviceId.BatteryStacks[0].Cluseter[rackId].ClusterCellTemperatures.CellTemperatures[154]|arg2=|arg3=|arg4=1000
4,10828,int16,16,yc828,100,Rack单体电池温度156,model=4|arg1=bmsdeviceId.BatteryStacks[0].Cluseter[rackId].ClusterCellTemperatures.CellTemperatures[155]|arg2=|arg3=|arg4=1000
4,10829,int16,16,yc829,100,Rack单体电池温度157,model=4|arg1=bmsdeviceId.BatteryStacks[0].Cluseter[rackId].ClusterCellTemperatures.CellTemperatures[156]|arg2=|arg3=|arg4=1000
4,10830,int16,16,yc830,100,Rack单体电池温度158,model=4|arg1=bmsdeviceId.BatteryStacks[0].Cluseter[rackId].ClusterCellTemperatures.CellTemperatures[157]|arg2=|arg3=|arg4=1000
4,10831,int16,16,yc831,100,Rack单体电池温度159,model=4|arg1=bmsdeviceId.BatteryStacks[0].Cluseter[rackId].ClusterCellTemperatures.CellTemperatures[158]|arg2=|arg3=|arg4=1000
4,10832,int16,16,yc832,100,Rack单体电池温度160,model=4|arg1=bmsdeviceId.BatteryStacks[0].Cluseter[rackId].ClusterCellTemperatures.CellTemperatures[159]|arg2=|arg3=|arg4=1000
4,10833,int16,16,yc833,100,Rack单体电池温度161,model=4|arg1=bmsdeviceId.BatteryStacks[0].Cluseter[rackId].ClusterCellTemperatures.CellTemperatures[160]|arg2=|arg3=|arg4=1000
4,10834,int16,16,yc834,100,Rack单体电池温度162,model=4|arg1=bmsdeviceId.BatteryStacks[0].Cluseter[rackId].ClusterCellTemperatures.CellTemperatures[161]|arg2=|arg3=|arg4=1000
4,10835,int16,16,yc835,100,Rack单体电池温度163,model=4|arg1=bmsdeviceId.BatteryStacks[0].Cluseter[rackId].ClusterCellTemperatures.CellTemperatures[162]|arg2=|arg3=|arg4=1000
4,10836,int16,16,yc836,100,Rack单体电池温度164,model=4|arg1=bmsdeviceId.BatteryStacks[0].Cluseter[rackId].ClusterCellTemperatures.CellTemperatures[163]|arg2=|arg3=|arg4=1000
4,10837,int16,16,yc837,100,Rack单体电池温度165,model=4|arg1=bmsdeviceId.BatteryStacks[0].Cluseter[rackId].ClusterCellTemperatures.CellTemperatures[164]|arg2=|arg3=|arg4=1000
4,10838,int16,16,yc838,100,Rack单体电池温度166,model=4|arg1=bmsdeviceId.BatteryStacks[0].Cluseter[rackId].ClusterCellTemperatures.CellTemperatures[165]|arg2=|arg3=|arg4=1000
4,10839,int16,16,yc839,100,Rack单体电池温度167,model=4|arg1=bmsdeviceId.BatteryStacks[0].Cluseter[rackId].ClusterCellTemperatures.CellTemperatures[166]|arg2=|arg3=|arg4=1000
4,10840,int16,16,yc840,100,Rack单体电池温度168,model=4|arg1=bmsdeviceId.BatteryStacks[0].Cluseter[rackId].ClusterCellTemperatures.CellTemperatures[167]|arg2=|arg3=|arg4=1000
4,10841,int16,16,yc841,100,Rack单体电池温度169,model=4|arg1=bmsdeviceId.BatteryStacks[0].Cluseter[rackId].ClusterCellTemperatures.CellTemperatures[168]|arg2=|arg3=|arg4=1000
4,10842,int16,16,yc842,100,Rack单体电池温度170,model=4|arg1=bmsdeviceId.BatteryStacks[0].Cluseter[rackId].ClusterCellTemperatures.CellTemperatures[169]|arg2=|arg3=|arg4=1000
4,10843,int16,16,yc843,100,Rack单体电池温度171,model=4|arg1=bmsdeviceId.BatteryStacks[0].Cluseter[rackId].ClusterCellTemperatures.CellTemperatures[170]|arg2=|arg3=|arg4=1000
4,10844,int16,16,yc844,100,Rack单体电池温度172,model=4|arg1=bmsdeviceId.BatteryStacks[0].Cluseter[rackId].ClusterCellTemperatures.CellTemperatures[171]|arg2=|arg3=|arg4=1000
4,10845,int16,16,yc845,100,Rack单体电池温度173,model=4|arg1=bmsdeviceId.BatteryStacks[0].Cluseter[rackId].ClusterCellTemperatures.CellTemperatures[172]|arg2=|arg3=|arg4=1000
4,10846,int16,16,yc846,100,Rack单体电池温度174,model=4|arg1=bmsdeviceId.BatteryStacks[0].Cluseter[rackId].ClusterCellTemperatures.CellTemperatures[173]|arg2=|arg3=|arg4=1000
4,10847,int16,16,yc847,100,Rack单体电池温度175,model=4|arg1=bmsdeviceId.BatteryStacks[0].Cluseter[rackId].ClusterCellTemperatures.CellTemperatures[174]|arg2=|arg3=|arg4=1000
4,10848,int16,16,yc848,100,Rack单体电池温度176,model=4|arg1=bmsdeviceId.BatteryStacks[0].Cluseter[rackId].ClusterCellTemperatures.CellTemperatures[175]|arg2=|arg3=|arg4=1000
4,10849,int16,16,yc849,100,Rack单体电池温度177,model=4|arg1=bmsdeviceId.BatteryStacks[0].Cluseter[rackId].ClusterCellTemperatures.CellTemperatures[176]|arg2=|arg3=|arg4=1000
4,10850,int16,16,yc850,100,Rack单体电池温度178,model=4|arg1=bmsdeviceId.BatteryStacks[0].Cluseter[rackId].ClusterCellTemperatures.CellTemperatures[177]|arg2=|arg3=|arg4=1000
4,10851,int16,16,yc851,100,Rack单体电池温度179,model=4|arg1=bmsdeviceId.BatteryStacks[0].Cluseter[rackId].ClusterCellTemperatures.CellTemperatures[178]|arg2=|arg3=|arg4=1000
4,10852,int16,16,yc852,100,Rack单体电池温度180,model=4|arg1=bmsdeviceId.BatteryStacks[0].Cluseter[rackId].ClusterCellTemperatures.CellTemperatures[179]|arg2=|arg3=|arg4=1000
4,10853,int16,16,yc853,100,Rack单体电池温度181,model=4|arg1=bmsdeviceId.BatteryStacks[0].Cluseter[rackId].ClusterCellTemperatures.CellTemperatures[180]|arg2=|arg3=|arg4=1000
4,10854,int16,16,yc854,100,Rack单体电池温度182,model=4|arg1=bmsdeviceId.BatteryStacks[0].Cluseter[rackId].ClusterCellTemperatures.CellTemperatures[181]|arg2=|arg3=|arg4=1000
4,10855,int16,16,yc855,100,Rack单体电池温度183,model=4|arg1=bmsdeviceId.BatteryStacks[0].Cluseter[rackId].ClusterCellTemperatures.CellTemperatures[182]|arg2=|arg3=|arg4=1000
4,10856,int16,16,yc856,100,Rack单体电池温度184,model=4|arg1=bmsdeviceId.BatteryStacks[0].Cluseter[rackId].ClusterCellTemperatures.CellTemperatures[183]|arg2=|arg3=|arg4=1000
4,10857,int16,16,yc857,100,Rack单体电池温度185,model=4|arg1=bmsdeviceId.BatteryStacks[0].Cluseter[rackId].ClusterCellTemperatures.CellTemperatures[184]|arg2=|arg3=|arg4=1000
4,10858,int16,16,yc858,100,Rack单体电池温度186,model=4|arg1=bmsdeviceId.BatteryStacks[0].Cluseter[rackId].ClusterCellTemperatures.CellTemperatures[185]|arg2=|arg3=|arg4=1000
4,10859,int16,16,yc859,100,Rack单体电池温度187,model=4|arg1=bmsdeviceId.BatteryStacks[0].Cluseter[rackId].ClusterCellTemperatures.CellTemperatures[186]|arg2=|arg3=|arg4=1000
4,10860,int16,16,yc860,100,Rack单体电池温度188,model=4|arg1=bmsdeviceId.BatteryStacks[0].Cluseter[rackId].ClusterCellTemperatures.CellTemperatures[187]|arg2=|arg3=|arg4=1000
4,10861,int16,16,yc861,100,Rack单体电池温度189,model=4|arg1=bmsdeviceId.BatteryStacks[0].Cluseter[rackId].ClusterCellTemperatures.CellTemperatures[188]|arg2=|arg3=|arg4=1000
4,10862,int16,16,yc862,100,Rack单体电池温度190,model=4|arg1=bmsdeviceId.BatteryStacks[0].Cluseter[rackId].ClusterCellTemperatures.CellTemperatures[189]|arg2=|arg3=|arg4=1000
4,10863,int16,16,yc863,100,Rack单体电池温度191,model=4|arg1=bmsdeviceId.BatteryStacks[0].Cluseter[rackId].ClusterCellTemperatures.CellTemperatures[190]|arg2=|arg3=|arg4=1000
4,10864,int16,16,yc864,100,Rack单体电池温度192,model=4|arg1=bmsdeviceId.BatteryStacks[0].Cluseter[rackId].ClusterCellTemperatures.CellTemperatures[191]|arg2=|arg3=|arg4=1000
4,10865,int16,16,yc865,100,Rack单体电池温度193,model=4|arg1=bmsdeviceId.BatteryStacks[0].Cluseter[rackId].ClusterCellTemperatures.CellTemperatures[192]|arg2=|arg3=|arg4=1000
4,10866,int16,16,yc866,100,Rack单体电池温度194,model=4|arg1=bmsdeviceId.BatteryStacks[0].Cluseter[rackId].ClusterCellTemperatures.CellTemperatures[193]|arg2=|arg3=|arg4=1000
4,10867,int16,16,yc867,100,Rack单体电池温度195,model=4|arg1=bmsdeviceId.BatteryStacks[0].Cluseter[rackId].ClusterCellTemperatures.CellTemperatures[194]|arg2=|arg3=|arg4=1000
4,10868,int16,16,yc868,100,Rack单体电池温度196,model=4|arg1=bmsdeviceId.BatteryStacks[0].Cluseter[rackId].ClusterCellTemperatures.CellTemperatures[195]|arg2=|arg3=|arg4=1000
4,10869,int16,16,yc869,100,Rack单体电池温度197,model=4|arg1=bmsdeviceId.BatteryStacks[0].Cluseter[rackId].ClusterCellTemperatures.CellTemperatures[196]|arg2=|arg3=|arg4=1000
4,10870,int16,16,yc870,100,Rack单体电池温度198,model=4|arg1=bmsdeviceId.BatteryStacks[0].Cluseter[rackId].ClusterCellTemperatures.CellTemperatures[197]|arg2=|arg3=|arg4=1000
4,10871,int16,16,yc871,100,Rack单体电池温度199,model=4|arg1=bmsdeviceId.BatteryStacks[0].Cluseter[rackId].ClusterCellTemperatures.CellTemperatures[198]|arg2=|arg3=|arg4=1000
4,10872,int16,16,yc872,100,Rack单体电池温度200,model=4|arg1=bmsdeviceId.BatteryStacks[0].Cluseter[rackId].ClusterCellTemperatures.CellTemperatures[199]|arg2=|arg3=|arg4=1000
4,10873,int16,16,yc873,100,Rack单体电池温度201,model=4|arg1=bmsdeviceId.BatteryStacks[0].Cluseter[rackId].ClusterCellTemperatures.CellTemperatures[200]|arg2=|arg3=|arg4=1000
4,10874,int16,16,yc874,100,Rack单体电池温度202,model=4|arg1=bmsdeviceId.BatteryStacks[0].Cluseter[rackId].ClusterCellTemperatures.CellTemperatures[201]|arg2=|arg3=|arg4=1000
4,10875,int16,16,yc875,100,Rack单体电池温度203,model=4|arg1=bmsdeviceId.BatteryStacks[0].Cluseter[rackId].ClusterCellTemperatures.CellTemperatures[202]|arg2=|arg3=|arg4=1000
4,10876,int16,16,yc876,100,Rack单体电池温度204,model=4|arg1=bmsdeviceId.BatteryStacks[0].Cluseter[rackId].ClusterCellTemperatures.CellTemperatures[203]|arg2=|arg3=|arg4=1000
4,10877,int16,16,yc877,100,Rack单体电池温度205,model=4|arg1=bmsdeviceId.BatteryStacks[0].Cluseter[rackId].ClusterCellTemperatures.CellTemperatures[204]|arg2=|arg3=|arg4=1000
4,10878,int16,16,yc878,100,Rack单体电池温度206,model=4|arg1=bmsdeviceId.BatteryStacks[0].Cluseter[rackId].ClusterCellTemperatures.CellTemperatures[205]|arg2=|arg3=|arg4=1000
4,10879,int16,16,yc879,100,Rack单体电池温度207,model=4|arg1=bmsdeviceId.BatteryStacks[0].Cluseter[rackId].ClusterCellTemperatures.CellTemperatures[206]|arg2=|arg3=|arg4=1000
4,10880,int16,16,yc880,100,Rack单体电池温度208,model=4|arg1=bmsdeviceId.BatteryStacks[0].Cluseter[rackId].ClusterCellTemperatures.CellTemperatures[207]|arg2=|arg3=|arg4=1000
4,10881,int16,16,yc881,100,Rack单体电池温度209,model=4|arg1=bmsdeviceId.BatteryStacks[0].Cluseter[rackId].ClusterCellTemperatures.CellTemperatures[208]|arg2=|arg3=|arg4=1000
4,10882,int16,16,yc882,100,Rack单体电池温度210,model=4|arg1=bmsdeviceId.BatteryStacks[0].Cluseter[rackId].ClusterCellTemperatures.CellTemperatures[209]|arg2=|arg3=|arg4=1000
4,10883,int16,16,yc883,100,Rack单体电池温度211,model=4|arg1=bmsdeviceId.BatteryStacks[0].Cluseter[rackId].ClusterCellTemperatures.CellTemperatures[210]|arg2=|arg3=|arg4=1000
4,10884,int16,16,yc884,100,Rack单体电池温度212,model=4|arg1=bmsdeviceId.BatteryStacks[0].Cluseter[rackId].ClusterCellTemperatures.CellTemperatures[211]|arg2=|arg3=|arg4=1000
4,10885,int16,16,yc885,100,Rack单体电池温度213,model=4|arg1=bmsdeviceId.BatteryStacks[0].Cluseter[rackId].ClusterCellTemperatures.CellTemperatures[212]|arg2=|arg3=|arg4=1000
4,10886,int16,16,yc886,100,Rack单体电池温度214,model=4|arg1=bmsdeviceId.BatteryStacks[0].Cluseter[rackId].ClusterCellTemperatures.CellTemperatures[213]|arg2=|arg3=|arg4=1000
4,10887,int16,16,yc887,100,Rack单体电池温度215,model=4|arg1=bmsdeviceId.BatteryStacks[0].Cluseter[rackId].ClusterCellTemperatures.CellTemperatures[214]|arg2=|arg3=|arg4=1000
4,10888,int16,16,yc888,100,Rack单体电池温度216,model=4|arg1=bmsdeviceId.BatteryStacks[0].Cluseter[rackId].ClusterCellTemperatures.CellTemperatures[215]|arg2=|arg3=|arg4=1000
4,10889,int16,16,yc889,100,Rack单体电池温度217,model=4|arg1=bmsdeviceId.BatteryStacks[0].Cluseter[rackId].ClusterCellTemperatures.CellTemperatures[216]|arg2=|arg3=|arg4=1000
4,10890,int16,16,yc890,100,Rack单体电池温度218,model=4|arg1=bmsdeviceId.BatteryStacks[0].Cluseter[rackId].ClusterCellTemperatures.CellTemperatures[217]|arg2=|arg3=|arg4=1000
4,10891,int16,16,yc891,100,Rack单体电池温度219,model=4|arg1=bmsdeviceId.BatteryStacks[0].Cluseter[rackId].ClusterCellTemperatures.CellTemperatures[218]|arg2=|arg3=|arg4=1000
4,10892,int16,16,yc892,100,Rack单体电池温度220,model=4|arg1=bmsdeviceId.BatteryStacks[0].Cluseter[rackId].ClusterCellTemperatures.CellTemperatures[219]|arg2=|arg3=|arg4=1000
4,10893,int16,16,yc893,100,Rack单体电池温度221,model=4|arg1=bmsdeviceId.BatteryStacks[0].Cluseter[rackId].ClusterCellTemperatures.CellTemperatures[220]|arg2=|arg3=|arg4=1000
4,10894,int16,16,yc894,100,Rack单体电池温度222,model=4|arg1=bmsdeviceId.BatteryStacks[0].Cluseter[rackId].ClusterCellTemperatures.CellTemperatures[221]|arg2=|arg3=|arg4=1000
4,10895,int16,16,yc895,100,Rack单体电池温度223,model=4|arg1=bmsdeviceId.BatteryStacks[0].Cluseter[rackId].ClusterCellTemperatures.CellTemperatures[222]|arg2=|arg3=|arg4=1000
4,10896,int16,16,yc896,100,Rack单体电池温度224,model=4|arg1=bmsdeviceId.BatteryStacks[0].Cluseter[rackId].ClusterCellTemperatures.CellTemperatures[223]|arg2=|arg3=|arg4=1000
4,10897,int16,16,yc897,100,Rack单体电池温度225,model=4|arg1=bmsdeviceId.BatteryStacks[0].Cluseter[rackId].ClusterCellTemperatures.CellTemperatures[224]|arg2=|arg3=|arg4=1000
4,10898,int16,16,yc898,100,Rack单体电池温度226,model=4|arg1=bmsdeviceId.BatteryStacks[0].Cluseter[rackId].ClusterCellTemperatures.CellTemperatures[225]|arg2=|arg3=|arg4=1000
4,10899,int16,16,yc899,100,Rack单体电池温度227,model=4|arg1=bmsdeviceId.BatteryStacks[0].Cluseter[rackId].ClusterCellTemperatures.CellTemperatures[226]|arg2=|arg3=|arg4=1000
4,10900,int16,16,yc900,100,Rack单体电池温度228,model=4|arg1=bmsdeviceId.BatteryStacks[0].Cluseter[rackId].ClusterCellTemperatures.CellTemperatures[227]|arg2=|arg3=|arg4=1000
4,10901,int16,16,yc901,100,Rack单体电池温度229,model=4|arg1=bmsdeviceId.BatteryStacks[0].Cluseter[rackId].ClusterCellTemperatures.CellTemperatures[228]|arg2=|arg3=|arg4=1000
4,10902,int16,16,yc902,100,Rack单体电池温度230,model=4|arg1=bmsdeviceId.BatteryStacks[0].Cluseter[rackId].ClusterCellTemperatures.CellTemperatures[229]|arg2=|arg3=|arg4=1000
4,10903,int16,16,yc903,100,Rack单体电池温度231,model=4|arg1=bmsdeviceId.BatteryStacks[0].Cluseter[rackId].ClusterCellTemperatures.CellTemperatures[230]|arg2=|arg3=|arg4=1000
4,10904,int16,16,yc904,100,Rack单体电池温度232,model=4|arg1=bmsdeviceId.BatteryStacks[0].Cluseter[rackId].ClusterCellTemperatures.CellTemperatures[231]|arg2=|arg3=|arg4=1000
4,10905,int16,16,yc905,100,Rack单体电池温度233,model=4|arg1=bmsdeviceId.BatteryStacks[0].Cluseter[rackId].ClusterCellTemperatures.CellTemperatures[232]|arg2=|arg3=|arg4=1000
4,10906,int16,16,yc906,100,Rack单体电池温度234,model=4|arg1=bmsdeviceId.BatteryStacks[0].Cluseter[rackId].ClusterCellTemperatures.CellTemperatures[233]|arg2=|arg3=|arg4=1000
4,10907,int16,16,yc907,100,Rack单体电池温度235,model=4|arg1=bmsdeviceId.BatteryStacks[0].Cluseter[rackId].ClusterCellTemperatures.CellTemperatures[234]|arg2=|arg3=|arg4=1000
4,10908,int16,16,yc908,100,Rack单体电池温度236,model=4|arg1=bmsdeviceId.BatteryStacks[0].Cluseter[rackId].ClusterCellTemperatures.CellTemperatures[235]|arg2=|arg3=|arg4=1000
4,10909,int16,16,yc909,100,Rack单体电池温度237,model=4|arg1=bmsdeviceId.BatteryStacks[0].Cluseter[rackId].ClusterCellTemperatures.CellTemperatures[236]|arg2=|arg3=|arg4=1000
4,10910,int16,16,yc910,100,Rack单体电池温度238,model=4|arg1=bmsdeviceId.BatteryStacks[0].Cluseter[rackId].ClusterCellTemperatures.CellTemperatures[237]|arg2=|arg3=|arg4=1000
4,10911,int16,16,yc911,100,Rack单体电池温度239,model=4|arg1=bmsdeviceId.BatteryStacks[0].Cluseter[rackId].ClusterCellTemperatures.CellTemperatures[238]|arg2=|arg3=|arg4=1000
4,10912,int16,16,yc912,100,Rack单体电池温度240,model=4|arg1=bmsdeviceId.BatteryStacks[0].Cluseter[rackId].ClusterCellTemperatures.CellTemperatures[239]|arg2=|arg3=|arg4=1000
4,10913,int16,16,yc913,100,Rack单体电池温度241,model=4|arg1=bmsdeviceId.BatteryStacks[0].Cluseter[rackId].ClusterCellTemperatures.CellTemperatures[240]|arg2=|arg3=|arg4=1000
4,10914,int16,16,yc914,100,Rack单体电池温度242,model=4|arg1=bmsdeviceId.BatteryStacks[0].Cluseter[rackId].ClusterCellTemperatures.CellTemperatures[241]|arg2=|arg3=|arg4=1000
4,10915,int16,16,yc915,100,Rack单体电池温度243,model=4|arg1=bmsdeviceId.BatteryStacks[0].Cluseter[rackId].ClusterCellTemperatures.CellTemperatures[242]|arg2=|arg3=|arg4=1000
4,10916,int16,16,yc916,100,Rack单体电池温度244,model=4|arg1=bmsdeviceId.BatteryStacks[0].Cluseter[rackId].ClusterCellTemperatures.CellTemperatures[243]|arg2=|arg3=|arg4=1000
4,10917,int16,16,yc917,100,Rack单体电池温度245,model=4|arg1=bmsdeviceId.BatteryStacks[0].Cluseter[rackId].ClusterCellTemperatures.CellTemperatures[244]|arg2=|arg3=|arg4=1000
4,10918,int16,16,yc918,100,Rack单体电池温度246,model=4|arg1=bmsdeviceId.BatteryStacks[0].Cluseter[rackId].ClusterCellTemperatures.CellTemperatures[245]|arg2=|arg3=|arg4=1000
4,10919,int16,16,yc919,100,Rack单体电池温度247,model=4|arg1=bmsdeviceId.BatteryStacks[0].Cluseter[rackId].ClusterCellTemperatures.CellTemperatures[246]|arg2=|arg3=|arg4=1000
4,10920,int16,16,yc920,100,Rack单体电池温度248,model=4|arg1=bmsdeviceId.BatteryStacks[0].Cluseter[rackId].ClusterCellTemperatures.CellTemperatures[247]|arg2=|arg3=|arg4=1000
4,10921,int16,16,yc921,100,Rack单体电池温度249,model=4|arg1=bmsdeviceId.BatteryStacks[0].Cluseter[rackId].ClusterCellTemperatures.CellTemperatures[248]|arg2=|arg3=|arg4=1000
4,10922,int16,16,yc922,100,Rack单体电池温度250,model=4|arg1=bmsdeviceId.BatteryStacks[0].Cluseter[rackId].ClusterCellTemperatures.CellTemperatures[249]|arg2=|arg3=|arg4=1000
4,10923,int16,16,yc923,100,Rack单体电池温度251,model=4|arg1=bmsdeviceId.BatteryStacks[0].Cluseter[rackId].ClusterCellTemperatures.CellTemperatures[250]|arg2=|arg3=|arg4=1000
4,10924,int16,16,yc924,100,Rack单体电池温度252,model=4|arg1=bmsdeviceId.BatteryStacks[0].Cluseter[rackId].ClusterCellTemperatures.CellTemperatures[251]|arg2=|arg3=|arg4=1000
4,10925,int16,16,yc925,100,Rack单体电池温度253,model=4|arg1=bmsdeviceId.BatteryStacks[0].Cluseter[rackId].ClusterCellTemperatures.CellTemperatures[252]|arg2=|arg3=|arg4=1000
4,10926,int16,16,yc926,100,Rack单体电池温度254,model=4|arg1=bmsdeviceId.BatteryStacks[0].Cluseter[rackId].ClusterCellTemperatures.CellTemperatures[253]|arg2=|arg3=|arg4=1000
4,10927,int16,16,yc927,100,Rack单体电池温度255,model=4|arg1=bmsdeviceId.BatteryStacks[0].Cluseter[rackId].ClusterCellTemperatures.CellTemperatures[254]|arg2=|arg3=|arg4=1000
4,10928,int16,16,yc928,100,Rack单体电池温度256,model=4|arg1=bmsdeviceId.BatteryStacks[0].Cluseter[rackId].ClusterCellTemperatures.CellTemperatures[255]|arg2=|arg3=|arg4=1000
4,10929,int16,16,yc929,100,Rack单体电池温度257,model=4|arg1=bmsdeviceId.BatteryStacks[0].Cluseter[rackId].ClusterCellTemperatures.CellTemperatures[256]|arg2=|arg3=|arg4=1000
4,10930,int16,16,yc930,100,Rack单体电池温度258,model=4|arg1=bmsdeviceId.BatteryStacks[0].Cluseter[rackId].ClusterCellTemperatures.CellTemperatures[257]|arg2=|arg3=|arg4=1000
4,10931,int16,16,yc931,100,Rack单体电池温度259,model=4|arg1=bmsdeviceId.BatteryStacks[0].Cluseter[rackId].ClusterCellTemperatures.CellTemperatures[258]|arg2=|arg3=|arg4=1000
4,10932,int16,16,yc932,100,Rack单体电池温度260,model=4|arg1=bmsdeviceId.BatteryStacks[0].Cluseter[rackId].ClusterCellTemperatures.CellTemperatures[259]|arg2=|arg3=|arg4=1000
4,10933,int16,16,yc933,100,Rack单体电池温度261,model=4|arg1=bmsdeviceId.BatteryStacks[0].Cluseter[rackId].ClusterCellTemperatures.CellTemperatures[260]|arg2=|arg3=|arg4=1000
4,10934,int16,16,yc934,100,Rack单体电池温度262,model=4|arg1=bmsdeviceId.BatteryStacks[0].Cluseter[rackId].ClusterCellTemperatures.CellTemperatures[261]|arg2=|arg3=|arg4=1000
4,10935,int16,16,yc935,100,Rack单体电池温度263,model=4|arg1=bmsdeviceId.BatteryStacks[0].Cluseter[rackId].ClusterCellTemperatures.CellTemperatures[262]|arg2=|arg3=|arg4=1000
4,10936,int16,16,yc936,100,Rack单体电池温度264,model=4|arg1=bmsdeviceId.BatteryStacks[0].Cluseter[rackId].ClusterCellTemperatures.CellTemperatures[263]|arg2=|arg3=|arg4=1000
4,10937,int16,16,yc937,100,Rack单体电池温度265,model=4|arg1=bmsdeviceId.BatteryStacks[0].Cluseter[rackId].ClusterCellTemperatures.CellTemperatures[264]|arg2=|arg3=|arg4=1000
4,10938,int16,16,yc938,100,Rack单体电池温度266,model=4|arg1=bmsdeviceId.BatteryStacks[0].Cluseter[rackId].ClusterCellTemperatures.CellTemperatures[265]|arg2=|arg3=|arg4=1000
4,10939,int16,16,yc939,100,Rack单体电池温度267,model=4|arg1=bmsdeviceId.BatteryStacks[0].Cluseter[rackId].ClusterCellTemperatures.CellTemperatures[266]|arg2=|arg3=|arg4=1000
4,10940,int16,16,yc940,100,Rack单体电池温度268,model=4|arg1=bmsdeviceId.BatteryStacks[0].Cluseter[rackId].ClusterCellTemperatures.CellTemperatures[267]|arg2=|arg3=|arg4=1000
4,10941,int16,16,yc941,100,Rack单体电池温度269,model=4|arg1=bmsdeviceId.BatteryStacks[0].Cluseter[rackId].ClusterCellTemperatures.CellTemperatures[268]|arg2=|arg3=|arg4=1000
4,10942,int16,16,yc942,100,Rack单体电池温度270,model=4|arg1=bmsdeviceId.BatteryStacks[0].Cluseter[rackId].ClusterCellTemperatures.CellTemperatures[269]|arg2=|arg3=|arg4=1000
4,10943,int16,16,yc943,100,Rack单体电池温度271,model=4|arg1=bmsdeviceId.BatteryStacks[0].Cluseter[rackId].ClusterCellTemperatures.CellTemperatures[270]|arg2=|arg3=|arg4=1000
4,10944,int16,16,yc944,100,Rack单体电池温度272,model=4|arg1=bmsdeviceId.BatteryStacks[0].Cluseter[rackId].ClusterCellTemperatures.CellTemperatures[271]|arg2=|arg3=|arg4=1000
4,10945,int16,16,yc945,100,Rack单体电池温度273,model=4|arg1=bmsdeviceId.BatteryStacks[0].Cluseter[rackId].ClusterCellTemperatures.CellTemperatures[272]|arg2=|arg3=|arg4=1000
4,10946,int16,16,yc946,100,Rack单体电池温度274,model=4|arg1=bmsdeviceId.BatteryStacks[0].Cluseter[rackId].ClusterCellTemperatures.CellTemperatures[273]|arg2=|arg3=|arg4=1000
4,10947,int16,16,yc947,100,Rack单体电池温度275,model=4|arg1=bmsdeviceId.BatteryStacks[0].Cluseter[rackId].ClusterCellTemperatures.CellTemperatures[274]|arg2=|arg3=|arg4=1000
4,10948,int16,16,yc948,100,Rack单体电池温度276,model=4|arg1=bmsdeviceId.BatteryStacks[0].Cluseter[rackId].ClusterCellTemperatures.CellTemperatures[275]|arg2=|arg3=|arg4=1000
4,10949,int16,16,yc949,100,Rack单体电池温度277,model=4|arg1=bmsdeviceId.BatteryStacks[0].Cluseter[rackId].ClusterCellTemperatures.CellTemperatures[276]|arg2=|arg3=|arg4=1000
4,10950,int16,16,yc950,100,Rack单体电池温度278,model=4|arg1=bmsdeviceId.BatteryStacks[0].Cluseter[rackId].ClusterCellTemperatures.CellTemperatures[277]|arg2=|arg3=|arg4=1000
4,10951,int16,16,yc951,100,Rack单体电池温度279,model=4|arg1=bmsdeviceId.BatteryStacks[0].Cluseter[rackId].ClusterCellTemperatures.CellTemperatures[278]|arg2=|arg3=|arg4=1000
4,10952,int16,16,yc952,100,Rack单体电池温度280,model=4|arg1=bmsdeviceId.BatteryStacks[0].Cluseter[rackId].ClusterCellTemperatures.CellTemperatures[279]|arg2=|arg3=|arg4=1000
4,10953,int16,16,yc953,100,Rack单体电池温度281,model=4|arg1=bmsdeviceId.BatteryStacks[0].Cluseter[rackId].ClusterCellTemperatures.CellTemperatures[280]|arg2=|arg3=|arg4=1000
4,10954,int16,16,yc954,100,Rack单体电池温度282,model=4|arg1=bmsdeviceId.BatteryStacks[0].Cluseter[rackId].ClusterCellTemperatures.CellTemperatures[281]|arg2=|arg3=|arg4=1000
4,10955,int16,16,yc955,100,Rack单体电池温度283,model=4|arg1=bmsdeviceId.BatteryStacks[0].Cluseter[rackId].ClusterCellTemperatures.CellTemperatures[282]|arg2=|arg3=|arg4=1000
4,10956,int16,16,yc956,100,Rack单体电池温度284,model=4|arg1=bmsdeviceId.BatteryStacks[0].Cluseter[rackId].ClusterCellTemperatures.CellTemperatures[283]|arg2=|arg3=|arg4=1000
4,10957,int16,16,yc957,100,Rack单体电池温度285,model=4|arg1=bmsdeviceId.BatteryStacks[0].Cluseter[rackId].ClusterCellTemperatures.CellTemperatures[284]|arg2=|arg3=|arg4=1000
4,10958,int16,16,yc958,100,Rack单体电池温度286,model=4|arg1=bmsdeviceId.BatteryStacks[0].Cluseter[rackId].ClusterCellTemperatures.CellTemperatures[285]|arg2=|arg3=|arg4=1000
4,10959,int16,16,yc959,100,Rack单体电池温度287,model=4|arg1=bmsdeviceId.BatteryStacks[0].Cluseter[rackId].ClusterCellTemperatures.CellTemperatures[286]|arg2=|arg3=|arg4=1000
4,10960,int16,16,yc960,100,Rack单体电池温度288,model=4|arg1=bmsdeviceId.BatteryStacks[0].Cluseter[rackId].ClusterCellTemperatures.CellTemperatures[287]|arg2=|arg3=|arg4=1000
4,10961,int16,16,yc961,100,Rack单体电池温度289,model=4|arg1=bmsdeviceId.BatteryStacks[0].Cluseter[rackId].ClusterCellTemperatures.CellTemperatures[288]|arg2=|arg3=|arg4=1000
4,10962,int16,16,yc962,100,Rack单体电池温度290,model=4|arg1=bmsdeviceId.BatteryStacks[0].Cluseter[rackId].ClusterCellTemperatures.CellTemperatures[289]|arg2=|arg3=|arg4=1000
4,10963,int16,16,yc963,100,Rack单体电池温度291,model=4|arg1=bmsdeviceId.BatteryStacks[0].Cluseter[rackId].ClusterCellTemperatures.CellTemperatures[290]|arg2=|arg3=|arg4=1000
4,10964,int16,16,yc964,100,Rack单体电池温度292,model=4|arg1=bmsdeviceId.BatteryStacks[0].Cluseter[rackId].ClusterCellTemperatures.CellTemperatures[291]|arg2=|arg3=|arg4=1000
4,10965,int16,16,yc965,100,Rack单体电池温度293,model=4|arg1=bmsdeviceId.BatteryStacks[0].Cluseter[rackId].ClusterCellTemperatures.CellTemperatures[292]|arg2=|arg3=|arg4=1000
4,10966,int16,16,yc966,100,Rack单体电池温度294,model=4|arg1=bmsdeviceId.BatteryStacks[0].Cluseter[rackId].ClusterCellTemperatures.CellTemperatures[293]|arg2=|arg3=|arg4=1000
4,10967,int16,16,yc967,100,Rack单体电池温度295,model=4|arg1=bmsdeviceId.BatteryStacks[0].Cluseter[rackId].ClusterCellTemperatures.CellTemperatures[294]|arg2=|arg3=|arg4=1000
4,10968,int16,16,yc968,100,Rack单体电池温度296,model=4|arg1=bmsdeviceId.BatteryStacks[0].Cluseter[rackId].ClusterCellTemperatures.CellTemperatures[295]|arg2=|arg3=|arg4=1000
4,10969,int16,16,yc969,100,Rack单体电池温度297,model=4|arg1=bmsdeviceId.BatteryStacks[0].Cluseter[rackId].ClusterCellTemperatures.CellTemperatures[296]|arg2=|arg3=|arg4=1000
4,10970,int16,16,yc970,100,Rack单体电池温度298,model=4|arg1=bmsdeviceId.BatteryStacks[0].Cluseter[rackId].ClusterCellTemperatures.CellTemperatures[297]|arg2=|arg3=|arg4=1000
4,10971,int16,16,yc971,100,Rack单体电池温度299,model=4|arg1=bmsdeviceId.BatteryStacks[0].Cluseter[rackId].ClusterCellTemperatures.CellTemperatures[298]|arg2=|arg3=|arg4=1000
4,10972,int16,16,yc972,100,Rack单体电池温度300,model=4|arg1=bmsdeviceId.BatteryStacks[0].Cluseter[rackId].ClusterCellTemperatures.CellTemperatures[299]|arg2=|arg3=|arg4=1000
4,10973,int16,16,yc973,100,Rack单体电池温度301,model=4|arg1=bmsdeviceId.BatteryStacks[0].Cluseter[rackId].ClusterCellTemperatures.CellTemperatures[300]|arg2=|arg3=|arg4=1000
4,10974,int16,16,yc974,100,Rack单体电池温度302,model=4|arg1=bmsdeviceId.BatteryStacks[0].Cluseter[rackId].ClusterCellTemperatures.CellTemperatures[301]|arg2=|arg3=|arg4=1000
4,10975,int16,16,yc975,100,Rack单体电池温度303,model=4|arg1=bmsdeviceId.BatteryStacks[0].Cluseter[rackId].ClusterCellTemperatures.CellTemperatures[302]|arg2=|arg3=|arg4=1000
4,10976,int16,16,yc976,100,Rack单体电池温度304,model=4|arg1=bmsdeviceId.BatteryStacks[0].Cluseter[rackId].ClusterCellTemperatures.CellTemperatures[303]|arg2=|arg3=|arg4=1000
4,10977,int16,16,yc977,100,Rack单体电池温度305,model=4|arg1=bmsdeviceId.BatteryStacks[0].Cluseter[rackId].ClusterCellTemperatures.CellTemperatures[304]|arg2=|arg3=|arg4=1000
4,10978,int16,16,yc978,100,Rack单体电池温度306,model=4|arg1=bmsdeviceId.BatteryStacks[0].Cluseter[rackId].ClusterCellTemperatures.CellTemperatures[305]|arg2=|arg3=|arg4=1000
4,10979,int16,16,yc979,100,Rack单体电池温度307,model=4|arg1=bmsdeviceId.BatteryStacks[0].Cluseter[rackId].ClusterCellTemperatures.CellTemperatures[306]|arg2=|arg3=|arg4=1000
4,10980,int16,16,yc980,100,Rack单体电池温度308,model=4|arg1=bmsdeviceId.BatteryStacks[0].Cluseter[rackId].ClusterCellTemperatures.CellTemperatures[307]|arg2=|arg3=|arg4=1000
4,10981,int16,16,yc981,100,Rack单体电池温度309,model=4|arg1=bmsdeviceId.BatteryStacks[0].Cluseter[rackId].ClusterCellTemperatures.CellTemperatures[308]|arg2=|arg3=|arg4=1000
4,10982,int16,16,yc982,100,Rack单体电池温度310,model=4|arg1=bmsdeviceId.BatteryStacks[0].Cluseter[rackId].ClusterCellTemperatures.CellTemperatures[309]|arg2=|arg3=|arg4=1000
4,10983,int16,16,yc983,100,Rack单体电池温度311,model=4|arg1=bmsdeviceId.BatteryStacks[0].Cluseter[rackId].ClusterCellTemperatures.CellTemperatures[310]|arg2=|arg3=|arg4=1000
4,10984,int16,16,yc984,100,Rack单体电池温度312,model=4|arg1=bmsdeviceId.BatteryStacks[0].Cluseter[rackId].ClusterCellTemperatures.CellTemperatures[311]|arg2=|arg3=|arg4=1000
4,10985,int16,16,yc985,100,Rack单体电池温度313,model=4|arg1=bmsdeviceId.BatteryStacks[0].Cluseter[rackId].ClusterCellTemperatures.CellTemperatures[312]|arg2=|arg3=|arg4=1000
4,10986,int16,16,yc986,100,Rack单体电池温度314,model=4|arg1=bmsdeviceId.BatteryStacks[0].Cluseter[rackId].ClusterCellTemperatures.CellTemperatures[313]|arg2=|arg3=|arg4=1000
4,10987,int16,16,yc987,100,Rack单体电池温度315,model=4|arg1=bmsdeviceId.BatteryStacks[0].Cluseter[rackId].ClusterCellTemperatures.CellTemperatures[314]|arg2=|arg3=|arg4=1000
4,10988,int16,16,yc988,100,Rack单体电池温度316,model=4|arg1=bmsdeviceId.BatteryStacks[0].Cluseter[rackId].ClusterCellTemperatures.CellTemperatures[315]|arg2=|arg3=|arg4=1000
4,10989,int16,16,yc989,100,Rack单体电池温度317,model=4|arg1=bmsdeviceId.BatteryStacks[0].Cluseter[rackId].ClusterCellTemperatures.CellTemperatures[316]|arg2=|arg3=|arg4=1000
4,10990,int16,16,yc990,100,Rack单体电池温度318,model=4|arg1=bmsdeviceId.BatteryStacks[0].Cluseter[rackId].ClusterCellTemperatures.CellTemperatures[317]|arg2=|arg3=|arg4=1000
4,10991,int16,16,yc991,100,Rack单体电池温度319,model=4|arg1=bmsdeviceId.BatteryStacks[0].Cluseter[rackId].ClusterCellTemperatures.CellTemperatures[318]|arg2=|arg3=|arg4=1000
4,10992,int16,16,yc992,100,Rack单体电池温度320,model=4|arg1=bmsdeviceId.BatteryStacks[0].Cluseter[rackId].ClusterCellTemperatures.CellTemperatures[319]|arg2=|arg3=|arg4=1000
4,10993,int16,16,yc993,100,Rack单体电池温度321,model=4|arg1=bmsdeviceId.BatteryStacks[0].Cluseter[rackId].ClusterCellTemperatures.CellTemperatures[320]|arg2=|arg3=|arg4=1000
4,10994,int16,16,yc994,100,Rack单体电池温度322,model=4|arg1=bmsdeviceId.BatteryStacks[0].Cluseter[rackId].ClusterCellTemperatures.CellTemperatures[321]|arg2=|arg3=|arg4=1000
4,10995,int16,16,yc995,100,Rack单体电池温度323,model=4|arg1=bmsdeviceId.BatteryStacks[0].Cluseter[rackId].ClusterCellTemperatures.CellTemperatures[322]|arg2=|arg3=|arg4=1000
4,10996,int16,16,yc996,100,Rack单体电池温度324,model=4|arg1=bmsdeviceId.BatteryStacks[0].Cluseter[rackId].ClusterCellTemperatures.CellTemperatures[323]|arg2=|arg3=|arg4=1000
4,10997,int16,16,yc997,100,Rack单体电池温度325,model=4|arg1=bmsdeviceId.BatteryStacks[0].Cluseter[rackId].ClusterCellTemperatures.CellTemperatures[324]|arg2=|arg3=|arg4=1000
4,10998,int16,16,yc998,100,Rack单体电池温度326,model=4|arg1=bmsdeviceId.BatteryStacks[0].Cluseter[rackId].ClusterCellTemperatures.CellTemperatures[325]|arg2=|arg3=|arg4=1000
4,10999,int16,16,yc999,100,Rack单体电池温度327,model=4|arg1=bmsdeviceId.BatteryStacks[0].Cluseter[rackId].ClusterCellTemperatures.CellTemperatures[326]|arg2=|arg3=|arg4=1000
4,11000,int16,16,yc1000,100,Rack单体电池温度328,model=4|arg1=bmsdeviceId.BatteryStacks[0].Cluseter[rackId].ClusterCellTemperatures.CellTemperatures[327]|arg2=|arg3=|arg4=1000
4,11001,int16,16,yc1001,100,Rack单体电池温度329,model=4|arg1=bmsdeviceId.BatteryStacks[0].Cluseter[rackId].ClusterCellTemperatures.CellTemperatures[328]|arg2=|arg3=|arg4=1000
4,11002,int16,16,yc1002,100,Rack单体电池温度330,model=4|arg1=bmsdeviceId.BatteryStacks[0].Cluseter[rackId].ClusterCellTemperatures.CellTemperatures[329]|arg2=|arg3=|arg4=1000
4,11003,int16,16,yc1003,100,Rack单体电池温度331,model=4|arg1=bmsdeviceId.BatteryStacks[0].Cluseter[rackId].ClusterCellTemperatures.CellTemperatures[330]|arg2=|arg3=|arg4=1000
4,11004,int16,16,yc1004,100,Rack单体电池温度332,model=4|arg1=bmsdeviceId.BatteryStacks[0].Cluseter[rackId].ClusterCellTemperatures.CellTemperatures[331]|arg2=|arg3=|arg4=1000
4,11005,int16,16,yc1005,100,Rack单体电池温度333,model=4|arg1=bmsdeviceId.BatteryStacks[0].Cluseter[rackId].ClusterCellTemperatures.CellTemperatures[332]|arg2=|arg3=|arg4=1000
4,11006,int16,16,yc1006,100,Rack单体电池温度334,model=4|arg1=bmsdeviceId.BatteryStacks[0].Cluseter[rackId].ClusterCellTemperatures.CellTemperatures[333]|arg2=|arg3=|arg4=1000
4,11007,int16,16,yc1007,100,Rack单体电池温度335,model=4|arg1=bmsdeviceId.BatteryStacks[0].Cluseter[rackId].ClusterCellTemperatures.CellTemperatures[334]|arg2=|arg3=|arg4=1000
4,11008,int16,16,yc1008,100,Rack单体电池温度336,model=4|arg1=bmsdeviceId.BatteryStacks[0].Cluseter[rackId].ClusterCellTemperatures.CellTemperatures[335]|arg2=|arg3=|arg4=1000
4,11009,int16,16,yc1009,100,Rack单体电池温度337,model=4|arg1=bmsdeviceId.BatteryStacks[0].Cluseter[rackId].ClusterCellTemperatures.CellTemperatures[336]|arg2=|arg3=|arg4=1000
4,11010,int16,16,yc1010,100,Rack单体电池温度338,model=4|arg1=bmsdeviceId.BatteryStacks[0].Cluseter[rackId].ClusterCellTemperatures.CellTemperatures[337]|arg2=|arg3=|arg4=1000
4,11011,int16,16,yc1011,100,Rack单体电池温度339,model=4|arg1=bmsdeviceId.BatteryStacks[0].Cluseter[rackId].ClusterCellTemperatures.CellTemperatures[338]|arg2=|arg3=|arg4=1000
4,11012,int16,16,yc1012,100,Rack单体电池温度340,model=4|arg1=bmsdeviceId.BatteryStacks[0].Cluseter[rackId].ClusterCellTemperatures.CellTemperatures[339]|arg2=|arg3=|arg4=1000
4,11013,int16,16,yc1013,100,Rack单体电池温度341,model=4|arg1=bmsdeviceId.BatteryStacks[0].Cluseter[rackId].ClusterCellTemperatures.CellTemperatures[340]|arg2=|arg3=|arg4=1000
4,11014,int16,16,yc1014,100,Rack单体电池温度342,model=4|arg1=bmsdeviceId.BatteryStacks[0].Cluseter[rackId].ClusterCellTemperatures.CellTemperatures[341]|arg2=|arg3=|arg4=1000
4,11015,int16,16,yc1015,100,Rack单体电池温度343,model=4|arg1=bmsdeviceId.BatteryStacks[0].Cluseter[rackId].ClusterCellTemperatures.CellTemperatures[342]|arg2=|arg3=|arg4=1000
4,11016,int16,16,yc1016,100,Rack单体电池温度344,model=4|arg1=bmsdeviceId.BatteryStacks[0].Cluseter[rackId].ClusterCellTemperatures.CellTemperatures[343]|arg2=|arg3=|arg4=1000
4,11017,int16,16,yc1017,100,Rack单体电池温度345,model=4|arg1=bmsdeviceId.BatteryStacks[0].Cluseter[rackId].ClusterCellTemperatures.CellTemperatures[344]|arg2=|arg3=|arg4=1000
4,11018,int16,16,yc1018,100,Rack单体电池温度346,model=4|arg1=bmsdeviceId.BatteryStacks[0].Cluseter[rackId].ClusterCellTemperatures.CellTemperatures[345]|arg2=|arg3=|arg4=1000
4,11019,int16,16,yc1019,100,Rack单体电池温度347,model=4|arg1=bmsdeviceId.BatteryStacks[0].Cluseter[rackId].ClusterCellTemperatures.CellTemperatures[346]|arg2=|arg3=|arg4=1000
4,11020,int16,16,yc1020,100,Rack单体电池温度348,model=4|arg1=bmsdeviceId.BatteryStacks[0].Cluseter[rackId].ClusterCellTemperatures.CellTemperatures[347]|arg2=|arg3=|arg4=1000
4,11021,int16,16,yc1021,100,Rack单体电池温度349,model=4|arg1=bmsdeviceId.BatteryStacks[0].Cluseter[rackId].ClusterCellTemperatures.CellTemperatures[348]|arg2=|arg3=|arg4=1000
4,11022,int16,16,yc1022,100,Rack单体电池温度350,model=4|arg1=bmsdeviceId.BatteryStacks[0].Cluseter[rackId].ClusterCellTemperatures.CellTemperatures[349]|arg2=|arg3=|arg4=1000
4,11023,int16,16,yc1023,100,Rack单体电池温度351,model=4|arg1=bmsdeviceId.BatteryStacks[0].Cluseter[rackId].ClusterCellTemperatures.CellTemperatures[350]|arg2=|arg3=|arg4=1000
4,11024,int16,16,yc1024,100,Rack单体电池温度352,model=4|arg1=bmsdeviceId.BatteryStacks[0].Cluseter[rackId].ClusterCellTemperatures.CellTemperatures[351]|arg2=|arg3=|arg4=1000
4,11025,int16,16,yc1025,100,Rack单体电池温度353,model=4|arg1=bmsdeviceId.BatteryStacks[0].Cluseter[rackId].ClusterCellTemperatures.CellTemperatures[352]|arg2=|arg3=|arg4=1000
4,11026,int16,16,yc1026,100,Rack单体电池温度354,model=4|arg1=bmsdeviceId.BatteryStacks[0].Cluseter[rackId].ClusterCellTemperatures.CellTemperatures[353]|arg2=|arg3=|arg4=1000
4,11027,int16,16,yc1027,100,Rack单体电池温度355,model=4|arg1=bmsdeviceId.BatteryStacks[0].Cluseter[rackId].ClusterCellTemperatures.CellTemperatures[354]|arg2=|arg3=|arg4=1000
4,11028,int16,16,yc1028,100,Rack单体电池温度356,model=4|arg1=bmsdeviceId.BatteryStacks[0].Cluseter[rackId].ClusterCellTemperatures.CellTemperatures[355]|arg2=|arg3=|arg4=1000
4,11029,int16,16,yc1029,100,Rack单体电池温度357,model=4|arg1=bmsdeviceId.BatteryStacks[0].Cluseter[rackId].ClusterCellTemperatures.CellTemperatures[356]|arg2=|arg3=|arg4=1000
4,11030,int16,16,yc1030,100,Rack单体电池温度358,model=4|arg1=bmsdeviceId.BatteryStacks[0].Cluseter[rackId].ClusterCellTemperatures.CellTemperatures[357]|arg2=|arg3=|arg4=1000
4,11031,int16,16,yc1031,100,Rack单体电池温度359,model=4|arg1=bmsdeviceId.BatteryStacks[0].Cluseter[rackId].ClusterCellTemperatures.CellTemperatures[358]|arg2=|arg3=|arg4=1000
4,11032,int16,16,yc1032,100,Rack单体电池温度360,model=4|arg1=bmsdeviceId.BatteryStacks[0].Cluseter[rackId].ClusterCellTemperatures.CellTemperatures[359]|arg2=|arg3=|arg4=1000
4,11033,int16,16,yc1033,100,Rack单体电池温度361,model=4|arg1=bmsdeviceId.BatteryStacks[0].Cluseter[rackId].ClusterCellTemperatures.CellTemperatures[360]|arg2=|arg3=|arg4=1000
4,11034,int16,16,yc1034,100,Rack单体电池温度362,model=4|arg1=bmsdeviceId.BatteryStacks[0].Cluseter[rackId].ClusterCellTemperatures.CellTemperatures[361]|arg2=|arg3=|arg4=1000
4,11035,int16,16,yc1035,100,Rack单体电池温度363,model=4|arg1=bmsdeviceId.BatteryStacks[0].Cluseter[rackId].ClusterCellTemperatures.CellTemperatures[362]|arg2=|arg3=|arg4=1000
4,11036,int16,16,yc1036,100,Rack单体电池温度364,model=4|arg1=bmsdeviceId.BatteryStacks[0].Cluseter[rackId].ClusterCellTemperatures.CellTemperatures[363]|arg2=|arg3=|arg4=1000
4,11037,int16,16,yc1037,100,Rack单体电池温度365,model=4|arg1=bmsdeviceId.BatteryStacks[0].Cluseter[rackId].ClusterCellTemperatures.CellTemperatures[364]|arg2=|arg3=|arg4=1000
4,11038,int16,16,yc1038,100,Rack单体电池温度366,model=4|arg1=bmsdeviceId.BatteryStacks[0].Cluseter[rackId].ClusterCellTemperatures.CellTemperatures[365]|arg2=|arg3=|arg4=1000
4,11039,int16,16,yc1039,100,Rack单体电池温度367,model=4|arg1=bmsdeviceId.BatteryStacks[0].Cluseter[rackId].ClusterCellTemperatures.CellTemperatures[366]|arg2=|arg3=|arg4=1000
4,11040,int16,16,yc1040,100,Rack单体电池温度368,model=4|arg1=bmsdeviceId.BatteryStacks[0].Cluseter[rackId].ClusterCellTemperatures.CellTemperatures[367]|arg2=|arg3=|arg4=1000
4,11041,int16,16,yc1041,100,Rack单体电池温度369,model=4|arg1=bmsdeviceId.BatteryStacks[0].Cluseter[rackId].ClusterCellTemperatures.CellTemperatures[368]|arg2=|arg3=|arg4=1000
4,11042,int16,16,yc1042,100,Rack单体电池温度370,model=4|arg1=bmsdeviceId.BatteryStacks[0].Cluseter[rackId].ClusterCellTemperatures.CellTemperatures[369]|arg2=|arg3=|arg4=1000
4,11043,int16,16,yc1043,100,Rack单体电池温度371,model=4|arg1=bmsdeviceId.BatteryStacks[0].Cluseter[rackId].ClusterCellTemperatures.CellTemperatures[370]|arg2=|arg3=|arg4=1000
4,11044,int16,16,yc1044,100,Rack单体电池温度372,model=4|arg1=bmsdeviceId.BatteryStacks[0].Cluseter[rackId].ClusterCellTemperatures.CellTemperatures[371]|arg2=|arg3=|arg4=1000
4,11045,int16,16,yc1045,100,Rack单体电池温度373,model=4|arg1=bmsdeviceId.BatteryStacks[0].Cluseter[rackId].ClusterCellTemperatures.CellTemperatures[372]|arg2=|arg3=|arg4=1000
4,11046,int16,16,yc1046,100,Rack单体电池温度374,model=4|arg1=bmsdeviceId.BatteryStacks[0].Cluseter[rackId].ClusterCellTemperatures.CellTemperatures[373]|arg2=|arg3=|arg4=1000
4,11047,int16,16,yc1047,100,Rack单体电池温度375,model=4|arg1=bmsdeviceId.BatteryStacks[0].Cluseter[rackId].ClusterCellTemperatures.CellTemperatures[374]|arg2=|arg3=|arg4=1000
4,11048,int16,16,yc1048,100,Rack单体电池温度376,model=4|arg1=bmsdeviceId.BatteryStacks[0].Cluseter[rackId].ClusterCellTemperatures.CellTemperatures[375]|arg2=|arg3=|arg4=1000
4,11049,int16,16,yc1049,100,Rack单体电池温度377,model=4|arg1=bmsdeviceId.BatteryStacks[0].Cluseter[rackId].ClusterCellTemperatures.CellTemperatures[376]|arg2=|arg3=|arg4=1000
4,11050,int16,16,yc1050,100,Rack单体电池温度378,model=4|arg1=bmsdeviceId.BatteryStacks[0].Cluseter[rackId].ClusterCellTemperatures.CellTemperatures[377]|arg2=|arg3=|arg4=1000
4,11051,int16,16,yc1051,100,Rack单体电池温度379,model=4|arg1=bmsdeviceId.BatteryStacks[0].Cluseter[rackId].ClusterCellTemperatures.CellTemperatures[378]|arg2=|arg3=|arg4=1000
4,11052,int16,16,yc1052,100,Rack单体电池温度380,model=4|arg1=bmsdeviceId.BatteryStacks[0].Cluseter[rackId].ClusterCellTemperatures.CellTemperatures[379]|arg2=|arg3=|arg4=1000
4,11053,int16,16,yc1053,100,Rack单体电池温度381,model=4|arg1=bmsdeviceId.BatteryStacks[0].Cluseter[rackId].ClusterCellTemperatures.CellTemperatures[380]|arg2=|arg3=|arg4=1000
4,11054,int16,16,yc1054,100,Rack单体电池温度382,model=4|arg1=bmsdeviceId.BatteryStacks[0].Cluseter[rackId].ClusterCellTemperatures.CellTemperatures[381]|arg2=|arg3=|arg4=1000
4,11055,int16,16,yc1055,100,Rack单体电池温度383,model=4|arg1=bmsdeviceId.BatteryStacks[0].Cluseter[rackId].ClusterCellTemperatures.CellTemperatures[382]|arg2=|arg3=|arg4=1000
4,11056,int16,16,yc1056,100,Rack单体电池温度384,model=4|arg1=bmsdeviceId.BatteryStacks[0].Cluseter[rackId].ClusterCellTemperatures.CellTemperatures[383]|arg2=|arg3=|arg4=1000
4,11057,int16,16,yc1057,100,Rack单体电池温度385,model=4|arg1=bmsdeviceId.BatteryStacks[0].Cluseter[rackId].ClusterCellTemperatures.CellTemperatures[384]|arg2=|arg3=|arg4=1000
4,11058,int16,16,yc1058,100,Rack单体电池温度386,model=4|arg1=bmsdeviceId.BatteryStacks[0].Cluseter[rackId].ClusterCellTemperatures.CellTemperatures[385]|arg2=|arg3=|arg4=1000
4,11059,int16,16,yc1059,100,Rack单体电池温度387,model=4|arg1=bmsdeviceId.BatteryStacks[0].Cluseter[rackId].ClusterCellTemperatures.CellTemperatures[386]|arg2=|arg3=|arg4=1000
4,11060,int16,16,yc1060,100,Rack单体电池温度388,model=4|arg1=bmsdeviceId.BatteryStacks[0].Cluseter[rackId].ClusterCellTemperatures.CellTemperatures[387]|arg2=|arg3=|arg4=1000
4,11061,int16,16,yc1061,100,Rack单体电池温度389,model=4|arg1=bmsdeviceId.BatteryStacks[0].Cluseter[rackId].ClusterCellTemperatures.CellTemperatures[388]|arg2=|arg3=|arg4=1000
4,11062,int16,16,yc1062,100,Rack单体电池温度390,model=4|arg1=bmsdeviceId.BatteryStacks[0].Cluseter[rackId].ClusterCellTemperatures.CellTemperatures[389]|arg2=|arg3=|arg4=1000
4,11063,int16,16,yc1063,100,Rack单体电池温度391,model=4|arg1=bmsdeviceId.BatteryStacks[0].Cluseter[rackId].ClusterCellTemperatures.CellTemperatures[390]|arg2=|arg3=|arg4=1000
4,11064,int16,16,yc1064,100,Rack单体电池温度392,model=4|arg1=bmsdeviceId.BatteryStacks[0].Cluseter[rackId].ClusterCellTemperatures.CellTemperatures[391]|arg2=|arg3=|arg4=1000
4,11065,int16,16,yc1065,100,Rack单体电池温度393,model=4|arg1=bmsdeviceId.BatteryStacks[0].Cluseter[rackId].ClusterCellTemperatures.CellTemperatures[392]|arg2=|arg3=|arg4=1000
4,11066,int16,16,yc1066,100,Rack单体电池温度394,model=4|arg1=bmsdeviceId.BatteryStacks[0].Cluseter[rackId].ClusterCellTemperatures.CellTemperatures[393]|arg2=|arg3=|arg4=1000
4,11067,int16,16,yc1067,100,Rack单体电池温度395,model=4|arg1=bmsdeviceId.BatteryStacks[0].Cluseter[rackId].ClusterCellTemperatures.CellTemperatures[394]|arg2=|arg3=|arg4=1000
4,11068,int16,16,yc1068,100,Rack单体电池温度396,model=4|arg1=bmsdeviceId.BatteryStacks[0].Cluseter[rackId].ClusterCellTemperatures.CellTemperatures[395]|arg2=|arg3=|arg4=1000
4,11069,int16,16,yc1069,100,Rack单体电池温度397,model=4|arg1=bmsdeviceId.BatteryStacks[0].Cluseter[rackId].ClusterCellTemperatures.CellTemperatures[396]|arg2=|arg3=|arg4=1000
4,11070,int16,16,yc1070,100,Rack单体电池温度398,model=4|arg1=bmsdeviceId.BatteryStacks[0].Cluseter[rackId].ClusterCellTemperatures.CellTemperatures[397]|arg2=|arg3=|arg4=1000
4,11071,int16,16,yc1071,100,Rack单体电池温度399,model=4|arg1=bmsdeviceId.BatteryStacks[0].Cluseter[rackId].ClusterCellTemperatures.CellTemperatures[398]|arg2=|arg3=|arg4=1000
4,11072,int16,16,yc1072,100,Rack单体电池温度400,model=4|arg1=bmsdeviceId.BatteryStacks[0].Cluseter[rackId].ClusterCellTemperatures.CellTemperatures[399]|arg2=|arg3=|arg4=1000
4,11073,int16,16,yc1073,100,Rack单体电池温度401,model=4|arg1=bmsdeviceId.BatteryStacks[0].Cluseter[rackId].ClusterCellTemperatures.CellTemperatures[400]|arg2=|arg3=|arg4=1000
4,11074,int16,16,yc1074,100,Rack单体电池温度402,model=4|arg1=bmsdeviceId.BatteryStacks[0].Cluseter[rackId].ClusterCellTemperatures.CellTemperatures[401]|arg2=|arg3=|arg4=1000
4,11075,int16,16,yc1075,100,Rack单体电池温度403,model=4|arg1=bmsdeviceId.BatteryStacks[0].Cluseter[rackId].ClusterCellTemperatures.CellTemperatures[402]|arg2=|arg3=|arg4=1000
4,11076,int16,16,yc1076,100,Rack单体电池温度404,model=4|arg1=bmsdeviceId.BatteryStacks[0].Cluseter[rackId].ClusterCellTemperatures.CellTemperatures[403]|arg2=|arg3=|arg4=1000
4,11077,int16,16,yc1077,100,Rack单体电池温度405,model=4|arg1=bmsdeviceId.BatteryStacks[0].Cluseter[rackId].ClusterCellTemperatures.CellTemperatures[404]|arg2=|arg3=|arg4=1000
4,11078,int16,16,yc1078,100,Rack单体电池温度406,model=4|arg1=bmsdeviceId.BatteryStacks[0].Cluseter[rackId].ClusterCellTemperatures.CellTemperatures[405]|arg2=|arg3=|arg4=1000
4,11079,int16,16,yc1079,100,Rack单体电池温度407,model=4|arg1=bmsdeviceId.BatteryStacks[0].Cluseter[rackId].ClusterCellTemperatures.CellTemperatures[406]|arg2=|arg3=|arg4=1000
4,11080,int16,16,yc1080,100,Rack单体电池温度408,model=4|arg1=bmsdeviceId.BatteryStacks[0].Cluseter[rackId].ClusterCellTemperatures.CellTemperatures[407]|arg2=|arg3=|arg4=1000
4,11081,int16,16,yc1081,100,Rack单体电池温度409,model=4|arg1=bmsdeviceId.BatteryStacks[0].Cluseter[rackId].ClusterCellTemperatures.CellTemperatures[408]|arg2=|arg3=|arg4=1000
4,11082,int16,16,yc1082,100,Rack单体电池温度410,model=4|arg1=bmsdeviceId.BatteryStacks[0].Cluseter[rackId].ClusterCellTemperatures.CellTemperatures[409]|arg2=|arg3=|arg4=1000
4,11083,int16,16,yc1083,100,Rack单体电池温度411,model=4|arg1=bmsdeviceId.BatteryStacks[0].Cluseter[rackId].ClusterCellTemperatures.CellTemperatures[410]|arg2=|arg3=|arg4=1000
4,11084,int16,16,yc1084,100,Rack单体电池温度412,model=4|arg1=bmsdeviceId.BatteryStacks[0].Cluseter[rackId].ClusterCellTemperatures.CellTemperatures[411]|arg2=|arg3=|arg4=1000
4,11085,int16,16,yc1085,100,Rack单体电池温度413,model=4|arg1=bmsdeviceId.BatteryStacks[0].Cluseter[rackId].ClusterCellTemperatures.CellTemperatures[412]|arg2=|arg3=|arg4=1000
4,11086,int16,16,yc1086,100,Rack单体电池温度414,model=4|arg1=bmsdeviceId.BatteryStacks[0].Cluseter[rackId].ClusterCellTemperatures.CellTemperatures[413]|arg2=|arg3=|arg4=1000
4,11087,int16,16,yc1087,100,Rack单体电池温度415,model=4|arg1=bmsdeviceId.BatteryStacks[0].Cluseter[rackId].ClusterCellTemperatures.CellTemperatures[414]|arg2=|arg3=|arg4=1000
4,11088,int16,16,yc1088,100,Rack单体电池温度416,model=4|arg1=bmsdeviceId.BatteryStacks[0].Cluseter[rackId].ClusterCellTemperatures.CellTemperatures[415]|arg2=|arg3=|arg4=1000
4,11089,int16,16,yc1089,100,Rack单体电池温度417,model=4|arg1=bmsdeviceId.BatteryStacks[0].Cluseter[rackId].ClusterCellTemperatures.CellTemperatures[416]|arg2=|arg3=|arg4=1000
4,11090,int16,16,yc1090,100,Rack单体电池温度418,model=4|arg1=bmsdeviceId.BatteryStacks[0].Cluseter[rackId].ClusterCellTemperatures.CellTemperatures[417]|arg2=|arg3=|arg4=1000
4,11091,int16,16,yc1091,100,Rack单体电池温度419,model=4|arg1=bmsdeviceId.BatteryStacks[0].Cluseter[rackId].ClusterCellTemperatures.CellTemperatures[418]|arg2=|arg3=|arg4=1000
4,11092,int16,16,yc1092,100,Rack单体电池温度420,model=4|arg1=bmsdeviceId.BatteryStacks[0].Cluseter[rackId].ClusterCellTemperatures.CellTemperatures[419]|arg2=|arg3=|arg4=1000
4,11093,int16,16,yc1093,100,Rack单体电池温度421,model=4|arg1=bmsdeviceId.BatteryStacks[0].Cluseter[rackId].ClusterCellTemperatures.CellTemperatures[420]|arg2=|arg3=|arg4=1000
4,11094,int16,16,yc1094,100,Rack单体电池温度422,model=4|arg1=bmsdeviceId.BatteryStacks[0].Cluseter[rackId].ClusterCellTemperatures.CellTemperatures[421]|arg2=|arg3=|arg4=1000
4,11095,int16,16,yc1095,100,Rack单体电池温度423,model=4|arg1=bmsdeviceId.BatteryStacks[0].Cluseter[rackId].ClusterCellTemperatures.CellTemperatures[422]|arg2=|arg3=|arg4=1000
4,11096,int16,16,yc1096,100,Rack单体电池温度424,model=4|arg1=bmsdeviceId.BatteryStacks[0].Cluseter[rackId].ClusterCellTemperatures.CellTemperatures[423]|arg2=|arg3=|arg4=1000
4,11097,int16,16,yc1097,100,Rack单体电池温度425,model=4|arg1=bmsdeviceId.BatteryStacks[0].Cluseter[rackId].ClusterCellTemperatures.CellTemperatures[424]|arg2=|arg3=|arg4=1000
4,11098,int16,16,yc1098,100,Rack单体电池温度426,model=4|arg1=bmsdeviceId.BatteryStacks[0].Cluseter[rackId].ClusterCellTemperatures.CellTemperatures[425]|arg2=|arg3=|arg4=1000
4,11099,int16,16,yc1099,100,Rack单体电池温度427,model=4|arg1=bmsdeviceId.BatteryStacks[0].Cluseter[rackId].ClusterCellTemperatures.CellTemperatures[426]|arg2=|arg3=|arg4=1000
4,11100,int16,16,yc1100,100,Rack单体电池温度428,model=4|arg1=bmsdeviceId.BatteryStacks[0].Cluseter[rackId].ClusterCellTemperatures.CellTemperatures[427]|arg2=|arg3=|arg4=1000
4,11101,int16,16,yc1101,100,Rack单体电池温度429,model=4|arg1=bmsdeviceId.BatteryStacks[0].Cluseter[rackId].ClusterCellTemperatures.CellTemperatures[428]|arg2=|arg3=|arg4=1000
4,11102,int16,16,yc1102,100,Rack单体电池温度430,model=4|arg1=bmsdeviceId.BatteryStacks[0].Cluseter[rackId].ClusterCellTemperatures.CellTemperatures[429]|arg2=|arg3=|arg4=1000
4,11103,int16,16,yc1103,100,Rack单体电池温度431,model=4|arg1=bmsdeviceId.BatteryStacks[0].Cluseter[rackId].ClusterCellTemperatures.CellTemperatures[430]|arg2=|arg3=|arg4=1000
4,11104,int16,16,yc1104,100,Rack单体电池温度432,model=4|arg1=bmsdeviceId.BatteryStacks[0].Cluseter[rackId].ClusterCellTemperatures.CellTemperatures[431]|arg2=|arg3=|arg4=1000
4,11105,int16,16,yc1105,100,Rack单体电池温度433,model=4|arg1=bmsdeviceId.BatteryStacks[0].Cluseter[rackId].ClusterCellTemperatures.CellTemperatures[432]|arg2=|arg3=|arg4=1000
4,11106,int16,16,yc1106,100,Rack单体电池温度434,model=4|arg1=bmsdeviceId.BatteryStacks[0].Cluseter[rackId].ClusterCellTemperatures.CellTemperatures[433]|arg2=|arg3=|arg4=1000
4,11107,int16,16,yc1107,100,Rack单体电池温度435,model=4|arg1=bmsdeviceId.BatteryStacks[0].Cluseter[rackId].ClusterCellTemperatures.CellTemperatures[434]|arg2=|arg3=|arg4=1000
4,11108,int16,16,yc1108,100,Rack单体电池温度436,model=4|arg1=bmsdeviceId.BatteryStacks[0].Cluseter[rackId].ClusterCellTemperatures.CellTemperatures[435]|arg2=|arg3=|arg4=1000
4,11109,int16,16,yc1109,100,Rack单体电池温度437,model=4|arg1=bmsdeviceId.BatteryStacks[0].Cluseter[rackId].ClusterCellTemperatures.CellTemperatures[436]|arg2=|arg3=|arg4=1000
4,11110,int16,16,yc1110,100,Rack单体电池温度438,model=4|arg1=bmsdeviceId.BatteryStacks[0].Cluseter[rackId].ClusterCellTemperatures.CellTemperatures[437]|arg2=|arg3=|arg4=1000
4,11111,int16,16,yc1111,100,Rack单体电池温度439,model=4|arg1=bmsdeviceId.BatteryStacks[0].Cluseter[rackId].ClusterCellTemperatures.CellTemperatures[438]|arg2=|arg3=|arg4=1000
4,11112,int16,16,yc1112,100,Rack单体电池温度440,model=4|arg1=bmsdeviceId.BatteryStacks[0].Cluseter[rackId].ClusterCellTemperatures.CellTemperatures[439]|arg2=|arg3=|arg4=1000
4,11113,int16,16,yc1113,100,Rack单体电池温度441,model=4|arg1=bmsdeviceId.BatteryStacks[0].Cluseter[rackId].ClusterCellTemperatures.CellTemperatures[440]|arg2=|arg3=|arg4=1000
4,11114,int16,16,yc1114,100,Rack单体电池温度442,model=4|arg1=bmsdeviceId.BatteryStacks[0].Cluseter[rackId].ClusterCellTemperatures.CellTemperatures[441]|arg2=|arg3=|arg4=1000
4,11115,int16,16,yc1115,100,Rack单体电池温度443,model=4|arg1=bmsdeviceId.BatteryStacks[0].Cluseter[rackId].ClusterCellTemperatures.CellTemperatures[442]|arg2=|arg3=|arg4=1000
4,11116,int16,16,yc1116,100,Rack单体电池温度444,model=4|arg1=bmsdeviceId.BatteryStacks[0].Cluseter[rackId].ClusterCellTemperatures.CellTemperatures[443]|arg2=|arg3=|arg4=1000
4,11117,int16,16,yc1117,100,Rack单体电池温度445,model=4|arg1=bmsdeviceId.BatteryStacks[0].Cluseter[rackId].ClusterCellTemperatures.CellTemperatures[444]|arg2=|arg3=|arg4=1000
4,11118,int16,16,yc1118,100,Rack单体电池温度446,model=4|arg1=bmsdeviceId.BatteryStacks[0].Cluseter[rackId].ClusterCellTemperatures.CellTemperatures[445]|arg2=|arg3=|arg4=1000
4,11119,int16,16,yc1119,100,Rack单体电池温度447,model=4|arg1=bmsdeviceId.BatteryStacks[0].Cluseter[rackId].ClusterCellTemperatures.CellTemperatures[446]|arg2=|arg3=|arg4=1000
4,11120,int16,16,yc1120,100,Rack单体电池温度448,model=4|arg1=bmsdeviceId.BatteryStacks[0].Cluseter[rackId].ClusterCellTemperatures.CellTemperatures[447]|arg2=|arg3=|arg4=1000
4,11121,int16,16,yc1121,100,Rack单体电池温度449,model=4|arg1=bmsdeviceId.BatteryStacks[0].Cluseter[rackId].ClusterCellTemperatures.CellTemperatures[448]|arg2=|arg3=|arg4=1000
4,11122,int16,16,yc1122,100,Rack单体电池温度450,model=4|arg1=bmsdeviceId.BatteryStacks[0].Cluseter[rackId].ClusterCellTemperatures.CellTemperatures[449]|arg2=|arg3=|arg4=1000
4,11123,int16,16,yc1123,100,Rack单体电池温度451,model=4|arg1=bmsdeviceId.BatteryStacks[0].Cluseter[rackId].ClusterCellTemperatures.CellTemperatures[450]|arg2=|arg3=|arg4=1000
4,11124,int16,16,yc1124,100,Rack单体电池温度452,model=4|arg1=bmsdeviceId.BatteryStacks[0].Cluseter[rackId].ClusterCellTemperatures.CellTemperatures[451]|arg2=|arg3=|arg4=1000
4,11125,int16,16,yc1125,100,Rack单体电池温度453,model=4|arg1=bmsdeviceId.BatteryStacks[0].Cluseter[rackId].ClusterCellTemperatures.CellTemperatures[452]|arg2=|arg3=|arg4=1000
4,11126,int16,16,yc1126,100,Rack单体电池温度454,model=4|arg1=bmsdeviceId.BatteryStacks[0].Cluseter[rackId].ClusterCellTemperatures.CellTemperatures[453]|arg2=|arg3=|arg4=1000
4,11127,int16,16,yc1127,100,Rack单体电池温度455,model=4|arg1=bmsdeviceId.BatteryStacks[0].Cluseter[rackId].ClusterCellTemperatures.CellTemperatures[454]|arg2=|arg3=|arg4=1000
4,11128,int16,16,yc1128,100,Rack单体电池温度456,model=4|arg1=bmsdeviceId.BatteryStacks[0].Cluseter[rackId].ClusterCellTemperatures.CellTemperatures[455]|arg2=|arg3=|arg4=1000
4,11129,int16,16,yc1129,100,Rack单体电池温度457,model=4|arg1=bmsdeviceId.BatteryStacks[0].Cluseter[rackId].ClusterCellTemperatures.CellTemperatures[456]|arg2=|arg3=|arg4=1000
4,11130,int16,16,yc1130,100,Rack单体电池温度458,model=4|arg1=bmsdeviceId.BatteryStacks[0].Cluseter[rackId].ClusterCellTemperatures.CellTemperatures[457]|arg2=|arg3=|arg4=1000
4,11131,int16,16,yc1131,100,Rack单体电池温度459,model=4|arg1=bmsdeviceId.BatteryStacks[0].Cluseter[rackId].ClusterCellTemperatures.CellTemperatures[458]|arg2=|arg3=|arg4=1000
4,11132,int16,16,yc1132,100,Rack单体电池温度460,model=4|arg1=bmsdeviceId.BatteryStacks[0].Cluseter[rackId].ClusterCellTemperatures.CellTemperatures[459]|arg2=|arg3=|arg4=1000
4,11133,int16,16,yc1133,100,Rack单体电池温度461,model=4|arg1=bmsdeviceId.BatteryStacks[0].Cluseter[rackId].ClusterCellTemperatures.CellTemperatures[460]|arg2=|arg3=|arg4=1000
4,11134,int16,16,yc1134,100,Rack单体电池温度462,model=4|arg1=bmsdeviceId.BatteryStacks[0].Cluseter[rackId].ClusterCellTemperatures.CellTemperatures[461]|arg2=|arg3=|arg4=1000
4,11135,int16,16,yc1135,100,Rack单体电池温度463,model=4|arg1=bmsdeviceId.BatteryStacks[0].Cluseter[rackId].ClusterCellTemperatures.CellTemperatures[462]|arg2=|arg3=|arg4=1000
4,11136,int16,16,yc1136,100,Rack单体电池温度464,model=4|arg1=bmsdeviceId.BatteryStacks[0].Cluseter[rackId].ClusterCellTemperatures.CellTemperatures[463]|arg2=|arg3=|arg4=1000
4,11137,int16,16,yc1137,100,Rack单体电池温度465,model=4|arg1=bmsdeviceId.BatteryStacks[0].Cluseter[rackId].ClusterCellTemperatures.CellTemperatures[464]|arg2=|arg3=|arg4=1000
4,11138,int16,16,yc1138,100,Rack单体电池温度466,model=4|arg1=bmsdeviceId.BatteryStacks[0].Cluseter[rackId].ClusterCellTemperatures.CellTemperatures[465]|arg2=|arg3=|arg4=1000
4,11139,int16,16,yc1139,100,Rack单体电池温度467,model=4|arg1=bmsdeviceId.BatteryStacks[0].Cluseter[rackId].ClusterCellTemperatures.CellTemperatures[466]|arg2=|arg3=|arg4=1000
4,11140,int16,16,yc1140,100,Rack单体电池温度468,model=4|arg1=bmsdeviceId.BatteryStacks[0].Cluseter[rackId].ClusterCellTemperatures.CellTemperatures[467]|arg2=|arg3=|arg4=1000
4,11141,int16,16,yc1141,100,Rack单体电池温度469,model=4|arg1=bmsdeviceId.BatteryStacks[0].Cluseter[rackId].ClusterCellTemperatures.CellTemperatures[468]|arg2=|arg3=|arg4=1000
4,11142,int16,16,yc1142,100,Rack单体电池温度470,model=4|arg1=bmsdeviceId.BatteryStacks[0].Cluseter[rackId].ClusterCellTemperatures.CellTemperatures[469]|arg2=|arg3=|arg4=1000
4,11143,int16,16,yc1143,100,Rack单体电池温度471,model=4|arg1=bmsdeviceId.BatteryStacks[0].Cluseter[rackId].ClusterCellTemperatures.CellTemperatures[470]|arg2=|arg3=|arg4=1000
4,11144,int16,16,yc1144,100,Rack单体电池温度472,model=4|arg1=bmsdeviceId.BatteryStacks[0].Cluseter[rackId].ClusterCellTemperatures.CellTemperatures[471]|arg2=|arg3=|arg4=1000
4,11145,int16,16,yc1145,100,Rack单体电池温度473,model=4|arg1=bmsdeviceId.BatteryStacks[0].Cluseter[rackId].ClusterCellTemperatures.CellTemperatures[472]|arg2=|arg3=|arg4=1000
4,11146,int16,16,yc1146,100,Rack单体电池温度474,model=4|arg1=bmsdeviceId.BatteryStacks[0].Cluseter[rackId].ClusterCellTemperatures.CellTemperatures[473]|arg2=|arg3=|arg4=1000
4,11147,int16,16,yc1147,100,Rack单体电池温度475,model=4|arg1=bmsdeviceId.BatteryStacks[0].Cluseter[rackId].ClusterCellTemperatures.CellTemperatures[474]|arg2=|arg3=|arg4=1000
4,11148,int16,16,yc1148,100,Rack单体电池温度476,model=4|arg1=bmsdeviceId.BatteryStacks[0].Cluseter[rackId].ClusterCellTemperatures.CellTemperatures[475]|arg2=|arg3=|arg4=1000
4,11149,int16,16,yc1149,100,Rack单体电池温度477,model=4|arg1=bmsdeviceId.BatteryStacks[0].Cluseter[rackId].ClusterCellTemperatures.CellTemperatures[476]|arg2=|arg3=|arg4=1000
4,11150,int16,16,yc1150,100,Rack单体电池温度478,model=4|arg1=bmsdeviceId.BatteryStacks[0].Cluseter[rackId].ClusterCellTemperatures.CellTemperatures[477]|arg2=|arg3=|arg4=1000
4,11151,int16,16,yc1151,100,Rack单体电池温度479,model=4|arg1=bmsdeviceId.BatteryStacks[0].Cluseter[rackId].ClusterCellTemperatures.CellTemperatures[478]|arg2=|arg3=|arg4=1000
4,11152,int16,16,yc1152,100,Rack单体电池温度480,model=4|arg1=bmsdeviceId.BatteryStacks[0].Cluseter[rackId].ClusterCellTemperatures.CellTemperatures[479]|arg2=|arg3=|arg4=1000
4,11153,int16,16,yc1153,100,Rack单体电池温度481,model=4|arg1=bmsdeviceId.BatteryStacks[0].Cluseter[rackId].ClusterCellTemperatures.CellTemperatures[480]|arg2=|arg3=|arg4=1000
4,11154,int16,16,yc1154,100,Rack单体电池温度482,model=4|arg1=bmsdeviceId.BatteryStacks[0].Cluseter[rackId].ClusterCellTemperatures.CellTemperatures[481]|arg2=|arg3=|arg4=1000
4,11155,int16,16,yc1155,100,Rack单体电池温度483,model=4|arg1=bmsdeviceId.BatteryStacks[0].Cluseter[rackId].ClusterCellTemperatures.CellTemperatures[482]|arg2=|arg3=|arg4=1000
4,11156,int16,16,yc1156,100,Rack单体电池温度484,model=4|arg1=bmsdeviceId.BatteryStacks[0].Cluseter[rackId].ClusterCellTemperatures.CellTemperatures[483]|arg2=|arg3=|arg4=1000
4,11157,int16,16,yc1157,100,Rack单体电池温度485,model=4|arg1=bmsdeviceId.BatteryStacks[0].Cluseter[rackId].ClusterCellTemperatures.CellTemperatures[484]|arg2=|arg3=|arg4=1000
4,11158,int16,16,yc1158,100,Rack单体电池温度486,model=4|arg1=bmsdeviceId.BatteryStacks[0].Cluseter[rackId].ClusterCellTemperatures.CellTemperatures[485]|arg2=|arg3=|arg4=1000
4,11159,int16,16,yc1159,100,Rack单体电池温度487,model=4|arg1=bmsdeviceId.BatteryStacks[0].Cluseter[rackId].ClusterCellTemperatures.CellTemperatures[486]|arg2=|arg3=|arg4=1000
4,11160,int16,16,yc1160,100,Rack单体电池温度488,model=4|arg1=bmsdeviceId.BatteryStacks[0].Cluseter[rackId].ClusterCellTemperatures.CellTemperatures[487]|arg2=|arg3=|arg4=1000
4,11161,int16,16,yc1161,100,Rack单体电池温度489,model=4|arg1=bmsdeviceId.BatteryStacks[0].Cluseter[rackId].ClusterCellTemperatures.CellTemperatures[488]|arg2=|arg3=|arg4=1000
4,11162,int16,16,yc1162,100,Rack单体电池温度490,model=4|arg1=bmsdeviceId.BatteryStacks[0].Cluseter[rackId].ClusterCellTemperatures.CellTemperatures[489]|arg2=|arg3=|arg4=1000
4,11163,int16,16,yc1163,100,Rack单体电池温度491,model=4|arg1=bmsdeviceId.BatteryStacks[0].Cluseter[rackId].ClusterCellTemperatures.CellTemperatures[490]|arg2=|arg3=|arg4=1000
4,11164,int16,16,yc1164,100,Rack单体电池温度492,model=4|arg1=bmsdeviceId.BatteryStacks[0].Cluseter[rackId].ClusterCellTemperatures.CellTemperatures[491]|arg2=|arg3=|arg4=1000
4,11165,int16,16,yc1165,100,Rack单体电池温度493,model=4|arg1=bmsdeviceId.BatteryStacks[0].Cluseter[rackId].ClusterCellTemperatures.CellTemperatures[492]|arg2=|arg3=|arg4=1000
4,11166,int16,16,yc1166,100,Rack单体电池温度494,model=4|arg1=bmsdeviceId.BatteryStacks[0].Cluseter[rackId].ClusterCellTemperatures.CellTemperatures[493]|arg2=|arg3=|arg4=1000
4,11167,int16,16,yc1167,100,Rack单体电池温度495,model=4|arg1=bmsdeviceId.BatteryStacks[0].Cluseter[rackId].ClusterCellTemperatures.CellTemperatures[494]|arg2=|arg3=|arg4=1000
4,11168,int16,16,yc1168,100,Rack单体电池温度496,model=4|arg1=bmsdeviceId.BatteryStacks[0].Cluseter[rackId].ClusterCellTemperatures.CellTemperatures[495]|arg2=|arg3=|arg4=1000
4,11169,int16,16,yc1169,100,Rack单体电池温度497,model=4|arg1=bmsdeviceId.BatteryStacks[0].Cluseter[rackId].ClusterCellTemperatures.CellTemperatures[496]|arg2=|arg3=|arg4=1000
4,11170,int16,16,yc1170,100,Rack单体电池温度498,model=4|arg1=bmsdeviceId.BatteryStacks[0].Cluseter[rackId].ClusterCellTemperatures.CellTemperatures[497]|arg2=|arg3=|arg4=1000
4,11171,int16,16,yc1171,100,Rack单体电池温度499,model=4|arg1=bmsdeviceId.BatteryStacks[0].Cluseter[rackId].ClusterCellTemperatures.CellTemperatures[498]|arg2=|arg3=|arg4=1000
4,11172,int16,16,yc1172,100,Rack单体电池温度500,model=4|arg1=bmsdeviceId.BatteryStacks[0].Cluseter[rackId].ClusterCellTemperatures.CellTemperatures[499]|arg2=|arg3=|arg4=1000
4,11173,int16,16,yc1173,100,Rack单体电池温度501,model=4|arg1=bmsdeviceId.BatteryStacks[0].Cluseter[rackId].ClusterCellTemperatures.CellTemperatures[500]|arg2=|arg3=|arg4=1000
4,11174,int16,16,yc1174,100,Rack单体电池温度502,model=4|arg1=bmsdeviceId.BatteryStacks[0].Cluseter[rackId].ClusterCellTemperatures.CellTemperatures[501]|arg2=|arg3=|arg4=1000
4,11175,int16,16,yc1175,100,Rack单体电池温度503,model=4|arg1=bmsdeviceId.BatteryStacks[0].Cluseter[rackId].ClusterCellTemperatures.CellTemperatures[502]|arg2=|arg3=|arg4=1000
4,11176,int16,16,yc1176,100,Rack单体电池温度504,model=4|arg1=bmsdeviceId.BatteryStacks[0].Cluseter[rackId].ClusterCellTemperatures.CellTemperatures[503]|arg2=|arg3=|arg4=1000
4,11177,int16,16,yc1177,100,Rack单体电池温度505,model=4|arg1=bmsdeviceId.BatteryStacks[0].Cluseter[rackId].ClusterCellTemperatures.CellTemperatures[504]|arg2=|arg3=|arg4=1000
4,11178,int16,16,yc1178,100,Rack单体电池温度506,model=4|arg1=bmsdeviceId.BatteryStacks[0].Cluseter[rackId].ClusterCellTemperatures.CellTemperatures[505]|arg2=|arg3=|arg4=1000
4,11179,int16,16,yc1179,100,Rack单体电池温度507,model=4|arg1=bmsdeviceId.BatteryStacks[0].Cluseter[rackId].ClusterCellTemperatures.CellTemperatures[506]|arg2=|arg3=|arg4=1000
4,11180,int16,16,yc1180,100,Rack单体电池温度508,model=4|arg1=bmsdeviceId.BatteryStacks[0].Cluseter[rackId].ClusterCellTemperatures.CellTemperatures[507]|arg2=|arg3=|arg4=1000
4,11181,int16,16,yc1181,100,Rack单体电池温度509,model=4|arg1=bmsdeviceId.BatteryStacks[0].Cluseter[rackId].ClusterCellTemperatures.CellTemperatures[508]|arg2=|arg3=|arg4=1000
4,11182,int16,16,yc1182,100,Rack单体电池温度510,model=4|arg1=bmsdeviceId.BatteryStacks[0].Cluseter[rackId].ClusterCellTemperatures.CellTemperatures[509]|arg2=|arg3=|arg4=1000
4,11183,int16,16,yc1183,100,Rack单体电池温度511,model=4|arg1=bmsdeviceId.BatteryStacks[0].Cluseter[rackId].ClusterCellTemperatures.CellTemperatures[510]|arg2=|arg3=|arg4=1000
4,11184,int16,16,yc1184,100,Rack单体电池温度512,model=4|arg1=bmsdeviceId.BatteryStacks[0].Cluseter[rackId].ClusterCellTemperatures.CellTemperatures[511]|arg2=|arg3=|arg4=1000
4,11185,u16,16,yc1185,1,Rack三级报警2,model=4|arg1=bmsdeviceId.BatteryStacks[0].Cluseter[rackId].Alarms.RackProtectionSummary2|arg2=|arg3=|arg4=1000
4,11186,u16,16,yc1186,1,Rack二级报警2,model=4|arg1=bmsdeviceId.BatteryStacks[0].Cluseter[rackId].Alarms.RackAlarmSummary2|arg2=|arg3=|arg4=1000
4,11187,u16,16,yc1187,1,Rack一级报警2,model=4|arg1=bmsdeviceId.BatteryStacks[0].Cluseter[rackId].Alarms.RackFaultSummary2|arg2=|arg3=|arg4=1000
6,40000,u16,16,yt0,1000,Rack单体过压三级报警门限Rack Cell Over Voltage Warning,model=4|arg1=bmsdeviceId.BatteryStacks[0].Cluseter[rackId].Thresholds.CellOvervoltageThreshold1|arg2=|arg3=|arg4=1000
6,40001,u16,16,yt1,1000,Rack单体过压三级恢复门限Rack Cell Over Voltage Warning Recover,model=4|arg1=bmsdeviceId.BatteryStacks[0].Cluseter[rackId].Thresholds.CellOvervoltageRecovery1|arg2=|arg3=|arg4=1000
6,40002,u16,16,yt2,1000,Rack单体欠压三级报警门限Rack Cell Under Voltage Warning,model=4|arg1=bmsdeviceId.BatteryStacks[0].Cluseter[rackId].Thresholds.CellUndervoltageThreshold1|arg2=|arg3=|arg4=1000
6,40003,u16,16,yt3,1000,Rack单体欠压三级恢复门限Rack Cell Under Voltage Warning Recover,model=4|arg1=bmsdeviceId.BatteryStacks[0].Cluseter[rackId].Thresholds.CellUndervoltageRecovery1|arg2=|arg3=|arg4=1000
6,40004,u16,16,yt4,10,Rack总电压过压三级报警门限Rack System Over Voltage Warning,model=4|arg1=bmsdeviceId.BatteryStacks[0].Cluseter[rackId].Thresholds.OvervoltageThreshold1|arg2=|arg3=|arg4=1000
6,40005,u16,16,yt5,10,Rack总电压过压三级恢复门限Rack System Over Voltage Warning Recover,model=4|arg1=bmsdeviceId.BatteryStacks[0].Cluseter[rackId].Thresholds.OvervoltageRecovery1|arg2=|arg3=|arg4=1000
6,40006,u16,16,yt6,10,Rack总电压欠压三级报警门限Rack System Under Voltage Warning,model=4|arg1=bmsdeviceId.BatteryStacks[0].Cluseter[rackId].Thresholds.UndervoltageThreshold1|arg2=|arg3=|arg4=1000
6,40007,u16,16,yt7,10,Rack总电压欠压三级恢复门限Rack System Under Voltage Warning Recover,model=4|arg1=bmsdeviceId.BatteryStacks[0].Cluseter[rackId].Thresholds.UndervoltageRecovery1|arg2=|arg3=|arg4=1000
6,40008,u16,16,yt8,10,Rack充电过流三级报警门限Rack Charge Over Current Warning,model=4|arg1=bmsdeviceId.BatteryStacks[0].Cluseter[rackId].Thresholds.ChargeOvercurrentThreshold1|arg2=|arg3=|arg4=1000
6,40009,u16,16,yt9,10,Rack充电过流三级恢复门限Rack Charge Over Current Warning Recover,model=4|arg1=bmsdeviceId.BatteryStacks[0].Cluseter[rackId].Thresholds.ChargeOvercurrentRecovery1|arg2=|arg3=|arg4=1000
6,40010,u16,16,yt10,10,Rack放电过流三级报警门限Rack Discharge Over Current Warning,model=4|arg1=bmsdeviceId.BatteryStacks[0].Cluseter[rackId].Thresholds.DischargeOvercurrentThreshold1|arg2=|arg3=|arg4=1000
6,40011,u16,16,yt11,10,Rack放电过流三级恢复门限Rack Discharge Over Current Warning Recover,model=4|arg1=bmsdeviceId.BatteryStacks[0].Cluseter[rackId].Thresholds.DischargeOvercurrentRecovery1|arg2=|arg3=|arg4=1000
6,40012,int16,16,yt12,100,Rack充电温度过高三级报警门限Rack Charge Over Temp Warning,model=4|arg1=bmsdeviceId.BatteryStacks[0].Cluseter[rackId].Thresholds.ChargeHighTempThreshold1|arg2=|arg3=|arg4=1000
6,40013,int16,16,yt13,100,Rack充电温度过高三级恢复门限Rack Charge Over Temp Warning Recover,model=4|arg1=bmsdeviceId.BatteryStacks[0].Cluseter[rackId].Thresholds.ChargeHighTempRecovery1|arg2=|arg3=|arg4=1000
6,40014,int16,16,yt14,100,Rack充电温度过低三级报警门限Rack Charge Under Temp Warning,model=4|arg1=bmsdeviceId.BatteryStacks[0].Cluseter[rackId].Thresholds.ChargeLowTempThreshold1|arg2=|arg3=|arg4=1000
6,40015,int16,16,yt15,100,Rack充电温度过低三级恢复门限Rack Charge Under Temp Warning Recover,model=4|arg1=bmsdeviceId.BatteryStacks[0].Cluseter[rackId].Thresholds.ChargeLowTempRecovery1|arg2=|arg3=|arg4=1000
6,40016,u16,16,yt16,1000,RackSOC过低三级报警门限Rack SOC Lower Warning,model=4|arg1=bmsdeviceId.BatteryStacks[0].Cluseter[rackId].Thresholds.LowSOCThreshold1|arg2=|arg3=|arg4=1000
6,40017,u16,16,yt17,1000,RackSOC过低三级恢复门限Rack SOC Lower Warning Recover,model=4|arg1=bmsdeviceId.BatteryStacks[0].Cluseter[rackId].Thresholds.LowSOCRecovery1|arg2=|arg3=|arg4=1000
6,40018,u16,16,yt18,100,Rack极柱温度过高三级报警门限Rack Pole Over Temp Warning,model=4|arg1=bmsdeviceId.BatteryStacks[0].Cluseter[rackId].Thresholds.PoleHighTempThreshold1|arg2=|arg3=|arg4=1000
6,40019,u16,16,yt19,100,Rack极柱温度过高三级恢复门限Rack Pole Over Temp Warning Recover,model=4|arg1=bmsdeviceId.BatteryStacks[0].Cluseter[rackId].Thresholds.PoleHighTempRecovery1|arg2=|arg3=|arg4=1000
6,40020,u16,16,yt20,1,Rack绝缘失效三级报警门限Rack Insulation Failure Warning,model=4|arg1=bmsdeviceId.BatteryStacks[0].Cluseter[rackId].Thresholds.InsulationThreshold1|arg2=|arg3=|arg4=1000
6,40021,u16,16,yt21,1,Rack绝缘失效三级恢复门限Rack Insulation Failure Warning Recover,model=4|arg1=bmsdeviceId.BatteryStacks[0].Cluseter[rackId].Thresholds.InsulationRecovery1|arg2=|arg3=|arg4=1000
6,40022,u16,16,yt22,1000,Rack单体压差过高三级报警门限Rack Cell Vol Diff Over Big Warning,model=4|arg1=bmsdeviceId.BatteryStacks[0].Cluseter[rackId].Thresholds.CellVoltageDifferenceThreshold1|arg2=|arg3=|arg4=1000
6,40023,u16,16,yt23,1000,Rack单体压差过高三级恢复门限Rack Cell Vol Diff Over Big Warning Recover,model=4|arg1=bmsdeviceId.BatteryStacks[0].Cluseter[rackId].Thresholds.CellVoltageDifferenceRecovery1|arg2=|arg3=|arg4=1000
6,40024,u16,16,yt24,1,Rack总电压压差过高三级报警门限Rack Total Vol Diff Over Big Warning,model=4|arg1=bmsdeviceId.BatteryStacks[0].Cluseter[rackId].Thresholds.TotalVoltageDifferenceThreshold1|arg2=|arg3=|arg4=1000
6,40025,u16,16,yt25,1,Rack总电压压差过高三级恢复门限Rack Total Vol Diff Over Big Warning Recover,model=4|arg1=bmsdeviceId.BatteryStacks[0].Cluseter[rackId].Thresholds.TotalVoltageDifferenceRecovery1|arg2=|arg3=|arg4=1000
6,40026,int16,16,yt26,100,Rack放电过温三级报警门限Rack Discharge Over Temp Warning,model=4|arg1=bmsdeviceId.BatteryStacks[0].Cluseter[rackId].Thresholds.DischargeHighTempThreshold1|arg2=|arg3=|arg4=1000
6,40027,int16,16,yt27,100,Rack放电过温三级恢复门限Rack Discharge Over Temp Warning Recover,model=4|arg1=bmsdeviceId.BatteryStacks[0].Cluseter[rackId].Thresholds.DischargeHighTempRecovery1|arg2=|arg3=|arg4=1000
6,40028,int16,16,yt28,100,Rack放电欠温三级报警门限Rack Discharge Under Temp Warning,model=4|arg1=bmsdeviceId.BatteryStacks[0].Cluseter[rackId].Thresholds.DischargeLowTempThreshold1|arg2=|arg3=|arg4=1000
6,40029,int16,16,yt29,100,Rack放电欠温三级恢复门限Rack Discharge Under Temp Warning Recover,model=4|arg1=bmsdeviceId.BatteryStacks[0].Cluseter[rackId].Thresholds.DischargeLowTempRecovery1|arg2=|arg3=|arg4=1000
6,40030,u16,16,yt30,100,Rack温差过高三级报警门限Rack Bat Temp Diff Over Big Warning,model=4|arg1=bmsdeviceId.BatteryStacks[0].Cluseter[rackId].Thresholds.CellTempDifferenceThreshold1|arg2=|arg3=|arg4=1000
6,40031,u16,16,yt31,100,Rack温差过高三级恢复门限Rack Bat Temp Diff Over Big Warning Recover,model=4|arg1=bmsdeviceId.BatteryStacks[0].Cluseter[rackId].Thresholds.CellTempDifferenceRecovery1|arg2=|arg3=|arg4=1000
6,40032,u16,16,yt32,100,Rack 高压箱连接器温度过高三级报警门限Rack HVB Temp High warning,model=4|arg1=bmsdeviceId.BatteryStacks[0].Cluseter[rackId].Thresholds.HVBHighTempThreshold1|arg2=|arg3=|arg4=1000
6,40033,u16,16,yt33,100,Rack 高压箱连接器温度过高三级恢复门限Rack HVB Temp High warning Recover,model=4|arg1=bmsdeviceId.BatteryStacks[0].Cluseter[rackId].Thresholds.HVBHighTempRecovery1|arg2=|arg3=|arg4=1000
6,40034,u16,16,yt34,1000,Rack单体过压二级报警门限Rack Cell Over Voltage Alarm,model=4|arg1=bmsdeviceId.BatteryStacks[0].Cluseter[rackId].Thresholds.CellOvervoltageThreshold2|arg2=|arg3=|arg4=1000
6,40035,u16,16,yt35,1000,Rack单体过压二级恢复门限Rack Cell Over Voltage Alarm Recover,model=4|arg1=bmsdeviceId.BatteryStacks[0].Cluseter[rackId].Thresholds.CellOvervoltageRecovery2|arg2=|arg3=|arg4=1000
6,40036,u16,16,yt36,1000,Rack单体欠压二级报警门限Rack Cell Under Voltage Alarm,model=4|arg1=bmsdeviceId.BatteryStacks[0].Cluseter[rackId].Thresholds.CellUndervoltageThreshold2|arg2=|arg3=|arg4=1000
6,40037,u16,16,yt37,1000,Rack单体欠压二级恢复门限Rack Cell Under Voltage Alarm Recover,model=4|arg1=bmsdeviceId.BatteryStacks[0].Cluseter[rackId].Thresholds.CellUndervoltageRecovery2|arg2=|arg3=|arg4=1000
6,40038,u16,16,yt38,10,Rack总电压过压二级报警门限Rack System Over Voltage Alarm,model=4|arg1=bmsdeviceId.BatteryStacks[0].Cluseter[rackId].Thresholds.OvervoltageThreshold2|arg2=|arg3=|arg4=1000
6,40039,u16,16,yt39,10,Rack总电压过压二级恢复门限Rack System Over Voltage Alarm Recover,model=4|arg1=bmsdeviceId.BatteryStacks[0].Cluseter[rackId].Thresholds.OvervoltageRecovery2|arg2=|arg3=|arg4=1000
6,40040,u16,16,yt40,10,Rack总电压欠压二级报警门限Rack System Under Voltage Alarm,model=4|arg1=bmsdeviceId.BatteryStacks[0].Cluseter[rackId].Thresholds.UndervoltageThreshold2|arg2=|arg3=|arg4=1000
6,40041,u16,16,yt41,10,Rack总电压欠压二级恢复门限Rack System Under Voltage Alarm Recover,model=4|arg1=bmsdeviceId.BatteryStacks[0].Cluseter[rackId].Thresholds.UndervoltageRecovery2|arg2=|arg3=|arg4=1000
6,40042,u16,16,yt42,10,Rack充电过流二级报警门限Rack Charge Over Current Alarm,model=4|arg1=bmsdeviceId.BatteryStacks[0].Cluseter[rackId].Thresholds.ChargeOvercurrentThreshold2|arg2=|arg3=|arg4=1000
6,40043,u16,16,yt43,10,Rack充电过流二级恢复门限Rack Charge Over Current Alarm Recover,model=4|arg1=bmsdeviceId.BatteryStacks[0].Cluseter[rackId].Thresholds.ChargeOvercurrentRecovery2|arg2=|arg3=|arg4=1000
6,40044,u16,16,yt44,10,Rack放电过流二级报警门限Rack Discharge Over Current Alarm,model=4|arg1=bmsdeviceId.BatteryStacks[0].Cluseter[rackId].Thresholds.DischargeOvercurrentThreshold2|arg2=|arg3=|arg4=1000
6,40045,u16,16,yt45,10,Rack放电过流二级恢复门限Rack Discharge Over Current Alarm Recover,model=4|arg1=bmsdeviceId.BatteryStacks[0].Cluseter[rackId].Thresholds.DischargeOvercurrentRecovery2|arg2=|arg3=|arg4=1000
6,40046,int16,16,yt46,100,Rack充电温度过高二级报警门限Rack Charge Over Temp Alarm,model=4|arg1=bmsdeviceId.BatteryStacks[0].Cluseter[rackId].Thresholds.ChargeHighTempThreshold2|arg2=|arg3=|arg4=1000
6,40047,int16,16,yt47,100,Rack充电温度过高二级恢复门限Rack Charge Over Temp Alarm Recover,model=4|arg1=bmsdeviceId.BatteryStacks[0].Cluseter[rackId].Thresholds.ChargeHighTempRecovery2|arg2=|arg3=|arg4=1000
6,40048,int16,16,yt48,100,Rack充电温度过低二级报警门限Rack Charge Under Temp Alarm,model=4|arg1=bmsdeviceId.BatteryStacks[0].Cluseter[rackId].Thresholds.ChargeLowTempThreshold2|arg2=|arg3=|arg4=1000
6,40049,int16,16,yt49,100,Rack充电温度过低二级恢复门限Rack Charge Under Temp Alarm Recover,model=4|arg1=bmsdeviceId.BatteryStacks[0].Cluseter[rackId].Thresholds.ChargeLowTempRecovery2|arg2=|arg3=|arg4=1000
6,40050,u16,16,yt50,1000,RackSOC过低二级报警门限Rack SOC Lower Alarm,model=4|arg1=bmsdeviceId.BatteryStacks[0].Cluseter[rackId].Thresholds.LowSOCThreshold2|arg2=|arg3=|arg4=1000
6,40051,u16,16,yt51,1000,RackSOC过低二级恢复门限Rack SOC Lower Alarm Recover,model=4|arg1=bmsdeviceId.BatteryStacks[0].Cluseter[rackId].Thresholds.LowSOCRecovery2|arg2=|arg3=|arg4=1000
6,40052,u16,16,yt52,100,Rack极柱温度过高二级报警门限Rack Pole Over Temp Alarm,model=4|arg1=bmsdeviceId.BatteryStacks[0].Cluseter[rackId].Thresholds.PoleHighTempThreshold2|arg2=|arg3=|arg4=1000
6,40053,u16,16,yt53,100,Rack极柱温度过高二级恢复门限Rack Pole Over Temp Alarm Recover,model=4|arg1=bmsdeviceId.BatteryStacks[0].Cluseter[rackId].Thresholds.PoleHighTempRecovery2|arg2=|arg3=|arg4=1000
6,40054,u16,16,yt54,1,Rack绝缘失效二级报警门限Rack Insulation Failure Alarm,model=4|arg1=bmsdeviceId.BatteryStacks[0].Cluseter[rackId].Thresholds.InsulationThreshold2|arg2=|arg3=|arg4=1000
6,40055,u16,16,yt55,1,Rack绝缘失效二级恢复门限Rack Insulation Failure Alarm Recover,model=4|arg1=bmsdeviceId.BatteryStacks[0].Cluseter[rackId].Thresholds.InsulationRecovery2|arg2=|arg3=|arg4=1000
6,40056,u16,16,yt56,1000,Rack单体压差过高二级报警门限Rack Cell Vol Diff Over Big Alarm,model=4|arg1=bmsdeviceId.BatteryStacks[0].Cluseter[rackId].Thresholds.CellVoltageDifferenceThreshold2|arg2=|arg3=|arg4=1000
6,40057,u16,16,yt57,1000,Rack单体压差过高二级恢复门限Rack Cell Vol Diff Over Big Alarm Recover,model=4|arg1=bmsdeviceId.BatteryStacks[0].Cluseter[rackId].Thresholds.CellVoltageDifferenceRecovery2|arg2=|arg3=|arg4=1000
6,40058,u16,16,yt58,1,Rack总电压压差过高二级报警门限Rack Total Vol Diff Over Big Alarm,model=4|arg1=bmsdeviceId.BatteryStacks[0].Cluseter[rackId].Thresholds.TotalVoltageDifferenceThreshold2|arg2=|arg3=|arg4=1000
6,40059,u16,16,yt59,1,Rack总电压压差过高二级恢复门限Rack Total Vol Diff Over Big Alarm Recover,model=4|arg1=bmsdeviceId.BatteryStacks[0].Cluseter[rackId].Thresholds.TotalVoltageDifferenceRecovery2|arg2=|arg3=|arg4=1000
6,40060,int16,16,yt60,100,Rack放电过温二级报警门限Rack Discharge Over Temp Alarm,model=4|arg1=bmsdeviceId.BatteryStacks[0].Cluseter[rackId].Thresholds.DischargeHighTempThreshold2|arg2=|arg3=|arg4=1000
6,40061,int16,16,yt61,100,Rack放电过温二级恢复门限Rack Discharge Over Temp Alarm Recover,model=4|arg1=bmsdeviceId.BatteryStacks[0].Cluseter[rackId].Thresholds.DischargeHighTempRecovery2|arg2=|arg3=|arg4=1000
6,40062,int16,16,yt62,100,Rack放电欠温二级报警门限Rack Discharge Under Temp Alarm,model=4|arg1=bmsdeviceId.BatteryStacks[0].Cluseter[rackId].Thresholds.DischargeLowTempThreshold2|arg2=|arg3=|arg4=1000
6,40063,int16,16,yt63,100,Rack放电欠温二级恢复门限Rack Discharge Under Temp Alarm Recover,model=4|arg1=bmsdeviceId.BatteryStacks[0].Cluseter[rackId].Thresholds.DischargeLowTempRecovery2|arg2=|arg3=|arg4=1000
6,40064,u16,16,yt64,100,Rack温差过高二级报警门限Rack Bat Temp Diff Over Big Alarm,model=4|arg1=bmsdeviceId.BatteryStacks[0].Cluseter[rackId].Thresholds.CellTempDifferenceThreshold2|arg2=|arg3=|arg4=1000
6,40065,u16,16,yt65,100,Rack温差过高二级恢复门限Rack Bat Temp Diff Over Big Alarm Recover,model=4|arg1=bmsdeviceId.BatteryStacks[0].Cluseter[rackId].Thresholds.CellTempDifferenceRecovery2|arg2=|arg3=|arg4=1000
6,40066,u16,16,yt66,100,Rack 高压箱连接器温度过高二级报警门限Rack HVB Temp High Alarm,model=4|arg1=bmsdeviceId.BatteryStacks[0].Cluseter[rackId].Thresholds.HVBHighTempThreshold2|arg2=|arg3=|arg4=1000
6,40067,u16,16,yt67,100,Rack 高压箱连接器温度过高二级恢复门限Rack HVB Temp High Alarm Recover,model=4|arg1=bmsdeviceId.BatteryStacks[0].Cluseter[rackId].Thresholds.HVBHighTempRecovery2|arg2=|arg3=|arg4=1000
6,40068,u16,16,yt68,1000,Rack单体过压一级报警门限Rack Cell Over Voltage Critical Alarm,model=4|arg1=bmsdeviceId.BatteryStacks[0].Cluseter[rackId].Thresholds.CellOvervoltageThreshold3|arg2=|arg3=|arg4=1000
6,40069,u16,16,yt69,1000,Rack单体过压一级恢复门限Rack Cell Over Voltage Critical Alarm Recover,model=4|arg1=bmsdeviceId.BatteryStacks[0].Cluseter[rackId].Thresholds.CellOvervoltageRecovery3|arg2=|arg3=|arg4=1000
6,40070,u16,16,yt70,1000,Rack单体欠压一级报警门限Rack Cell Under Voltage Critical Alarm,model=4|arg1=bmsdeviceId.BatteryStacks[0].Cluseter[rackId].Thresholds.CellUndervoltageThreshold3|arg2=|arg3=|arg4=1000
6,40071,u16,16,yt71,1000,Rack单体欠压一级恢复门限Rack Cell Under Voltage Critical Alarm Recover,model=4|arg1=bmsdeviceId.BatteryStacks[0].Cluseter[rackId].Thresholds.CellUndervoltageRecovery3|arg2=|arg3=|arg4=1000
6,40072,u16,16,yt72,10,Rack总电压过压一级报警门限Rack System Over Voltage Critical Alarm,model=4|arg1=bmsdeviceId.BatteryStacks[0].Cluseter[rackId].Thresholds.OvervoltageThreshold3|arg2=|arg3=|arg4=1000
6,40073,u16,16,yt73,10,Rack总电压过压一级恢复门限Rack System Over Voltage Critical Alarm Recover,model=4|arg1=bmsdeviceId.BatteryStacks[0].Cluseter[rackId].Thresholds.OvervoltageRecovery3|arg2=|arg3=|arg4=1000
6,40074,u16,16,yt74,10,Rack总电压欠压一级报警门限Rack System Under Voltage Critical Alarm,model=4|arg1=bmsdeviceId.BatteryStacks[0].Cluseter[rackId].Thresholds.UndervoltageThreshold3|arg2=|arg3=|arg4=1000
6,40075,u16,16,yt75,10,Rack总电压欠压一级恢复门限Rack System Under Voltage Critical Alarm Recover,model=4|arg1=bmsdeviceId.BatteryStacks[0].Cluseter[rackId].Thresholds.UndervoltageRecovery3|arg2=|arg3=|arg4=1000
6,40076,u16,16,yt76,10,Rack充电过流一级报警门限Rack Charge Over Current Critical Alarm,model=4|arg1=bmsdeviceId.BatteryStacks[0].Cluseter[rackId].Thresholds.ChargeOvercurrentThreshold3|arg2=|arg3=|arg4=1000
6,40077,u16,16,yt77,10,Rack充电过流一级恢复门限Rack Charge Over Current Critical Alarm Recover,model=4|arg1=bmsdeviceId.BatteryStacks[0].Cluseter[rackId].Thresholds.ChargeOvercurrentRecovery3|arg2=|arg3=|arg4=1000
6,40078,u16,16,yt78,10,Rack放电过流一级报警门限Rack Discharge Over Current Critical Alarm,model=4|arg1=bmsdeviceId.BatteryStacks[0].Cluseter[rackId].Thresholds.DischargeOvercurrentThreshold3|arg2=|arg3=|arg4=1000
6,40079,u16,16,yt79,10,Rack放电过流一级恢复门限Rack Discharge Over Current Critical Alarm Recover,model=4|arg1=bmsdeviceId.BatteryStacks[0].Cluseter[rackId].Thresholds.DischargeOvercurrentRecovery3|arg2=|arg3=|arg4=1000
6,40080,int16,16,yt80,100,Rack充电温度过高一级报警门限Rack Charge Over Temp Critical Alarm,model=4|arg1=bmsdeviceId.BatteryStacks[0].Cluseter[rackId].Thresholds.ChargeHighTempThreshold3|arg2=|arg3=|arg4=1000
6,40081,int16,16,yt81,100,Rack充电温度过高一级恢复门限Rack Charge Over Temp Critical Alarm Recover,model=4|arg1=bmsdeviceId.BatteryStacks[0].Cluseter[rackId].Thresholds.ChargeHighTempRecovery3|arg2=|arg3=|arg4=1000
6,40082,int16,16,yt82,100,Rack充电温度过低一级报警门限Rack Charge Under Temp Critical Alarm,model=4|arg1=bmsdeviceId.BatteryStacks[0].Cluseter[rackId].Thresholds.ChargeLowTempThreshold3|arg2=|arg3=|arg4=1000
6,40083,int16,16,yt83,100,Rack充电温度过低一级恢复门限Rack Charge Under Temp Critical Alarm Recover,model=4|arg1=bmsdeviceId.BatteryStacks[0].Cluseter[rackId].Thresholds.ChargeLowTempRecovery3|arg2=|arg3=|arg4=1000
6,40084,u16,16,yt84,1000,RackSOC过低一级报警门限Rack SOC Lower Critical Alarm,model=4|arg1=bmsdeviceId.BatteryStacks[0].Cluseter[rackId].Thresholds.LowSOCThreshold3|arg2=|arg3=|arg4=1000
6,40085,u16,16,yt85,1000,RackSOC过低一级恢复门限Rack SOC Lower Critical Alarm Recover,model=4|arg1=bmsdeviceId.BatteryStacks[0].Cluseter[rackId].Thresholds.LowSOCRecovery3|arg2=|arg3=|arg4=1000
6,40086,u16,16,yt86,100,Rack极柱温度过高一级报警门限Rack Pole Over Temp Critical Alarm,model=4|arg1=bmsdeviceId.BatteryStacks[0].Cluseter[rackId].Thresholds.PoleHighTempThreshold3|arg2=|arg3=|arg4=1000
6,40087,u16,16,yt87,100,Rack极柱温度过高一级恢复门限Rack Pole Over Temp Critical Alarm Recover,model=4|arg1=bmsdeviceId.BatteryStacks[0].Cluseter[rackId].Thresholds.PoleHighTempRecovery3|arg2=|arg3=|arg4=1000
6,40088,u16,16,yt88,1,Rack绝缘失效一级报警门限Rack Insulation Failure Critical Alarm,model=4|arg1=bmsdeviceId.BatteryStacks[0].Cluseter[rackId].Thresholds.InsulationThreshold3|arg2=|arg3=|arg4=1000
6,40089,u16,16,yt89,1,Rack绝缘失效一级恢复门限Rack Insulation Failure Critical Alarm Recover,model=4|arg1=bmsdeviceId.BatteryStacks[0].Cluseter[rackId].Thresholds.InsulationRecovery3|arg2=|arg3=|arg4=1000
6,40090,u16,16,yt90,1000,Rack单体压差过高一级报警门限Rack Cell Vol Diff Over Big Critical Alarm,model=4|arg1=bmsdeviceId.BatteryStacks[0].Cluseter[rackId].Thresholds.CellVoltageDifferenceThreshold3|arg2=|arg3=|arg4=1000
6,40091,u16,16,yt91,1000,Rack单体压差过高一级恢复门限Rack Cell Vol Diff Over Big Critical Alarm Recover,model=4|arg1=bmsdeviceId.BatteryStacks[0].Cluseter[rackId].Thresholds.CellVoltageDifferenceRecovery3|arg2=|arg3=|arg4=1000
6,40092,u16,16,yt92,1,Rack总电压压差过高一级报警门限Rack Total Vol Diff Over Big Critical Alarm,model=4|arg1=bmsdeviceId.BatteryStacks[0].Cluseter[rackId].Thresholds.TotalVoltageDifferenceThreshold3|arg2=|arg3=|arg4=1000
6,40093,u16,16,yt93,1,Rack总电压压差过高一级恢复门限Rack Total Vol Diff Over Big Critical Alarm Recover,model=4|arg1=bmsdeviceId.BatteryStacks[0].Cluseter[rackId].Thresholds.TotalVoltageDifferenceRecovery3|arg2=|arg3=|arg4=1000
6,40094,int16,16,yt94,100,Rack放电过温一级报警门限Rack Discharge Over Temp Critical Alarm,model=4|arg1=bmsdeviceId.BatteryStacks[0].Cluseter[rackId].Thresholds.DischargeHighTempThreshold3|arg2=|arg3=|arg4=1000
6,40095,int16,16,yt95,100,Rack放电过温一级恢复门限Rack Discharge Over Temp Critical Alarm Recover,model=4|arg1=bmsdeviceId.BatteryStacks[0].Cluseter[rackId].Thresholds.DischargeHighTempRecovery3|arg2=|arg3=|arg4=1000
6,40096,int16,16,yt96,100,Rack放电欠温一级报警门限Rack Discharge Under Temp Critical Alarm,model=4|arg1=bmsdeviceId.BatteryStacks[0].Cluseter[rackId].Thresholds.DischargeLowTempThreshold3|arg2=|arg3=|arg4=1000
6,40097,int16,16,yt97,100,Rack放电欠温一级恢复门限Rack Discharge Under Temp Critical Alarm Recover,model=4|arg1=bmsdeviceId.BatteryStacks[0].Cluseter[rackId].Thresholds.DischargeLowTempRecovery3|arg2=|arg3=|arg4=1000
6,40098,u16,16,yt98,100,Rack温差过高一级报警门限Rack Bat Temp Diff Over Big Critical Alarm,model=4|arg1=bmsdeviceId.BatteryStacks[0].Cluseter[rackId].Thresholds.CellTempDifferenceThreshold3|arg2=|arg3=|arg4=1000
6,40099,u16,16,yt99,100,Rack温差过高一级恢复门限Rack Bat Temp Diff Over Big Critical Alarm Recover,model=4|arg1=bmsdeviceId.BatteryStacks[0].Cluseter[rackId].Thresholds.CellTempDifferenceRecovery3|arg2=|arg3=|arg4=1000
6,40100,u16,16,yt100,100,Rack 高压箱连接器温度过高一级报警门限Rack HVB Temp High Critical Alarm,model=4|arg1=bmsdeviceId.BatteryStacks[0].Cluseter[rackId].Thresholds.HVBHighTempThreshold3|arg2=|arg3=|arg4=1000
6,40101,u16,16,yt101,100,Rack 高压箱连接器温度过高一级恢复门限Rack HVB Temp High Critical Alarm Recover,model=4|arg1=bmsdeviceId.BatteryStacks[0].Cluseter[rackId].Thresholds.HVBHighTempRecovery3|arg2=|arg3=|arg4=1000
