SN,MeasurePoint,Type,DataObjectReference,MMS_Type,DataSetIndex,Description,Unit,Comment,ModelSim,,
1,yc0,FLOAT32,SiNengEmuLD1/GGIO2.AnIn1.mag.f,MX,SiNengEmuLD1/LLN0.dsRemoteMeas[0],PCS#1-RS485-线电压AB,V,,model=4|arg1=emu.PcsList[0].LineVoltageAB|arg2= |arg3= |arg4=1000,model=1|arg1=2.3|arg2=3.6|arg3=0.01|arg4=1000,
2,yc1,FLOAT32,SiNengEmuLD1/GGIO2.AnIn2.mag.f,MX,SiNengEmuLD1/LLN0.dsRemoteMeas[1],PCS#1-RS485-线电压BC,V,,model=4|arg1=emu.PcsList[0].LineVoltageBC|arg2= |arg3= |arg4=1000,model=1|arg1=3.3|arg2=3.6|arg3=0.1|arg4=1000,循环随机增长
3,yc2,FLOAT32,SiNengEmuLD1/GGIO2.AnIn3.mag.f,MX,SiNengEmuLD1/LLN0.dsRemoteMeas[2],PCS#1-RS485-线电压CA,V,,model=4|arg1=emu.PcsList[0].LineVoltageCA|arg2= |arg3= |arg4=1000,model=2|arg1=3.3|arg2=3.6|arg3= |arg4=1000,在区间值内随机值
4,yc3,FLOAT32,SiNengEmuLD1/GGIO2.AnIn4.mag.f,MX,SiNengEmuLD1/LLN0.dsRemoteMeas[3],PCS#1-RS485-频率,Hz,,model=4|arg1=emu.PcsList[0].Frequency|arg2= |arg3= |arg4=1000,model=3|arg1= |arg2= |arg3= |arg4=1000,bool值交替变换
5,yc4,FLOAT32,SiNengEmuLD1/GGIO2.AnIn5.mag.f,MX,SiNengEmuLD1/LLN0.dsRemoteMeas[4],PCS#1-RS485-A相电流,A,,model=4|arg1=emu.PcsList[0].PhaseACurrent|arg2= |arg3= |arg4=1000,,
6,yc5,FLOAT32,SiNengEmuLD1/GGIO2.AnIn6.mag.f,MX,SiNengEmuLD1/LLN0.dsRemoteMeas[5],PCS#1-RS485-B相电流,A,,model=4|arg1=emu.PcsList[0].PhaseBCurrent|arg2= |arg3= |arg4=1000,,外部接口模式，arg1为变量类型，arg2为变量地址model=4|arg1=1|arg2=1000|arg3= |arg4=
7,yc6,FLOAT32,SiNengEmuLD1/GGIO2.AnIn7.mag.f,MX,SiNengEmuLD1/LLN0.dsRemoteMeas[6],PCS#1-RS485-C相电流,A,,model=4|arg1=emu.PcsList[0].PhaseCCurrent|arg2= |arg3= |arg4=1000,,
8,yc7,FLOAT32,SiNengEmuLD1/GGIO2.AnIn8.mag.f,MX,SiNengEmuLD1/LLN0.dsRemoteMeas[7],PCS#1-RS485-电池电压,Vdc,,model=4|arg1=emu.PcsList[0].BatteryVoltage|arg2= |arg3= |arg4=1000,,
9,yc8,FLOAT32,SiNengEmuLD1/GGIO2.AnIn9.mag.f,MX,SiNengEmuLD1/LLN0.dsRemoteMeas[8],PCS#1-RS485-电池电流,A,,model=4|arg1=emu.PcsList[0].BatteryCurrent|arg2= |arg3= |arg4=1000,,
10,yc9,FLOAT32,SiNengEmuLD1/GGIO2.AnIn10.mag.f,MX,SiNengEmuLD1/LLN0.dsRemoteMeas[9],PCS#1-RS485-电池功率,kW,,model=4|arg1=emu.PcsList[0].BatteryPower|arg2= |arg3= |arg4=1000,,
11,yc10,FLOAT32,SiNengEmuLD1/GGIO2.AnIn11.mag.f,MX,SiNengEmuLD1/LLN0.dsRemoteMeas[10],PCS#1-RS485-环境温度,℃,,model=4|arg1=emu.PcsList[0].AmbientTemp|arg2= |arg3= |arg4=1000,,
12,yc11,FLOAT32,SiNengEmuLD1/GGIO2.AnIn12.mag.f,MX,SiNengEmuLD1/LLN0.dsRemoteMeas[11],PCS#1-RS485-有功功率,kW,,model=4|arg1=emu.PcsList[0].ActivePower|arg2= |arg3= |arg4=1000,,
13,yc12,FLOAT32,SiNengEmuLD1/GGIO2.AnIn13.mag.f,MX,SiNengEmuLD1/LLN0.dsRemoteMeas[12],PCS#1-RS485-当前可用容量,kVA,,model=4|arg1=emu.PcsList[0].AvailableCapacity|arg2= |arg3= |arg4=1000,,
14,yc13,FLOAT32,SiNengEmuLD1/GGIO2.AnIn14.mag.f,MX,SiNengEmuLD1/LLN0.dsRemoteMeas[13],PCS#1-RS485-无功功率,kvar,,model=4|arg1=emu.PcsList[0].ReactivePower|arg2= |arg3= |arg4=1000,,
15,yc14,FLOAT32,SiNengEmuLD1/GGIO2.AnIn15.mag.f,MX,SiNengEmuLD1/LLN0.dsRemoteMeas[14],PCS#1-RS485-功率因数,,,model=4|arg1=emu.PcsList[0].PowerFactor|arg2= |arg3= |arg4=1000,,
16,yc15,FLOAT32,SiNengEmuLD1/GGIO2.AnIn16.mag.f,MX,SiNengEmuLD1/LLN0.dsRemoteMeas[15],PCS#1-RS485-总充电量,kWh,,model=4|arg1=emu.PcsList[0].TotalChargeEnergy|arg2= |arg3= |arg4=1000,,
17,yc16,FLOAT32,SiNengEmuLD1/GGIO2.AnIn17.mag.f,MX,SiNengEmuLD1/LLN0.dsRemoteMeas[16],PCS#1-RS485-总放电量,kWh,,model=4|arg1=emu.PcsList[0].TotalDischargeEnergy|arg2= |arg3= |arg4=1000,,
18,yc17,FLOAT32,SiNengEmuLD1/GGIO2.AnIn18.mag.f,MX,SiNengEmuLD1/LLN0.dsRemoteMeas[17],PCS#1-RS485-日充电量,kWh,,model=4|arg1=emu.PcsList[0].DailyChargeEnergy|arg2= |arg3= |arg4=1000,,
19,yc18,FLOAT32,SiNengEmuLD1/GGIO2.AnIn19.mag.f,MX,SiNengEmuLD1/LLN0.dsRemoteMeas[18],PCS#1-RS485-日放电量,kWh,,model=4|arg1=emu.PcsList[0].DailyDischargeEnergy|arg2= |arg3= |arg4=1000,,
20,yc19,FLOAT32,SiNengEmuLD1/GGIO2.AnIn20.mag.f,MX,SiNengEmuLD1/LLN0.dsRemoteMeas[19],PCS#1-RS485-正对地绝缘阻抗值,KΩ,,model=2|arg1=20000000|arg2=25000000|arg3= |arg4=1000,,
21,yc20,FLOAT32,SiNengEmuLD1/GGIO2.AnIn21.mag.f,MX,SiNengEmuLD1/LLN0.dsRemoteMeas[20],PCS#1-RS485-负对地绝缘阻抗值,KΩ,,model=2|arg1=20000000|arg2=25000000arg3= |arg4=1000,,
22,yc21,FLOAT32,SiNengEmuLD1/GGIO2.AnIn22.mag.f,MX,SiNengEmuLD1/LLN0.dsRemoteMeas[21],PCS#1-RS485-控制舱温度,℃,,model=2|arg1=30|arg2=35|arg3= |arg4=1000,,
23,yc22,FLOAT32,SiNengEmuLD1/GGIO2.AnIn23.mag.f,MX,SiNengEmuLD1/LLN0.dsRemoteMeas[22],PCS#1-RS485-控制舱湿度,%,,model=2|arg1=45|arg2=65|arg3= |arg4=1000,,
24,yc23,FLOAT32,SiNengEmuLD1/GGIO2.AnIn24.mag.f,MX,SiNengEmuLD1/LLN0.dsRemoteMeas[23],PCS#1-RS485-IGBT最大温度,℃,,model=2|arg1=65|arg2=85|arg3= |arg4=1000,,
25,yc24,FLOAT32,SiNengEmuLD1/GGIO2.AnIn25.mag.f,MX,SiNengEmuLD1/LLN0.dsRemoteMeas[24],PCS#1-RS485-最大可充电功率,kW,,,,
26,yc25,FLOAT32,SiNengEmuLD1/GGIO2.AnIn26.mag.f,MX,SiNengEmuLD1/LLN0.dsRemoteMeas[25],PCS#1-RS485-最大可放电功率,kW,,,,
27,yc26,FLOAT32,SiNengEmuLD1/GGIO2.AnIn27.mag.f,MX,SiNengEmuLD1/LLN0.dsRemoteMeas[26],PCS#1-RS485-最大可用感性无功功率,kvar,,,,
28,yc27,FLOAT32,SiNengEmuLD1/GGIO2.AnIn28.mag.f,MX,SiNengEmuLD1/LLN0.dsRemoteMeas[27],PCS#1-RS485-最大可用容型无功功率,kvar,,,,
29,yc28,FLOAT32,SiNengEmuLD1/GGIO2.AnIn29.mag.f,MX,SiNengEmuLD1/LLN0.dsRemoteMeas[28],PCS#1-RS485-最大可充电功率(关联开机使能),kW,,,,
30,yc29,FLOAT32,SiNengEmuLD1/GGIO2.AnIn30.mag.f,MX,SiNengEmuLD1/LLN0.dsRemoteMeas[29],PCS#1-RS485-最大可放电功率(关联开机使能),kW,,,,
31,yc30,FLOAT32,SiNengEmuLD1/GGIO2.AnIn31.mag.f,MX,SiNengEmuLD1/LLN0.dsRemoteMeas[30],PCS#1-RS485-最大可用感性无功功率(关联开机使能),kvar,,,,
32,yc31,FLOAT32,SiNengEmuLD1/GGIO2.AnIn32.mag.f,MX,SiNengEmuLD1/LLN0.dsRemoteMeas[31],PCS#1-RS485-最大可用容型无功功率(关联开机使能),kvar,,,,
33,yc32,FLOAT32,SiNengEmuLD1/GGIO2.AnIn33.mag.f,MX,SiNengEmuLD1/LLN0.dsRemoteMeas[32],PCS#1-CAN-最大可充电功率,,,,,
34,yc33,FLOAT32,SiNengEmuLD1/GGIO2.AnIn34.mag.f,MX,SiNengEmuLD1/LLN0.dsRemoteMeas[33],PCS#1-CAN-最大可放电功率,,,,,
35,yc34,FLOAT32,SiNengEmuLD1/GGIO2.AnIn35.mag.f,MX,SiNengEmuLD1/LLN0.dsRemoteMeas[34],PCS#1-CAN-最大可用感性无功功率,,,,,
36,yc35,FLOAT32,SiNengEmuLD1/GGIO2.AnIn36.mag.f,MX,SiNengEmuLD1/LLN0.dsRemoteMeas[35],PCS#1-CAN-最大可用容性无功功率,,,,,
37,yc36,FLOAT32,SiNengEmuLD1/GGIO2.AnIn37.mag.f,MX,SiNengEmuLD1/LLN0.dsRemoteMeas[36],PCS#1-RS485-电池充电保护电压,780~1550V（1540）,,model=4|arg1=emu.PcsList[0].BatteryChargeProtectionVoltage|arg2= |arg3= |arg4=1000,,
38,yc37,FLOAT32,SiNengEmuLD1/GGIO2.AnIn38.mag.f,MX,SiNengEmuLD1/LLN0.dsRemoteMeas[37],PCS#1-RS485-电池放电保护电压,780~1550V（1000）,,model=4|arg1=emu.PcsList[0].BatteryDischargeProtectionVoltage|arg2= |arg3= |arg4=1000,,
39,yc38,FLOAT32,SiNengEmuLD1/GGIO2.AnIn39.mag.f,MX,SiNengEmuLD1/LLN0.dsRemoteMeas[38],PCS#1-RS485-电池充电保护电流,100~2550A（2500）,,model=4|arg1=emu.PcsList[0].BatteryChargeProtectionCurrent|arg2= |arg3= |arg4=1000,,
40,yc39,FLOAT32,SiNengEmuLD1/GGIO2.AnIn40.mag.f,MX,SiNengEmuLD1/LLN0.dsRemoteMeas[39],PCS#1-RS485-电池放电保护电流,100~2550A（2500）,,model=4|arg1=emu.PcsList[0].BatteryDischargeProtectionCurrent|arg2= |arg3= |arg4=1000,,
41,yc40,FLOAT32,SiNengEmuLD1/GGIO2.AnIn41.mag.f,MX,SiNengEmuLD1/LLN0.dsRemoteMeas[40],PCS#1-RS485-电池充电限流点,0~2550A（2449）,,model=4|arg1=emu.PcsList[0].BatteryChargeCurrentLimit|arg2= |arg3= |arg4=1000,,
42,yc41,FLOAT32,SiNengEmuLD1/GGIO2.AnIn42.mag.f,MX,SiNengEmuLD1/LLN0.dsRemoteMeas[41],PCS#1-RS485-电池充电限压点,780~1550V（1520）,,model=4|arg1=emu.PcsList[0].BatteryChargeVoltageLimit|arg2= |arg3= |arg4=1000,,
43,yc42,FLOAT32,SiNengEmuLD1/GGIO2.AnIn43.mag.f,MX,SiNengEmuLD1/LLN0.dsRemoteMeas[42],PCS#1-RS485-电池放电限流点,0~2550A（2449）,,model=4|arg1=emu.PcsList[0].BatteryDischargeCurrentLimit|arg2= |arg3= |arg4=1000,,
44,yc43,FLOAT32,SiNengEmuLD1/GGIO2.AnIn44.mag.f,MX,SiNengEmuLD1/LLN0.dsRemoteMeas[43],PCS#1-RS485-电池放电限压点,780~1550V（1020）,,model=4|arg1=emu.PcsList[0].BatteryDischargeVoltageLimit|arg2= |arg3= |arg4=1000,,
45,yc44,FLOAT32,SiNengEmuLD1/GGIO2.AnIn45.mag.f,MX,SiNengEmuLD1/LLN0.dsRemoteMeas[44],PCS#1-RS485-电池充电限功率点,0~2550kW(2550),,model=4|arg1=emu.PcsList[0].BatteryChargePowerLimit|arg2= |arg3= |arg4=1000,,
46,yc45,FLOAT32,SiNengEmuLD1/GGIO2.AnIn46.mag.f,MX,SiNengEmuLD1/LLN0.dsRemoteMeas[45],PCS#1-RS485-电池放电限功率点,0~2550kW(2550),,model=4|arg1=emu.PcsList[0].BatteryDischargePowerLimit|arg2= |arg3= |arg4=1000,,
47,yc46,FLOAT32,SiNengEmuLD1/GGIO2.AnIn47.mag.f,MX,SiNengEmuLD1/LLN0.dsRemoteMeas[46],PCS#1-RS485-充电功率限值,0~2400kW（2400）,,model=4|arg1=emu.PcsList[0].ChargePowerLimit|arg2= |arg3= |arg4=1000,,
48,yc47,FLOAT32,SiNengEmuLD1/GGIO2.AnIn48.mag.f,MX,SiNengEmuLD1/LLN0.dsRemoteMeas[47],PCS#1-RS485-放电功率限值,0~2400kW（2400）,,model=4|arg1=emu.PcsList[0].DischargePowerLimit|arg2= |arg3= |arg4=1000,,
49,yc48,INT32,SiNengEmuLD1/GGIO2.AnIn49.mag.f,MX,SiNengEmuLD1/LLN0.dsRemoteMeas[48],PCS#1-RS485-有功调度方式,"0: 直流恒流
1: 直流恒压
2: 直流恒功率（默认）
3: 交流恒功率
4: P-Freq曲线模式
5: 预充电模式（预留）
6: P-U曲线模式
7: DCS模式",,model=4|arg1=emu.PcsList[0].ActivePowerDispatchMode|arg2= |arg3= |arg4=1000,,
50,yc49,INT32,SiNengEmuLD1/GGIO2.AnIn50.mag.f,MX,SiNengEmuLD1/LLN0.dsRemoteMeas[49],PCS#1-RS485-无功调度方式,"1: 受控功率因数调节
2: 受控直接无功量调节（默认）
3: Q-U曲线
4: Q_P曲线",,model=4|arg1=emu.PcsList[0].ReactivePowerDispatchMode|arg2= |arg3= |arg4=1000,,
51,yc50,INT32,SiNengEmuLD1/GGIO2.AnIn51.mag.f,MX,SiNengEmuLD1/LLN0.dsRemoteMeas[50],PCS#1-RS485-有功无功优先,"0: 无功优先（默认）
1: 有功优先",,model=4|arg1=emu.PcsList[0].ActiveReactivePriority|arg2= |arg3= |arg4=1000,,
52,yc51,FLOAT32,SiNengEmuLD1/GGIO2.AnIn52.mag.f,MX,SiNengEmuLD1/LLN0.dsRemoteMeas[51],PCS#1-RS485-频率有功设置,"0: 禁止（默认）
1: 一次调频使能
2: 频率下垂使能",,model=4|arg1=emu.PcsList[0].FrequencyActiveSetting|arg2= |arg3= |arg4=1000,,
53,yc52,FLOAT32,SiNengEmuLD1/GGIO2.AnIn53.mag.f,MX,SiNengEmuLD1/LLN0.dsRemoteMeas[52],PCS#1-RS485-禁止充电,"0: 允许（默认）
1: 禁止",,model=4|arg1=emu.PcsList[0].ChargeProhibited|arg2= |arg3= |arg4=1000,,
54,yc53,FLOAT32,SiNengEmuLD1/GGIO2.AnIn54.mag.f,MX,SiNengEmuLD1/LLN0.dsRemoteMeas[53],PCS#1-RS485-禁止放电,"0: 允许（默认）
1: 禁止",,model=4|arg1=emu.PcsList[0].DischargeProhibited|arg2= |arg3= |arg4=1000,,
55,yc54,FLOAT32,SiNengEmuLD1/GGIO2.AnIn55.mag.f,MX,SiNengEmuLD1/LLN0.dsRemoteMeas[54],PCS#1-RS485-直流恒流电流, -2449~2449A（0）,,,model=4|arg1=emu.PcsList[0].DCCCLimit|arg2= |arg3= |arg4=1000,
56,yc55,FLOAT32,SiNengEmuLD1/GGIO2.AnIn56.mag.f,MX,SiNengEmuLD1/LLN0.dsRemoteMeas[55],PCS#1-RS485-直流恒压电压,780~1550V（1300）,,,model=4|arg1=emu.PcsList[0].DCCVLimit|arg2= |arg3= |arg4=1000,
57,yc56,FLOAT32,SiNengEmuLD1/GGIO2.AnIn57.mag.f,MX,SiNengEmuLD1/LLN0.dsRemoteMeas[56],PCS#1-RS485-直流恒功率, -2449~2449kW（0）,,,,
58,yc57,FLOAT32,SiNengEmuLD1/GGIO2.AnIn58.mag.f,MX,SiNengEmuLD1/LLN0.dsRemoteMeas[57],PCS#1-RS485-有功功率设置, -2400~2400kW(0),,model=4|arg1=emu.PcsList[0].ActivePower|arg2= |arg3= |arg4=1000,,
59,yc58,FLOAT32,SiNengEmuLD1/GGIO2.AnIn59.mag.f,MX,SiNengEmuLD1/LLN0.dsRemoteMeas[58],PCS#1-RS485-无功功率设置, -2200~2200kvar(0),,model=4|arg1=emu.PcsList[0].ReactivePower|arg2= |arg3= |arg4=1000,,
60,yc59,FLOAT32,SiNengEmuLD1/GGIO2.AnIn60.mag.f,MX,SiNengEmuLD1/LLN0.dsRemoteMeas[59],PCS#1-RS485-功率因数设置, -1.000~0 或 0~1.000（1000）,,model=4|arg1=emu.PcsList[0].PowerFactor|arg2= |arg3= |arg4=1000,,
61,yc60,FLOAT32,SiNengEmuLD1/GGIO2.AnIn61.mag.f,MX,SiNengEmuLD1/LLN0.dsRemoteMeas[60],PCS#1-RS485-快速转放电超时设置,0~60000s,,,,
62,yc61,FLOAT32,SiNengEmuLD1/GGIO2.AnIn62.mag.f,MX,SiNengEmuLD1/LLN0.dsRemoteMeas[61],PCS#1-CAN-输出有功功率(CAN),,,,,
63,yc62,FLOAT32,SiNengEmuLD1/GGIO2.AnIn63.mag.f,MX,SiNengEmuLD1/LLN0.dsRemoteMeas[62],PCS#1-CAN-输出无功功率(CAN),,,,,
64,yc63,FLOAT32,SiNengEmuLD1/GGIO2.AnIn64.mag.f,MX,SiNengEmuLD1/LLN0.dsRemoteMeas[63],PCS#1-CAN-有功功率设定(CAN),,,,,
65,yc64,FLOAT32,SiNengEmuLD1/GGIO2.AnIn65.mag.f,MX,SiNengEmuLD1/LLN0.dsRemoteMeas[64],PCS#1-CAN-无功功率设定(CAN),,,,,
66,yc65,FLOAT32,SiNengEmuLD1/GGIO2.AnIn66.mag.f,MX,SiNengEmuLD1/LLN0.dsRemoteMeas[65],PCS#1-RS485-变流器运行状态,,,,,
67,yc66,FLOAT32,SiNengEmuLD1/GGIO2.AnIn67.mag.f,MX,SiNengEmuLD1/LLN0.dsRemoteMeas[66],PCS#1-RS485-遥测预留-1,,,,,
68,yc67,FLOAT32,SiNengEmuLD1/GGIO2.AnIn68.mag.f,MX,SiNengEmuLD1/LLN0.dsRemoteMeas[67],PCS#1-RS485-遥测预留-2,,,,,
69,yc68,FLOAT32,SiNengEmuLD1/GGIO2.AnIn69.mag.f,MX,SiNengEmuLD1/LLN0.dsRemoteMeas[68],PCS#1-RS485-遥测预留-3,,,,,
70,yc69,FLOAT32,SiNengEmuLD1/GGIO2.AnIn70.mag.f,MX,SiNengEmuLD1/LLN0.dsRemoteMeas[69],PCS#1-RS485-遥测预留-4,,,,,
71,yc70,FLOAT32,SiNengEmuLD1/GGIO2.AnIn71.mag.f,MX,SiNengEmuLD1/LLN0.dsRemoteMeas[70],PCS#1-RS485-遥测预留-5,,,,,
72,yc71,FLOAT32,SiNengEmuLD1/GGIO2.AnIn72.mag.f,MX,SiNengEmuLD1/LLN0.dsRemoteMeas[71],PCS#1-RS485-遥测预留-6,,,,,
73,yc72,FLOAT32,SiNengEmuLD1/GGIO2.AnIn73.mag.f,MX,SiNengEmuLD1/LLN0.dsRemoteMeas[72],PCS#1-RS485-遥测预留-7,,,,,
74,yc73,FLOAT32,SiNengEmuLD1/GGIO2.AnIn74.mag.f,MX,SiNengEmuLD1/LLN0.dsRemoteMeas[73],PCS#1-RS485-遥测预留-8,,,,,
75,yc74,FLOAT32,SiNengEmuLD1/GGIO2.AnIn75.mag.f,MX,SiNengEmuLD1/LLN0.dsRemoteMeas[74],PCS#1-RS485-遥测预留-9,,,,,
76,yc75,FLOAT32,SiNengEmuLD1/GGIO2.AnIn76.mag.f,MX,SiNengEmuLD1/LLN0.dsRemoteMeas[75],PCS#1-RS485-遥测预留-10,,,,,
77,yc76,FLOAT32,SiNengEmuLD1/GGIO2.AnIn77.mag.f,MX,SiNengEmuLD1/LLN0.dsRemoteMeas[76],PCS#1-RS485-遥调预留-1,,,,,
78,yc77,FLOAT32,SiNengEmuLD1/GGIO2.AnIn78.mag.f,MX,SiNengEmuLD1/LLN0.dsRemoteMeas[77],PCS#1-RS485-遥调预留-2,,,,,
79,yc78,FLOAT32,SiNengEmuLD1/GGIO2.AnIn79.mag.f,MX,SiNengEmuLD1/LLN0.dsRemoteMeas[78],PCS#1-RS485-遥调预留-3,,,,,
80,yc79,FLOAT32,SiNengEmuLD1/GGIO2.AnIn80.mag.f,MX,SiNengEmuLD1/LLN0.dsRemoteMeas[79],PCS#1-RS485-遥调预留-4,,,,,
81,yc80,FLOAT32,SiNengEmuLD1/GGIO2.AnIn81.mag.f,MX,SiNengEmuLD1/LLN0.dsRemoteMeas[80],PCS#1-RS485-遥调预留-5,,,,,
82,yc81,FLOAT32,SiNengEmuLD1/GGIO2.AnIn82.mag.f,MX,SiNengEmuLD1/LLN0.dsRemoteMeas[81],PCS#1-RS485-遥调预留-6,,,,,
83,yc82,FLOAT32,SiNengEmuLD1/GGIO2.AnIn83.mag.f,MX,SiNengEmuLD1/LLN0.dsRemoteMeas[82],PCS#1-RS485-遥调预留-7,,,,,
84,yc83,FLOAT32,SiNengEmuLD1/GGIO2.AnIn84.mag.f,MX,SiNengEmuLD1/LLN0.dsRemoteMeas[83],PCS#1-RS485-遥调预留-8,,,,,
85,yc84,FLOAT32,SiNengEmuLD1/GGIO2.AnIn85.mag.f,MX,SiNengEmuLD1/LLN0.dsRemoteMeas[84],PCS#1-RS485-遥调预留-9,,,,,
86,yc85,FLOAT32,SiNengEmuLD1/GGIO2.AnIn86.mag.f,MX,SiNengEmuLD1/LLN0.dsRemoteMeas[85],PCS#1-RS485-遥调预留-10,,,,,
87,yc86,FLOAT32,SiNengEmuLD1/GGIO2.AnIn87.mag.f,MX,SiNengEmuLD1/LLN0.dsRemoteMeas[86],PCS#1-RS485-遥调预留-1,,,,,
88,yc87,FLOAT32,SiNengEmuLD1/GGIO2.AnIn88.mag.f,MX,SiNengEmuLD1/LLN0.dsRemoteMeas[87],PCS#1-RS485-遥调预留-2,,,,,
89,yc88,FLOAT32,SiNengEmuLD1/GGIO2.AnIn89.mag.f,MX,SiNengEmuLD1/LLN0.dsRemoteMeas[88],PCS#1-RS485-遥调预留-3,,,,,
90,yc89,FLOAT32,SiNengEmuLD1/GGIO2.AnIn90.mag.f,MX,SiNengEmuLD1/LLN0.dsRemoteMeas[89],PCS#1-RS485-遥调预留-4,,,,,
91,yc90,FLOAT32,SiNengEmuLD1/GGIO2.AnIn91.mag.f,MX,SiNengEmuLD1/LLN0.dsRemoteMeas[90],PCS#1-RS485-遥调预留-5,,,,,
92,yc91,FLOAT32,SiNengEmuLD1/GGIO2.AnIn92.mag.f,MX,SiNengEmuLD1/LLN0.dsRemoteMeas[91],PCS#1-RS485-遥调预留-6,,,,,
93,yc92,FLOAT32,SiNengEmuLD1/GGIO2.AnIn93.mag.f,MX,SiNengEmuLD1/LLN0.dsRemoteMeas[92],PCS#1-RS485-遥调预留-7,,,,,
94,yc93,FLOAT32,SiNengEmuLD1/GGIO2.AnIn94.mag.f,MX,SiNengEmuLD1/LLN0.dsRemoteMeas[93],PCS#1-RS485-遥调预留-8,,,,,
95,yc94,FLOAT32,SiNengEmuLD1/GGIO2.AnIn95.mag.f,MX,SiNengEmuLD1/LLN0.dsRemoteMeas[94],PCS#1-RS485-遥调预留-9,,,,,
96,yc95,FLOAT32,SiNengEmuLD1/GGIO2.AnIn96.mag.f,MX,SiNengEmuLD1/LLN0.dsRemoteMeas[95],PCS#1-RS485-遥调预留-10,,,,,
97,yc96,FLOAT32,SiNengEmuLD2/GGIO2.AnIn1.mag.f,MX,SiNengEmuLD2/LLN0.dsRemoteMeas[0],PCS#2-RS485-线电压AB,,,model=4|arg1=emu.PcsList[1].LineVoltageAB|arg2= |arg3= |arg4=1000,,
98,yc97,FLOAT32,SiNengEmuLD2/GGIO2.AnIn2.mag.f,MX,SiNengEmuLD2/LLN0.dsRemoteMeas[1],PCS#2-RS485-线电压BC,,,model=4|arg1=emu.PcsList[1].LineVoltageBC|arg2= |arg3= |arg4=1000,,
99,yc98,FLOAT32,SiNengEmuLD2/GGIO2.AnIn3.mag.f,MX,SiNengEmuLD2/LLN0.dsRemoteMeas[2],PCS#2-RS485-线电压CA,,,model=4|arg1=emu.PcsList[1].LineVoltageCA|arg2= |arg3= |arg4=1000,,
100,yc99,FLOAT32,SiNengEmuLD2/GGIO2.AnIn4.mag.f,MX,SiNengEmuLD2/LLN0.dsRemoteMeas[3],PCS#2-RS485-频率,,,model=4|arg1=emu.PcsList[1].Frequency|arg2= |arg3= |arg4=1000,,
101,yc100,FLOAT32,SiNengEmuLD2/GGIO2.AnIn5.mag.f,MX,SiNengEmuLD2/LLN0.dsRemoteMeas[4],PCS#2-RS485-A相电流,,,model=4|arg1=emu.PcsList[1].PhaseACurrent|arg2= |arg3= |arg4=1000,,
102,yc101,FLOAT32,SiNengEmuLD2/GGIO2.AnIn6.mag.f,MX,SiNengEmuLD2/LLN0.dsRemoteMeas[5],PCS#2-RS485-B相电流,,,model=4|arg1=emu.PcsList[1].PhaseBCurrent|arg2= |arg3= |arg4=1000,,
103,yc102,FLOAT32,SiNengEmuLD2/GGIO2.AnIn7.mag.f,MX,SiNengEmuLD2/LLN0.dsRemoteMeas[6],PCS#2-RS485-C相电流,,,model=4|arg1=emu.PcsList[1].PhaseCCurrent|arg2= |arg3= |arg4=1000,,
104,yc103,FLOAT32,SiNengEmuLD2/GGIO2.AnIn8.mag.f,MX,SiNengEmuLD2/LLN0.dsRemoteMeas[7],PCS#2-RS485-电池电压,,,model=4|arg1=emu.PcsList[1].BatteryVoltage|arg2= |arg3= |arg4=1000,,
105,yc104,FLOAT32,SiNengEmuLD2/GGIO2.AnIn9.mag.f,MX,SiNengEmuLD2/LLN0.dsRemoteMeas[8],PCS#2-RS485-电池电流,,,model=4|arg1=emu.PcsList[1].BatteryCurrent|arg2= |arg3= |arg4=1000,,
106,yc105,FLOAT32,SiNengEmuLD2/GGIO2.AnIn10.mag.f,MX,SiNengEmuLD2/LLN0.dsRemoteMeas[9],PCS#2-RS485-电池功率,,,model=4|arg1=emu.PcsList[1].BatteryPower|arg2= |arg3= |arg4=1000,,
107,yc106,FLOAT32,SiNengEmuLD2/GGIO2.AnIn11.mag.f,MX,SiNengEmuLD2/LLN0.dsRemoteMeas[10],PCS#2-RS485-环境温度,,,model=4|arg1=emu.PcsList[1].AmbientTemp|arg2= |arg3= |arg4=1000,,
108,yc107,FLOAT32,SiNengEmuLD2/GGIO2.AnIn12.mag.f,MX,SiNengEmuLD2/LLN0.dsRemoteMeas[11],PCS#2-RS485-有功功率,,,model=4|arg1=emu.PcsList[1].ActivePower|arg2= |arg3= |arg4=1000,,
109,yc108,FLOAT32,SiNengEmuLD2/GGIO2.AnIn13.mag.f,MX,SiNengEmuLD2/LLN0.dsRemoteMeas[12],PCS#2-RS485-当前可用容量,,,model=4|arg1=emu.PcsList[1].AvailableCapacity|arg2= |arg3= |arg4=1000,,
110,yc109,FLOAT32,SiNengEmuLD2/GGIO2.AnIn14.mag.f,MX,SiNengEmuLD2/LLN0.dsRemoteMeas[13],PCS#2-RS485-无功功率,,,model=4|arg1=emu.PcsList[1].ReactivePower|arg2= |arg3= |arg4=1000,,
111,yc110,FLOAT32,SiNengEmuLD2/GGIO2.AnIn15.mag.f,MX,SiNengEmuLD2/LLN0.dsRemoteMeas[14],PCS#2-RS485-功率因数,,,model=4|arg1=emu.PcsList[1].PowerFactor|arg2= |arg3= |arg4=1000,,
112,yc111,FLOAT32,SiNengEmuLD2/GGIO2.AnIn16.mag.f,MX,SiNengEmuLD2/LLN0.dsRemoteMeas[15],PCS#2-RS485-总充电量,,,model=4|arg1=emu.PcsList[1].TotalChargeEnergy|arg2= |arg3= |arg4=1000,,
113,yc112,FLOAT32,SiNengEmuLD2/GGIO2.AnIn17.mag.f,MX,SiNengEmuLD2/LLN0.dsRemoteMeas[16],PCS#2-RS485-总放电量,,,model=4|arg1=emu.PcsList[1].TotalDischargeEnergy|arg2= |arg3= |arg4=1000,,
114,yc113,FLOAT32,SiNengEmuLD2/GGIO2.AnIn18.mag.f,MX,SiNengEmuLD2/LLN0.dsRemoteMeas[17],PCS#2-RS485-日充电量,,,model=4|arg1=emu.PcsList[1].DailyChargeEnergy|arg2= |arg3= |arg4=1000,,
115,yc114,FLOAT32,SiNengEmuLD2/GGIO2.AnIn19.mag.f,MX,SiNengEmuLD2/LLN0.dsRemoteMeas[18],PCS#2-RS485-日放电量,,,model=4|arg1=emu.PcsList[1].DailyDischargeEnergy|arg2= |arg3= |arg4=1000,,
116,yc115,FLOAT32,SiNengEmuLD2/GGIO2.AnIn20.mag.f,MX,SiNengEmuLD2/LLN0.dsRemoteMeas[19],PCS#2-RS485-正对地绝缘阻抗值,,,model=2|arg1=20000000|arg2=25000000|arg3= |arg4=1000,model=4|arg1=emu.PcsList[1].PositiveToGroundInsulation|arg2= |arg3= |arg4=1001,
117,yc116,FLOAT32,SiNengEmuLD2/GGIO2.AnIn21.mag.f,MX,SiNengEmuLD2/LLN0.dsRemoteMeas[20],PCS#2-RS485-负对地绝缘阻抗值,,,model=2|arg1=20000000|arg2=25000000arg3= |arg4=1000,model=4|arg1=emu.PcsList[1].NegativeToGroundInsulation|arg2= |arg3= |arg4=1001,
118,yc117,FLOAT32,SiNengEmuLD2/GGIO2.AnIn22.mag.f,MX,SiNengEmuLD2/LLN0.dsRemoteMeas[21],PCS#2-RS485-控制舱温度,,,model=2|arg1=30|arg2=35|arg3= |arg4=1000,model=4|arg1=emu.PcsList[1].ControlCabinetTemp|arg2= |arg3= |arg4=1001,
119,yc118,FLOAT32,SiNengEmuLD2/GGIO2.AnIn23.mag.f,MX,SiNengEmuLD2/LLN0.dsRemoteMeas[22],PCS#2-RS485-控制舱湿度,,,model=2|arg1=45|arg2=65|arg3= |arg4=1000,model=4|arg1=emu.PcsList[1].ControlCabinetHumidity|arg2= |arg3= |arg4=1001,
120,yc119,FLOAT32,SiNengEmuLD2/GGIO2.AnIn24.mag.f,MX,SiNengEmuLD2/LLN0.dsRemoteMeas[23],PCS#2-RS485-IGBT最大温度,,,model=2|arg1=65|arg2=85|arg3= |arg4=1000,model=4|arg1=emu.PcsList[1].IGBTMaxTemp|arg2= |arg3= |arg4=1001,
121,yc120,FLOAT32,SiNengEmuLD2/GGIO2.AnIn25.mag.f,MX,SiNengEmuLD2/LLN0.dsRemoteMeas[24],PCS#2-RS485-最大可充电功率,,,,,
122,yc121,FLOAT32,SiNengEmuLD2/GGIO2.AnIn26.mag.f,MX,SiNengEmuLD2/LLN0.dsRemoteMeas[25],PCS#2-RS485-最大可放电功率,,,,,
123,yc122,FLOAT32,SiNengEmuLD2/GGIO2.AnIn27.mag.f,MX,SiNengEmuLD2/LLN0.dsRemoteMeas[26],PCS#2-RS485-最大可用感性无功功率,,,,,
124,yc123,FLOAT32,SiNengEmuLD2/GGIO2.AnIn28.mag.f,MX,SiNengEmuLD2/LLN0.dsRemoteMeas[27],PCS#2-RS485-最大可用容型无功功率,,,,,
125,yc124,FLOAT32,SiNengEmuLD2/GGIO2.AnIn29.mag.f,MX,SiNengEmuLD2/LLN0.dsRemoteMeas[28],PCS#2-RS485-最大可充电功率(关联开机使能),,,,,
126,yc125,FLOAT32,SiNengEmuLD2/GGIO2.AnIn30.mag.f,MX,SiNengEmuLD2/LLN0.dsRemoteMeas[29],PCS#2-RS485-最大可放电功率(关联开机使能),,,,,
127,yc126,FLOAT32,SiNengEmuLD2/GGIO2.AnIn31.mag.f,MX,SiNengEmuLD2/LLN0.dsRemoteMeas[30],PCS#2-RS485-最大可用感性无功功率(关联开机使能),,,,,
128,yc127,FLOAT32,SiNengEmuLD2/GGIO2.AnIn32.mag.f,MX,SiNengEmuLD2/LLN0.dsRemoteMeas[31],PCS#2-RS485-最大可用容型无功功率(关联开机使能),,,,,
129,yc128,FLOAT32,SiNengEmuLD2/GGIO2.AnIn33.mag.f,MX,SiNengEmuLD2/LLN0.dsRemoteMeas[32],PCS#2-RS485-变流器运行状态,,,,,
130,yc129,FLOAT32,SiNengEmuLD2/GGIO2.AnIn34.mag.f,MX,SiNengEmuLD2/LLN0.dsRemoteMeas[33],PCS#2-RS485-电池充电保护电压,,,model=4|arg1=emu.PcsList[1].BatteryChargeProtectionVoltage|arg2= |arg3= |arg4=1000,,
131,yc130,FLOAT32,SiNengEmuLD2/GGIO2.AnIn35.mag.f,MX,SiNengEmuLD2/LLN0.dsRemoteMeas[34],PCS#2-RS485-电池放电保护电压,,,model=4|arg1=emu.PcsList[1].BatteryDischargeProtectionVoltage|arg2= |arg3= |arg4=1000,,
132,yc131,FLOAT32,SiNengEmuLD2/GGIO2.AnIn36.mag.f,MX,SiNengEmuLD2/LLN0.dsRemoteMeas[35],PCS#2-RS485-电池充电保护电流,,,model=4|arg1=emu.PcsList[1].BatteryChargeProtectionCurrent|arg2= |arg3= |arg4=1000,,
133,yc132,FLOAT32,SiNengEmuLD2/GGIO2.AnIn37.mag.f,MX,SiNengEmuLD2/LLN0.dsRemoteMeas[36],PCS#2-RS485-电池放电保护电流,,,model=4|arg1=emu.PcsList[1].BatteryDischargeProtectionCurrent|arg2= |arg3= |arg4=1000,,
134,yc133,FLOAT32,SiNengEmuLD2/GGIO2.AnIn38.mag.f,MX,SiNengEmuLD2/LLN0.dsRemoteMeas[37],PCS#2-RS485-电池充电限流点,,,model=4|arg1=emu.PcsList[1].BatteryChargeCurrentLimit|arg2= |arg3= |arg4=1000,,
135,yc134,FLOAT32,SiNengEmuLD2/GGIO2.AnIn39.mag.f,MX,SiNengEmuLD2/LLN0.dsRemoteMeas[38],PCS#2-RS485-电池充电限压点,,,model=4|arg1=emu.PcsList[1].BatteryChargeVoltageLimit|arg2= |arg3= |arg4=1000,,
136,yc135,FLOAT32,SiNengEmuLD2/GGIO2.AnIn40.mag.f,MX,SiNengEmuLD2/LLN0.dsRemoteMeas[39],PCS#2-RS485-电池放电限流点,,,model=4|arg1=emu.PcsList[1].BatteryDischargeCurrentLimit|arg2= |arg3= |arg4=1000,,
137,yc136,FLOAT32,SiNengEmuLD2/GGIO2.AnIn41.mag.f,MX,SiNengEmuLD2/LLN0.dsRemoteMeas[40],PCS#2-RS485-电池放电限压点,,,model=4|arg1=emu.PcsList[1].BatteryDischargeVoltageLimit|arg2= |arg3= |arg4=1000,,
138,yc137,FLOAT32,SiNengEmuLD2/GGIO2.AnIn42.mag.f,MX,SiNengEmuLD2/LLN0.dsRemoteMeas[41],PCS#2-RS485-电池充电限功率点,,,model=4|arg1=emu.PcsList[1].BatteryChargePowerLimit|arg2= |arg3= |arg4=1000,,
139,yc138,FLOAT32,SiNengEmuLD2/GGIO2.AnIn43.mag.f,MX,SiNengEmuLD2/LLN0.dsRemoteMeas[42],PCS#2-RS485-电池放电限功率点,,,model=4|arg1=emu.PcsList[1].BatteryDischargePowerLimit|arg2= |arg3= |arg4=1000,,
140,yc139,FLOAT32,SiNengEmuLD2/GGIO2.AnIn44.mag.f,MX,SiNengEmuLD2/LLN0.dsRemoteMeas[43],PCS#2-RS485-充电功率限值,,,model=4|arg1=emu.PcsList[1].ChargePowerLimit|arg2= |arg3= |arg4=1000,,
141,yc140,FLOAT32,SiNengEmuLD2/GGIO2.AnIn45.mag.f,MX,SiNengEmuLD2/LLN0.dsRemoteMeas[44],PCS#2-RS485-放电功率限值,,,model=4|arg1=emu.PcsList[1].DischargePowerLimit|arg2= |arg3= |arg4=1000,,
142,yc141,FLOAT32,SiNengEmuLD2/GGIO2.AnIn46.mag.f,MX,SiNengEmuLD2/LLN0.dsRemoteMeas[45],PCS#2-RS485-有功调度方式,,,model=4|arg1=emu.PcsList[1].ActivePowerDispatchMode|arg2= |arg3= |arg4=1000,,
143,yc142,FLOAT32,SiNengEmuLD2/GGIO2.AnIn47.mag.f,MX,SiNengEmuLD2/LLN0.dsRemoteMeas[46],PCS#2-RS485-无功调度方式,,,model=4|arg1=emu.PcsList[1].ReactivePowerDispatchMode|arg2= |arg3= |arg4=1000,,
144,yc143,FLOAT32,SiNengEmuLD2/GGIO2.AnIn48.mag.f,MX,SiNengEmuLD2/LLN0.dsRemoteMeas[47],PCS#2-RS485-有功无功优先,,,model=4|arg1=emu.PcsList[1].ActiveReactivePriority|arg2= |arg3= |arg4=1000,,
145,yc144,FLOAT32,SiNengEmuLD2/GGIO2.AnIn49.mag.f,MX,SiNengEmuLD2/LLN0.dsRemoteMeas[48],PCS#2-RS485-频率有功设置,,,model=4|arg1=emu.PcsList[1].FrequencyActiveSetting|arg2= |arg3= |arg4=1000,,
146,yc145,FLOAT32,SiNengEmuLD2/GGIO2.AnIn50.mag.f,MX,SiNengEmuLD2/LLN0.dsRemoteMeas[49],PCS#2-RS485-禁止充电,,,model=4|arg1=emu.PcsList[1].ChargeProhibited|arg2= |arg3= |arg4=1000,,
147,yc146,FLOAT32,SiNengEmuLD2/GGIO2.AnIn51.mag.f,MX,SiNengEmuLD2/LLN0.dsRemoteMeas[50],PCS#2-RS485-禁止放电,,,model=4|arg1=emu.PcsList[1].DischargeProhibited|arg2= |arg3= |arg4=1000,,
148,yc147,FLOAT32,SiNengEmuLD2/GGIO2.AnIn52.mag.f,MX,SiNengEmuLD2/LLN0.dsRemoteMeas[51],PCS#2-RS485-直流恒流电流,,,,model=4|arg1=emu.PcsList[1].DCCCLimit|arg2= |arg3= |arg4=1001,
149,yc148,FLOAT32,SiNengEmuLD2/GGIO2.AnIn53.mag.f,MX,SiNengEmuLD2/LLN0.dsRemoteMeas[52],PCS#2-RS485-直流恒压电压,,,,model=4|arg1=emu.PcsList[1].DCCVLimit|arg2= |arg3= |arg4=1001,
150,yc149,FLOAT32,SiNengEmuLD2/GGIO2.AnIn54.mag.f,MX,SiNengEmuLD2/LLN0.dsRemoteMeas[53],PCS#2-RS485-直流恒功率,,,,,
151,yc150,FLOAT32,SiNengEmuLD2/GGIO2.AnIn55.mag.f,MX,SiNengEmuLD2/LLN0.dsRemoteMeas[54],PCS#2-RS485-有功功率设置,,,model=4|arg1=emu.PcsList[1].ActivePower|arg2= |arg3= |arg4=1000,,
152,yc151,FLOAT32,SiNengEmuLD2/GGIO2.AnIn56.mag.f,MX,SiNengEmuLD2/LLN0.dsRemoteMeas[55],PCS#2-RS485-无功功率设置,,,model=4|arg1=emu.PcsList[1].ReactivePower|arg2= |arg3= |arg4=1000,,
153,yc152,FLOAT32,SiNengEmuLD2/GGIO2.AnIn57.mag.f,MX,SiNengEmuLD2/LLN0.dsRemoteMeas[56],PCS#2-RS485-功率因数设置,,,model=4|arg1=emu.PcsList[1].PowerFactor|arg2= |arg3= |arg4=1000,,
154,yc153,FLOAT32,SiNengEmuLD2/GGIO2.AnIn58.mag.f,MX,SiNengEmuLD2/LLN0.dsRemoteMeas[57],PCS#2-RS485-快速转放电超时设置,,,,,
155,yc154,FLOAT32,SiNengEmuLD2/GGIO2.AnIn59.mag.f,MX,SiNengEmuLD2/LLN0.dsRemoteMeas[58],PCS#2-RS485-遥测预留-1,,,,,
156,yc155,FLOAT32,SiNengEmuLD2/GGIO2.AnIn60.mag.f,MX,SiNengEmuLD2/LLN0.dsRemoteMeas[59],PCS#2-RS485-遥测预留-2,,,,,
157,yc156,FLOAT32,SiNengEmuLD2/GGIO2.AnIn61.mag.f,MX,SiNengEmuLD2/LLN0.dsRemoteMeas[60],PCS#2-RS485-遥测预留-3,,,,,
158,yc157,FLOAT32,SiNengEmuLD2/GGIO2.AnIn62.mag.f,MX,SiNengEmuLD2/LLN0.dsRemoteMeas[61],PCS#2-RS485-遥测预留-4,,,,,
159,yc158,FLOAT32,SiNengEmuLD2/GGIO2.AnIn63.mag.f,MX,SiNengEmuLD2/LLN0.dsRemoteMeas[62],PCS#2-RS485-遥测预留-5,,,,,
160,yc159,FLOAT32,SiNengEmuLD2/GGIO2.AnIn64.mag.f,MX,SiNengEmuLD2/LLN0.dsRemoteMeas[63],PCS#2-RS485-遥测预留-6,,,,,
161,yc160,FLOAT32,SiNengEmuLD2/GGIO2.AnIn65.mag.f,MX,SiNengEmuLD2/LLN0.dsRemoteMeas[64],PCS#2-RS485-遥测预留-7,,,,,
162,yc161,FLOAT32,SiNengEmuLD2/GGIO2.AnIn66.mag.f,MX,SiNengEmuLD2/LLN0.dsRemoteMeas[65],PCS#2-RS485-遥测预留-8,,,,,
163,yc162,FLOAT32,SiNengEmuLD2/GGIO2.AnIn67.mag.f,MX,SiNengEmuLD2/LLN0.dsRemoteMeas[66],PCS#2-RS485-遥测预留-9,,,,,
164,yc163,FLOAT32,SiNengEmuLD2/GGIO2.AnIn68.mag.f,MX,SiNengEmuLD2/LLN0.dsRemoteMeas[67],PCS#2-RS485-遥测预留-10,,,,,
165,yc164,FLOAT32,SiNengEmuLD2/GGIO2.AnIn69.mag.f,MX,SiNengEmuLD2/LLN0.dsRemoteMeas[68],PCS#2-RS485-遥调预留-1,,,,,
166,yc165,FLOAT32,SiNengEmuLD2/GGIO2.AnIn70.mag.f,MX,SiNengEmuLD2/LLN0.dsRemoteMeas[69],PCS#2-RS485-遥调预留-2,,,,,
167,yc166,FLOAT32,SiNengEmuLD2/GGIO2.AnIn71.mag.f,MX,SiNengEmuLD2/LLN0.dsRemoteMeas[70],PCS#2-RS485-遥调预留-3,,,,,
168,yc167,FLOAT32,SiNengEmuLD2/GGIO2.AnIn72.mag.f,MX,SiNengEmuLD2/LLN0.dsRemoteMeas[71],PCS#2-RS485-遥调预留-4,,,,,
169,yc168,FLOAT32,SiNengEmuLD2/GGIO2.AnIn73.mag.f,MX,SiNengEmuLD2/LLN0.dsRemoteMeas[72],PCS#2-RS485-遥调预留-5,,,,,
170,yc169,FLOAT32,SiNengEmuLD2/GGIO2.AnIn74.mag.f,MX,SiNengEmuLD2/LLN0.dsRemoteMeas[73],PCS#2-RS485-遥调预留-6,,,,,
171,yc170,FLOAT32,SiNengEmuLD2/GGIO2.AnIn75.mag.f,MX,SiNengEmuLD2/LLN0.dsRemoteMeas[74],PCS#2-RS485-遥调预留-7,,,,,
172,yc171,FLOAT32,SiNengEmuLD2/GGIO2.AnIn76.mag.f,MX,SiNengEmuLD2/LLN0.dsRemoteMeas[75],PCS#2-RS485-遥调预留-8,,,,,
173,yc172,FLOAT32,SiNengEmuLD2/GGIO2.AnIn77.mag.f,MX,SiNengEmuLD2/LLN0.dsRemoteMeas[76],PCS#2-RS485-遥调预留-9,,,,,
174,yc173,FLOAT32,SiNengEmuLD2/GGIO2.AnIn78.mag.f,MX,SiNengEmuLD2/LLN0.dsRemoteMeas[77],PCS#2-RS485-遥调预留-10,,,,,
175,yc174,FLOAT32,SiNengEmuLD2/GGIO2.AnIn79.mag.f,MX,SiNengEmuLD2/LLN0.dsRemoteMeas[78],PCS#2-RS485-遥调预留-1,,,,,
176,yc175,FLOAT32,SiNengEmuLD2/GGIO2.AnIn80.mag.f,MX,SiNengEmuLD2/LLN0.dsRemoteMeas[79],PCS#2-RS485-遥调预留-2,,,,,
177,yc176,FLOAT32,SiNengEmuLD2/GGIO2.AnIn81.mag.f,MX,SiNengEmuLD2/LLN0.dsRemoteMeas[80],PCS#2-RS485-遥调预留-3,,,,,
178,yc177,FLOAT32,SiNengEmuLD2/GGIO2.AnIn82.mag.f,MX,SiNengEmuLD2/LLN0.dsRemoteMeas[81],PCS#2-RS485-遥调预留-4,,,,,
179,yc178,FLOAT32,SiNengEmuLD2/GGIO2.AnIn83.mag.f,MX,SiNengEmuLD2/LLN0.dsRemoteMeas[82],PCS#2-RS485-遥调预留-5,,,,,
180,yc179,FLOAT32,SiNengEmuLD2/GGIO2.AnIn84.mag.f,MX,SiNengEmuLD2/LLN0.dsRemoteMeas[83],PCS#2-RS485-遥调预留-6,,,,,
181,yc180,FLOAT32,SiNengEmuLD2/GGIO2.AnIn85.mag.f,MX,SiNengEmuLD2/LLN0.dsRemoteMeas[84],PCS#2-RS485-遥调预留-7,,,,,
182,yc181,FLOAT32,SiNengEmuLD2/GGIO2.AnIn86.mag.f,MX,SiNengEmuLD2/LLN0.dsRemoteMeas[85],PCS#2-RS485-遥调预留-8,,,,,
183,yc182,FLOAT32,SiNengEmuLD2/GGIO2.AnIn87.mag.f,MX,SiNengEmuLD2/LLN0.dsRemoteMeas[86],PCS#2-RS485-遥调预留-9,,,,,
184,yc183,FLOAT32,SiNengEmuLD2/GGIO2.AnIn88.mag.f,MX,SiNengEmuLD2/LLN0.dsRemoteMeas[87],PCS#2-RS485-遥调预留-10,,,,,
185,yc184,FLOAT32,SiNengEmuLD2/GGIO2.AnIn89.mag.f,MX,SiNengEmuLD2/LLN0.dsRemoteMeas[88],PCS#2-CAN-输出有功功率(CAN),0,,,,
186,yc185,FLOAT32,SiNengEmuLD2/GGIO2.AnIn90.mag.f,MX,SiNengEmuLD2/LLN0.dsRemoteMeas[89],PCS#2-CAN-输出无功功率(CAN),4,,,,
187,yc186,FLOAT32,SiNengEmuLD2/GGIO2.AnIn91.mag.f,MX,SiNengEmuLD2/LLN0.dsRemoteMeas[90],PCS#2-CAN-最大可充电功率,0,,,,
188,yc187,FLOAT32,SiNengEmuLD2/GGIO2.AnIn92.mag.f,MX,SiNengEmuLD2/LLN0.dsRemoteMeas[91],PCS#2-CAN-最大可放电功率,2,,,,
189,yc188,FLOAT32,SiNengEmuLD2/GGIO2.AnIn93.mag.f,MX,SiNengEmuLD2/LLN0.dsRemoteMeas[92],PCS#2-CAN-最大可用感性无功功率,4,,,,
190,yc189,FLOAT32,SiNengEmuLD2/GGIO2.AnIn94.mag.f,MX,SiNengEmuLD2/LLN0.dsRemoteMeas[93],PCS#2-CAN-最大可用容性无功功率,6,,,,
191,yc190,FLOAT32,SiNengEmuLD2/GGIO2.AnIn95.mag.f,MX,SiNengEmuLD2/LLN0.dsRemoteMeas[94],PCS#2-CAN-有功功率设定(CAN),0,,,,
192,yc191,FLOAT32,SiNengEmuLD2/GGIO2.AnIn96.mag.f,MX,SiNengEmuLD2/LLN0.dsRemoteMeas[95],PCS#2-CAN-无功功率设定(CAN),4,,,,
193,yc192,FLOAT32,SiNengEmuLD10/GGIO2.AnIn1.mag.f,MX,SiNengEmuLD10/LLN0.dsRemoteMeas[0],XBCK-第一组A相电流,A,,,,
194,yc193,FLOAT32,SiNengEmuLD10/GGIO2.AnIn2.mag.f,MX,SiNengEmuLD10/LLN0.dsRemoteMeas[1],XBCK-第一组B相电流,A,,,,
195,yc194,FLOAT32,SiNengEmuLD10/GGIO2.AnIn3.mag.f,MX,SiNengEmuLD10/LLN0.dsRemoteMeas[2],XBCK-第一组C相电流,A,,,,
196,yc195,FLOAT32,SiNengEmuLD10/GGIO2.AnIn4.mag.f,MX,SiNengEmuLD10/LLN0.dsRemoteMeas[3],XBCK-第一组AB线电压,V,,,,
197,yc196,FLOAT32,SiNengEmuLD10/GGIO2.AnIn5.mag.f,MX,SiNengEmuLD10/LLN0.dsRemoteMeas[4],XBCK-第一组BC线电压,V,,,,
198,yc197,FLOAT32,SiNengEmuLD10/GGIO2.AnIn6.mag.f,MX,SiNengEmuLD10/LLN0.dsRemoteMeas[5],XBCK-第一组CA线电压,V,,,,
199,yc198,FLOAT32,SiNengEmuLD10/GGIO2.AnIn7.mag.f,MX,SiNengEmuLD10/LLN0.dsRemoteMeas[6],XBCK-第一组3相有功功率,kW,,,,
200,yc199,FLOAT32,SiNengEmuLD10/GGIO2.AnIn8.mag.f,MX,SiNengEmuLD10/LLN0.dsRemoteMeas[7],XBCK-第一组3相无功功率,kvar,,,,
201,yc200,FLOAT32,SiNengEmuLD10/GGIO2.AnIn9.mag.f,MX,SiNengEmuLD10/LLN0.dsRemoteMeas[8],XBCK-第一组功率因数,,,,,
202,yc201,FLOAT32,SiNengEmuLD10/GGIO2.AnIn10.mag.f,MX,SiNengEmuLD10/LLN0.dsRemoteMeas[9],XBCK-第一组频率,hz,,,,
203,yc202,FLOAT32,SiNengEmuLD10/GGIO2.AnIn11.mag.f,MX,SiNengEmuLD10/LLN0.dsRemoteMeas[10],XBCK-第一组零序电流,A,,,,
204,yc203,FLOAT32,SiNengEmuLD10/GGIO2.AnIn12.mag.f,MX,SiNengEmuLD10/LLN0.dsRemoteMeas[11],XBCK-备用,,,,,
205,yc204,FLOAT32,SiNengEmuLD10/GGIO2.AnIn13.mag.f,MX,SiNengEmuLD10/LLN0.dsRemoteMeas[12],XBCK-备用,,,,,
206,yc205,FLOAT32,SiNengEmuLD10/GGIO2.AnIn14.mag.f,MX,SiNengEmuLD10/LLN0.dsRemoteMeas[13],XBCK-备用,,,,,
207,yc206,FLOAT32,SiNengEmuLD10/GGIO2.AnIn15.mag.f,MX,SiNengEmuLD10/LLN0.dsRemoteMeas[14],XBCK-第二组A相电流,A,,,,
208,yc207,FLOAT32,SiNengEmuLD10/GGIO2.AnIn16.mag.f,MX,SiNengEmuLD10/LLN0.dsRemoteMeas[15],XBCK-第二组B相电流,A,,,,
209,yc208,FLOAT32,SiNengEmuLD10/GGIO2.AnIn17.mag.f,MX,SiNengEmuLD10/LLN0.dsRemoteMeas[16],XBCK-第二组C相电流,A,,,,
210,yc209,FLOAT32,SiNengEmuLD10/GGIO2.AnIn18.mag.f,MX,SiNengEmuLD10/LLN0.dsRemoteMeas[17],XBCK-备用,,,,,
211,yc210,FLOAT32,SiNengEmuLD10/GGIO2.AnIn19.mag.f,MX,SiNengEmuLD10/LLN0.dsRemoteMeas[18],XBCK-备用,,,,,
212,yc211,FLOAT32,SiNengEmuLD10/GGIO2.AnIn20.mag.f,MX,SiNengEmuLD10/LLN0.dsRemoteMeas[19],XBCK-备用,,,,,
213,yc212,FLOAT32,SiNengEmuLD10/GGIO2.AnIn21.mag.f,MX,SiNengEmuLD10/LLN0.dsRemoteMeas[20],XBCK-4-20mA 1,,,,,
214,yc213,FLOAT32,SiNengEmuLD10/GGIO2.AnIn22.mag.f,MX,SiNengEmuLD10/LLN0.dsRemoteMeas[21],XBCK-4-20mA 2,,,,,
215,yc214,FLOAT32,SiNengEmuLD10/GGIO2.AnIn23.mag.f,MX,SiNengEmuLD10/LLN0.dsRemoteMeas[22],XBCK-4-20mA 3,,,,,
216,yc215,FLOAT32,SiNengEmuLD10/GGIO2.AnIn24.mag.f,MX,SiNengEmuLD10/LLN0.dsRemoteMeas[23],XBCK-X4-10-11-PT100变压器室在线测温,,,,,
217,yc216,FLOAT32,SiNengEmuLD10/GGIO2.AnIn25.mag.f,MX,SiNengEmuLD10/LLN0.dsRemoteMeas[24],XBCK-X4-12-13-PT100领排陀铜排在线测温,,,,,
218,yc217,FLOAT32,SiNengEmuLD10/GGIO2.AnIn26.mag.f,MX,SiNengEmuLD10/LLN0.dsRemoteMeas[25],XBCK-X4-14-15-PT100,,,,,
219,yc218,FLOAT32,SiNengEmuLD11/GGIO2.AnIn1.mag.f,MX,SiNengEmuLD11/LLN0.dsRemoteMeas[0],GBWK-绕组1 A相温度,℃,,,,
220,yc219,FLOAT32,SiNengEmuLD11/GGIO2.AnIn2.mag.f,MX,SiNengEmuLD11/LLN0.dsRemoteMeas[1],GBWK-绕组1 B相温度,℃,,,,
221,yc220,FLOAT32,SiNengEmuLD11/GGIO2.AnIn3.mag.f,MX,SiNengEmuLD11/LLN0.dsRemoteMeas[2],GBWK-绕组1 C相温度,℃,,,,
222,yc221,FLOAT32,SiNengEmuLD11/GGIO2.AnIn4.mag.f,MX,SiNengEmuLD11/LLN0.dsRemoteMeas[3],GBWK-绕组1 D路温度(预留),℃,,,,
223,yc222,FLOAT32,SiNengEmuLD11/GGIO2.AnIn5.mag.f,MX,SiNengEmuLD11/LLN0.dsRemoteMeas[4],GBWK-绕组2 A相温度(双分裂时有效),℃,,,,
224,yc223,FLOAT32,SiNengEmuLD11/GGIO2.AnIn6.mag.f,MX,SiNengEmuLD11/LLN0.dsRemoteMeas[5],GBWK-绕组2 B相温度(双分裂时有效),℃,,,,
225,yc224,FLOAT32,SiNengEmuLD11/GGIO2.AnIn7.mag.f,MX,SiNengEmuLD11/LLN0.dsRemoteMeas[6],GBWK-绕组2 C相温度(双分裂时有效),℃,,,,
226,yc225,FLOAT32,SiNengEmuLD11/GGIO2.AnIn8.mag.f,MX,SiNengEmuLD11/LLN0.dsRemoteMeas[7],GBWK-绕组2 D路温度(预留),℃,,,,
227,yc226,FLOAT32,SiNengEmuLD12/GGIO2.AnIn1.mag.f,MX,SiNengEmuLD12/LLN0.dsRemoteMeas[0],GYZB-A相电流 Ia,,,,,
228,yc227,FLOAT32,SiNengEmuLD12/GGIO2.AnIn2.mag.f,MX,SiNengEmuLD12/LLN0.dsRemoteMeas[1],GYZB-B相电流 Ib,,,,,
229,yc228,FLOAT32,SiNengEmuLD12/GGIO2.AnIn3.mag.f,MX,SiNengEmuLD12/LLN0.dsRemoteMeas[2],GYZB-C相电流 Ic,,,,,
230,yc229,FLOAT32,SiNengEmuLD12/GGIO2.AnIn4.mag.f,MX,SiNengEmuLD12/LLN0.dsRemoteMeas[3],GYZB-线电压 UAB,,,,,
231,yc230,FLOAT32,SiNengEmuLD12/GGIO2.AnIn5.mag.f,MX,SiNengEmuLD12/LLN0.dsRemoteMeas[4],GYZB-线电压 UBC,,,,,
232,yc231,FLOAT32,SiNengEmuLD12/GGIO2.AnIn6.mag.f,MX,SiNengEmuLD12/LLN0.dsRemoteMeas[5],GYZB-线电压 UCA,,,,,
233,yc232,FLOAT32,SiNengEmuLD12/GGIO2.AnIn7.mag.f,MX,SiNengEmuLD12/LLN0.dsRemoteMeas[6],GYZB-有功功率 P ,,,,,
234,yc233,FLOAT32,SiNengEmuLD12/GGIO2.AnIn8.mag.f,MX,SiNengEmuLD12/LLN0.dsRemoteMeas[7],GYZB-无功功率 Q ,,,,,
235,yc234,FLOAT32,SiNengEmuLD12/GGIO2.AnIn9.mag.f,MX,SiNengEmuLD12/LLN0.dsRemoteMeas[8],GYZB-功率因数 PF ,,,,,
236,yc235,FLOAT32,SiNengEmuLD12/GGIO2.AnIn10.mag.f,MX,SiNengEmuLD12/LLN0.dsRemoteMeas[9],GYZB-频率,,,,,
237,yc236,FLOAT32,SiNengEmuLD13/GGIO2.AnIn1.mag.f,MX,SiNengEmuLD13/LLN0.dsRemoteMeas[0],DB-电网A相电压,V,,model=4|arg1=emu.ElectricityMeter.PhaseAVoltage|arg2= |arg3= |arg4=1000,,
238,yc237,FLOAT32,SiNengEmuLD13/GGIO2.AnIn2.mag.f,MX,SiNengEmuLD13/LLN0.dsRemoteMeas[1],DB-电网B相电压,V,,model=4|arg1=emu.ElectricityMeter.PhaseBVoltage|arg2= |arg3= |arg4=1000,,
239,yc238,FLOAT32,SiNengEmuLD13/GGIO2.AnIn3.mag.f,MX,SiNengEmuLD13/LLN0.dsRemoteMeas[2],DB-电网C相电压,V,,model=4|arg1=emu.ElectricityMeter.PhaseCVoltage|arg2= |arg3= |arg4=1000,,
240,yc239,FLOAT32,SiNengEmuLD13/GGIO2.AnIn4.mag.f,MX,SiNengEmuLD13/LLN0.dsRemoteMeas[3],DB-电网AB线电压,V,,model=4|arg1=emu.ElectricityMeter.LineVoltageAB|arg2= |arg3= |arg4=1000,,
241,yc240,FLOAT32,SiNengEmuLD13/GGIO2.AnIn5.mag.f,MX,SiNengEmuLD13/LLN0.dsRemoteMeas[4],DB-电网BC线电压,V,,model=4|arg1=emu.ElectricityMeter.LineVoltageBC|arg2= |arg3= |arg4=1000,,
242,yc241,FLOAT32,SiNengEmuLD13/GGIO2.AnIn6.mag.f,MX,SiNengEmuLD13/LLN0.dsRemoteMeas[5],DB-电网CA线电压,V,,model=4|arg1=emu.ElectricityMeter.LineVoltageCA|arg2= |arg3= |arg4=1000,,
243,yc242,FLOAT32,SiNengEmuLD13/GGIO2.AnIn7.mag.f,MX,SiNengEmuLD13/LLN0.dsRemoteMeas[6],DB-电网A相电流,A,,model=4|arg1=emu.ElectricityMeter.PhaseACurrent|arg2= |arg3= |arg4=1000,,
244,yc243,FLOAT32,SiNengEmuLD13/GGIO2.AnIn8.mag.f,MX,SiNengEmuLD13/LLN0.dsRemoteMeas[7],DB-电网B相电流,A,,model=4|arg1=emu.ElectricityMeter.PhaseBCurrent|arg2= |arg3= |arg4=1000,,
245,yc244,FLOAT32,SiNengEmuLD13/GGIO2.AnIn9.mag.f,MX,SiNengEmuLD13/LLN0.dsRemoteMeas[8],DB-电网C相电流,A,,model=4|arg1=emu.ElectricityMeter.PhaseCCurrent|arg2= |arg3= |arg4=1000,,
246,yc245,FLOAT32,SiNengEmuLD13/GGIO2.AnIn10.mag.f,MX,SiNengEmuLD13/LLN0.dsRemoteMeas[9],DB-A相有功功率,kW,,,,
247,yc246,FLOAT32,SiNengEmuLD13/GGIO2.AnIn11.mag.f,MX,SiNengEmuLD13/LLN0.dsRemoteMeas[10],DB-B相有功功率,kW,,,,
248,yc247,FLOAT32,SiNengEmuLD13/GGIO2.AnIn12.mag.f,MX,SiNengEmuLD13/LLN0.dsRemoteMeas[11],DB-C相有功功率,kW,,,,
249,yc248,FLOAT32,SiNengEmuLD13/GGIO2.AnIn13.mag.f,MX,SiNengEmuLD13/LLN0.dsRemoteMeas[12],DB-总有功功率,kW,,,,
250,yc249,FLOAT32,SiNengEmuLD13/GGIO2.AnIn14.mag.f,MX,SiNengEmuLD13/LLN0.dsRemoteMeas[13],DB-A相无功功率,kvar,,,,
251,yc250,FLOAT32,SiNengEmuLD13/GGIO2.AnIn15.mag.f,MX,SiNengEmuLD13/LLN0.dsRemoteMeas[14],DB-B相无功功率,kvar,,,,
252,yc251,FLOAT32,SiNengEmuLD13/GGIO2.AnIn16.mag.f,MX,SiNengEmuLD13/LLN0.dsRemoteMeas[15],DB-C相无功功率,kvar,,,,
253,yc252,FLOAT32,SiNengEmuLD13/GGIO2.AnIn17.mag.f,MX,SiNengEmuLD13/LLN0.dsRemoteMeas[16],DB-总无功功率,kvar,,,,
254,yc253,FLOAT32,SiNengEmuLD13/GGIO2.AnIn18.mag.f,MX,SiNengEmuLD13/LLN0.dsRemoteMeas[17],DB-总视在功率,kVA,,,,
255,yc254,FLOAT32,SiNengEmuLD13/GGIO2.AnIn19.mag.f,MX,SiNengEmuLD13/LLN0.dsRemoteMeas[18],DB-功率因数,,,,,
256,yc255,FLOAT32,SiNengEmuLD13/GGIO2.AnIn20.mag.f,MX,SiNengEmuLD13/LLN0.dsRemoteMeas[19],DB-电网频率,Hz,,,,
257,yc256,FLOAT32,SiNengEmuLD13/GGIO2.AnIn21.mag.f,MX,SiNengEmuLD13/LLN0.dsRemoteMeas[20],DB-正向有功电能,kWh,,,,
258,yc257,FLOAT32,SiNengEmuLD13/GGIO2.AnIn22.mag.f,MX,SiNengEmuLD13/LLN0.dsRemoteMeas[21],DB-反向有功电能,kWh,,,,
259,yc258,FLOAT32,SiNengEmuLD13/GGIO2.AnIn23.mag.f,MX,SiNengEmuLD13/LLN0.dsRemoteMeas[22],DB-感性无功电能,kvarh,,,,
260,yc259,FLOAT32,SiNengEmuLD13/GGIO2.AnIn24.mag.f,MX,SiNengEmuLD13/LLN0.dsRemoteMeas[23],DB-容性无功电能,kvarh,,,,
261,yc260,FLOAT32,SiNengEmuLD30/GGIO2.AnIn1.mag.f,MX,SiNengEmuLD14/LLN0.dsRemoteMeas[0],EMU-输出总有功功率,kW,,,,
262,yc261,FLOAT32,SiNengEmuLD30/GGIO2.AnIn2.mag.f,MX,SiNengEmuLD14/LLN0.dsRemoteMeas[1],EMU-输出总无功功率,kvar,,,,
263,yc262,FLOAT32,SiNengEmuLD30/GGIO2.AnIn3.mag.f,MX,SiNengEmuLD14/LLN0.dsRemoteMeas[2],EMU-最大可充电功率,kW,,,,
264,yc263,FLOAT32,SiNengEmuLD30/GGIO2.AnIn4.mag.f,MX,SiNengEmuLD14/LLN0.dsRemoteMeas[3],EMU-最大可放电功率,kW,,,,
265,yc264,FLOAT32,SiNengEmuLD30/GGIO2.AnIn5.mag.f,MX,SiNengEmuLD14/LLN0.dsRemoteMeas[4],EMU-最大可用感性无功,kvar,,,,
266,yc265,FLOAT32,SiNengEmuLD30/GGIO2.AnIn6.mag.f,MX,SiNengEmuLD14/LLN0.dsRemoteMeas[5],EMU-最大可用容性无功,kvar,,,,
267,yc266,FLOAT32,SiNengEmuLD30/GGIO2.AnIn7.mag.f,MX,SiNengEmuLD14/LLN0.dsRemoteMeas[6],EMU-工作状态,"0-初始态
1-停机
2-待机
3-热备
4-充电
5-放电",,,,
268,yc267,FLOAT32,SiNengEmuLD30/GGIO2.AnIn8.mag.f,MX,SiNengEmuLD14/LLN0.dsRemoteMeas[7],EMU-PCS总数,,,,,
269,yc268,FLOAT32,SiNengEmuLD30/GGIO2.AnIn9.mag.f,MX,SiNengEmuLD14/LLN0.dsRemoteMeas[8],EMU-在线PCS数,,,,,
270,yc269,FLOAT32,SiNengEmuLD30/GGIO2.AnIn10.mag.f,MX,SiNengEmuLD14/LLN0.dsRemoteMeas[9],EMU-并网PCS数,,,,,
271,yc270,FLOAT32,SiNengEmuLD30/GGIO2.AnIn11.mag.f,MX,SiNengEmuLD14/LLN0.dsRemoteMeas[10],EMU-电池总数,,,,,
272,yc271,FLOAT32,SiNengEmuLD30/GGIO2.AnIn12.mag.f,MX,SiNengEmuLD14/LLN0.dsRemoteMeas[11],EMU-在线电池数,,,,,
273,yc272,FLOAT32,SiNengEmuLD30/GGIO2.AnIn13.mag.f,MX,SiNengEmuLD14/LLN0.dsRemoteMeas[12],EMU-电池平均SOC,,,,,
274,yc273,FLOAT32,SiNengEmuLD30/GGIO2.AnIn14.mag.f,MX,SiNengEmuLD14/LLN0.dsRemoteMeas[13],EMU-告警PCS台数,,,,,
275,yc274,FLOAT32,SiNengEmuLD30/GGIO2.AnIn15.mag.f,MX,SiNengEmuLD14/LLN0.dsRemoteMeas[14],EMU-故障PCS台数,,,,,
276,yc275,FLOAT32,SiNengEmuLD30/GGIO2.AnIn16.mag.f,MX,SiNengEmuLD14/LLN0.dsRemoteMeas[15],EMU-禁止充电PCS台数,,,,,
277,yc276,FLOAT32,SiNengEmuLD30/GGIO2.AnIn17.mag.f,MX,SiNengEmuLD14/LLN0.dsRemoteMeas[16],EMU-禁止放电PCS台数,,,,,
278,yx0,BOOLEAN,SiNengEmuLD1/GGIO1.Ind1.stVal,ST,SiNengEmuLD1/LLN0.dsRemoteSign[0],PCS#1-RS485-通信异常,,,,,
279,yx1,BOOLEAN,SiNengEmuLD1/GGIO1.Ind2.stVal,ST,SiNengEmuLD1/LLN0.dsRemoteSign[1],PCS#1-RS485-电网欠压,"0: 否
1: 是",,,,
280,yx2,BOOLEAN,SiNengEmuLD1/GGIO1.Ind3.stVal,ST,SiNengEmuLD1/LLN0.dsRemoteSign[2],PCS#1-RS485-电网过压,"0: 否
1: 是",,,,
281,yx3,BOOLEAN,SiNengEmuLD1/GGIO1.Ind4.stVal,ST,SiNengEmuLD1/LLN0.dsRemoteSign[3],PCS#1-RS485-电网欠频,"0: 否
1: 是",,,,
282,yx4,BOOLEAN,SiNengEmuLD1/GGIO1.Ind5.stVal,ST,SiNengEmuLD1/LLN0.dsRemoteSign[4],PCS#1-RS485-电网过频,"0: 否
1: 是",,,,
283,yx5,BOOLEAN,SiNengEmuLD1/GGIO1.Ind6.stVal,ST,SiNengEmuLD1/LLN0.dsRemoteSign[5],PCS#1-RS485-电网电压不平衡,"0: 否
1: 是",,,,
284,yx6,BOOLEAN,SiNengEmuLD1/GGIO1.Ind7.stVal,ST,SiNengEmuLD1/LLN0.dsRemoteSign[6],PCS#1-RS485-电网电流不平衡,"0: 否
1: 是",,,,
285,yx7,BOOLEAN,SiNengEmuLD1/GGIO1.Ind8.stVal,ST,SiNengEmuLD1/LLN0.dsRemoteSign[7],PCS#1-RS485-低电压穿越,"0: 否
1: 是",,,,
286,yx8,BOOLEAN,SiNengEmuLD1/GGIO1.Ind9.stVal,ST,SiNengEmuLD1/LLN0.dsRemoteSign[8],PCS#1-RS485-电网反序,"0: 否
1: 是",,,,
287,yx9,BOOLEAN,SiNengEmuLD1/GGIO1.Ind10.stVal,ST,SiNengEmuLD1/LLN0.dsRemoteSign[9],PCS#1-RS485-电网缺相,"0: 否
1: 是",,,,
288,yx10,BOOLEAN,SiNengEmuLD1/GGIO1.Ind11.stVal,ST,SiNengEmuLD1/LLN0.dsRemoteSign[10],PCS#1-RS485-电网电压异常,"0: 否
1: 是",,,,
289,yx11,BOOLEAN,SiNengEmuLD1/GGIO1.Ind12.stVal,ST,SiNengEmuLD1/LLN0.dsRemoteSign[11],PCS#1-RS485-频率异常,"0: 否
1: 是",,,,
290,yx12,BOOLEAN,SiNengEmuLD1/GGIO1.Ind13.stVal,ST,SiNengEmuLD1/LLN0.dsRemoteSign[12],PCS#1-RS485-防孤岛,"0: 否
1: 是",,,,
291,yx13,BOOLEAN,SiNengEmuLD1/GGIO1.Ind14.stVal,ST,SiNengEmuLD1/LLN0.dsRemoteSign[13],PCS#1-RS485-预留,,,,,
292,yx14,BOOLEAN,SiNengEmuLD1/GGIO1.Ind15.stVal,ST,SiNengEmuLD1/LLN0.dsRemoteSign[14],PCS#1-RS485-交流侧电流异常,"0: 否
1: 是",,,,
293,yx15,BOOLEAN,SiNengEmuLD1/GGIO1.Ind16.stVal,ST,SiNengEmuLD1/LLN0.dsRemoteSign[15],PCS#1-RS485-预留,,,,,
294,yx16,BOOLEAN,SiNengEmuLD1/GGIO1.Ind17.stVal,ST,SiNengEmuLD1/LLN0.dsRemoteSign[16],PCS#1-RS485-预留,,,,,
295,yx17,BOOLEAN,SiNengEmuLD1/GGIO1.Ind18.stVal,ST,SiNengEmuLD1/LLN0.dsRemoteSign[17],PCS#1-RS485-锁相不同步,"0: 否
1: 是",,,,
296,yx18,BOOLEAN,SiNengEmuLD1/GGIO1.Ind19.stVal,ST,SiNengEmuLD1/LLN0.dsRemoteSign[18],PCS#1-RS485-IGBT版本非法,"0: 否
1: 是",,,,
297,yx19,BOOLEAN,SiNengEmuLD1/GGIO1.Ind20.stVal,ST,SiNengEmuLD1/LLN0.dsRemoteSign[19],PCS#1-RS485-FPGA软件版本非法,"0: 否
1: 是",,,,
298,yx20,BOOLEAN,SiNengEmuLD1/GGIO1.Ind21.stVal,ST,SiNengEmuLD1/LLN0.dsRemoteSign[20],PCS#1-RS485-预留,,,,,
299,yx21,BOOLEAN,SiNengEmuLD1/GGIO1.Ind22.stVal,ST,SiNengEmuLD1/LLN0.dsRemoteSign[21],PCS#1-RS485-预留,,,,,
300,yx22,BOOLEAN,SiNengEmuLD1/GGIO1.Ind23.stVal,ST,SiNengEmuLD1/LLN0.dsRemoteSign[22],PCS#1-RS485-逆变电压直流分量检测异常,"0: 否
1: 是",,,,
301,yx23,BOOLEAN,SiNengEmuLD1/GGIO1.Ind24.stVal,ST,SiNengEmuLD1/LLN0.dsRemoteSign[23],PCS#1-RS485-U1板2.5V电源异常,"0: 否
1: 是",,,,
302,yx24,BOOLEAN,SiNengEmuLD1/GGIO1.Ind25.stVal,ST,SiNengEmuLD1/LLN0.dsRemoteSign[24],PCS#1-RS485-对拖老化温度异常,"0: 否
1: 是",,,,
303,yx25,BOOLEAN,SiNengEmuLD1/GGIO1.Ind26.stVal,ST,SiNengEmuLD1/LLN0.dsRemoteSign[25],PCS#1-RS485-变流器过流保护,"0: 否
1: 是",,,,
304,yx26,BOOLEAN,SiNengEmuLD1/GGIO1.Ind27.stVal,ST,SiNengEmuLD1/LLN0.dsRemoteSign[26],PCS#1-RS485-预留,,,,,
305,yx27,BOOLEAN,SiNengEmuLD1/GGIO1.Ind28.stVal,ST,SiNengEmuLD1/LLN0.dsRemoteSign[27],PCS#1-RS485-预留,,,,,
306,yx28,BOOLEAN,SiNengEmuLD1/GGIO1.Ind29.stVal,ST,SiNengEmuLD1/LLN0.dsRemoteSign[28],PCS#1-RS485-预留,,,,,
307,yx29,BOOLEAN,SiNengEmuLD1/GGIO1.Ind30.stVal,ST,SiNengEmuLD1/LLN0.dsRemoteSign[29],PCS#1-RS485-预留,,,,,
308,yx30,BOOLEAN,SiNengEmuLD1/GGIO1.Ind31.stVal,ST,SiNengEmuLD1/LLN0.dsRemoteSign[30],PCS#1-RS485-预留,,,,,
309,yx31,BOOLEAN,SiNengEmuLD1/GGIO1.Ind32.stVal,ST,SiNengEmuLD1/LLN0.dsRemoteSign[31],PCS#1-RS485-内舱NTC检测异常,"0: 否
1: 是",,model=3|arg1= |arg2= |arg3= |arg4=1000,,
310,yx32,BOOLEAN,SiNengEmuLD1/GGIO1.Ind33.stVal,ST,SiNengEmuLD1/LLN0.dsRemoteSign[32],PCS#1-RS485-预留,,,,,
311,yx33,BOOLEAN,SiNengEmuLD1/GGIO1.Ind34.stVal,ST,SiNengEmuLD1/LLN0.dsRemoteSign[33],PCS#1-RS485-交流防雷器故障,"0: 否
1: 是",,model=5|arg1= |arg2= |arg3=3000 |arg4=10000,,
312,yx34,BOOLEAN,SiNengEmuLD1/GGIO1.Ind35.stVal,ST,SiNengEmuLD1/LLN0.dsRemoteSign[34],PCS#1-RS485-风扇故障,"0: 否
1: 是",,,,
313,yx35,BOOLEAN,SiNengEmuLD1/GGIO1.Ind36.stVal,ST,SiNengEmuLD1/LLN0.dsRemoteSign[35],PCS#1-RS485-驱动线缆链接异常,"0: 否
1: 是",,,,
314,yx36,BOOLEAN,SiNengEmuLD1/GGIO1.Ind37.stVal,ST,SiNengEmuLD1/LLN0.dsRemoteSign[36],PCS#1-RS485-U 1交流辅助电源板故障,"0: 否
1: 是",,,,
315,yx37,BOOLEAN,SiNengEmuLD1/GGIO1.Ind38.stVal,ST,SiNengEmuLD1/LLN0.dsRemoteSign[37],PCS#1-RS485-控制板辅助电源异常,"0: 否
1: 是",,,,
316,yx38,BOOLEAN,SiNengEmuLD1/GGIO1.Ind39.stVal,ST,SiNengEmuLD1/LLN0.dsRemoteSign[38],PCS#1-RS485-驱动电源未准备就绪,"0: 否
1: 是",,,,
317,yx39,BOOLEAN,SiNengEmuLD1/GGIO1.Ind40.stVal,ST,SiNengEmuLD1/LLN0.dsRemoteSign[39],PCS#1-RS485-二相流风扇故障,"0: 否
1: 是",,,,
318,yx40,BOOLEAN,SiNengEmuLD1/GGIO1.Ind41.stVal,ST,SiNengEmuLD1/LLN0.dsRemoteSign[40],PCS#1-RS485-扰流风扇故障,"0: 否
1: 是",,,,
319,yx41,BOOLEAN,SiNengEmuLD1/GGIO1.Ind42.stVal,ST,SiNengEmuLD1/LLN0.dsRemoteSign[41],PCS#1-RS485-控制板硬件版本错误,"0: 否
1: 是",,,,
320,yx42,BOOLEAN,SiNengEmuLD1/GGIO1.Ind43.stVal,ST,SiNengEmuLD1/LLN0.dsRemoteSign[42],PCS#1-RS485-控制板直流辅助电源板1故障,"0: 否
1: 是",,,,
321,yx43,BOOLEAN,SiNengEmuLD1/GGIO1.Ind44.stVal,ST,SiNengEmuLD1/LLN0.dsRemoteSign[43],PCS#1-RS485-U1与U2硬件版本不匹配,"0: 否
1: 是",,,,
322,yx44,BOOLEAN,SiNengEmuLD1/GGIO1.Ind45.stVal,ST,SiNengEmuLD1/LLN0.dsRemoteSign[44],PCS#1-RS485-IGBT三相版本错误,"0: 否
1: 是",,,,
323,yx45,BOOLEAN,SiNengEmuLD1/GGIO1.Ind46.stVal,ST,SiNengEmuLD1/LLN0.dsRemoteSign[45],PCS#1-RS485-预留,,,,,
324,yx46,BOOLEAN,SiNengEmuLD1/GGIO1.Ind47.stVal,ST,SiNengEmuLD1/LLN0.dsRemoteSign[46],PCS#1-RS485-负温度检测NTC异常,"0: 否
1: 是",,,,
325,yx47,BOOLEAN,SiNengEmuLD1/GGIO1.Ind48.stVal,ST,SiNengEmuLD1/LLN0.dsRemoteSign[47],PCS#1-RS485-系统参数设置异常,"0: 否
1: 是",,,,
326,yx48,BOOLEAN,SiNengEmuLD1/GGIO1.Ind49.stVal,ST,SiNengEmuLD1/LLN0.dsRemoteSign[48],PCS#1-RS485-DSP_FPGA SPI异常,"0: 否
1: 是",,,,
327,yx49,BOOLEAN,SiNengEmuLD1/GGIO1.Ind50.stVal,ST,SiNengEmuLD1/LLN0.dsRemoteSign[49],PCS#1-RS485-预留,,,,,
328,yx50,BOOLEAN,SiNengEmuLD1/GGIO1.Ind51.stVal,ST,SiNengEmuLD1/LLN0.dsRemoteSign[50],PCS#1-RS485-预留,,,,,
329,yx51,BOOLEAN,SiNengEmuLD1/GGIO1.Ind52.stVal,ST,SiNengEmuLD1/LLN0.dsRemoteSign[51],PCS#1-RS485-预留,,,,,
330,yx52,BOOLEAN,SiNengEmuLD1/GGIO1.Ind53.stVal,ST,SiNengEmuLD1/LLN0.dsRemoteSign[52],PCS#1-RS485-预留,,,,,
331,yx53,BOOLEAN,SiNengEmuLD1/GGIO1.Ind54.stVal,ST,SiNengEmuLD1/LLN0.dsRemoteSign[53],PCS#1-RS485-控制舱严重过温,"0: 否
1: 是",,,,
332,yx54,BOOLEAN,SiNengEmuLD1/GGIO1.Ind55.stVal,ST,SiNengEmuLD1/LLN0.dsRemoteSign[54],PCS#1-RS485-FPGA死机,"0: 否
1: 是",,,,
333,yx55,BOOLEAN,SiNengEmuLD1/GGIO1.Ind56.stVal,ST,SiNengEmuLD1/LLN0.dsRemoteSign[55],PCS#1-RS485-交流舱严重过温,"0: 否
1: 是",,,,
334,yx56,BOOLEAN,SiNengEmuLD1/GGIO1.Ind57.stVal,ST,SiNengEmuLD1/LLN0.dsRemoteSign[56],PCS#1-RS485-严重过温,"0: 否
1: 是",,,,
335,yx57,BOOLEAN,SiNengEmuLD1/GGIO1.Ind58.stVal,ST,SiNengEmuLD1/LLN0.dsRemoteSign[57],PCS#1-RS485-通信节点重号,"0: 否
1: 是",,,,
336,yx58,BOOLEAN,SiNengEmuLD1/GGIO1.Ind59.stVal,ST,SiNengEmuLD1/LLN0.dsRemoteSign[58],PCS#1-RS485-内部CAN通信异常,"0: 否
1: 是",,,,
337,yx59,BOOLEAN,SiNengEmuLD1/GGIO1.Ind60.stVal,ST,SiNengEmuLD1/LLN0.dsRemoteSign[59],PCS#1-RS485-调度CAN通信异常,"0: 否
1: 是",,,,
338,yx60,BOOLEAN,SiNengEmuLD1/GGIO1.Ind61.stVal,ST,SiNengEmuLD1/LLN0.dsRemoteSign[60],PCS#1-RS485-Q_P参数设置错误,"0: 否
1: 是",,,,
339,yx61,BOOLEAN,SiNengEmuLD1/GGIO1.Ind62.stVal,ST,SiNengEmuLD1/LLN0.dsRemoteSign[61],PCS#1-RS485-Q_U参数设置错误,"0: 否
1: 是",,,,
340,yx62,BOOLEAN,SiNengEmuLD1/GGIO1.Ind63.stVal,ST,SiNengEmuLD1/LLN0.dsRemoteSign[62],PCS#1-RS485-P_Freq参数设置错误,"0: 否
1: 是",,,,
341,yx63,BOOLEAN,SiNengEmuLD1/GGIO1.Ind64.stVal,ST,SiNengEmuLD1/LLN0.dsRemoteSign[63],PCS#1-RS485-P_U参数设置错误,"0: 否
1: 是",,,,
342,yx64,BOOLEAN,SiNengEmuLD1/GGIO1.Ind65.stVal,ST,SiNengEmuLD1/LLN0.dsRemoteSign[64],PCS#1-RS485-正负母线不平衡,"0: 否
1: 是",,,,
343,yx65,BOOLEAN,SiNengEmuLD1/GGIO1.Ind66.stVal,ST,SiNengEmuLD1/LLN0.dsRemoteSign[65],PCS#1-RS485-硬件正母线过压,"0: 否
1: 是",,,,
344,yx66,BOOLEAN,SiNengEmuLD1/GGIO1.Ind67.stVal,ST,SiNengEmuLD1/LLN0.dsRemoteSign[66],PCS#1-RS485-硬件负母线过压,"0: 否
1: 是",,,,
345,yx67,BOOLEAN,SiNengEmuLD1/GGIO1.Ind68.stVal,ST,SiNengEmuLD1/LLN0.dsRemoteSign[67],PCS#1-RS485-软件母线过压,"0: 否
1: 是",,,,
346,yx68,BOOLEAN,SiNengEmuLD1/GGIO1.Ind69.stVal,ST,SiNengEmuLD1/LLN0.dsRemoteSign[68],PCS#1-RS485-正母线短路,"0: 否
1: 是",,,,
347,yx69,BOOLEAN,SiNengEmuLD1/GGIO1.Ind70.stVal,ST,SiNengEmuLD1/LLN0.dsRemoteSign[69],PCS#1-RS485-负母线短路,"0: 否
1: 是",,,,
348,yx70,BOOLEAN,SiNengEmuLD1/GGIO1.Ind71.stVal,ST,SiNengEmuLD1/LLN0.dsRemoteSign[70],PCS#1-RS485-总母线短路,"0: 否
1: 是",,,,
349,yx71,BOOLEAN,SiNengEmuLD1/GGIO1.Ind72.stVal,ST,SiNengEmuLD1/LLN0.dsRemoteSign[71],PCS#1-RS485-硬件母线过压,"0: 否
1: 是",,,,
350,yx72,BOOLEAN,SiNengEmuLD1/GGIO1.Ind73.stVal,ST,SiNengEmuLD1/LLN0.dsRemoteSign[72],PCS#1-RS485-直流电压检测异常,"0: 否
1: 是",,,,
351,yx73,BOOLEAN,SiNengEmuLD1/GGIO1.Ind74.stVal,ST,SiNengEmuLD1/LLN0.dsRemoteSign[73],PCS#1-RS485-电池过流,"0: 否
1: 是",,,,
352,yx74,BOOLEAN,SiNengEmuLD1/GGIO1.Ind75.stVal,ST,SiNengEmuLD1/LLN0.dsRemoteSign[74],PCS#1-RS485-电操开路故障,"0: 否
1: 是",,,,
353,yx75,BOOLEAN,SiNengEmuLD1/GGIO1.Ind76.stVal,ST,SiNengEmuLD1/LLN0.dsRemoteSign[75],PCS#1-RS485-电操短路故障,"0: 否
1: 是",,,,
354,yx76,BOOLEAN,SiNengEmuLD1/GGIO1.Ind77.stVal,ST,SiNengEmuLD1/LLN0.dsRemoteSign[76],PCS#1-RS485-转换效率过高,"0: 否
1: 是",,,,
355,yx77,BOOLEAN,SiNengEmuLD1/GGIO1.Ind78.stVal,ST,SiNengEmuLD1/LLN0.dsRemoteSign[77],PCS#1-RS485-转换效率过低,"0: 否
1: 是",,,,
356,yx78,BOOLEAN,SiNengEmuLD1/GGIO1.Ind79.stVal,ST,SiNengEmuLD1/LLN0.dsRemoteSign[78],PCS#1-RS485-总母线欠压,"0: 否
1: 是",,,,
357,yx79,BOOLEAN,SiNengEmuLD1/GGIO1.Ind80.stVal,ST,SiNengEmuLD1/LLN0.dsRemoteSign[79],PCS#1-RS485-电池电压异常,"0: 否
1: 是",,,,
358,yx80,BOOLEAN,SiNengEmuLD1/GGIO1.Ind81.stVal,ST,SiNengEmuLD1/LLN0.dsRemoteSign[80],PCS#1-RS485-并机CAN通讯异常,"0: 否
1: 是",,,,
359,yx81,BOOLEAN,SiNengEmuLD1/GGIO1.Ind82.stVal,ST,SiNengEmuLD1/LLN0.dsRemoteSign[81],PCS#1-RS485-并机CAN ID冲突,"0: 否
1: 是",,,,
360,yx82,BOOLEAN,SiNengEmuLD1/GGIO1.Ind83.stVal,ST,SiNengEmuLD1/LLN0.dsRemoteSign[82],PCS#1-RS485-并机参数不匹配,"0: 否
1: 是",,,,
361,yx83,BOOLEAN,SiNengEmuLD1/GGIO1.Ind84.stVal,ST,SiNengEmuLD1/LLN0.dsRemoteSign[83],PCS#1-RS485-零序环流异常,"0: 否
1: 是",,,,
362,yx84,BOOLEAN,SiNengEmuLD1/GGIO1.Ind85.stVal,ST,SiNengEmuLD1/LLN0.dsRemoteSign[84],PCS#1-RS485-直流并联开机状态不一致,"0: 否
1: 是",,,,
363,yx85,BOOLEAN,SiNengEmuLD1/GGIO1.Ind86.stVal,ST,SiNengEmuLD1/LLN0.dsRemoteSign[85],PCS#1-RS485-离网同步开机超时,"0: 否
1: 是",,,,
364,yx86,BOOLEAN,SiNengEmuLD1/GGIO1.Ind87.stVal,ST,SiNengEmuLD1/LLN0.dsRemoteSign[86],PCS#1-RS485-工频同步异常,"0: 否
1: 是",,,,
365,yx87,BOOLEAN,SiNengEmuLD1/GGIO1.Ind88.stVal,ST,SiNengEmuLD1/LLN0.dsRemoteSign[87],PCS#1-RS485-预留,,,,,
366,yx88,BOOLEAN,SiNengEmuLD1/GGIO1.Ind89.stVal,ST,SiNengEmuLD1/LLN0.dsRemoteSign[88],PCS#1-RS485-预留,,,,,
367,yx89,BOOLEAN,SiNengEmuLD1/GGIO1.Ind90.stVal,ST,SiNengEmuLD1/LLN0.dsRemoteSign[89],PCS#1-RS485-预留,,,,,
368,yx90,BOOLEAN,SiNengEmuLD1/GGIO1.Ind91.stVal,ST,SiNengEmuLD1/LLN0.dsRemoteSign[90],PCS#1-RS485-预留,,,,,
369,yx91,BOOLEAN,SiNengEmuLD1/GGIO1.Ind92.stVal,ST,SiNengEmuLD1/LLN0.dsRemoteSign[91],PCS#1-RS485-预留,,,,,
370,yx92,BOOLEAN,SiNengEmuLD1/GGIO1.Ind93.stVal,ST,SiNengEmuLD1/LLN0.dsRemoteSign[92],PCS#1-RS485-预留,,,,,
371,yx93,BOOLEAN,SiNengEmuLD1/GGIO1.Ind94.stVal,ST,SiNengEmuLD1/LLN0.dsRemoteSign[93],PCS#1-RS485-预留,,,,,
372,yx94,BOOLEAN,SiNengEmuLD1/GGIO1.Ind95.stVal,ST,SiNengEmuLD1/LLN0.dsRemoteSign[94],PCS#1-RS485-预留,,,,,
373,yx95,BOOLEAN,SiNengEmuLD1/GGIO1.Ind96.stVal,ST,SiNengEmuLD1/LLN0.dsRemoteSign[95],PCS#1-RS485-预留,,,,,
374,yx96,BOOLEAN,SiNengEmuLD1/GGIO1.Ind97.stVal,ST,SiNengEmuLD1/LLN0.dsRemoteSign[96],PCS#1-RS485-硬件限流,"0: 否
1: 是",,,,
375,yx97,BOOLEAN,SiNengEmuLD1/GGIO1.Ind98.stVal,ST,SiNengEmuLD1/LLN0.dsRemoteSign[97],PCS#1-RS485-电感电流检测异常,"0: 否
1: 是",,,,
376,yx98,BOOLEAN,SiNengEmuLD1/GGIO1.Ind99.stVal,ST,SiNengEmuLD1/LLN0.dsRemoteSign[98],PCS#1-RS485-电感电流异常,"0: 否
1: 是",,,,
377,yx99,BOOLEAN,SiNengEmuLD1/GGIO1.Ind100.stVal,ST,SiNengEmuLD1/LLN0.dsRemoteSign[99],PCS#1-RS485-逆变电压异常,"0: 否
1: 是",,,,
378,yx100,BOOLEAN,SiNengEmuLD1/GGIO1.Ind101.stVal,ST,SiNengEmuLD1/LLN0.dsRemoteSign[100],PCS#1-RS485-OCP故障,"0: 否
1: 是",,,,
379,yx101,BOOLEAN,SiNengEmuLD1/GGIO1.Ind102.stVal,ST,SiNengEmuLD1/LLN0.dsRemoteSign[101],PCS#1-RS485-IGBT温度异常,"0: 否
1: 是",,,,
380,yx102,BOOLEAN,SiNengEmuLD1/GGIO1.Ind103.stVal,ST,SiNengEmuLD1/LLN0.dsRemoteSign[102],PCS#1-RS485-IGBT VCE异常,"0: 否
1: 是",,,,
381,yx103,BOOLEAN,SiNengEmuLD1/GGIO1.Ind104.stVal,ST,SiNengEmuLD1/LLN0.dsRemoteSign[103],PCS#1-RS485-逐波限流,"0: 否
1: 是",,,,
382,yx104,BOOLEAN,SiNengEmuLD1/GGIO1.Ind105.stVal,ST,SiNengEmuLD1/LLN0.dsRemoteSign[104],PCS#1-RS485-发波异常,"0: 否
1: 是",,,,
383,yx105,BOOLEAN,SiNengEmuLD1/GGIO1.Ind106.stVal,ST,SiNengEmuLD1/LLN0.dsRemoteSign[105],PCS#1-RS485-预留,,,,,
384,yx106,BOOLEAN,SiNengEmuLD1/GGIO1.Ind107.stVal,ST,SiNengEmuLD1/LLN0.dsRemoteSign[106],PCS#1-RS485-A相逐波限流,"0: 否
1: 是",,,,
385,yx107,BOOLEAN,SiNengEmuLD1/GGIO1.Ind108.stVal,ST,SiNengEmuLD1/LLN0.dsRemoteSign[107],PCS#1-RS485-B相逐波限流,"0: 否
1: 是",,,,
386,yx108,BOOLEAN,SiNengEmuLD1/GGIO1.Ind109.stVal,ST,SiNengEmuLD1/LLN0.dsRemoteSign[108],PCS#1-RS485-C相逐波限流,"0: 否
1: 是",,,,
387,yx109,BOOLEAN,SiNengEmuLD1/GGIO1.Ind110.stVal,ST,SiNengEmuLD1/LLN0.dsRemoteSign[109],PCS#1-RS485-A相发波异常,"0: 否
1: 是",,,,
388,yx110,BOOLEAN,SiNengEmuLD1/GGIO1.Ind111.stVal,ST,SiNengEmuLD1/LLN0.dsRemoteSign[110],PCS#1-RS485-B相发波异常,"0: 否
1: 是",,,,
389,yx111,BOOLEAN,SiNengEmuLD1/GGIO1.Ind112.stVal,ST,SiNengEmuLD1/LLN0.dsRemoteSign[111],PCS#1-RS485-C相发波异常,"0: 否
1: 是",,,,
390,yx112,BOOLEAN,SiNengEmuLD1/GGIO1.Ind113.stVal,ST,SiNengEmuLD1/LLN0.dsRemoteSign[112],PCS#1-RS485-预留,,,,,
391,yx113,BOOLEAN,SiNengEmuLD1/GGIO1.Ind114.stVal,ST,SiNengEmuLD1/LLN0.dsRemoteSign[113],PCS#1-RS485-预留,,,,,
392,yx114,BOOLEAN,SiNengEmuLD1/GGIO1.Ind115.stVal,ST,SiNengEmuLD1/LLN0.dsRemoteSign[114],PCS#1-RS485-预留,,,,,
393,yx115,BOOLEAN,SiNengEmuLD1/GGIO1.Ind116.stVal,ST,SiNengEmuLD1/LLN0.dsRemoteSign[115],PCS#1-RS485-预留,,,,,
394,yx116,BOOLEAN,SiNengEmuLD1/GGIO1.Ind117.stVal,ST,SiNengEmuLD1/LLN0.dsRemoteSign[116],PCS#1-RS485-预留,,,,,
395,yx117,BOOLEAN,SiNengEmuLD1/GGIO1.Ind118.stVal,ST,SiNengEmuLD1/LLN0.dsRemoteSign[117],PCS#1-RS485-预留,,,,,
396,yx118,BOOLEAN,SiNengEmuLD1/GGIO1.Ind119.stVal,ST,SiNengEmuLD1/LLN0.dsRemoteSign[118],PCS#1-RS485-预留,,,,,
397,yx119,BOOLEAN,SiNengEmuLD1/GGIO1.Ind120.stVal,ST,SiNengEmuLD1/LLN0.dsRemoteSign[119],PCS#1-RS485-预留,,,,,
398,yx120,BOOLEAN,SiNengEmuLD1/GGIO1.Ind121.stVal,ST,SiNengEmuLD1/LLN0.dsRemoteSign[120],PCS#1-RS485-预留,,,,,
399,yx121,BOOLEAN,SiNengEmuLD1/GGIO1.Ind122.stVal,ST,SiNengEmuLD1/LLN0.dsRemoteSign[121],PCS#1-RS485-预留,,,,,
400,yx122,BOOLEAN,SiNengEmuLD1/GGIO1.Ind123.stVal,ST,SiNengEmuLD1/LLN0.dsRemoteSign[122],PCS#1-RS485-预留,,,,,
401,yx123,BOOLEAN,SiNengEmuLD1/GGIO1.Ind124.stVal,ST,SiNengEmuLD1/LLN0.dsRemoteSign[123],PCS#1-RS485-预留,,,,,
402,yx124,BOOLEAN,SiNengEmuLD1/GGIO1.Ind125.stVal,ST,SiNengEmuLD1/LLN0.dsRemoteSign[124],PCS#1-RS485-预留,,,,,
403,yx125,BOOLEAN,SiNengEmuLD1/GGIO1.Ind126.stVal,ST,SiNengEmuLD1/LLN0.dsRemoteSign[125],PCS#1-RS485-预留,,,,,
404,yx126,BOOLEAN,SiNengEmuLD1/GGIO1.Ind127.stVal,ST,SiNengEmuLD1/LLN0.dsRemoteSign[126],PCS#1-RS485-预留,,,,,
405,yx127,BOOLEAN,SiNengEmuLD1/GGIO1.Ind128.stVal,ST,SiNengEmuLD1/LLN0.dsRemoteSign[127],PCS#1-RS485-预留,,,,,
406,yx128,BOOLEAN,SiNengEmuLD1/GGIO1.Ind129.stVal,ST,SiNengEmuLD1/LLN0.dsRemoteSign[128],PCS#1-RS485-直流软启失败,"0: 否
1: 是",,,,
407,yx129,BOOLEAN,SiNengEmuLD1/GGIO1.Ind130.stVal,ST,SiNengEmuLD1/LLN0.dsRemoteSign[129],PCS#1-RS485-谐波电流超限,"0: 否
1: 是",,,,
408,yx130,BOOLEAN,SiNengEmuLD1/GGIO1.Ind131.stVal,ST,SiNengEmuLD1/LLN0.dsRemoteSign[130],PCS#1-RS485-直流侧功率异常,"0: 否
1: 是",,,,
409,yx131,BOOLEAN,SiNengEmuLD1/GGIO1.Ind132.stVal,ST,SiNengEmuLD1/LLN0.dsRemoteSign[131],PCS#1-RS485-放电电阻过温,"0: 否
1: 是",,,,
410,yx132,BOOLEAN,SiNengEmuLD1/GGIO1.Ind133.stVal,ST,SiNengEmuLD1/LLN0.dsRemoteSign[132],PCS#1-RS485-直流防雷器故障,"0: 否
1: 是",,,,
411,yx133,BOOLEAN,SiNengEmuLD1/GGIO1.Ind134.stVal,ST,SiNengEmuLD1/LLN0.dsRemoteSign[133],PCS#1-RS485-逆变电压检测异常,"0: 否
1: 是",,,,
412,yx134,BOOLEAN,SiNengEmuLD1/GGIO1.Ind135.stVal,ST,SiNengEmuLD1/LLN0.dsRemoteSign[134],PCS#1-RS485-交流电容需维护（预留）,"0: 否
1: 是",,,,
413,yx135,BOOLEAN,SiNengEmuLD1/GGIO1.Ind136.stVal,ST,SiNengEmuLD1/LLN0.dsRemoteSign[135],PCS#1-RS485-过热保护,"0: 否
1: 是",,,,
414,yx136,BOOLEAN,SiNengEmuLD1/GGIO1.Ind137.stVal,ST,SiNengEmuLD1/LLN0.dsRemoteSign[136],PCS#1-RS485-过温运行,"0: 否
1: 是",,,,
415,yx137,BOOLEAN,SiNengEmuLD1/GGIO1.Ind138.stVal,ST,SiNengEmuLD1/LLN0.dsRemoteSign[137],PCS#1-RS485-电感过温,"0: 否
1: 是",,,,
416,yx138,BOOLEAN,SiNengEmuLD1/GGIO1.Ind139.stVal,ST,SiNengEmuLD1/LLN0.dsRemoteSign[138],PCS#1-RS485-直流舱过温,"0: 否
1: 是",,,,
417,yx139,BOOLEAN,SiNengEmuLD1/GGIO1.Ind140.stVal,ST,SiNengEmuLD1/LLN0.dsRemoteSign[139],PCS#1-RS485-功率舱过温,"0: 否
1: 是",,,,
418,yx140,BOOLEAN,SiNengEmuLD1/GGIO1.Ind141.stVal,ST,SiNengEmuLD1/LLN0.dsRemoteSign[140],PCS#1-RS485-电网超限,"0: 否
1: 是",,,,
419,yx141,BOOLEAN,SiNengEmuLD1/GGIO1.Ind142.stVal,ST,SiNengEmuLD1/LLN0.dsRemoteSign[141],PCS#1-RS485-直流开路故障,"0: 否
1: 是",,,,
420,yx142,BOOLEAN,SiNengEmuLD1/GGIO1.Ind143.stVal,ST,SiNengEmuLD1/LLN0.dsRemoteSign[142],PCS#1-RS485-内部SCI通信故障,"0: 否
1: 是",,,,
421,yx143,BOOLEAN,SiNengEmuLD1/GGIO1.Ind144.stVal,ST,SiNengEmuLD1/LLN0.dsRemoteSign[143],PCS#1-RS485-存储异常,"0: 否
1: 是",,,,
422,yx144,BOOLEAN,SiNengEmuLD1/GGIO1.Ind145.stVal,ST,SiNengEmuLD1/LLN0.dsRemoteSign[144],PCS#1-RS485-时钟异常,"0: 否
1: 是",,,,
423,yx145,BOOLEAN,SiNengEmuLD1/GGIO1.Ind146.stVal,ST,SiNengEmuLD1/LLN0.dsRemoteSign[145],PCS#1-RS485-FPGA SPI通信异常,"0: 否
1: 是",,,,
424,yx146,BOOLEAN,SiNengEmuLD1/GGIO1.Ind147.stVal,ST,SiNengEmuLD1/LLN0.dsRemoteSign[146],PCS#1-RS485-预留,,,,,
425,yx147,BOOLEAN,SiNengEmuLD1/GGIO1.Ind148.stVal,ST,SiNengEmuLD1/LLN0.dsRemoteSign[147],PCS#1-RS485-温湿度传感器异常,"0: 否
1: 是",,,,
426,yx148,BOOLEAN,SiNengEmuLD1/GGIO1.Ind149.stVal,ST,SiNengEmuLD1/LLN0.dsRemoteSign[148],PCS#1-RS485-AD SPI通信异常,"0: 否
1: 是",,,,
427,yx149,BOOLEAN,SiNengEmuLD1/GGIO1.Ind150.stVal,ST,SiNengEmuLD1/LLN0.dsRemoteSign[149],PCS#1-RS485-监控死机,"0: 否
1: 是",,,,
428,yx150,BOOLEAN,SiNengEmuLD1/GGIO1.Ind151.stVal,ST,SiNengEmuLD1/LLN0.dsRemoteSign[150],PCS#1-RS485-DSP死机,"0: 否
1: 是",,,,
429,yx151,BOOLEAN,SiNengEmuLD1/GGIO1.Ind152.stVal,ST,SiNengEmuLD1/LLN0.dsRemoteSign[151],PCS#1-RS485-监控CAN通信异常,"0: 否
1: 是",,,,
430,yx152,BOOLEAN,SiNengEmuLD1/GGIO1.Ind153.stVal,ST,SiNengEmuLD1/LLN0.dsRemoteSign[152],PCS#1-RS485-串行总线通信异常,"0: 否
1: 是",,,,
431,yx153,BOOLEAN,SiNengEmuLD1/GGIO1.Ind154.stVal,ST,SiNengEmuLD1/LLN0.dsRemoteSign[153],PCS#1-RS485-FPGA死机,"0: 否
1: 是",,,,
432,yx154,BOOLEAN,SiNengEmuLD1/GGIO1.Ind155.stVal,ST,SiNengEmuLD1/LLN0.dsRemoteSign[154],PCS#1-RS485-预留,,,,,
433,yx155,BOOLEAN,SiNengEmuLD1/GGIO1.Ind156.stVal,ST,SiNengEmuLD1/LLN0.dsRemoteSign[155],PCS#1-RS485-进风口温度过温,"0: 否
1: 是",,,,
434,yx156,BOOLEAN,SiNengEmuLD1/GGIO1.Ind157.stVal,ST,SiNengEmuLD1/LLN0.dsRemoteSign[156],PCS#1-RS485-控制舱过温,"0: 否
1: 是",,,,
435,yx157,BOOLEAN,SiNengEmuLD1/GGIO1.Ind158.stVal,ST,SiNengEmuLD1/LLN0.dsRemoteSign[157],PCS#1-RS485-风扇电源变压器过温,"0: 否
1: 是",,,,
436,yx158,BOOLEAN,SiNengEmuLD1/GGIO1.Ind159.stVal,ST,SiNengEmuLD1/LLN0.dsRemoteSign[158],PCS#1-RS485-预留,,,,,
437,yx159,BOOLEAN,SiNengEmuLD1/GGIO1.Ind160.stVal,ST,SiNengEmuLD1/LLN0.dsRemoteSign[159],PCS#1-RS485-预留,,,,,
438,yx160,BOOLEAN,SiNengEmuLD1/GGIO1.Ind161.stVal,ST,SiNengEmuLD1/LLN0.dsRemoteSign[160],PCS#1-RS485-交流输入220VDC输出辅助电源板故障,"0: 否
1: 是",,,,
439,yx161,BOOLEAN,SiNengEmuLD1/GGIO1.Ind162.stVal,ST,SiNengEmuLD1/LLN0.dsRemoteSign[161],PCS#1-RS485-直流输入220VDC输出辅助电源板故障,"0: 否
1: 是",,,,
440,yx162,BOOLEAN,SiNengEmuLD1/GGIO1.Ind163.stVal,ST,SiNengEmuLD1/LLN0.dsRemoteSign[162],PCS#1-RS485-监控15V电源异常,"0: 否
1: 是",,,,
441,yx163,BOOLEAN,SiNengEmuLD1/GGIO1.Ind164.stVal,ST,SiNengEmuLD1/LLN0.dsRemoteSign[163],PCS#1-RS485-预留,,,,,
442,yx164,BOOLEAN,SiNengEmuLD1/GGIO1.Ind165.stVal,ST,SiNengEmuLD1/LLN0.dsRemoteSign[164],PCS#1-RS485-预留,,,,,
443,yx165,BOOLEAN,SiNengEmuLD1/GGIO1.Ind166.stVal,ST,SiNengEmuLD1/LLN0.dsRemoteSign[165],PCS#1-RS485-远程EPO,"0: 否
1: 是",,,,
444,yx166,BOOLEAN,SiNengEmuLD1/GGIO1.Ind167.stVal,ST,SiNengEmuLD1/LLN0.dsRemoteSign[166],PCS#1-RS485-EPO,"0: 否
1: 是",,,,
445,yx167,BOOLEAN,SiNengEmuLD1/GGIO1.Ind168.stVal,ST,SiNengEmuLD1/LLN0.dsRemoteSign[167],PCS#1-RS485-预留,,,,,
446,yx168,BOOLEAN,SiNengEmuLD1/GGIO1.Ind169.stVal,ST,SiNengEmuLD1/LLN0.dsRemoteSign[168],PCS#1-RS485-监控板硬件版本错误,"0: 否
1: 是",,,,
447,yx169,BOOLEAN,SiNengEmuLD1/GGIO1.Ind170.stVal,ST,SiNengEmuLD1/LLN0.dsRemoteSign[169],PCS#1-RS485-预留,,,,,
448,yx170,BOOLEAN,SiNengEmuLD1/GGIO1.Ind171.stVal,ST,SiNengEmuLD1/LLN0.dsRemoteSign[170],PCS#1-RS485-干接点关机,"0: 否
1: 是",,,,
449,yx171,BOOLEAN,SiNengEmuLD1/GGIO1.Ind172.stVal,ST,SiNengEmuLD1/LLN0.dsRemoteSign[171],PCS#1-RS485-预留,,,,,
450,yx172,BOOLEAN,SiNengEmuLD1/GGIO1.Ind173.stVal,ST,SiNengEmuLD1/LLN0.dsRemoteSign[172],PCS#1-RS485-预留,,,,,
451,yx173,BOOLEAN,SiNengEmuLD1/GGIO1.Ind174.stVal,ST,SiNengEmuLD1/LLN0.dsRemoteSign[173],PCS#1-RS485-预留,,,,,
452,yx174,BOOLEAN,SiNengEmuLD1/GGIO1.Ind175.stVal,ST,SiNengEmuLD1/LLN0.dsRemoteSign[174],PCS#1-RS485-预留,,,,,
453,yx175,BOOLEAN,SiNengEmuLD1/GGIO1.Ind176.stVal,ST,SiNengEmuLD1/LLN0.dsRemoteSign[175],PCS#1-RS485-预留,,,,,
454,yx176,BOOLEAN,SiNengEmuLD1/GGIO1.Ind177.stVal,ST,SiNengEmuLD1/LLN0.dsRemoteSign[176],PCS#1-RS485-预留,,,,,
455,yx177,BOOLEAN,SiNengEmuLD1/GGIO1.Ind178.stVal,ST,SiNengEmuLD1/LLN0.dsRemoteSign[177],PCS#1-RS485-预留,,,,,
456,yx178,BOOLEAN,SiNengEmuLD1/GGIO1.Ind179.stVal,ST,SiNengEmuLD1/LLN0.dsRemoteSign[178],PCS#1-RS485-预留,,,,,
457,yx179,BOOLEAN,SiNengEmuLD1/GGIO1.Ind180.stVal,ST,SiNengEmuLD1/LLN0.dsRemoteSign[179],PCS#1-RS485-预留,,,,,
458,yx180,BOOLEAN,SiNengEmuLD1/GGIO1.Ind181.stVal,ST,SiNengEmuLD1/LLN0.dsRemoteSign[180],PCS#1-RS485-预留,,,,,
459,yx181,BOOLEAN,SiNengEmuLD1/GGIO1.Ind182.stVal,ST,SiNengEmuLD1/LLN0.dsRemoteSign[181],PCS#1-RS485-预留,,,,,
460,yx182,BOOLEAN,SiNengEmuLD1/GGIO1.Ind183.stVal,ST,SiNengEmuLD1/LLN0.dsRemoteSign[182],PCS#1-RS485-预留,,,,,
461,yx183,BOOLEAN,SiNengEmuLD1/GGIO1.Ind184.stVal,ST,SiNengEmuLD1/LLN0.dsRemoteSign[183],PCS#1-RS485-预留,,,,,
462,yx184,BOOLEAN,SiNengEmuLD1/GGIO1.Ind185.stVal,ST,SiNengEmuLD1/LLN0.dsRemoteSign[184],PCS#1-RS485-预留,,,,,
463,yx185,BOOLEAN,SiNengEmuLD1/GGIO1.Ind186.stVal,ST,SiNengEmuLD1/LLN0.dsRemoteSign[185],PCS#1-RS485-预留,,,,,
464,yx186,BOOLEAN,SiNengEmuLD1/GGIO1.Ind187.stVal,ST,SiNengEmuLD1/LLN0.dsRemoteSign[186],PCS#1-RS485-预留,,,,,
465,yx187,BOOLEAN,SiNengEmuLD1/GGIO1.Ind188.stVal,ST,SiNengEmuLD1/LLN0.dsRemoteSign[187],PCS#1-RS485-预留,,,,,
466,yx188,BOOLEAN,SiNengEmuLD1/GGIO1.Ind189.stVal,ST,SiNengEmuLD1/LLN0.dsRemoteSign[188],PCS#1-RS485-预留,,,,,
467,yx189,BOOLEAN,SiNengEmuLD1/GGIO1.Ind190.stVal,ST,SiNengEmuLD1/LLN0.dsRemoteSign[189],PCS#1-RS485-预留,,,,,
468,yx190,BOOLEAN,SiNengEmuLD1/GGIO1.Ind191.stVal,ST,SiNengEmuLD1/LLN0.dsRemoteSign[190],PCS#1-RS485-220V电源异常,"0: 否
1: 是",,,,
469,yx191,BOOLEAN,SiNengEmuLD1/GGIO1.Ind192.stVal,ST,SiNengEmuLD1/LLN0.dsRemoteSign[191],PCS#1-RS485-预留,,,,,
470,yx192,BOOLEAN,SiNengEmuLD1/GGIO1.Ind193.stVal,ST,SiNengEmuLD1/LLN0.dsRemoteSign[192],PCS#1-RS485-RS485B通信中断,"0: 否
1: 是",,,,
471,yx193,BOOLEAN,SiNengEmuLD1/GGIO1.Ind194.stVal,ST,SiNengEmuLD1/LLN0.dsRemoteSign[193],PCS#1-RS485-RS485C通信中断,"0: 否
1: 是",,,,
472,yx194,BOOLEAN,SiNengEmuLD1/GGIO1.Ind195.stVal,ST,SiNengEmuLD1/LLN0.dsRemoteSign[194],PCS#1-RS485-BMS通信故障,"0: 否
1: 是",,,,
473,yx195,BOOLEAN,SiNengEmuLD1/GGIO1.Ind196.stVal,ST,SiNengEmuLD1/LLN0.dsRemoteSign[195],PCS#1-RS485-预留,,,,,
474,yx196,BOOLEAN,SiNengEmuLD1/GGIO1.Ind197.stVal,ST,SiNengEmuLD1/LLN0.dsRemoteSign[196],PCS#1-RS485-控制舱湿度超标,"0: 否
1: 是",,,,
475,yx197,BOOLEAN,SiNengEmuLD1/GGIO1.Ind198.stVal,ST,SiNengEmuLD1/LLN0.dsRemoteSign[197],PCS#1-RS485-ModbusTCP通信中断,"0: 否
1: 是",,,,
476,yx198,BOOLEAN,SiNengEmuLD1/GGIO1.Ind199.stVal,ST,SiNengEmuLD1/LLN0.dsRemoteSign[198],PCS#1-RS485-预留,,,,,
477,yx199,BOOLEAN,SiNengEmuLD1/GGIO1.Ind200.stVal,ST,SiNengEmuLD1/LLN0.dsRemoteSign[199],PCS#1-RS485-预留,,,,,
478,yx200,BOOLEAN,SiNengEmuLD1/GGIO1.Ind201.stVal,ST,SiNengEmuLD1/LLN0.dsRemoteSign[200],PCS#1-RS485-EH12主功率风扇1故障,"0: 否
1: 是",,,,
479,yx201,BOOLEAN,SiNengEmuLD1/GGIO1.Ind202.stVal,ST,SiNengEmuLD1/LLN0.dsRemoteSign[201],PCS#1-RS485-EH12主功率风扇2故障,"0: 否
1: 是",,,,
480,yx202,BOOLEAN,SiNengEmuLD1/GGIO1.Ind203.stVal,ST,SiNengEmuLD1/LLN0.dsRemoteSign[202],PCS#1-RS485-EH12二相流风扇1故障,"0: 否
1: 是",,,,
481,yx203,BOOLEAN,SiNengEmuLD1/GGIO1.Ind204.stVal,ST,SiNengEmuLD1/LLN0.dsRemoteSign[203],PCS#1-RS485-EH12二相流风扇2故障,"0: 否
1: 是",,,,
482,yx204,BOOLEAN,SiNengEmuLD1/GGIO1.Ind205.stVal,ST,SiNengEmuLD1/LLN0.dsRemoteSign[204],PCS#1-RS485-EH12扰流风扇1故障,"0: 否
1: 是",,,,
483,yx205,BOOLEAN,SiNengEmuLD1/GGIO1.Ind206.stVal,ST,SiNengEmuLD1/LLN0.dsRemoteSign[205],PCS#1-RS485-EH12扰流风扇2故障,"0: 否
1: 是",,,,
484,yx206,BOOLEAN,SiNengEmuLD1/GGIO1.Ind207.stVal,ST,SiNengEmuLD1/LLN0.dsRemoteSign[206],PCS#1-RS485-电池过压,"0: 否
1: 是",,,,
485,yx207,BOOLEAN,SiNengEmuLD1/GGIO1.Ind208.stVal,ST,SiNengEmuLD1/LLN0.dsRemoteSign[207],PCS#1-RS485-电池欠压,"0: 否
1: 是",,,,
486,yx208,BOOLEAN,SiNengEmuLD1/GGIO1.Ind209.stVal,ST,SiNengEmuLD1/LLN0.dsRemoteSign[208],PCS#1-RS485-电池正对地过压,"0: 否
1: 是",,,,
487,yx209,BOOLEAN,SiNengEmuLD1/GGIO1.Ind210.stVal,ST,SiNengEmuLD1/LLN0.dsRemoteSign[209],PCS#1-RS485-电池负对地过压,"0: 否
1: 是",,,,
488,yx210,BOOLEAN,SiNengEmuLD1/GGIO1.Ind211.stVal,ST,SiNengEmuLD1/LLN0.dsRemoteSign[210],PCS#1-RS485-交流漏电流异常,"0: 否
1: 是",,,,
489,yx211,BOOLEAN,SiNengEmuLD1/GGIO1.Ind212.stVal,ST,SiNengEmuLD1/LLN0.dsRemoteSign[211],PCS#1-RS485-绝缘阻抗异常,"0: 否
1: 是",,,,
490,yx212,BOOLEAN,SiNengEmuLD1/GGIO1.Ind213.stVal,ST,SiNengEmuLD1/LLN0.dsRemoteSign[212],PCS#1-RS485-电池反,"0: 否
1: 是",,,,
491,yx213,BOOLEAN,SiNengEmuLD1/GGIO1.Ind214.stVal,ST,SiNengEmuLD1/LLN0.dsRemoteSign[213],PCS#1-RS485-交流电操短路故障,"0: 否
1: 是",,,,
492,yx214,BOOLEAN,SiNengEmuLD1/GGIO1.Ind215.stVal,ST,SiNengEmuLD1/LLN0.dsRemoteSign[214],PCS#1-RS485-交流电操开路故障,"0: 否
1: 是",,,,
493,yx215,BOOLEAN,SiNengEmuLD1/GGIO1.Ind216.stVal,ST,SiNengEmuLD1/LLN0.dsRemoteSign[215],PCS#1-RS485-PWM发波时间设置错误,"0: 否
1: 是",,,,
494,yx216,BOOLEAN,SiNengEmuLD1/GGIO1.Ind217.stVal,ST,SiNengEmuLD1/LLN0.dsRemoteSign[216],PCS#1-RS485-与监控板通信异常,"0: 否
1: 是",,,,
495,yx217,BOOLEAN,SiNengEmuLD1/GGIO1.Ind218.stVal,ST,SiNengEmuLD1/LLN0.dsRemoteSign[217],PCS#1-RS485-预留,,,,,
496,yx218,BOOLEAN,SiNengEmuLD1/GGIO1.Ind219.stVal,ST,SiNengEmuLD1/LLN0.dsRemoteSign[218],PCS#1-RS485-交流软启异常,"0: 否
1: 是",,,,
497,yx219,BOOLEAN,SiNengEmuLD1/GGIO1.Ind220.stVal,ST,SiNengEmuLD1/LLN0.dsRemoteSign[219],PCS#1-RS485-交流软启温度异常,"0: 否
1: 是",,,,
498,yx220,BOOLEAN,SiNengEmuLD1/GGIO1.Ind221.stVal,ST,SiNengEmuLD1/LLN0.dsRemoteSign[220],PCS#1-RS485-频率响应曲线设置错误,"0: 否
1: 是",,,,
499,yx221,BOOLEAN,SiNengEmuLD1/GGIO1.Ind222.stVal,ST,SiNengEmuLD1/LLN0.dsRemoteSign[221],PCS#1-RS485-载波同步主机冲突,"0: 否
1: 是",,,,
500,yx222,BOOLEAN,SiNengEmuLD1/GGIO1.Ind223.stVal,ST,SiNengEmuLD1/LLN0.dsRemoteSign[222],PCS#1-RS485-运行模式,"0: 并网
1: 离网",,,,
501,yx223,BOOLEAN,SiNengEmuLD1/GGIO1.Ind224.stVal,ST,SiNengEmuLD1/LLN0.dsRemoteSign[223],PCS#1-RS485-V-F模式,"0: 否
1: 是",,,,
502,yx224,BOOLEAN,SiNengEmuLD1/GGIO1.Ind225.stVal,ST,SiNengEmuLD1/LLN0.dsRemoteSign[224],PCS#1-RS485-构网模式,"0: 否
1: 是",,,,
503,yx225,BOOLEAN,SiNengEmuLD1/GGIO1.Ind226.stVal,ST,SiNengEmuLD1/LLN0.dsRemoteSign[225],PCS#1-RS485-预留,,,,,
504,yx226,BOOLEAN,SiNengEmuLD1/GGIO1.Ind227.stVal,ST,SiNengEmuLD1/LLN0.dsRemoteSign[226],PCS#1-RS485-预留,,,,,
505,yx227,BOOLEAN,SiNengEmuLD1/GGIO1.Ind228.stVal,ST,SiNengEmuLD1/LLN0.dsRemoteSign[227],PCS#1-RS485-预留,,,,,
506,yx228,BOOLEAN,SiNengEmuLD1/GGIO1.Ind229.stVal,ST,SiNengEmuLD1/LLN0.dsRemoteSign[228],PCS#1-RS485-预留,,,,,
507,yx229,BOOLEAN,SiNengEmuLD1/GGIO1.Ind230.stVal,ST,SiNengEmuLD1/LLN0.dsRemoteSign[229],PCS#1-RS485-预留,,,,,
508,yx230,BOOLEAN,SiNengEmuLD1/GGIO1.Ind231.stVal,ST,SiNengEmuLD1/LLN0.dsRemoteSign[230],PCS#1-RS485-预留,,,,,
509,yx231,BOOLEAN,SiNengEmuLD1/GGIO1.Ind232.stVal,ST,SiNengEmuLD1/LLN0.dsRemoteSign[231],PCS#1-RS485-预留,,,,,
510,yx232,BOOLEAN,SiNengEmuLD1/GGIO1.Ind233.stVal,ST,SiNengEmuLD1/LLN0.dsRemoteSign[232],PCS#1-RS485-预留,,,,,
511,yx233,BOOLEAN,SiNengEmuLD1/GGIO1.Ind234.stVal,ST,SiNengEmuLD1/LLN0.dsRemoteSign[233],PCS#1-RS485-预留,,,,,
512,yx234,BOOLEAN,SiNengEmuLD1/GGIO1.Ind235.stVal,ST,SiNengEmuLD1/LLN0.dsRemoteSign[234],PCS#1-RS485-预留,,,,,
513,yx235,BOOLEAN,SiNengEmuLD1/GGIO1.Ind236.stVal,ST,SiNengEmuLD1/LLN0.dsRemoteSign[235],PCS#1-RS485-预留,,,,,
514,yx236,BOOLEAN,SiNengEmuLD1/GGIO1.Ind237.stVal,ST,SiNengEmuLD1/LLN0.dsRemoteSign[236],PCS#1-RS485-预留,,,,,
515,yx237,BOOLEAN,SiNengEmuLD1/GGIO1.Ind238.stVal,ST,SiNengEmuLD1/LLN0.dsRemoteSign[237],PCS#1-RS485-预留,,,,,
516,yx238,BOOLEAN,SiNengEmuLD1/GGIO1.Ind239.stVal,ST,SiNengEmuLD1/LLN0.dsRemoteSign[238],PCS#1-RS485-预留,,,,,
517,yx239,BOOLEAN,SiNengEmuLD1/GGIO1.Ind240.stVal,ST,SiNengEmuLD1/LLN0.dsRemoteSign[239],PCS#1-RS485-变流器开启,"0：未启动
1：开启",,,,
518,yx240,BOOLEAN,SiNengEmuLD1/GGIO1.Ind241.stVal,ST,SiNengEmuLD1/LLN0.dsRemoteSign[240],PCS#1-RS485-告警运行,"0：无告警运
1：告警运行",,,,
519,yx241,BOOLEAN,SiNengEmuLD1/GGIO1.Ind242.stVal,ST,SiNengEmuLD1/LLN0.dsRemoteSign[241],PCS#1-RS485-降额运行,"0：无降额
1：降额运行",,,,
520,yx242,BOOLEAN,SiNengEmuLD1/GGIO1.Ind243.stVal,ST,SiNengEmuLD1/LLN0.dsRemoteSign[242],PCS#1-RS485-过载运行,"0: 否
1: 是",,,,
521,yx243,BOOLEAN,SiNengEmuLD1/GGIO1.Ind244.stVal,ST,SiNengEmuLD1/LLN0.dsRemoteSign[243],PCS#1-RS485-待机状态,"0: 否
1: 是",,,,
522,yx244,BOOLEAN,SiNengEmuLD1/GGIO1.Ind245.stVal,ST,SiNengEmuLD1/LLN0.dsRemoteSign[244],PCS#1-RS485-热备状态,"0: 否
1: 是",,,,
523,yx245,BOOLEAN,SiNengEmuLD1/GGIO1.Ind246.stVal,ST,SiNengEmuLD1/LLN0.dsRemoteSign[245],PCS#1-RS485-充电状态,"0: 否
1: 是",,,,
524,yx246,BOOLEAN,SiNengEmuLD1/GGIO1.Ind247.stVal,ST,SiNengEmuLD1/LLN0.dsRemoteSign[246],PCS#1-RS485-放电状态,"0: 否
1: 是",,,,
525,yx247,BOOLEAN,SiNengEmuLD1/GGIO1.Ind248.stVal,ST,SiNengEmuLD1/LLN0.dsRemoteSign[247],PCS#1-RS485-限压充电,"0: 否
1: 是",,,,
526,yx248,BOOLEAN,SiNengEmuLD1/GGIO1.Ind249.stVal,ST,SiNengEmuLD1/LLN0.dsRemoteSign[248],PCS#1-RS485-限压放电,"0: 否
1: 是",,,,
527,yx249,BOOLEAN,SiNengEmuLD1/GGIO1.Ind250.stVal,ST,SiNengEmuLD1/LLN0.dsRemoteSign[249],PCS#1-RS485-限流充电,"0: 否
1: 是",,,,
528,yx250,BOOLEAN,SiNengEmuLD1/GGIO1.Ind251.stVal,ST,SiNengEmuLD1/LLN0.dsRemoteSign[250],PCS#1-RS485-限流放电,"0: 否
1: 是",,,,
529,yx251,BOOLEAN,SiNengEmuLD1/GGIO1.Ind252.stVal,ST,SiNengEmuLD1/LLN0.dsRemoteSign[251],PCS#1-RS485-预充电状态（预留）,"0: 否
1: 是",,,,
530,yx252,BOOLEAN,SiNengEmuLD1/GGIO1.Ind253.stVal,ST,SiNengEmuLD1/LLN0.dsRemoteSign[252],PCS#1-RS485-开机允许,"0: 否
1: 是",,,,
531,yx253,BOOLEAN,SiNengEmuLD1/GGIO1.Ind254.stVal,ST,SiNengEmuLD1/LLN0.dsRemoteSign[253],PCS#1-RS485-预留,,,,,
532,yx254,BOOLEAN,SiNengEmuLD1/GGIO1.Ind255.stVal,ST,SiNengEmuLD1/LLN0.dsRemoteSign[254],PCS#1-RS485-预留,,,,,
533,yx255,BOOLEAN,SiNengEmuLD1/GGIO1.Ind256.stVal,ST,SiNengEmuLD1/LLN0.dsRemoteSign[255],PCS#1-RS485-预留,,,,,
534,yx256,BOOLEAN,SiNengEmuLD1/GGIO1.Ind257.stVal,ST,SiNengEmuLD1/LLN0.dsRemoteSign[256],PCS#1-RS485-预留,,,,,
535,yx257,BOOLEAN,SiNengEmuLD1/GGIO1.Ind258.stVal,ST,SiNengEmuLD1/LLN0.dsRemoteSign[257],PCS#1-RS485-预留,,,,,
536,yx258,BOOLEAN,SiNengEmuLD1/GGIO1.Ind259.stVal,ST,SiNengEmuLD1/LLN0.dsRemoteSign[258],PCS#1-RS485-预留,,,,,
537,yx259,BOOLEAN,SiNengEmuLD1/GGIO1.Ind260.stVal,ST,SiNengEmuLD1/LLN0.dsRemoteSign[259],PCS#1-RS485-预留,,,,,
538,yx260,BOOLEAN,SiNengEmuLD1/GGIO1.Ind261.stVal,ST,SiNengEmuLD1/LLN0.dsRemoteSign[260],PCS#1-RS485-预留,,,,,
539,yx261,BOOLEAN,SiNengEmuLD1/GGIO1.Ind262.stVal,ST,SiNengEmuLD1/LLN0.dsRemoteSign[261],PCS#1-RS485-预留,,,,,
540,yx262,BOOLEAN,SiNengEmuLD1/GGIO1.Ind263.stVal,ST,SiNengEmuLD1/LLN0.dsRemoteSign[262],PCS#1-RS485-预留,,,,,
541,yx263,BOOLEAN,SiNengEmuLD1/GGIO1.Ind264.stVal,ST,SiNengEmuLD1/LLN0.dsRemoteSign[263],PCS#1-RS485-预留,,,,,
542,yx264,BOOLEAN,SiNengEmuLD1/GGIO1.Ind265.stVal,ST,SiNengEmuLD1/LLN0.dsRemoteSign[264],PCS#1-RS485-预留,,,,,
543,yx265,BOOLEAN,SiNengEmuLD1/GGIO1.Ind266.stVal,ST,SiNengEmuLD1/LLN0.dsRemoteSign[265],PCS#1-RS485-预留,,,,,
544,yx266,BOOLEAN,SiNengEmuLD1/GGIO1.Ind267.stVal,ST,SiNengEmuLD1/LLN0.dsRemoteSign[266],PCS#1-RS485-预留,,,,,
545,yx267,BOOLEAN,SiNengEmuLD1/GGIO1.Ind268.stVal,ST,SiNengEmuLD1/LLN0.dsRemoteSign[267],PCS#1-RS485-预留,,,,,
546,yx268,BOOLEAN,SiNengEmuLD1/GGIO1.Ind269.stVal,ST,SiNengEmuLD1/LLN0.dsRemoteSign[268],PCS#1-RS485-预留,,,,,
547,yx269,BOOLEAN,SiNengEmuLD1/GGIO1.Ind270.stVal,ST,SiNengEmuLD1/LLN0.dsRemoteSign[269],PCS#1-RS485-一次调频,"0: 否
1: 是",,,,
548,yx270,BOOLEAN,SiNengEmuLD1/GGIO1.Ind271.stVal,ST,SiNengEmuLD1/LLN0.dsRemoteSign[270],PCS#1-RS485-A1板就绪,"0: 否
1: 是",,,,
549,yx271,BOOLEAN,SiNengEmuLD1/GGIO1.Ind272.stVal,ST,SiNengEmuLD1/LLN0.dsRemoteSign[271],PCS#1-RS485-预留,,,,,
550,yx272,BOOLEAN,SiNengEmuLD1/GGIO1.Ind273.stVal,ST,SiNengEmuLD1/LLN0.dsRemoteSign[272],PCS#1-RS485-预留,,,,,
551,yx273,BOOLEAN,SiNengEmuLD1/GGIO1.Ind274.stVal,ST,SiNengEmuLD1/LLN0.dsRemoteSign[273],PCS#1-RS485-扰流风扇启停,"0：未启动
1：启动",,,,
552,yx274,BOOLEAN,SiNengEmuLD1/GGIO1.Ind275.stVal,ST,SiNengEmuLD1/LLN0.dsRemoteSign[274],PCS#1-RS485-逆变控制脱扣操作,"0：未操作
1：脱扣",,,,
553,yx275,BOOLEAN,SiNengEmuLD1/GGIO1.Ind276.stVal,ST,SiNengEmuLD1/LLN0.dsRemoteSign[275],PCS#1-RS485-Servive模式,"0: 否
1: 是",,,,
554,yx276,BOOLEAN,SiNengEmuLD1/GGIO1.Ind277.stVal,ST,SiNengEmuLD1/LLN0.dsRemoteSign[276],PCS#1-RS485-控制板保护关机,"0: 否
1: 是",,,,
555,yx277,BOOLEAN,SiNengEmuLD1/GGIO1.Ind278.stVal,ST,SiNengEmuLD1/LLN0.dsRemoteSign[277],PCS#1-RS485-监控板保护关机,"0: 否
1: 是",,,,
556,yx278,BOOLEAN,SiNengEmuLD1/GGIO1.Ind279.stVal,ST,SiNengEmuLD1/LLN0.dsRemoteSign[278],PCS#1-RS485-大风扇启动,"0: 否
1: 是",,,,
557,yx279,BOOLEAN,SiNengEmuLD1/GGIO1.Ind280.stVal,ST,SiNengEmuLD1/LLN0.dsRemoteSign[279],PCS#1-RS485-二相流风扇启动,"0: 否
1: 是",,,,
558,yx280,BOOLEAN,SiNengEmuLD1/GGIO1.Ind281.stVal,ST,SiNengEmuLD1/LLN0.dsRemoteSign[280],PCS#1-RS485-预留,,,,,
559,yx281,BOOLEAN,SiNengEmuLD1/GGIO1.Ind282.stVal,ST,SiNengEmuLD1/LLN0.dsRemoteSign[281],PCS#1-RS485-面板开机旋钮,"0：开机禁止
1：开机允许",,,,
560,yx282,BOOLEAN,SiNengEmuLD1/GGIO1.Ind283.stVal,ST,SiNengEmuLD1/LLN0.dsRemoteSign[282],PCS#1-RS485-预留,,,,,
561,yx283,BOOLEAN,SiNengEmuLD1/GGIO1.Ind284.stVal,ST,SiNengEmuLD1/LLN0.dsRemoteSign[283],PCS#1-RS485-预留,,,,,
562,yx284,BOOLEAN,SiNengEmuLD1/GGIO1.Ind285.stVal,ST,SiNengEmuLD1/LLN0.dsRemoteSign[284],PCS#1-RS485-EPO死锁状态,"0：正常
1：死锁",,,,
563,yx285,BOOLEAN,SiNengEmuLD1/GGIO1.Ind286.stVal,ST,SiNengEmuLD1/LLN0.dsRemoteSign[285],PCS#1-RS485-功率异常死锁状态,"0：正常
1：死锁",,,,
564,yx286,BOOLEAN,SiNengEmuLD1/GGIO1.Ind287.stVal,ST,SiNengEmuLD1/LLN0.dsRemoteSign[286],PCS#1-RS485-交流开关状态,"0：分
1：合",,,,
565,yx287,BOOLEAN,SiNengEmuLD1/GGIO1.Ind288.stVal,ST,SiNengEmuLD1/LLN0.dsRemoteSign[287],PCS#1-RS485-预留,,,,,
566,yx288,BOOLEAN,SiNengEmuLD1/GGIO1.Ind289.stVal,ST,SiNengEmuLD1/LLN0.dsRemoteSign[288],PCS#1-RS485-预留,,,,,
567,yx289,BOOLEAN,SiNengEmuLD1/GGIO1.Ind290.stVal,ST,SiNengEmuLD1/LLN0.dsRemoteSign[289],PCS#1-RS485-预留,,,,,
568,yx290,BOOLEAN,SiNengEmuLD1/GGIO1.Ind291.stVal,ST,SiNengEmuLD1/LLN0.dsRemoteSign[290],PCS#1-RS485-预留,,,,,
569,yx291,BOOLEAN,SiNengEmuLD1/GGIO1.Ind292.stVal,ST,SiNengEmuLD1/LLN0.dsRemoteSign[291],PCS#1-RS485-预留,,,,,
570,yx292,BOOLEAN,SiNengEmuLD1/GGIO1.Ind293.stVal,ST,SiNengEmuLD1/LLN0.dsRemoteSign[292],PCS#1-RS485-预留,,,,,
571,yx293,BOOLEAN,SiNengEmuLD1/GGIO1.Ind294.stVal,ST,SiNengEmuLD1/LLN0.dsRemoteSign[293],PCS#1-RS485-预留,,,,,
572,yx294,BOOLEAN,SiNengEmuLD1/GGIO1.Ind295.stVal,ST,SiNengEmuLD1/LLN0.dsRemoteSign[294],PCS#1-RS485-预留,,,,,
573,yx295,BOOLEAN,SiNengEmuLD1/GGIO1.Ind296.stVal,ST,SiNengEmuLD1/LLN0.dsRemoteSign[295],PCS#1-RS485-预留,,,,,
574,yx296,BOOLEAN,SiNengEmuLD1/GGIO1.Ind297.stVal,ST,SiNengEmuLD1/LLN0.dsRemoteSign[296],PCS#1-RS485-遥控开机,"0: 否
1: 是",,,,
575,yx297,BOOLEAN,SiNengEmuLD1/GGIO1.Ind298.stVal,ST,SiNengEmuLD1/LLN0.dsRemoteSign[297],PCS#1-RS485-遥控关机,"0: 否
1: 是",,,,
576,yx298,BOOLEAN,SiNengEmuLD1/GGIO1.Ind299.stVal,ST,SiNengEmuLD1/LLN0.dsRemoteSign[298],PCS#1-RS485-禁止充电,"0: 否
1: 是",,,,
577,yx299,BOOLEAN,SiNengEmuLD1/GGIO1.Ind300.stVal,ST,SiNengEmuLD1/LLN0.dsRemoteSign[299],PCS#1-RS485-禁止放电,"0: 否
1: 是",,,,
578,yx300,BOOLEAN,SiNengEmuLD1/GGIO1.Ind301.stVal,ST,SiNengEmuLD1/LLN0.dsRemoteSign[300],PCS#1-RS485-手动开机,"0: 否
1: 是",,,,
579,yx301,BOOLEAN,SiNengEmuLD1/GGIO1.Ind302.stVal,ST,SiNengEmuLD1/LLN0.dsRemoteSign[301],PCS#1-RS485-手动关机,"0: 否
1: 是",,,,
580,yx302,BOOLEAN,SiNengEmuLD1/GGIO1.Ind303.stVal,ST,SiNengEmuLD1/LLN0.dsRemoteSign[302],PCS#1-RS485-电操状态,"0: 否
1: 是",,,,
581,yx303,BOOLEAN,SiNengEmuLD1/GGIO1.Ind304.stVal,ST,SiNengEmuLD1/LLN0.dsRemoteSign[303],PCS#1-RS485-开机禁止,"0: 否
1: 是",,,,
582,yx304,BOOLEAN,SiNengEmuLD1/GGIO1.Ind305.stVal,ST,SiNengEmuLD1/LLN0.dsRemoteSign[304],PCS#1-RS485-总故障,"0: 否
1: 是",,,,
583,yx305,BOOLEAN,SiNengEmuLD1/GGIO1.Ind306.stVal,ST,SiNengEmuLD1/LLN0.dsRemoteSign[305],PCS#1-RS485-BMS告警,"0: 否
1: 是",,,,
584,yx306,BOOLEAN,SiNengEmuLD1/GGIO1.Ind307.stVal,ST,SiNengEmuLD1/LLN0.dsRemoteSign[306],PCS#1-RS485-BMS故障,"0: 否
1: 是",,,,
585,yx307,BOOLEAN,SiNengEmuLD1/GGIO1.Ind308.stVal,ST,SiNengEmuLD1/LLN0.dsRemoteSign[307],PCS#1-RS485-BMS禁止充电,"0: 否
1: 是",,,,
586,yx308,BOOLEAN,SiNengEmuLD1/GGIO1.Ind309.stVal,ST,SiNengEmuLD1/LLN0.dsRemoteSign[308],PCS#1-RS485-BMS禁止放电,"0: 否
1: 是",,,,
587,yx309,BOOLEAN,SiNengEmuLD1/GGIO1.Ind310.stVal,ST,SiNengEmuLD1/LLN0.dsRemoteSign[309],PCS#1-RS485-预留,,,,,
588,yx310,BOOLEAN,SiNengEmuLD1/GGIO1.Ind311.stVal,ST,SiNengEmuLD1/LLN0.dsRemoteSign[310],PCS#1-RS485-总告警,"0: 否
1: 是",,,,
589,yx311,BOOLEAN,SiNengEmuLD1/GGIO1.Ind312.stVal,ST,SiNengEmuLD1/LLN0.dsRemoteSign[311],PCS#1-RS485-快转放电状态,"0: 否
1: 是",,,,
590,yx312,BOOLEAN,SiNengEmuLD1/GGIO1.Ind313.stVal,ST,SiNengEmuLD1/LLN0.dsRemoteSign[312],PCS#1-RS485-预留,,,,,
591,yx313,BOOLEAN,SiNengEmuLD1/GGIO1.Ind314.stVal,ST,SiNengEmuLD1/LLN0.dsRemoteSign[313],PCS#1-RS485-预留,,,,,
592,yx314,BOOLEAN,SiNengEmuLD1/GGIO1.Ind315.stVal,ST,SiNengEmuLD1/LLN0.dsRemoteSign[314],PCS#1-RS485-预留,,,,,
593,yx315,BOOLEAN,SiNengEmuLD1/GGIO1.Ind316.stVal,ST,SiNengEmuLD1/LLN0.dsRemoteSign[315],PCS#1-RS485-预留,,,,,
594,yx316,BOOLEAN,SiNengEmuLD1/GGIO1.Ind317.stVal,ST,SiNengEmuLD1/LLN0.dsRemoteSign[316],PCS#1-RS485-预留,,,,,
595,yx317,BOOLEAN,SiNengEmuLD1/GGIO1.Ind318.stVal,ST,SiNengEmuLD1/LLN0.dsRemoteSign[317],PCS#1-RS485-预留,,,,,
596,yx318,BOOLEAN,SiNengEmuLD1/GGIO1.Ind319.stVal,ST,SiNengEmuLD1/LLN0.dsRemoteSign[318],PCS#1-RS485-预留,,,,,
597,yx319,BOOLEAN,SiNengEmuLD1/GGIO1.Ind320.stVal,ST,SiNengEmuLD1/LLN0.dsRemoteSign[319],PCS#1-RS485-预留,,,,,
598,yx320,BOOLEAN,SiNengEmuLD1/GGIO1.Ind321.stVal,ST,SiNengEmuLD1/LLN0.dsRemoteSign[320],PCS#1-RS485-预留,,,,,
599,yx321,BOOLEAN,SiNengEmuLD1/GGIO1.Ind322.stVal,ST,SiNengEmuLD1/LLN0.dsRemoteSign[321],PCS#1-RS485-预留,,,,,
600,yx322,BOOLEAN,SiNengEmuLD1/GGIO1.Ind323.stVal,ST,SiNengEmuLD1/LLN0.dsRemoteSign[322],PCS#1-RS485-预留,,,,,
601,yx323,BOOLEAN,SiNengEmuLD1/GGIO1.Ind324.stVal,ST,SiNengEmuLD1/LLN0.dsRemoteSign[323],PCS#1-RS485-预留,,,,,
602,yx324,BOOLEAN,SiNengEmuLD1/GGIO1.Ind325.stVal,ST,SiNengEmuLD1/LLN0.dsRemoteSign[324],PCS#1-RS485-预留,,,,,
603,yx325,BOOLEAN,SiNengEmuLD1/GGIO1.Ind326.stVal,ST,SiNengEmuLD1/LLN0.dsRemoteSign[325],PCS#1-RS485-预留,,,,,
604,yx326,BOOLEAN,SiNengEmuLD1/GGIO1.Ind327.stVal,ST,SiNengEmuLD1/LLN0.dsRemoteSign[326],PCS#1-RS485-预留,,,,,
605,yx327,BOOLEAN,SiNengEmuLD1/GGIO1.Ind328.stVal,ST,SiNengEmuLD1/LLN0.dsRemoteSign[327],PCS#1-RS485-预留,,,,,
606,yx328,BOOLEAN,SiNengEmuLD1/GGIO1.Ind329.stVal,ST,SiNengEmuLD1/LLN0.dsRemoteSign[328],PCS#1-RS485-输入干接点1状态,"0：分位
1：合位",,,,
607,yx329,BOOLEAN,SiNengEmuLD1/GGIO1.Ind330.stVal,ST,SiNengEmuLD1/LLN0.dsRemoteSign[329],PCS#1-RS485-输入干接点2状态,"0：分位
1：合位",,,,
608,yx330,BOOLEAN,SiNengEmuLD1/GGIO1.Ind331.stVal,ST,SiNengEmuLD1/LLN0.dsRemoteSign[330],PCS#1-RS485-输入干接点3状态,"0：分位
1：合位",,,,
609,yx331,BOOLEAN,SiNengEmuLD1/GGIO1.Ind332.stVal,ST,SiNengEmuLD1/LLN0.dsRemoteSign[331],PCS#1-RS485-输入干接点4状态,"0：分位
1：合位",,,,
610,yx332,BOOLEAN,SiNengEmuLD1/GGIO1.Ind333.stVal,ST,SiNengEmuLD1/LLN0.dsRemoteSign[332],PCS#1-RS485-输入干接点5状态,"0：分位
1：合位",,,,
611,yx333,BOOLEAN,SiNengEmuLD1/GGIO1.Ind334.stVal,ST,SiNengEmuLD1/LLN0.dsRemoteSign[333],PCS#1-RS485-输入干接点6状态,"0：分位
1：合位",,,,
612,yx334,BOOLEAN,SiNengEmuLD1/GGIO1.Ind335.stVal,ST,SiNengEmuLD1/LLN0.dsRemoteSign[334],PCS#1-RS485-1号输出干接点,"0：未动作
1：动作",,,,
613,yx335,BOOLEAN,SiNengEmuLD1/GGIO1.Ind336.stVal,ST,SiNengEmuLD1/LLN0.dsRemoteSign[335],PCS#1-RS485-2号输出干接点,"0：未动作
1：动作",,,,
614,yx336,BOOLEAN,SiNengEmuLD1/GGIO1.Ind337.stVal,ST,SiNengEmuLD1/LLN0.dsRemoteSign[336],PCS#1-RS485-3号输出干接点,"0：未动作
1：动作",,,,
615,yx337,BOOLEAN,SiNengEmuLD1/GGIO1.Ind338.stVal,ST,SiNengEmuLD1/LLN0.dsRemoteSign[337],PCS#1-RS485-4号输出干接点,"0：未动作
1：动作",,,,
616,yx338,BOOLEAN,SiNengEmuLD1/GGIO1.Ind339.stVal,ST,SiNengEmuLD1/LLN0.dsRemoteSign[338],PCS#1-RS485-输入干接点1触发状态,"0：未触发
1：触发",,,,
617,yx339,BOOLEAN,SiNengEmuLD1/GGIO1.Ind340.stVal,ST,SiNengEmuLD1/LLN0.dsRemoteSign[339],PCS#1-RS485-输入干接点2触发状态,"0：未触发
1：触发",,,,
618,yx340,BOOLEAN,SiNengEmuLD1/GGIO1.Ind341.stVal,ST,SiNengEmuLD1/LLN0.dsRemoteSign[340],PCS#1-RS485-输入干接点3触发状态,"0：未触发
1：触发",,,,
619,yx341,BOOLEAN,SiNengEmuLD1/GGIO1.Ind342.stVal,ST,SiNengEmuLD1/LLN0.dsRemoteSign[341],PCS#1-RS485-输入干接点4触发状态,"0：未触发
1：触发",,,,
620,yx342,BOOLEAN,SiNengEmuLD1/GGIO1.Ind343.stVal,ST,SiNengEmuLD1/LLN0.dsRemoteSign[342],PCS#1-RS485-输入干接点5触发状态,"0：未触发
1：触发",,,,
621,yx343,BOOLEAN,SiNengEmuLD1/GGIO1.Ind344.stVal,ST,SiNengEmuLD1/LLN0.dsRemoteSign[343],PCS#1-RS485-输入干接点6触发状态,"0：未触发
1：触发",,,,
622,yx344,BOOLEAN,SiNengEmuLD1/GGIO1.Ind345.stVal,ST,SiNengEmuLD1/LLN0.dsRemoteSign[344],PCS#1-RS485-遥信预留-1,,,,,
623,yx345,BOOLEAN,SiNengEmuLD1/GGIO1.Ind346.stVal,ST,SiNengEmuLD1/LLN0.dsRemoteSign[345],PCS#1-RS485-遥信预留-2,,,,,
624,yx346,BOOLEAN,SiNengEmuLD1/GGIO1.Ind347.stVal,ST,SiNengEmuLD1/LLN0.dsRemoteSign[346],PCS#1-RS485-遥信预留-3,,,,,
625,yx347,BOOLEAN,SiNengEmuLD1/GGIO1.Ind348.stVal,ST,SiNengEmuLD1/LLN0.dsRemoteSign[347],PCS#1-RS485-遥信预留-4,,,,,
626,yx348,BOOLEAN,SiNengEmuLD1/GGIO1.Ind349.stVal,ST,SiNengEmuLD1/LLN0.dsRemoteSign[348],PCS#1-RS485-遥信预留-5,,,,,
627,yx349,BOOLEAN,SiNengEmuLD1/GGIO1.Ind350.stVal,ST,SiNengEmuLD1/LLN0.dsRemoteSign[349],PCS#1-RS485-遥信预留-6,,,,,
628,yx350,BOOLEAN,SiNengEmuLD1/GGIO1.Ind351.stVal,ST,SiNengEmuLD1/LLN0.dsRemoteSign[350],PCS#1-RS485-遥信预留-7,,,,,
629,yx351,BOOLEAN,SiNengEmuLD1/GGIO1.Ind352.stVal,ST,SiNengEmuLD1/LLN0.dsRemoteSign[351],PCS#1-RS485-遥信预留-8,,,,,
630,yx352,BOOLEAN,SiNengEmuLD1/GGIO1.Ind353.stVal,ST,SiNengEmuLD1/LLN0.dsRemoteSign[352],PCS#1-RS485-遥信预留-9,,,,,
631,yx353,BOOLEAN,SiNengEmuLD1/GGIO1.Ind354.stVal,ST,SiNengEmuLD1/LLN0.dsRemoteSign[353],PCS#1-RS485-遥信预留-10,,,,,
632,yx354,BOOLEAN,SiNengEmuLD2/GGIO1.Ind1.stVal,ST,SiNengEmuLD2/LLN0.dsRemoteSign[0],PCS#2-RS485-通信异常,,,,,
633,yx355,BOOLEAN,SiNengEmuLD2/GGIO1.Ind2.stVal,ST,SiNengEmuLD2/LLN0.dsRemoteSign[1],PCS#2-RS485-电网欠压,"0: 否
1: 是",,,,
634,yx356,BOOLEAN,SiNengEmuLD2/GGIO1.Ind3.stVal,ST,SiNengEmuLD2/LLN0.dsRemoteSign[2],PCS#2-RS485-电网过压,"0: 否
1: 是",,,,
635,yx357,BOOLEAN,SiNengEmuLD2/GGIO1.Ind4.stVal,ST,SiNengEmuLD2/LLN0.dsRemoteSign[3],PCS#2-RS485-电网欠频,"0: 否
1: 是",,,,
636,yx358,BOOLEAN,SiNengEmuLD2/GGIO1.Ind5.stVal,ST,SiNengEmuLD2/LLN0.dsRemoteSign[4],PCS#2-RS485-电网过频,"0: 否
1: 是",,,,
637,yx359,BOOLEAN,SiNengEmuLD2/GGIO1.Ind6.stVal,ST,SiNengEmuLD2/LLN0.dsRemoteSign[5],PCS#2-RS485-电网电压不平衡,"0: 否
1: 是",,,,
638,yx360,BOOLEAN,SiNengEmuLD2/GGIO1.Ind7.stVal,ST,SiNengEmuLD2/LLN0.dsRemoteSign[6],PCS#2-RS485-电网电流不平衡,"0: 否
1: 是",,,,
639,yx361,BOOLEAN,SiNengEmuLD2/GGIO1.Ind8.stVal,ST,SiNengEmuLD2/LLN0.dsRemoteSign[7],PCS#2-RS485-低电压穿越,"0: 否
1: 是",,,,
640,yx362,BOOLEAN,SiNengEmuLD2/GGIO1.Ind9.stVal,ST,SiNengEmuLD2/LLN0.dsRemoteSign[8],PCS#2-RS485-电网反序,"0: 否
1: 是",,,,
641,yx363,BOOLEAN,SiNengEmuLD2/GGIO1.Ind10.stVal,ST,SiNengEmuLD2/LLN0.dsRemoteSign[9],PCS#2-RS485-电网缺相,"0: 否
1: 是",,,,
642,yx364,BOOLEAN,SiNengEmuLD2/GGIO1.Ind11.stVal,ST,SiNengEmuLD2/LLN0.dsRemoteSign[10],PCS#2-RS485-电网电压异常,"0: 否
1: 是",,,,
643,yx365,BOOLEAN,SiNengEmuLD2/GGIO1.Ind12.stVal,ST,SiNengEmuLD2/LLN0.dsRemoteSign[11],PCS#2-RS485-频率异常,"0: 否
1: 是",,,,
644,yx366,BOOLEAN,SiNengEmuLD2/GGIO1.Ind13.stVal,ST,SiNengEmuLD2/LLN0.dsRemoteSign[12],PCS#2-RS485-防孤岛,"0: 否
1: 是",,,,
645,yx367,BOOLEAN,SiNengEmuLD2/GGIO1.Ind14.stVal,ST,SiNengEmuLD2/LLN0.dsRemoteSign[13],PCS#2-RS485-预留,,,,,
646,yx368,BOOLEAN,SiNengEmuLD2/GGIO1.Ind15.stVal,ST,SiNengEmuLD2/LLN0.dsRemoteSign[14],PCS#2-RS485-交流侧电流异常,"0: 否
1: 是",,,,
647,yx369,BOOLEAN,SiNengEmuLD2/GGIO1.Ind16.stVal,ST,SiNengEmuLD2/LLN0.dsRemoteSign[15],PCS#2-RS485-预留,,,,,
648,yx370,BOOLEAN,SiNengEmuLD2/GGIO1.Ind17.stVal,ST,SiNengEmuLD2/LLN0.dsRemoteSign[16],PCS#2-RS485-预留,,,,,
649,yx371,BOOLEAN,SiNengEmuLD2/GGIO1.Ind18.stVal,ST,SiNengEmuLD2/LLN0.dsRemoteSign[17],PCS#2-RS485-锁相不同步,"0: 否
1: 是",,,,
650,yx372,BOOLEAN,SiNengEmuLD2/GGIO1.Ind19.stVal,ST,SiNengEmuLD2/LLN0.dsRemoteSign[18],PCS#2-RS485-IGBT版本非法,"0: 否
1: 是",,,,
651,yx373,BOOLEAN,SiNengEmuLD2/GGIO1.Ind20.stVal,ST,SiNengEmuLD2/LLN0.dsRemoteSign[19],PCS#2-RS485-FPGA软件版本非法,"0: 否
1: 是",,,,
652,yx374,BOOLEAN,SiNengEmuLD2/GGIO1.Ind21.stVal,ST,SiNengEmuLD2/LLN0.dsRemoteSign[20],PCS#2-RS485-预留,,,,,
653,yx375,BOOLEAN,SiNengEmuLD2/GGIO1.Ind22.stVal,ST,SiNengEmuLD2/LLN0.dsRemoteSign[21],PCS#2-RS485-预留,,,,,
654,yx376,BOOLEAN,SiNengEmuLD2/GGIO1.Ind23.stVal,ST,SiNengEmuLD2/LLN0.dsRemoteSign[22],PCS#2-RS485-逆变电压直流分量检测异常,"0: 否
1: 是",,,,
655,yx377,BOOLEAN,SiNengEmuLD2/GGIO1.Ind24.stVal,ST,SiNengEmuLD2/LLN0.dsRemoteSign[23],PCS#2-RS485-U1板2.5V电源异常,"0: 否
1: 是",,,,
656,yx378,BOOLEAN,SiNengEmuLD2/GGIO1.Ind25.stVal,ST,SiNengEmuLD2/LLN0.dsRemoteSign[24],PCS#2-RS485-对拖老化温度异常,"0: 否
1: 是",,,,
657,yx379,BOOLEAN,SiNengEmuLD2/GGIO1.Ind26.stVal,ST,SiNengEmuLD2/LLN0.dsRemoteSign[25],PCS#2-RS485-变流器过流保护,"0: 否
1: 是",,,,
658,yx380,BOOLEAN,SiNengEmuLD2/GGIO1.Ind27.stVal,ST,SiNengEmuLD2/LLN0.dsRemoteSign[26],PCS#2-RS485-预留,,,,,
659,yx381,BOOLEAN,SiNengEmuLD2/GGIO1.Ind28.stVal,ST,SiNengEmuLD2/LLN0.dsRemoteSign[27],PCS#2-RS485-预留,,,,,
660,yx382,BOOLEAN,SiNengEmuLD2/GGIO1.Ind29.stVal,ST,SiNengEmuLD2/LLN0.dsRemoteSign[28],PCS#2-RS485-预留,,,,,
661,yx383,BOOLEAN,SiNengEmuLD2/GGIO1.Ind30.stVal,ST,SiNengEmuLD2/LLN0.dsRemoteSign[29],PCS#2-RS485-预留,,,,,
662,yx384,BOOLEAN,SiNengEmuLD2/GGIO1.Ind31.stVal,ST,SiNengEmuLD2/LLN0.dsRemoteSign[30],PCS#2-RS485-预留,,,,,
663,yx385,BOOLEAN,SiNengEmuLD2/GGIO1.Ind32.stVal,ST,SiNengEmuLD2/LLN0.dsRemoteSign[31],PCS#2-RS485-内舱NTC检测异常,"0: 否
1: 是",,,,
664,yx386,BOOLEAN,SiNengEmuLD2/GGIO1.Ind33.stVal,ST,SiNengEmuLD2/LLN0.dsRemoteSign[32],PCS#2-RS485-预留,,,,,
665,yx387,BOOLEAN,SiNengEmuLD2/GGIO1.Ind34.stVal,ST,SiNengEmuLD2/LLN0.dsRemoteSign[33],PCS#2-RS485-交流防雷器故障,"0: 否
1: 是",,,,
666,yx388,BOOLEAN,SiNengEmuLD2/GGIO1.Ind35.stVal,ST,SiNengEmuLD2/LLN0.dsRemoteSign[34],PCS#2-RS485-风扇故障,"0: 否
1: 是",,,,
667,yx389,BOOLEAN,SiNengEmuLD2/GGIO1.Ind36.stVal,ST,SiNengEmuLD2/LLN0.dsRemoteSign[35],PCS#2-RS485-驱动线缆链接异常,"0: 否
1: 是",,,,
668,yx390,BOOLEAN,SiNengEmuLD2/GGIO1.Ind37.stVal,ST,SiNengEmuLD2/LLN0.dsRemoteSign[36],PCS#2-RS485-U 1交流辅助电源板故障,"0: 否
1: 是",,,,
669,yx391,BOOLEAN,SiNengEmuLD2/GGIO1.Ind38.stVal,ST,SiNengEmuLD2/LLN0.dsRemoteSign[37],PCS#2-RS485-控制板辅助电源异常,"0: 否
1: 是",,,,
670,yx392,BOOLEAN,SiNengEmuLD2/GGIO1.Ind39.stVal,ST,SiNengEmuLD2/LLN0.dsRemoteSign[38],PCS#2-RS485-驱动电源未准备就绪,"0: 否
1: 是",,,,
671,yx393,BOOLEAN,SiNengEmuLD2/GGIO1.Ind40.stVal,ST,SiNengEmuLD2/LLN0.dsRemoteSign[39],PCS#2-RS485-二相流风扇故障,"0: 否
1: 是",,,,
672,yx394,BOOLEAN,SiNengEmuLD2/GGIO1.Ind41.stVal,ST,SiNengEmuLD2/LLN0.dsRemoteSign[40],PCS#2-RS485-扰流风扇故障,"0: 否
1: 是",,,,
673,yx395,BOOLEAN,SiNengEmuLD2/GGIO1.Ind42.stVal,ST,SiNengEmuLD2/LLN0.dsRemoteSign[41],PCS#2-RS485-控制板硬件版本错误,"0: 否
1: 是",,,,
674,yx396,BOOLEAN,SiNengEmuLD2/GGIO1.Ind43.stVal,ST,SiNengEmuLD2/LLN0.dsRemoteSign[42],PCS#2-RS485-控制板直流辅助电源板1故障,"0: 否
1: 是",,,,
675,yx397,BOOLEAN,SiNengEmuLD2/GGIO1.Ind44.stVal,ST,SiNengEmuLD2/LLN0.dsRemoteSign[43],PCS#2-RS485-U1与U2硬件版本不匹配,"0: 否
1: 是",,,,
676,yx398,BOOLEAN,SiNengEmuLD2/GGIO1.Ind45.stVal,ST,SiNengEmuLD2/LLN0.dsRemoteSign[44],PCS#2-RS485-IGBT三相版本错误,"0: 否
1: 是",,,,
677,yx399,BOOLEAN,SiNengEmuLD2/GGIO1.Ind46.stVal,ST,SiNengEmuLD2/LLN0.dsRemoteSign[45],PCS#2-RS485-预留,,,,,
678,yx400,BOOLEAN,SiNengEmuLD2/GGIO1.Ind47.stVal,ST,SiNengEmuLD2/LLN0.dsRemoteSign[46],PCS#2-RS485-负温度检测NTC异常,"0: 否
1: 是",,,,
679,yx401,BOOLEAN,SiNengEmuLD2/GGIO1.Ind48.stVal,ST,SiNengEmuLD2/LLN0.dsRemoteSign[47],PCS#2-RS485-系统参数设置异常,"0: 否
1: 是",,,,
680,yx402,BOOLEAN,SiNengEmuLD2/GGIO1.Ind49.stVal,ST,SiNengEmuLD2/LLN0.dsRemoteSign[48],PCS#2-RS485-DSP_FPGA SPI异常,"0: 否
1: 是",,,,
681,yx403,BOOLEAN,SiNengEmuLD2/GGIO1.Ind50.stVal,ST,SiNengEmuLD2/LLN0.dsRemoteSign[49],PCS#2-RS485-预留,,,,,
682,yx404,BOOLEAN,SiNengEmuLD2/GGIO1.Ind51.stVal,ST,SiNengEmuLD2/LLN0.dsRemoteSign[50],PCS#2-RS485-预留,,,,,
683,yx405,BOOLEAN,SiNengEmuLD2/GGIO1.Ind52.stVal,ST,SiNengEmuLD2/LLN0.dsRemoteSign[51],PCS#2-RS485-预留,,,,,
684,yx406,BOOLEAN,SiNengEmuLD2/GGIO1.Ind53.stVal,ST,SiNengEmuLD2/LLN0.dsRemoteSign[52],PCS#2-RS485-预留,,,,,
685,yx407,BOOLEAN,SiNengEmuLD2/GGIO1.Ind54.stVal,ST,SiNengEmuLD2/LLN0.dsRemoteSign[53],PCS#2-RS485-控制舱严重过温,"0: 否
1: 是",,,,
686,yx408,BOOLEAN,SiNengEmuLD2/GGIO1.Ind55.stVal,ST,SiNengEmuLD2/LLN0.dsRemoteSign[54],PCS#2-RS485-FPGA死机,"0: 否
1: 是",,,,
687,yx409,BOOLEAN,SiNengEmuLD2/GGIO1.Ind56.stVal,ST,SiNengEmuLD2/LLN0.dsRemoteSign[55],PCS#2-RS485-交流舱严重过温,"0: 否
1: 是",,,,
688,yx410,BOOLEAN,SiNengEmuLD2/GGIO1.Ind57.stVal,ST,SiNengEmuLD2/LLN0.dsRemoteSign[56],PCS#2-RS485-严重过温,"0: 否
1: 是",,,,
689,yx411,BOOLEAN,SiNengEmuLD2/GGIO1.Ind58.stVal,ST,SiNengEmuLD2/LLN0.dsRemoteSign[57],PCS#2-RS485-通信节点重号,"0: 否
1: 是",,,,
690,yx412,BOOLEAN,SiNengEmuLD2/GGIO1.Ind59.stVal,ST,SiNengEmuLD2/LLN0.dsRemoteSign[58],PCS#2-RS485-内部CAN通信异常,"0: 否
1: 是",,,,
691,yx413,BOOLEAN,SiNengEmuLD2/GGIO1.Ind60.stVal,ST,SiNengEmuLD2/LLN0.dsRemoteSign[59],PCS#2-RS485-调度CAN通信异常,"0: 否
1: 是",,,,
692,yx414,BOOLEAN,SiNengEmuLD2/GGIO1.Ind61.stVal,ST,SiNengEmuLD2/LLN0.dsRemoteSign[60],PCS#2-RS485-Q_P参数设置错误,"0: 否
1: 是",,,,
693,yx415,BOOLEAN,SiNengEmuLD2/GGIO1.Ind62.stVal,ST,SiNengEmuLD2/LLN0.dsRemoteSign[61],PCS#2-RS485-Q_U参数设置错误,"0: 否
1: 是",,,,
694,yx416,BOOLEAN,SiNengEmuLD2/GGIO1.Ind63.stVal,ST,SiNengEmuLD2/LLN0.dsRemoteSign[62],PCS#2-RS485-P_Freq参数设置错误,"0: 否
1: 是",,,,
695,yx417,BOOLEAN,SiNengEmuLD2/GGIO1.Ind64.stVal,ST,SiNengEmuLD2/LLN0.dsRemoteSign[63],PCS#2-RS485-P_U参数设置错误,"0: 否
1: 是",,,,
696,yx418,BOOLEAN,SiNengEmuLD2/GGIO1.Ind65.stVal,ST,SiNengEmuLD2/LLN0.dsRemoteSign[64],PCS#2-RS485-正负母线不平衡,"0: 否
1: 是",,,,
697,yx419,BOOLEAN,SiNengEmuLD2/GGIO1.Ind66.stVal,ST,SiNengEmuLD2/LLN0.dsRemoteSign[65],PCS#2-RS485-硬件正母线过压,"0: 否
1: 是",,,,
698,yx420,BOOLEAN,SiNengEmuLD2/GGIO1.Ind67.stVal,ST,SiNengEmuLD2/LLN0.dsRemoteSign[66],PCS#2-RS485-硬件负母线过压,"0: 否
1: 是",,,,
699,yx421,BOOLEAN,SiNengEmuLD2/GGIO1.Ind68.stVal,ST,SiNengEmuLD2/LLN0.dsRemoteSign[67],PCS#2-RS485-软件母线过压,"0: 否
1: 是",,,,
700,yx422,BOOLEAN,SiNengEmuLD2/GGIO1.Ind69.stVal,ST,SiNengEmuLD2/LLN0.dsRemoteSign[68],PCS#2-RS485-正母线短路,"0: 否
1: 是",,,,
701,yx423,BOOLEAN,SiNengEmuLD2/GGIO1.Ind70.stVal,ST,SiNengEmuLD2/LLN0.dsRemoteSign[69],PCS#2-RS485-负母线短路,"0: 否
1: 是",,,,
702,yx424,BOOLEAN,SiNengEmuLD2/GGIO1.Ind71.stVal,ST,SiNengEmuLD2/LLN0.dsRemoteSign[70],PCS#2-RS485-总母线短路,"0: 否
1: 是",,,,
703,yx425,BOOLEAN,SiNengEmuLD2/GGIO1.Ind72.stVal,ST,SiNengEmuLD2/LLN0.dsRemoteSign[71],PCS#2-RS485-硬件母线过压,"0: 否
1: 是",,,,
704,yx426,BOOLEAN,SiNengEmuLD2/GGIO1.Ind73.stVal,ST,SiNengEmuLD2/LLN0.dsRemoteSign[72],PCS#2-RS485-直流电压检测异常,"0: 否
1: 是",,,,
705,yx427,BOOLEAN,SiNengEmuLD2/GGIO1.Ind74.stVal,ST,SiNengEmuLD2/LLN0.dsRemoteSign[73],PCS#2-RS485-电池过流,"0: 否
1: 是",,,,
706,yx428,BOOLEAN,SiNengEmuLD2/GGIO1.Ind75.stVal,ST,SiNengEmuLD2/LLN0.dsRemoteSign[74],PCS#2-RS485-电操开路故障,"0: 否
1: 是",,,,
707,yx429,BOOLEAN,SiNengEmuLD2/GGIO1.Ind76.stVal,ST,SiNengEmuLD2/LLN0.dsRemoteSign[75],PCS#2-RS485-电操短路故障,"0: 否
1: 是",,,,
708,yx430,BOOLEAN,SiNengEmuLD2/GGIO1.Ind77.stVal,ST,SiNengEmuLD2/LLN0.dsRemoteSign[76],PCS#2-RS485-转换效率过高,"0: 否
1: 是",,,,
709,yx431,BOOLEAN,SiNengEmuLD2/GGIO1.Ind78.stVal,ST,SiNengEmuLD2/LLN0.dsRemoteSign[77],PCS#2-RS485-转换效率过低,"0: 否
1: 是",,,,
710,yx432,BOOLEAN,SiNengEmuLD2/GGIO1.Ind79.stVal,ST,SiNengEmuLD2/LLN0.dsRemoteSign[78],PCS#2-RS485-总母线欠压,"0: 否
1: 是",,,,
711,yx433,BOOLEAN,SiNengEmuLD2/GGIO1.Ind80.stVal,ST,SiNengEmuLD2/LLN0.dsRemoteSign[79],PCS#2-RS485-电池电压异常,"0: 否
1: 是",,,,
712,yx434,BOOLEAN,SiNengEmuLD2/GGIO1.Ind81.stVal,ST,SiNengEmuLD2/LLN0.dsRemoteSign[80],PCS#2-RS485-并机CAN通讯异常,"0: 否
1: 是",,,,
713,yx435,BOOLEAN,SiNengEmuLD2/GGIO1.Ind82.stVal,ST,SiNengEmuLD2/LLN0.dsRemoteSign[81],PCS#2-RS485-并机CAN ID冲突,"0: 否
1: 是",,,,
714,yx436,BOOLEAN,SiNengEmuLD2/GGIO1.Ind83.stVal,ST,SiNengEmuLD2/LLN0.dsRemoteSign[82],PCS#2-RS485-并机参数不匹配,"0: 否
1: 是",,,,
715,yx437,BOOLEAN,SiNengEmuLD2/GGIO1.Ind84.stVal,ST,SiNengEmuLD2/LLN0.dsRemoteSign[83],PCS#2-RS485-零序环流异常,"0: 否
1: 是",,,,
716,yx438,BOOLEAN,SiNengEmuLD2/GGIO1.Ind85.stVal,ST,SiNengEmuLD2/LLN0.dsRemoteSign[84],PCS#2-RS485-直流并联开机状态不一致,"0: 否
1: 是",,,,
717,yx439,BOOLEAN,SiNengEmuLD2/GGIO1.Ind86.stVal,ST,SiNengEmuLD2/LLN0.dsRemoteSign[85],PCS#2-RS485-离网同步开机超时,"0: 否
1: 是",,,,
718,yx440,BOOLEAN,SiNengEmuLD2/GGIO1.Ind87.stVal,ST,SiNengEmuLD2/LLN0.dsRemoteSign[86],PCS#2-RS485-工频同步异常,"0: 否
1: 是",,,,
719,yx441,BOOLEAN,SiNengEmuLD2/GGIO1.Ind88.stVal,ST,SiNengEmuLD2/LLN0.dsRemoteSign[87],PCS#2-RS485-预留,,,,,
720,yx442,BOOLEAN,SiNengEmuLD2/GGIO1.Ind89.stVal,ST,SiNengEmuLD2/LLN0.dsRemoteSign[88],PCS#2-RS485-预留,,,,,
721,yx443,BOOLEAN,SiNengEmuLD2/GGIO1.Ind90.stVal,ST,SiNengEmuLD2/LLN0.dsRemoteSign[89],PCS#2-RS485-预留,,,,,
722,yx444,BOOLEAN,SiNengEmuLD2/GGIO1.Ind91.stVal,ST,SiNengEmuLD2/LLN0.dsRemoteSign[90],PCS#2-RS485-预留,,,,,
723,yx445,BOOLEAN,SiNengEmuLD2/GGIO1.Ind92.stVal,ST,SiNengEmuLD2/LLN0.dsRemoteSign[91],PCS#2-RS485-预留,,,,,
724,yx446,BOOLEAN,SiNengEmuLD2/GGIO1.Ind93.stVal,ST,SiNengEmuLD2/LLN0.dsRemoteSign[92],PCS#2-RS485-预留,,,,,
725,yx447,BOOLEAN,SiNengEmuLD2/GGIO1.Ind94.stVal,ST,SiNengEmuLD2/LLN0.dsRemoteSign[93],PCS#2-RS485-预留,,,,,
726,yx448,BOOLEAN,SiNengEmuLD2/GGIO1.Ind95.stVal,ST,SiNengEmuLD2/LLN0.dsRemoteSign[94],PCS#2-RS485-预留,,,,,
727,yx449,BOOLEAN,SiNengEmuLD2/GGIO1.Ind96.stVal,ST,SiNengEmuLD2/LLN0.dsRemoteSign[95],PCS#2-RS485-预留,,,,,
728,yx450,BOOLEAN,SiNengEmuLD2/GGIO1.Ind97.stVal,ST,SiNengEmuLD2/LLN0.dsRemoteSign[96],PCS#2-RS485-硬件限流,"0: 否
1: 是",,,,
729,yx451,BOOLEAN,SiNengEmuLD2/GGIO1.Ind98.stVal,ST,SiNengEmuLD2/LLN0.dsRemoteSign[97],PCS#2-RS485-电感电流检测异常,"0: 否
1: 是",,,,
730,yx452,BOOLEAN,SiNengEmuLD2/GGIO1.Ind99.stVal,ST,SiNengEmuLD2/LLN0.dsRemoteSign[98],PCS#2-RS485-电感电流异常,"0: 否
1: 是",,,,
731,yx453,BOOLEAN,SiNengEmuLD2/GGIO1.Ind100.stVal,ST,SiNengEmuLD2/LLN0.dsRemoteSign[99],PCS#2-RS485-逆变电压异常,"0: 否
1: 是",,,,
732,yx454,BOOLEAN,SiNengEmuLD2/GGIO1.Ind101.stVal,ST,SiNengEmuLD2/LLN0.dsRemoteSign[100],PCS#2-RS485-OCP故障,"0: 否
1: 是",,,,
733,yx455,BOOLEAN,SiNengEmuLD2/GGIO1.Ind102.stVal,ST,SiNengEmuLD2/LLN0.dsRemoteSign[101],PCS#2-RS485-IGBT温度异常,"0: 否
1: 是",,,,
734,yx456,BOOLEAN,SiNengEmuLD2/GGIO1.Ind103.stVal,ST,SiNengEmuLD2/LLN0.dsRemoteSign[102],PCS#2-RS485-IGBT VCE异常,"0: 否
1: 是",,,,
735,yx457,BOOLEAN,SiNengEmuLD2/GGIO1.Ind104.stVal,ST,SiNengEmuLD2/LLN0.dsRemoteSign[103],PCS#2-RS485-逐波限流,"0: 否
1: 是",,,,
736,yx458,BOOLEAN,SiNengEmuLD2/GGIO1.Ind105.stVal,ST,SiNengEmuLD2/LLN0.dsRemoteSign[104],PCS#2-RS485-发波异常,"0: 否
1: 是",,,,
737,yx459,BOOLEAN,SiNengEmuLD2/GGIO1.Ind106.stVal,ST,SiNengEmuLD2/LLN0.dsRemoteSign[105],PCS#2-RS485-预留,,,,,
738,yx460,BOOLEAN,SiNengEmuLD2/GGIO1.Ind107.stVal,ST,SiNengEmuLD2/LLN0.dsRemoteSign[106],PCS#2-RS485-A相逐波限流,"0: 否
1: 是",,,,
739,yx461,BOOLEAN,SiNengEmuLD2/GGIO1.Ind108.stVal,ST,SiNengEmuLD2/LLN0.dsRemoteSign[107],PCS#2-RS485-B相逐波限流,"0: 否
1: 是",,,,
740,yx462,BOOLEAN,SiNengEmuLD2/GGIO1.Ind109.stVal,ST,SiNengEmuLD2/LLN0.dsRemoteSign[108],PCS#2-RS485-C相逐波限流,"0: 否
1: 是",,,,
741,yx463,BOOLEAN,SiNengEmuLD2/GGIO1.Ind110.stVal,ST,SiNengEmuLD2/LLN0.dsRemoteSign[109],PCS#2-RS485-A相发波异常,"0: 否
1: 是",,,,
742,yx464,BOOLEAN,SiNengEmuLD2/GGIO1.Ind111.stVal,ST,SiNengEmuLD2/LLN0.dsRemoteSign[110],PCS#2-RS485-B相发波异常,"0: 否
1: 是",,,,
743,yx465,BOOLEAN,SiNengEmuLD2/GGIO1.Ind112.stVal,ST,SiNengEmuLD2/LLN0.dsRemoteSign[111],PCS#2-RS485-C相发波异常,"0: 否
1: 是",,,,
744,yx466,BOOLEAN,SiNengEmuLD2/GGIO1.Ind113.stVal,ST,SiNengEmuLD2/LLN0.dsRemoteSign[112],PCS#2-RS485-预留,,,,,
745,yx467,BOOLEAN,SiNengEmuLD2/GGIO1.Ind114.stVal,ST,SiNengEmuLD2/LLN0.dsRemoteSign[113],PCS#2-RS485-预留,,,,,
746,yx468,BOOLEAN,SiNengEmuLD2/GGIO1.Ind115.stVal,ST,SiNengEmuLD2/LLN0.dsRemoteSign[114],PCS#2-RS485-预留,,,,,
747,yx469,BOOLEAN,SiNengEmuLD2/GGIO1.Ind116.stVal,ST,SiNengEmuLD2/LLN0.dsRemoteSign[115],PCS#2-RS485-预留,,,,,
748,yx470,BOOLEAN,SiNengEmuLD2/GGIO1.Ind117.stVal,ST,SiNengEmuLD2/LLN0.dsRemoteSign[116],PCS#2-RS485-预留,,,,,
749,yx471,BOOLEAN,SiNengEmuLD2/GGIO1.Ind118.stVal,ST,SiNengEmuLD2/LLN0.dsRemoteSign[117],PCS#2-RS485-预留,,,,,
750,yx472,BOOLEAN,SiNengEmuLD2/GGIO1.Ind119.stVal,ST,SiNengEmuLD2/LLN0.dsRemoteSign[118],PCS#2-RS485-预留,,,,,
751,yx473,BOOLEAN,SiNengEmuLD2/GGIO1.Ind120.stVal,ST,SiNengEmuLD2/LLN0.dsRemoteSign[119],PCS#2-RS485-预留,,,,,
752,yx474,BOOLEAN,SiNengEmuLD2/GGIO1.Ind121.stVal,ST,SiNengEmuLD2/LLN0.dsRemoteSign[120],PCS#2-RS485-预留,,,,,
753,yx475,BOOLEAN,SiNengEmuLD2/GGIO1.Ind122.stVal,ST,SiNengEmuLD2/LLN0.dsRemoteSign[121],PCS#2-RS485-预留,,,,,
754,yx476,BOOLEAN,SiNengEmuLD2/GGIO1.Ind123.stVal,ST,SiNengEmuLD2/LLN0.dsRemoteSign[122],PCS#2-RS485-预留,,,,,
755,yx477,BOOLEAN,SiNengEmuLD2/GGIO1.Ind124.stVal,ST,SiNengEmuLD2/LLN0.dsRemoteSign[123],PCS#2-RS485-预留,,,,,
756,yx478,BOOLEAN,SiNengEmuLD2/GGIO1.Ind125.stVal,ST,SiNengEmuLD2/LLN0.dsRemoteSign[124],PCS#2-RS485-预留,,,,,
757,yx479,BOOLEAN,SiNengEmuLD2/GGIO1.Ind126.stVal,ST,SiNengEmuLD2/LLN0.dsRemoteSign[125],PCS#2-RS485-预留,,,,,
758,yx480,BOOLEAN,SiNengEmuLD2/GGIO1.Ind127.stVal,ST,SiNengEmuLD2/LLN0.dsRemoteSign[126],PCS#2-RS485-预留,,,,,
759,yx481,BOOLEAN,SiNengEmuLD2/GGIO1.Ind128.stVal,ST,SiNengEmuLD2/LLN0.dsRemoteSign[127],PCS#2-RS485-预留,,,,,
760,yx482,BOOLEAN,SiNengEmuLD2/GGIO1.Ind129.stVal,ST,SiNengEmuLD2/LLN0.dsRemoteSign[128],PCS#2-RS485-直流软启失败,"0: 否
1: 是",,,,
761,yx483,BOOLEAN,SiNengEmuLD2/GGIO1.Ind130.stVal,ST,SiNengEmuLD2/LLN0.dsRemoteSign[129],PCS#2-RS485-谐波电流超限,"0: 否
1: 是",,,,
762,yx484,BOOLEAN,SiNengEmuLD2/GGIO1.Ind131.stVal,ST,SiNengEmuLD2/LLN0.dsRemoteSign[130],PCS#2-RS485-直流侧功率异常,"0: 否
1: 是",,,,
763,yx485,BOOLEAN,SiNengEmuLD2/GGIO1.Ind132.stVal,ST,SiNengEmuLD2/LLN0.dsRemoteSign[131],PCS#2-RS485-放电电阻过温,"0: 否
1: 是",,,,
764,yx486,BOOLEAN,SiNengEmuLD2/GGIO1.Ind133.stVal,ST,SiNengEmuLD2/LLN0.dsRemoteSign[132],PCS#2-RS485-直流防雷器故障,"0: 否
1: 是",,,,
765,yx487,BOOLEAN,SiNengEmuLD2/GGIO1.Ind134.stVal,ST,SiNengEmuLD2/LLN0.dsRemoteSign[133],PCS#2-RS485-逆变电压检测异常,"0: 否
1: 是",,,,
766,yx488,BOOLEAN,SiNengEmuLD2/GGIO1.Ind135.stVal,ST,SiNengEmuLD2/LLN0.dsRemoteSign[134],PCS#2-RS485-交流电容需维护（预留）,"0: 否
1: 是",,,,
767,yx489,BOOLEAN,SiNengEmuLD2/GGIO1.Ind136.stVal,ST,SiNengEmuLD2/LLN0.dsRemoteSign[135],PCS#2-RS485-过热保护,"0: 否
1: 是",,,,
768,yx490,BOOLEAN,SiNengEmuLD2/GGIO1.Ind137.stVal,ST,SiNengEmuLD2/LLN0.dsRemoteSign[136],PCS#2-RS485-过温运行,"0: 否
1: 是",,,,
769,yx491,BOOLEAN,SiNengEmuLD2/GGIO1.Ind138.stVal,ST,SiNengEmuLD2/LLN0.dsRemoteSign[137],PCS#2-RS485-电感过温,"0: 否
1: 是",,,,
770,yx492,BOOLEAN,SiNengEmuLD2/GGIO1.Ind139.stVal,ST,SiNengEmuLD2/LLN0.dsRemoteSign[138],PCS#2-RS485-直流舱过温,"0: 否
1: 是",,,,
771,yx493,BOOLEAN,SiNengEmuLD2/GGIO1.Ind140.stVal,ST,SiNengEmuLD2/LLN0.dsRemoteSign[139],PCS#2-RS485-功率舱过温,"0: 否
1: 是",,,,
772,yx494,BOOLEAN,SiNengEmuLD2/GGIO1.Ind141.stVal,ST,SiNengEmuLD2/LLN0.dsRemoteSign[140],PCS#2-RS485-电网超限,"0: 否
1: 是",,,,
773,yx495,BOOLEAN,SiNengEmuLD2/GGIO1.Ind142.stVal,ST,SiNengEmuLD2/LLN0.dsRemoteSign[141],PCS#2-RS485-直流开路故障,"0: 否
1: 是",,,,
774,yx496,BOOLEAN,SiNengEmuLD2/GGIO1.Ind143.stVal,ST,SiNengEmuLD2/LLN0.dsRemoteSign[142],PCS#2-RS485-内部SCI通信故障,"0: 否
1: 是",,,,
775,yx497,BOOLEAN,SiNengEmuLD2/GGIO1.Ind144.stVal,ST,SiNengEmuLD2/LLN0.dsRemoteSign[143],PCS#2-RS485-存储异常,"0: 否
1: 是",,,,
776,yx498,BOOLEAN,SiNengEmuLD2/GGIO1.Ind145.stVal,ST,SiNengEmuLD2/LLN0.dsRemoteSign[144],PCS#2-RS485-时钟异常,"0: 否
1: 是",,,,
777,yx499,BOOLEAN,SiNengEmuLD2/GGIO1.Ind146.stVal,ST,SiNengEmuLD2/LLN0.dsRemoteSign[145],PCS#2-RS485-FPGA SPI通信异常,"0: 否
1: 是",,,,
778,yx500,BOOLEAN,SiNengEmuLD2/GGIO1.Ind147.stVal,ST,SiNengEmuLD2/LLN0.dsRemoteSign[146],PCS#2-RS485-预留,,,,,
779,yx501,BOOLEAN,SiNengEmuLD2/GGIO1.Ind148.stVal,ST,SiNengEmuLD2/LLN0.dsRemoteSign[147],PCS#2-RS485-温湿度传感器异常,"0: 否
1: 是",,,,
780,yx502,BOOLEAN,SiNengEmuLD2/GGIO1.Ind149.stVal,ST,SiNengEmuLD2/LLN0.dsRemoteSign[148],PCS#2-RS485-AD SPI通信异常,"0: 否
1: 是",,,,
781,yx503,BOOLEAN,SiNengEmuLD2/GGIO1.Ind150.stVal,ST,SiNengEmuLD2/LLN0.dsRemoteSign[149],PCS#2-RS485-监控死机,"0: 否
1: 是",,,,
782,yx504,BOOLEAN,SiNengEmuLD2/GGIO1.Ind151.stVal,ST,SiNengEmuLD2/LLN0.dsRemoteSign[150],PCS#2-RS485-DSP死机,"0: 否
1: 是",,,,
783,yx505,BOOLEAN,SiNengEmuLD2/GGIO1.Ind152.stVal,ST,SiNengEmuLD2/LLN0.dsRemoteSign[151],PCS#2-RS485-监控CAN通信异常,"0: 否
1: 是",,,,
784,yx506,BOOLEAN,SiNengEmuLD2/GGIO1.Ind153.stVal,ST,SiNengEmuLD2/LLN0.dsRemoteSign[152],PCS#2-RS485-串行总线通信异常,"0: 否
1: 是",,,,
785,yx507,BOOLEAN,SiNengEmuLD2/GGIO1.Ind154.stVal,ST,SiNengEmuLD2/LLN0.dsRemoteSign[153],PCS#2-RS485-FPGA死机,"0: 否
1: 是",,,,
786,yx508,BOOLEAN,SiNengEmuLD2/GGIO1.Ind155.stVal,ST,SiNengEmuLD2/LLN0.dsRemoteSign[154],PCS#2-RS485-预留,,,,,
787,yx509,BOOLEAN,SiNengEmuLD2/GGIO1.Ind156.stVal,ST,SiNengEmuLD2/LLN0.dsRemoteSign[155],PCS#2-RS485-进风口温度过温,"0: 否
1: 是",,,,
788,yx510,BOOLEAN,SiNengEmuLD2/GGIO1.Ind157.stVal,ST,SiNengEmuLD2/LLN0.dsRemoteSign[156],PCS#2-RS485-控制舱过温,"0: 否
1: 是",,,,
789,yx511,BOOLEAN,SiNengEmuLD2/GGIO1.Ind158.stVal,ST,SiNengEmuLD2/LLN0.dsRemoteSign[157],PCS#2-RS485-风扇电源变压器过温,"0: 否
1: 是",,,,
790,yx512,BOOLEAN,SiNengEmuLD2/GGIO1.Ind159.stVal,ST,SiNengEmuLD2/LLN0.dsRemoteSign[158],PCS#2-RS485-预留,,,,,
791,yx513,BOOLEAN,SiNengEmuLD2/GGIO1.Ind160.stVal,ST,SiNengEmuLD2/LLN0.dsRemoteSign[159],PCS#2-RS485-预留,,,,,
792,yx514,BOOLEAN,SiNengEmuLD2/GGIO1.Ind161.stVal,ST,SiNengEmuLD2/LLN0.dsRemoteSign[160],PCS#2-RS485-交流输入220VDC输出辅助电源板故障,"0: 否
1: 是",,,,
793,yx515,BOOLEAN,SiNengEmuLD2/GGIO1.Ind162.stVal,ST,SiNengEmuLD2/LLN0.dsRemoteSign[161],PCS#2-RS485-直流输入220VDC输出辅助电源板故障,"0: 否
1: 是",,,,
794,yx516,BOOLEAN,SiNengEmuLD2/GGIO1.Ind163.stVal,ST,SiNengEmuLD2/LLN0.dsRemoteSign[162],PCS#2-RS485-监控15V电源异常,"0: 否
1: 是",,,,
795,yx517,BOOLEAN,SiNengEmuLD2/GGIO1.Ind164.stVal,ST,SiNengEmuLD2/LLN0.dsRemoteSign[163],PCS#2-RS485-预留,,,,,
796,yx518,BOOLEAN,SiNengEmuLD2/GGIO1.Ind165.stVal,ST,SiNengEmuLD2/LLN0.dsRemoteSign[164],PCS#2-RS485-预留,,,,,
797,yx519,BOOLEAN,SiNengEmuLD2/GGIO1.Ind166.stVal,ST,SiNengEmuLD2/LLN0.dsRemoteSign[165],PCS#2-RS485-远程EPO,"0: 否
1: 是",,,,
798,yx520,BOOLEAN,SiNengEmuLD2/GGIO1.Ind167.stVal,ST,SiNengEmuLD2/LLN0.dsRemoteSign[166],PCS#2-RS485-EPO,"0: 否
1: 是",,,,
799,yx521,BOOLEAN,SiNengEmuLD2/GGIO1.Ind168.stVal,ST,SiNengEmuLD2/LLN0.dsRemoteSign[167],PCS#2-RS485-预留,,,,,
800,yx522,BOOLEAN,SiNengEmuLD2/GGIO1.Ind169.stVal,ST,SiNengEmuLD2/LLN0.dsRemoteSign[168],PCS#2-RS485-监控板硬件版本错误,"0: 否
1: 是",,,,
801,yx523,BOOLEAN,SiNengEmuLD2/GGIO1.Ind170.stVal,ST,SiNengEmuLD2/LLN0.dsRemoteSign[169],PCS#2-RS485-预留,,,,,
802,yx524,BOOLEAN,SiNengEmuLD2/GGIO1.Ind171.stVal,ST,SiNengEmuLD2/LLN0.dsRemoteSign[170],PCS#2-RS485-干接点关机,"0: 否
1: 是",,,,
803,yx525,BOOLEAN,SiNengEmuLD2/GGIO1.Ind172.stVal,ST,SiNengEmuLD2/LLN0.dsRemoteSign[171],PCS#2-RS485-预留,,,,,
804,yx526,BOOLEAN,SiNengEmuLD2/GGIO1.Ind173.stVal,ST,SiNengEmuLD2/LLN0.dsRemoteSign[172],PCS#2-RS485-预留,,,,,
805,yx527,BOOLEAN,SiNengEmuLD2/GGIO1.Ind174.stVal,ST,SiNengEmuLD2/LLN0.dsRemoteSign[173],PCS#2-RS485-预留,,,,,
806,yx528,BOOLEAN,SiNengEmuLD2/GGIO1.Ind175.stVal,ST,SiNengEmuLD2/LLN0.dsRemoteSign[174],PCS#2-RS485-预留,,,,,
807,yx529,BOOLEAN,SiNengEmuLD2/GGIO1.Ind176.stVal,ST,SiNengEmuLD2/LLN0.dsRemoteSign[175],PCS#2-RS485-预留,,,,,
808,yx530,BOOLEAN,SiNengEmuLD2/GGIO1.Ind177.stVal,ST,SiNengEmuLD2/LLN0.dsRemoteSign[176],PCS#2-RS485-预留,,,,,
809,yx531,BOOLEAN,SiNengEmuLD2/GGIO1.Ind178.stVal,ST,SiNengEmuLD2/LLN0.dsRemoteSign[177],PCS#2-RS485-预留,,,,,
810,yx532,BOOLEAN,SiNengEmuLD2/GGIO1.Ind179.stVal,ST,SiNengEmuLD2/LLN0.dsRemoteSign[178],PCS#2-RS485-预留,,,,,
811,yx533,BOOLEAN,SiNengEmuLD2/GGIO1.Ind180.stVal,ST,SiNengEmuLD2/LLN0.dsRemoteSign[179],PCS#2-RS485-预留,,,,,
812,yx534,BOOLEAN,SiNengEmuLD2/GGIO1.Ind181.stVal,ST,SiNengEmuLD2/LLN0.dsRemoteSign[180],PCS#2-RS485-预留,,,,,
813,yx535,BOOLEAN,SiNengEmuLD2/GGIO1.Ind182.stVal,ST,SiNengEmuLD2/LLN0.dsRemoteSign[181],PCS#2-RS485-预留,,,,,
814,yx536,BOOLEAN,SiNengEmuLD2/GGIO1.Ind183.stVal,ST,SiNengEmuLD2/LLN0.dsRemoteSign[182],PCS#2-RS485-预留,,,,,
815,yx537,BOOLEAN,SiNengEmuLD2/GGIO1.Ind184.stVal,ST,SiNengEmuLD2/LLN0.dsRemoteSign[183],PCS#2-RS485-预留,,,,,
816,yx538,BOOLEAN,SiNengEmuLD2/GGIO1.Ind185.stVal,ST,SiNengEmuLD2/LLN0.dsRemoteSign[184],PCS#2-RS485-预留,,,,,
817,yx539,BOOLEAN,SiNengEmuLD2/GGIO1.Ind186.stVal,ST,SiNengEmuLD2/LLN0.dsRemoteSign[185],PCS#2-RS485-预留,,,,,
818,yx540,BOOLEAN,SiNengEmuLD2/GGIO1.Ind187.stVal,ST,SiNengEmuLD2/LLN0.dsRemoteSign[186],PCS#2-RS485-预留,,,,,
819,yx541,BOOLEAN,SiNengEmuLD2/GGIO1.Ind188.stVal,ST,SiNengEmuLD2/LLN0.dsRemoteSign[187],PCS#2-RS485-预留,,,,,
820,yx542,BOOLEAN,SiNengEmuLD2/GGIO1.Ind189.stVal,ST,SiNengEmuLD2/LLN0.dsRemoteSign[188],PCS#2-RS485-预留,,,,,
821,yx543,BOOLEAN,SiNengEmuLD2/GGIO1.Ind190.stVal,ST,SiNengEmuLD2/LLN0.dsRemoteSign[189],PCS#2-RS485-预留,,,,,
822,yx544,BOOLEAN,SiNengEmuLD2/GGIO1.Ind191.stVal,ST,SiNengEmuLD2/LLN0.dsRemoteSign[190],PCS#2-RS485-220V电源异常,"0: 否
1: 是",,,,
823,yx545,BOOLEAN,SiNengEmuLD2/GGIO1.Ind192.stVal,ST,SiNengEmuLD2/LLN0.dsRemoteSign[191],PCS#2-RS485-预留,,,,,
824,yx546,BOOLEAN,SiNengEmuLD2/GGIO1.Ind193.stVal,ST,SiNengEmuLD2/LLN0.dsRemoteSign[192],PCS#2-RS485-RS485B通信中断,"0: 否
1: 是",,,,
825,yx547,BOOLEAN,SiNengEmuLD2/GGIO1.Ind194.stVal,ST,SiNengEmuLD2/LLN0.dsRemoteSign[193],PCS#2-RS485-RS485C通信中断,"0: 否
1: 是",,,,
826,yx548,BOOLEAN,SiNengEmuLD2/GGIO1.Ind195.stVal,ST,SiNengEmuLD2/LLN0.dsRemoteSign[194],PCS#2-RS485-BMS通信故障,"0: 否
1: 是",,,,
827,yx549,BOOLEAN,SiNengEmuLD2/GGIO1.Ind196.stVal,ST,SiNengEmuLD2/LLN0.dsRemoteSign[195],PCS#2-RS485-预留,,,,,
828,yx550,BOOLEAN,SiNengEmuLD2/GGIO1.Ind197.stVal,ST,SiNengEmuLD2/LLN0.dsRemoteSign[196],PCS#2-RS485-控制舱湿度超标,"0: 否
1: 是",,,,
829,yx551,BOOLEAN,SiNengEmuLD2/GGIO1.Ind198.stVal,ST,SiNengEmuLD2/LLN0.dsRemoteSign[197],PCS#2-RS485-ModbusTCP通信中断,"0: 否
1: 是",,,,
830,yx552,BOOLEAN,SiNengEmuLD2/GGIO1.Ind199.stVal,ST,SiNengEmuLD2/LLN0.dsRemoteSign[198],PCS#2-RS485-预留,,,,,
831,yx553,BOOLEAN,SiNengEmuLD2/GGIO1.Ind200.stVal,ST,SiNengEmuLD2/LLN0.dsRemoteSign[199],PCS#2-RS485-预留,,,,,
832,yx554,BOOLEAN,SiNengEmuLD2/GGIO1.Ind201.stVal,ST,SiNengEmuLD2/LLN0.dsRemoteSign[200],PCS#2-RS485-EH12主功率风扇1故障,"0: 否
1: 是",,,,
833,yx555,BOOLEAN,SiNengEmuLD2/GGIO1.Ind202.stVal,ST,SiNengEmuLD2/LLN0.dsRemoteSign[201],PCS#2-RS485-EH12主功率风扇2故障,"0: 否
1: 是",,,,
834,yx556,BOOLEAN,SiNengEmuLD2/GGIO1.Ind203.stVal,ST,SiNengEmuLD2/LLN0.dsRemoteSign[202],PCS#2-RS485-EH12二相流风扇1故障,"0: 否
1: 是",,,,
835,yx557,BOOLEAN,SiNengEmuLD2/GGIO1.Ind204.stVal,ST,SiNengEmuLD2/LLN0.dsRemoteSign[203],PCS#2-RS485-EH12二相流风扇2故障,"0: 否
1: 是",,,,
836,yx558,BOOLEAN,SiNengEmuLD2/GGIO1.Ind205.stVal,ST,SiNengEmuLD2/LLN0.dsRemoteSign[204],PCS#2-RS485-EH12扰流风扇1故障,"0: 否
1: 是",,,,
837,yx559,BOOLEAN,SiNengEmuLD2/GGIO1.Ind206.stVal,ST,SiNengEmuLD2/LLN0.dsRemoteSign[205],PCS#2-RS485-EH12扰流风扇2故障,"0: 否
1: 是",,,,
838,yx560,BOOLEAN,SiNengEmuLD2/GGIO1.Ind207.stVal,ST,SiNengEmuLD2/LLN0.dsRemoteSign[206],PCS#2-RS485-电池过压,"0: 否
1: 是",,,,
839,yx561,BOOLEAN,SiNengEmuLD2/GGIO1.Ind208.stVal,ST,SiNengEmuLD2/LLN0.dsRemoteSign[207],PCS#2-RS485-电池欠压,"0: 否
1: 是",,,,
840,yx562,BOOLEAN,SiNengEmuLD2/GGIO1.Ind209.stVal,ST,SiNengEmuLD2/LLN0.dsRemoteSign[208],PCS#2-RS485-电池正对地过压,"0: 否
1: 是",,,,
841,yx563,BOOLEAN,SiNengEmuLD2/GGIO1.Ind210.stVal,ST,SiNengEmuLD2/LLN0.dsRemoteSign[209],PCS#2-RS485-电池负对地过压,"0: 否
1: 是",,,,
842,yx564,BOOLEAN,SiNengEmuLD2/GGIO1.Ind211.stVal,ST,SiNengEmuLD2/LLN0.dsRemoteSign[210],PCS#2-RS485-交流漏电流异常,"0: 否
1: 是",,,,
843,yx565,BOOLEAN,SiNengEmuLD2/GGIO1.Ind212.stVal,ST,SiNengEmuLD2/LLN0.dsRemoteSign[211],PCS#2-RS485-绝缘阻抗异常,"0: 否
1: 是",,,,
844,yx566,BOOLEAN,SiNengEmuLD2/GGIO1.Ind213.stVal,ST,SiNengEmuLD2/LLN0.dsRemoteSign[212],PCS#2-RS485-电池反,"0: 否
1: 是",,,,
845,yx567,BOOLEAN,SiNengEmuLD2/GGIO1.Ind214.stVal,ST,SiNengEmuLD2/LLN0.dsRemoteSign[213],PCS#2-RS485-交流电操短路故障,"0: 否
1: 是",,,,
846,yx568,BOOLEAN,SiNengEmuLD2/GGIO1.Ind215.stVal,ST,SiNengEmuLD2/LLN0.dsRemoteSign[214],PCS#2-RS485-交流电操开路故障,"0: 否
1: 是",,,,
847,yx569,BOOLEAN,SiNengEmuLD2/GGIO1.Ind216.stVal,ST,SiNengEmuLD2/LLN0.dsRemoteSign[215],PCS#2-RS485-PWM发波时间设置错误,"0: 否
1: 是",,,,
848,yx570,BOOLEAN,SiNengEmuLD2/GGIO1.Ind217.stVal,ST,SiNengEmuLD2/LLN0.dsRemoteSign[216],PCS#2-RS485-与监控板通信异常,"0: 否
1: 是",,,,
849,yx571,BOOLEAN,SiNengEmuLD2/GGIO1.Ind218.stVal,ST,SiNengEmuLD2/LLN0.dsRemoteSign[217],PCS#2-RS485-预留,,,,,
850,yx572,BOOLEAN,SiNengEmuLD2/GGIO1.Ind219.stVal,ST,SiNengEmuLD2/LLN0.dsRemoteSign[218],PCS#2-RS485-交流软启异常,"0: 否
1: 是",,,,
851,yx573,BOOLEAN,SiNengEmuLD2/GGIO1.Ind220.stVal,ST,SiNengEmuLD2/LLN0.dsRemoteSign[219],PCS#2-RS485-交流软启温度异常,"0: 否
1: 是",,,,
852,yx574,BOOLEAN,SiNengEmuLD2/GGIO1.Ind221.stVal,ST,SiNengEmuLD2/LLN0.dsRemoteSign[220],PCS#2-RS485-频率响应曲线设置错误,"0: 否
1: 是",,,,
853,yx575,BOOLEAN,SiNengEmuLD2/GGIO1.Ind222.stVal,ST,SiNengEmuLD2/LLN0.dsRemoteSign[221],PCS#2-RS485-载波同步主机冲突,"0: 否
1: 是",,,,
854,yx576,BOOLEAN,SiNengEmuLD2/GGIO1.Ind223.stVal,ST,SiNengEmuLD2/LLN0.dsRemoteSign[222],PCS#2-RS485-运行模式,"0: 并网
1: 离网",,,,
855,yx577,BOOLEAN,SiNengEmuLD2/GGIO1.Ind224.stVal,ST,SiNengEmuLD2/LLN0.dsRemoteSign[223],PCS#2-RS485-V-F模式,"0: 否
1: 是",,,,
856,yx578,BOOLEAN,SiNengEmuLD2/GGIO1.Ind225.stVal,ST,SiNengEmuLD2/LLN0.dsRemoteSign[224],PCS#2-RS485-构网模式,"0: 否
1: 是",,,,
857,yx579,BOOLEAN,SiNengEmuLD2/GGIO1.Ind226.stVal,ST,SiNengEmuLD2/LLN0.dsRemoteSign[225],PCS#2-RS485-预留,,,,,
858,yx580,BOOLEAN,SiNengEmuLD2/GGIO1.Ind227.stVal,ST,SiNengEmuLD2/LLN0.dsRemoteSign[226],PCS#2-RS485-预留,,,,,
859,yx581,BOOLEAN,SiNengEmuLD2/GGIO1.Ind228.stVal,ST,SiNengEmuLD2/LLN0.dsRemoteSign[227],PCS#2-RS485-预留,,,,,
860,yx582,BOOLEAN,SiNengEmuLD2/GGIO1.Ind229.stVal,ST,SiNengEmuLD2/LLN0.dsRemoteSign[228],PCS#2-RS485-预留,,,,,
861,yx583,BOOLEAN,SiNengEmuLD2/GGIO1.Ind230.stVal,ST,SiNengEmuLD2/LLN0.dsRemoteSign[229],PCS#2-RS485-预留,,,,,
862,yx584,BOOLEAN,SiNengEmuLD2/GGIO1.Ind231.stVal,ST,SiNengEmuLD2/LLN0.dsRemoteSign[230],PCS#2-RS485-预留,,,,,
863,yx585,BOOLEAN,SiNengEmuLD2/GGIO1.Ind232.stVal,ST,SiNengEmuLD2/LLN0.dsRemoteSign[231],PCS#2-RS485-预留,,,,,
864,yx586,BOOLEAN,SiNengEmuLD2/GGIO1.Ind233.stVal,ST,SiNengEmuLD2/LLN0.dsRemoteSign[232],PCS#2-RS485-预留,,,,,
865,yx587,BOOLEAN,SiNengEmuLD2/GGIO1.Ind234.stVal,ST,SiNengEmuLD2/LLN0.dsRemoteSign[233],PCS#2-RS485-预留,,,,,
866,yx588,BOOLEAN,SiNengEmuLD2/GGIO1.Ind235.stVal,ST,SiNengEmuLD2/LLN0.dsRemoteSign[234],PCS#2-RS485-预留,,,,,
867,yx589,BOOLEAN,SiNengEmuLD2/GGIO1.Ind236.stVal,ST,SiNengEmuLD2/LLN0.dsRemoteSign[235],PCS#2-RS485-预留,,,,,
868,yx590,BOOLEAN,SiNengEmuLD2/GGIO1.Ind237.stVal,ST,SiNengEmuLD2/LLN0.dsRemoteSign[236],PCS#2-RS485-预留,,,,,
869,yx591,BOOLEAN,SiNengEmuLD2/GGIO1.Ind238.stVal,ST,SiNengEmuLD2/LLN0.dsRemoteSign[237],PCS#2-RS485-预留,,,,,
870,yx592,BOOLEAN,SiNengEmuLD2/GGIO1.Ind239.stVal,ST,SiNengEmuLD2/LLN0.dsRemoteSign[238],PCS#2-RS485-预留,,,,,
871,yx593,BOOLEAN,SiNengEmuLD2/GGIO1.Ind240.stVal,ST,SiNengEmuLD2/LLN0.dsRemoteSign[239],PCS#2-RS485-变流器开启,"0：未启动
1：开启",,,,
872,yx594,BOOLEAN,SiNengEmuLD2/GGIO1.Ind241.stVal,ST,SiNengEmuLD2/LLN0.dsRemoteSign[240],PCS#2-RS485-告警运行,"0：无告警运
1：告警运行",,,,
873,yx595,BOOLEAN,SiNengEmuLD2/GGIO1.Ind242.stVal,ST,SiNengEmuLD2/LLN0.dsRemoteSign[241],PCS#2-RS485-降额运行,"0：无降额
1：降额运行",,,,
874,yx596,BOOLEAN,SiNengEmuLD2/GGIO1.Ind243.stVal,ST,SiNengEmuLD2/LLN0.dsRemoteSign[242],PCS#2-RS485-过载运行,"0: 否
1: 是",,,,
875,yx597,BOOLEAN,SiNengEmuLD2/GGIO1.Ind244.stVal,ST,SiNengEmuLD2/LLN0.dsRemoteSign[243],PCS#2-RS485-待机状态,"0: 否
1: 是",,,,
876,yx598,BOOLEAN,SiNengEmuLD2/GGIO1.Ind245.stVal,ST,SiNengEmuLD2/LLN0.dsRemoteSign[244],PCS#2-RS485-热备状态,"0: 否
1: 是",,,,
877,yx599,BOOLEAN,SiNengEmuLD2/GGIO1.Ind246.stVal,ST,SiNengEmuLD2/LLN0.dsRemoteSign[245],PCS#2-RS485-充电状态,"0: 否
1: 是",,,,
878,yx600,BOOLEAN,SiNengEmuLD2/GGIO1.Ind247.stVal,ST,SiNengEmuLD2/LLN0.dsRemoteSign[246],PCS#2-RS485-放电状态,"0: 否
1: 是",,,,
879,yx601,BOOLEAN,SiNengEmuLD2/GGIO1.Ind248.stVal,ST,SiNengEmuLD2/LLN0.dsRemoteSign[247],PCS#2-RS485-限压充电,"0: 否
1: 是",,,,
880,yx602,BOOLEAN,SiNengEmuLD2/GGIO1.Ind249.stVal,ST,SiNengEmuLD2/LLN0.dsRemoteSign[248],PCS#2-RS485-限压放电,"0: 否
1: 是",,,,
881,yx603,BOOLEAN,SiNengEmuLD2/GGIO1.Ind250.stVal,ST,SiNengEmuLD2/LLN0.dsRemoteSign[249],PCS#2-RS485-限流充电,"0: 否
1: 是",,,,
882,yx604,BOOLEAN,SiNengEmuLD2/GGIO1.Ind251.stVal,ST,SiNengEmuLD2/LLN0.dsRemoteSign[250],PCS#2-RS485-限流放电,"0: 否
1: 是",,,,
883,yx605,BOOLEAN,SiNengEmuLD2/GGIO1.Ind252.stVal,ST,SiNengEmuLD2/LLN0.dsRemoteSign[251],PCS#2-RS485-预充电状态（预留）,"0: 否
1: 是",,,,
884,yx606,BOOLEAN,SiNengEmuLD2/GGIO1.Ind253.stVal,ST,SiNengEmuLD2/LLN0.dsRemoteSign[252],PCS#2-RS485-开机允许,"0: 否
1: 是",,,,
885,yx607,BOOLEAN,SiNengEmuLD2/GGIO1.Ind254.stVal,ST,SiNengEmuLD2/LLN0.dsRemoteSign[253],PCS#2-RS485-预留,,,,,
886,yx608,BOOLEAN,SiNengEmuLD2/GGIO1.Ind255.stVal,ST,SiNengEmuLD2/LLN0.dsRemoteSign[254],PCS#2-RS485-预留,,,,,
887,yx609,BOOLEAN,SiNengEmuLD2/GGIO1.Ind256.stVal,ST,SiNengEmuLD2/LLN0.dsRemoteSign[255],PCS#2-RS485-预留,,,,,
888,yx610,BOOLEAN,SiNengEmuLD2/GGIO1.Ind257.stVal,ST,SiNengEmuLD2/LLN0.dsRemoteSign[256],PCS#2-RS485-预留,,,,,
889,yx611,BOOLEAN,SiNengEmuLD2/GGIO1.Ind258.stVal,ST,SiNengEmuLD2/LLN0.dsRemoteSign[257],PCS#2-RS485-预留,,,,,
890,yx612,BOOLEAN,SiNengEmuLD2/GGIO1.Ind259.stVal,ST,SiNengEmuLD2/LLN0.dsRemoteSign[258],PCS#2-RS485-预留,,,,,
891,yx613,BOOLEAN,SiNengEmuLD2/GGIO1.Ind260.stVal,ST,SiNengEmuLD2/LLN0.dsRemoteSign[259],PCS#2-RS485-预留,,,,,
892,yx614,BOOLEAN,SiNengEmuLD2/GGIO1.Ind261.stVal,ST,SiNengEmuLD2/LLN0.dsRemoteSign[260],PCS#2-RS485-预留,,,,,
893,yx615,BOOLEAN,SiNengEmuLD2/GGIO1.Ind262.stVal,ST,SiNengEmuLD2/LLN0.dsRemoteSign[261],PCS#2-RS485-预留,,,,,
894,yx616,BOOLEAN,SiNengEmuLD2/GGIO1.Ind263.stVal,ST,SiNengEmuLD2/LLN0.dsRemoteSign[262],PCS#2-RS485-预留,,,,,
895,yx617,BOOLEAN,SiNengEmuLD2/GGIO1.Ind264.stVal,ST,SiNengEmuLD2/LLN0.dsRemoteSign[263],PCS#2-RS485-预留,,,,,
896,yx618,BOOLEAN,SiNengEmuLD2/GGIO1.Ind265.stVal,ST,SiNengEmuLD2/LLN0.dsRemoteSign[264],PCS#2-RS485-预留,,,,,
897,yx619,BOOLEAN,SiNengEmuLD2/GGIO1.Ind266.stVal,ST,SiNengEmuLD2/LLN0.dsRemoteSign[265],PCS#2-RS485-预留,,,,,
898,yx620,BOOLEAN,SiNengEmuLD2/GGIO1.Ind267.stVal,ST,SiNengEmuLD2/LLN0.dsRemoteSign[266],PCS#2-RS485-预留,,,,,
899,yx621,BOOLEAN,SiNengEmuLD2/GGIO1.Ind268.stVal,ST,SiNengEmuLD2/LLN0.dsRemoteSign[267],PCS#2-RS485-预留,,,,,
900,yx622,BOOLEAN,SiNengEmuLD2/GGIO1.Ind269.stVal,ST,SiNengEmuLD2/LLN0.dsRemoteSign[268],PCS#2-RS485-预留,,,,,
901,yx623,BOOLEAN,SiNengEmuLD2/GGIO1.Ind270.stVal,ST,SiNengEmuLD2/LLN0.dsRemoteSign[269],PCS#2-RS485-一次调频,"0: 否
1: 是",,,,
902,yx624,BOOLEAN,SiNengEmuLD2/GGIO1.Ind271.stVal,ST,SiNengEmuLD2/LLN0.dsRemoteSign[270],PCS#2-RS485-A1板就绪,"0: 否
1: 是",,,,
903,yx625,BOOLEAN,SiNengEmuLD2/GGIO1.Ind272.stVal,ST,SiNengEmuLD2/LLN0.dsRemoteSign[271],PCS#2-RS485-预留,,,,,
904,yx626,BOOLEAN,SiNengEmuLD2/GGIO1.Ind273.stVal,ST,SiNengEmuLD2/LLN0.dsRemoteSign[272],PCS#2-RS485-预留,,,,,
905,yx627,BOOLEAN,SiNengEmuLD2/GGIO1.Ind274.stVal,ST,SiNengEmuLD2/LLN0.dsRemoteSign[273],PCS#2-RS485-扰流风扇启停,"0：未启动
1：启动",,,,
906,yx628,BOOLEAN,SiNengEmuLD2/GGIO1.Ind275.stVal,ST,SiNengEmuLD2/LLN0.dsRemoteSign[274],PCS#2-RS485-逆变控制脱扣操作,"0：未操作
1：脱扣",,,,
907,yx629,BOOLEAN,SiNengEmuLD2/GGIO1.Ind276.stVal,ST,SiNengEmuLD2/LLN0.dsRemoteSign[275],PCS#2-RS485-Servive模式,"0: 否
1: 是",,,,
908,yx630,BOOLEAN,SiNengEmuLD2/GGIO1.Ind277.stVal,ST,SiNengEmuLD2/LLN0.dsRemoteSign[276],PCS#2-RS485-控制板保护关机,"0: 否
1: 是",,,,
909,yx631,BOOLEAN,SiNengEmuLD2/GGIO1.Ind278.stVal,ST,SiNengEmuLD2/LLN0.dsRemoteSign[277],PCS#2-RS485-监控板保护关机,"0: 否
1: 是",,,,
910,yx632,BOOLEAN,SiNengEmuLD2/GGIO1.Ind279.stVal,ST,SiNengEmuLD2/LLN0.dsRemoteSign[278],PCS#2-RS485-大风扇启动,"0: 否
1: 是",,,,
911,yx633,BOOLEAN,SiNengEmuLD2/GGIO1.Ind280.stVal,ST,SiNengEmuLD2/LLN0.dsRemoteSign[279],PCS#2-RS485-二相流风扇启动,"0: 否
1: 是",,,,
912,yx634,BOOLEAN,SiNengEmuLD2/GGIO1.Ind281.stVal,ST,SiNengEmuLD2/LLN0.dsRemoteSign[280],PCS#2-RS485-预留,,,,,
913,yx635,BOOLEAN,SiNengEmuLD2/GGIO1.Ind282.stVal,ST,SiNengEmuLD2/LLN0.dsRemoteSign[281],PCS#2-RS485-面板开机旋钮,"0：开机禁止
1：开机允许",,,,
914,yx636,BOOLEAN,SiNengEmuLD2/GGIO1.Ind283.stVal,ST,SiNengEmuLD2/LLN0.dsRemoteSign[282],PCS#2-RS485-预留,,,,,
915,yx637,BOOLEAN,SiNengEmuLD2/GGIO1.Ind284.stVal,ST,SiNengEmuLD2/LLN0.dsRemoteSign[283],PCS#2-RS485-预留,,,,,
916,yx638,BOOLEAN,SiNengEmuLD2/GGIO1.Ind285.stVal,ST,SiNengEmuLD2/LLN0.dsRemoteSign[284],PCS#2-RS485-EPO死锁状态,"0：正常
1：死锁",,,,
917,yx639,BOOLEAN,SiNengEmuLD2/GGIO1.Ind286.stVal,ST,SiNengEmuLD2/LLN0.dsRemoteSign[285],PCS#2-RS485-功率异常死锁状态,"0：正常
1：死锁",,,,
918,yx640,BOOLEAN,SiNengEmuLD2/GGIO1.Ind287.stVal,ST,SiNengEmuLD2/LLN0.dsRemoteSign[286],PCS#2-RS485-交流开关状态,"0：分
1：合",,,,
919,yx641,BOOLEAN,SiNengEmuLD2/GGIO1.Ind288.stVal,ST,SiNengEmuLD2/LLN0.dsRemoteSign[287],PCS#2-RS485-预留,,,,,
920,yx642,BOOLEAN,SiNengEmuLD2/GGIO1.Ind289.stVal,ST,SiNengEmuLD2/LLN0.dsRemoteSign[288],PCS#2-RS485-预留,,,,,
921,yx643,BOOLEAN,SiNengEmuLD2/GGIO1.Ind290.stVal,ST,SiNengEmuLD2/LLN0.dsRemoteSign[289],PCS#2-RS485-预留,,,,,
922,yx644,BOOLEAN,SiNengEmuLD2/GGIO1.Ind291.stVal,ST,SiNengEmuLD2/LLN0.dsRemoteSign[290],PCS#2-RS485-预留,,,,,
923,yx645,BOOLEAN,SiNengEmuLD2/GGIO1.Ind292.stVal,ST,SiNengEmuLD2/LLN0.dsRemoteSign[291],PCS#2-RS485-预留,,,,,
924,yx646,BOOLEAN,SiNengEmuLD2/GGIO1.Ind293.stVal,ST,SiNengEmuLD2/LLN0.dsRemoteSign[292],PCS#2-RS485-预留,,,,,
925,yx647,BOOLEAN,SiNengEmuLD2/GGIO1.Ind294.stVal,ST,SiNengEmuLD2/LLN0.dsRemoteSign[293],PCS#2-RS485-预留,,,,,
926,yx648,BOOLEAN,SiNengEmuLD2/GGIO1.Ind295.stVal,ST,SiNengEmuLD2/LLN0.dsRemoteSign[294],PCS#2-RS485-预留,,,,,
927,yx649,BOOLEAN,SiNengEmuLD2/GGIO1.Ind296.stVal,ST,SiNengEmuLD2/LLN0.dsRemoteSign[295],PCS#2-RS485-预留,,,,,
928,yx650,BOOLEAN,SiNengEmuLD2/GGIO1.Ind297.stVal,ST,SiNengEmuLD2/LLN0.dsRemoteSign[296],PCS#2-RS485-遥控开机,"0: 否
1: 是",,,,
929,yx651,BOOLEAN,SiNengEmuLD2/GGIO1.Ind298.stVal,ST,SiNengEmuLD2/LLN0.dsRemoteSign[297],PCS#2-RS485-遥控关机,"0: 否
1: 是",,,,
930,yx652,BOOLEAN,SiNengEmuLD2/GGIO1.Ind299.stVal,ST,SiNengEmuLD2/LLN0.dsRemoteSign[298],PCS#2-RS485-禁止充电,"0: 否
1: 是",,,,
931,yx653,BOOLEAN,SiNengEmuLD2/GGIO1.Ind300.stVal,ST,SiNengEmuLD2/LLN0.dsRemoteSign[299],PCS#2-RS485-禁止放电,"0: 否
1: 是",,,,
932,yx654,BOOLEAN,SiNengEmuLD2/GGIO1.Ind301.stVal,ST,SiNengEmuLD2/LLN0.dsRemoteSign[300],PCS#2-RS485-手动开机,"0: 否
1: 是",,,,
933,yx655,BOOLEAN,SiNengEmuLD2/GGIO1.Ind302.stVal,ST,SiNengEmuLD2/LLN0.dsRemoteSign[301],PCS#2-RS485-手动关机,"0: 否
1: 是",,,,
934,yx656,BOOLEAN,SiNengEmuLD2/GGIO1.Ind303.stVal,ST,SiNengEmuLD2/LLN0.dsRemoteSign[302],PCS#2-RS485-电操状态,"0: 否
1: 是",,,,
935,yx657,BOOLEAN,SiNengEmuLD2/GGIO1.Ind304.stVal,ST,SiNengEmuLD2/LLN0.dsRemoteSign[303],PCS#2-RS485-开机禁止,"0: 否
1: 是",,,,
936,yx658,BOOLEAN,SiNengEmuLD2/GGIO1.Ind305.stVal,ST,SiNengEmuLD2/LLN0.dsRemoteSign[304],PCS#2-RS485-总故障,"0: 否
1: 是",,,,
937,yx659,BOOLEAN,SiNengEmuLD2/GGIO1.Ind306.stVal,ST,SiNengEmuLD2/LLN0.dsRemoteSign[305],PCS#2-RS485-BMS告警,"0: 否
1: 是",,,,
938,yx660,BOOLEAN,SiNengEmuLD2/GGIO1.Ind307.stVal,ST,SiNengEmuLD2/LLN0.dsRemoteSign[306],PCS#2-RS485-BMS故障,"0: 否
1: 是",,,,
939,yx661,BOOLEAN,SiNengEmuLD2/GGIO1.Ind308.stVal,ST,SiNengEmuLD2/LLN0.dsRemoteSign[307],PCS#2-RS485-BMS禁止充电,"0: 否
1: 是",,,,
940,yx662,BOOLEAN,SiNengEmuLD2/GGIO1.Ind309.stVal,ST,SiNengEmuLD2/LLN0.dsRemoteSign[308],PCS#2-RS485-BMS禁止放电,"0: 否
1: 是",,,,
941,yx663,BOOLEAN,SiNengEmuLD2/GGIO1.Ind310.stVal,ST,SiNengEmuLD2/LLN0.dsRemoteSign[309],PCS#2-RS485-预留,,,,,
942,yx664,BOOLEAN,SiNengEmuLD2/GGIO1.Ind311.stVal,ST,SiNengEmuLD2/LLN0.dsRemoteSign[310],PCS#2-RS485-总告警,"0: 否
1: 是",,,,
943,yx665,BOOLEAN,SiNengEmuLD2/GGIO1.Ind312.stVal,ST,SiNengEmuLD2/LLN0.dsRemoteSign[311],PCS#2-RS485-快转放电状态,"0: 否
1: 是",,,,
944,yx666,BOOLEAN,SiNengEmuLD2/GGIO1.Ind313.stVal,ST,SiNengEmuLD2/LLN0.dsRemoteSign[312],PCS#2-RS485-预留,,,,,
945,yx667,BOOLEAN,SiNengEmuLD2/GGIO1.Ind314.stVal,ST,SiNengEmuLD2/LLN0.dsRemoteSign[313],PCS#2-RS485-预留,,,,,
946,yx668,BOOLEAN,SiNengEmuLD2/GGIO1.Ind315.stVal,ST,SiNengEmuLD2/LLN0.dsRemoteSign[314],PCS#2-RS485-预留,,,,,
947,yx669,BOOLEAN,SiNengEmuLD2/GGIO1.Ind316.stVal,ST,SiNengEmuLD2/LLN0.dsRemoteSign[315],PCS#2-RS485-预留,,,,,
948,yx670,BOOLEAN,SiNengEmuLD2/GGIO1.Ind317.stVal,ST,SiNengEmuLD2/LLN0.dsRemoteSign[316],PCS#2-RS485-预留,,,,,
949,yx671,BOOLEAN,SiNengEmuLD2/GGIO1.Ind318.stVal,ST,SiNengEmuLD2/LLN0.dsRemoteSign[317],PCS#2-RS485-预留,,,,,
950,yx672,BOOLEAN,SiNengEmuLD2/GGIO1.Ind319.stVal,ST,SiNengEmuLD2/LLN0.dsRemoteSign[318],PCS#2-RS485-预留,,,,,
951,yx673,BOOLEAN,SiNengEmuLD2/GGIO1.Ind320.stVal,ST,SiNengEmuLD2/LLN0.dsRemoteSign[319],PCS#2-RS485-预留,,,,,
952,yx674,BOOLEAN,SiNengEmuLD2/GGIO1.Ind321.stVal,ST,SiNengEmuLD2/LLN0.dsRemoteSign[320],PCS#2-RS485-预留,,,,,
953,yx675,BOOLEAN,SiNengEmuLD2/GGIO1.Ind322.stVal,ST,SiNengEmuLD2/LLN0.dsRemoteSign[321],PCS#2-RS485-预留,,,,,
954,yx676,BOOLEAN,SiNengEmuLD2/GGIO1.Ind323.stVal,ST,SiNengEmuLD2/LLN0.dsRemoteSign[322],PCS#2-RS485-预留,,,,,
955,yx677,BOOLEAN,SiNengEmuLD2/GGIO1.Ind324.stVal,ST,SiNengEmuLD2/LLN0.dsRemoteSign[323],PCS#2-RS485-预留,,,,,
956,yx678,BOOLEAN,SiNengEmuLD2/GGIO1.Ind325.stVal,ST,SiNengEmuLD2/LLN0.dsRemoteSign[324],PCS#2-RS485-预留,,,,,
957,yx679,BOOLEAN,SiNengEmuLD2/GGIO1.Ind326.stVal,ST,SiNengEmuLD2/LLN0.dsRemoteSign[325],PCS#2-RS485-预留,,,,,
958,yx680,BOOLEAN,SiNengEmuLD2/GGIO1.Ind327.stVal,ST,SiNengEmuLD2/LLN0.dsRemoteSign[326],PCS#2-RS485-预留,,,,,
959,yx681,BOOLEAN,SiNengEmuLD2/GGIO1.Ind328.stVal,ST,SiNengEmuLD2/LLN0.dsRemoteSign[327],PCS#2-RS485-预留,,,,,
960,yx682,BOOLEAN,SiNengEmuLD2/GGIO1.Ind329.stVal,ST,SiNengEmuLD2/LLN0.dsRemoteSign[328],PCS#2-RS485-输入干接点1状态,"0：分位
1：合位",,,,
961,yx683,BOOLEAN,SiNengEmuLD2/GGIO1.Ind330.stVal,ST,SiNengEmuLD2/LLN0.dsRemoteSign[329],PCS#2-RS485-输入干接点2状态,"0：分位
1：合位",,,,
962,yx684,BOOLEAN,SiNengEmuLD2/GGIO1.Ind331.stVal,ST,SiNengEmuLD2/LLN0.dsRemoteSign[330],PCS#2-RS485-输入干接点3状态,"0：分位
1：合位",,,,
963,yx685,BOOLEAN,SiNengEmuLD2/GGIO1.Ind332.stVal,ST,SiNengEmuLD2/LLN0.dsRemoteSign[331],PCS#2-RS485-输入干接点4状态,"0：分位
1：合位",,,,
964,yx686,BOOLEAN,SiNengEmuLD2/GGIO1.Ind333.stVal,ST,SiNengEmuLD2/LLN0.dsRemoteSign[332],PCS#2-RS485-输入干接点5状态,"0：分位
1：合位",,,,
965,yx687,BOOLEAN,SiNengEmuLD2/GGIO1.Ind334.stVal,ST,SiNengEmuLD2/LLN0.dsRemoteSign[333],PCS#2-RS485-输入干接点6状态,"0：分位
1：合位",,,,
966,yx688,BOOLEAN,SiNengEmuLD2/GGIO1.Ind335.stVal,ST,SiNengEmuLD2/LLN0.dsRemoteSign[334],PCS#2-RS485-1号输出干接点,"0：未动作
1：动作",,,,
967,yx689,BOOLEAN,SiNengEmuLD2/GGIO1.Ind336.stVal,ST,SiNengEmuLD2/LLN0.dsRemoteSign[335],PCS#2-RS485-2号输出干接点,"0：未动作
1：动作",,,,
968,yx690,BOOLEAN,SiNengEmuLD2/GGIO1.Ind337.stVal,ST,SiNengEmuLD2/LLN0.dsRemoteSign[336],PCS#2-RS485-3号输出干接点,"0：未动作
1：动作",,,,
969,yx691,BOOLEAN,SiNengEmuLD2/GGIO1.Ind338.stVal,ST,SiNengEmuLD2/LLN0.dsRemoteSign[337],PCS#2-RS485-4号输出干接点,"0：未动作
1：动作",,,,
970,yx692,BOOLEAN,SiNengEmuLD2/GGIO1.Ind339.stVal,ST,SiNengEmuLD2/LLN0.dsRemoteSign[338],PCS#2-RS485-输入干接点1触发状态,"0：未触发
1：触发",,,,
971,yx693,BOOLEAN,SiNengEmuLD2/GGIO1.Ind340.stVal,ST,SiNengEmuLD2/LLN0.dsRemoteSign[339],PCS#2-RS485-输入干接点2触发状态,"0：未触发
1：触发",,,,
972,yx694,BOOLEAN,SiNengEmuLD2/GGIO1.Ind341.stVal,ST,SiNengEmuLD2/LLN0.dsRemoteSign[340],PCS#2-RS485-输入干接点3触发状态,"0：未触发
1：触发",,,,
973,yx695,BOOLEAN,SiNengEmuLD2/GGIO1.Ind342.stVal,ST,SiNengEmuLD2/LLN0.dsRemoteSign[341],PCS#2-RS485-输入干接点4触发状态,"0：未触发
1：触发",,,,
974,yx696,BOOLEAN,SiNengEmuLD2/GGIO1.Ind343.stVal,ST,SiNengEmuLD2/LLN0.dsRemoteSign[342],PCS#2-RS485-输入干接点5触发状态,"0：未触发
1：触发",,,,
975,yx697,BOOLEAN,SiNengEmuLD2/GGIO1.Ind344.stVal,ST,SiNengEmuLD2/LLN0.dsRemoteSign[343],PCS#2-RS485-输入干接点6触发状态,"0：未触发
1：触发",,,,
976,yx698,BOOLEAN,SiNengEmuLD2/GGIO1.Ind345.stVal,ST,SiNengEmuLD2/LLN0.dsRemoteSign[344],PCS#2-RS485-遥信预留-1,,,,,
977,yx699,BOOLEAN,SiNengEmuLD2/GGIO1.Ind346.stVal,ST,SiNengEmuLD2/LLN0.dsRemoteSign[345],PCS#2-RS485-遥信预留-2,,,,,
978,yx700,BOOLEAN,SiNengEmuLD2/GGIO1.Ind347.stVal,ST,SiNengEmuLD2/LLN0.dsRemoteSign[346],PCS#2-RS485-遥信预留-3,,,,,
979,yx701,BOOLEAN,SiNengEmuLD2/GGIO1.Ind348.stVal,ST,SiNengEmuLD2/LLN0.dsRemoteSign[347],PCS#2-RS485-遥信预留-4,,,,,
980,yx702,BOOLEAN,SiNengEmuLD2/GGIO1.Ind349.stVal,ST,SiNengEmuLD2/LLN0.dsRemoteSign[348],PCS#2-RS485-遥信预留-5,,,,,
981,yx703,BOOLEAN,SiNengEmuLD2/GGIO1.Ind350.stVal,ST,SiNengEmuLD2/LLN0.dsRemoteSign[349],PCS#2-RS485-遥信预留-6,,,,,
982,yx704,BOOLEAN,SiNengEmuLD2/GGIO1.Ind351.stVal,ST,SiNengEmuLD2/LLN0.dsRemoteSign[350],PCS#2-RS485-遥信预留-7,,,,,
983,yx705,BOOLEAN,SiNengEmuLD2/GGIO1.Ind352.stVal,ST,SiNengEmuLD2/LLN0.dsRemoteSign[351],PCS#2-RS485-遥信预留-8,,,,,
984,yx706,BOOLEAN,SiNengEmuLD2/GGIO1.Ind353.stVal,ST,SiNengEmuLD2/LLN0.dsRemoteSign[352],PCS#2-RS485-遥信预留-9,,,,,
985,yx707,BOOLEAN,SiNengEmuLD2/GGIO1.Ind354.stVal,ST,SiNengEmuLD2/LLN0.dsRemoteSign[353],PCS#2-RS485-遥信预留-10,,,,,
986,yx708,BOOLEAN,SiNengEmuLD10/GGIO1.Ind1.stVal,ST,SiNengEmuLD10/LLN0.dsRemoteSign[0],XBCK-通信异常,,,,,
987,yx709,BOOLEAN,SiNengEmuLD10/GGIO1.Ind2.stVal,ST,SiNengEmuLD10/LLN0.dsRemoteSign[1],XBCK-X3-1-开入1-预留,,,,,
988,yx710,BOOLEAN,SiNengEmuLD10/GGIO1.Ind3.stVal,ST,SiNengEmuLD10/LLN0.dsRemoteSign[2],XBCK-X3-2-开入2-预留,,,,,
989,yx711,BOOLEAN,SiNengEmuLD10/GGIO1.Ind4.stVal,ST,SiNengEmuLD10/LLN0.dsRemoteSign[3],XBCK-X3-3-开入3-预留,,,,,
990,yx712,BOOLEAN,SiNengEmuLD10/GGIO1.Ind5.stVal,ST,SiNengEmuLD10/LLN0.dsRemoteSign[4],XBCK-X3-4-开入4-预留,,,,,
991,yx713,BOOLEAN,SiNengEmuLD10/GGIO1.Ind6.stVal,ST,SiNengEmuLD10/LLN0.dsRemoteSign[5],XBCK-X3-5-开入5-BWD超温跳闸信号,0-正常  1-超温跳闸,,,,
992,yx714,BOOLEAN,SiNengEmuLD10/GGIO1.Ind7.stVal,ST,SiNengEmuLD10/LLN0.dsRemoteSign[6],XBCK-X3-6-开入6-预留,,,,,
993,yx715,BOOLEAN,SiNengEmuLD10/GGIO1.Ind8.stVal,ST,SiNengEmuLD10/LLN0.dsRemoteSign[7],XBCK-X3-7-开入7-预留,,,,,
994,yx716,BOOLEAN,SiNengEmuLD10/GGIO1.Ind9.stVal,ST,SiNengEmuLD10/LLN0.dsRemoteSign[8],XBCK-X3-8-开入8-预留,,,,,
995,yx717,BOOLEAN,SiNengEmuLD10/GGIO1.Ind10.stVal,ST,SiNengEmuLD10/LLN0.dsRemoteSign[9],XBCK-X3-9-开入9-预留,,,,,
996,yx718,BOOLEAN,SiNengEmuLD10/GGIO1.Ind11.stVal,ST,SiNengEmuLD10/LLN0.dsRemoteSign[10],XBCK-X3-10-开入10-预留,,,,,
997,yx719,BOOLEAN,SiNengEmuLD10/GGIO1.Ind12.stVal,ST,SiNengEmuLD10/LLN0.dsRemoteSign[11],XBCK-X3-11-开入11-预留,,,,,
998,yx720,BOOLEAN,SiNengEmuLD10/GGIO1.Ind13.stVal,ST,SiNengEmuLD10/LLN0.dsRemoteSign[12],XBCK-X3-12-开入12-预留,,,,,
999,yx721,BOOLEAN,SiNengEmuLD10/GGIO1.Ind14.stVal,ST,SiNengEmuLD10/LLN0.dsRemoteSign[13],XBCK-X3-13-开入13-WL11网门状态-关门常闭,0-门开  1-门关,,,,
1000,yx722,BOOLEAN,SiNengEmuLD10/GGIO1.Ind15.stVal,ST,SiNengEmuLD10/LLN0.dsRemoteSign[14],XBCK-X3-14-开入14-集装箱门碰-关门常闭,0-门开  1-门关,,,,
1001,yx723,BOOLEAN,SiNengEmuLD10/GGIO1.Ind16.stVal,ST,SiNengEmuLD10/LLN0.dsRemoteSign[15],XBCK-X3-15-开入15-干变温控超温告警,0-正常  1-告警,,,,
1002,yx724,BOOLEAN,SiNengEmuLD10/GGIO1.Ind17.stVal,ST,SiNengEmuLD10/LLN0.dsRemoteSign[16],XBCK-X3-16-开入16-干变风机远传,0-正常  1-风机远传,,,,
1003,yx725,BOOLEAN,SiNengEmuLD10/GGIO1.Ind18.stVal,ST,SiNengEmuLD10/LLN0.dsRemoteSign[17],XBCK-X3-17-开入17-预留,,,,,
1004,yx726,BOOLEAN,SiNengEmuLD10/GGIO1.Ind19.stVal,ST,SiNengEmuLD10/LLN0.dsRemoteSign[18],XBCK-X3-18-开入18-高压室烟感,0-正常  1-烟感告警,,,,
1005,yx727,BOOLEAN,SiNengEmuLD10/GGIO1.Ind20.stVal,ST,SiNengEmuLD10/LLN0.dsRemoteSign[19],XBCK-X3-19-开入19-干变温控故障报警,0-正常  1-故障告警,,,,
1006,yx728,BOOLEAN,SiNengEmuLD10/GGIO1.Ind21.stVal,ST,SiNengEmuLD10/LLN0.dsRemoteSign[20],XBCK-X3-20-开入20-预留,,,,,
1007,yx729,BOOLEAN,SiNengEmuLD10/GGIO1.Ind22.stVal,ST,SiNengEmuLD10/LLN0.dsRemoteSign[21],XBCK-备用,0-分闸  1-合闸,,,,
1008,yx730,BOOLEAN,SiNengEmuLD10/GGIO1.Ind23.stVal,ST,SiNengEmuLD10/LLN0.dsRemoteSign[22],XBCK-备用,0-分闸  1-合闸,,,,
1009,yx731,BOOLEAN,SiNengEmuLD10/GGIO1.Ind24.stVal,ST,SiNengEmuLD10/LLN0.dsRemoteSign[23],XBCK-备用,0-分闸  1-合闸,,,,
1010,yx732,BOOLEAN,SiNengEmuLD10/GGIO1.Ind25.stVal,ST,SiNengEmuLD10/LLN0.dsRemoteSign[24],XBCK-备用,0-分闸  1-合闸,,,,
1011,yx733,BOOLEAN,SiNengEmuLD10/GGIO1.Ind26.stVal,ST,SiNengEmuLD10/LLN0.dsRemoteSign[25],XBCK-备用,0-正常  1-未储能,,,,
1012,yx734,BOOLEAN,SiNengEmuLD10/GGIO1.Ind27.stVal,ST,SiNengEmuLD10/LLN0.dsRemoteSign[26],XBCK-备用,0-分闸  1-合闸,,,,
1013,yx735,BOOLEAN,SiNengEmuLD10/GGIO1.Ind28.stVal,ST,SiNengEmuLD10/LLN0.dsRemoteSign[27],XBCK-备用,0-分闸  1-合闸,,,,
1014,yx736,BOOLEAN,SiNengEmuLD10/GGIO1.Ind29.stVal,ST,SiNengEmuLD10/LLN0.dsRemoteSign[28],XBCK-备用,0-远方  1-就地,,,,
1015,yx737,BOOLEAN,SiNengEmuLD10/GGIO1.Ind30.stVal,ST,SiNengEmuLD10/LLN0.dsRemoteSign[29],XBCK-备用,,,,,
1016,yx738,BOOLEAN,SiNengEmuLD10/GGIO1.Ind31.stVal,ST,SiNengEmuLD10/LLN0.dsRemoteSign[30],XBCK-备用,,,,,
1017,yx739,BOOLEAN,SiNengEmuLD10/GGIO1.Ind32.stVal,ST,SiNengEmuLD10/LLN0.dsRemoteSign[31],XBCK-备用,,,,,
1018,yx740,BOOLEAN,SiNengEmuLD10/GGIO1.Ind33.stVal,ST,SiNengEmuLD10/LLN0.dsRemoteSign[32],XBCK-备用,,,,,
1019,yx741,BOOLEAN,SiNengEmuLD10/GGIO1.Ind34.stVal,ST,SiNengEmuLD10/LLN0.dsRemoteSign[33],XBCK-备用,,,,,
1020,yx742,BOOLEAN,SiNengEmuLD10/GGIO1.Ind35.stVal,ST,SiNengEmuLD10/LLN0.dsRemoteSign[34],XBCK-备用,,,,,
1021,yx743,BOOLEAN,SiNengEmuLD10/GGIO1.Ind36.stVal,ST,SiNengEmuLD10/LLN0.dsRemoteSign[35],XBCK-备用,,,,,
1022,yx744,BOOLEAN,SiNengEmuLD10/GGIO1.Ind37.stVal,ST,SiNengEmuLD10/LLN0.dsRemoteSign[36],XBCK-备用,,,,,
1023,yx745,BOOLEAN,SiNengEmuLD10/GGIO1.Ind38.stVal,ST,SiNengEmuLD10/LLN0.dsRemoteSign[37],XBCK-备用,,,,,
1024,yx746,BOOLEAN,SiNengEmuLD10/GGIO1.Ind39.stVal,ST,SiNengEmuLD10/LLN0.dsRemoteSign[38],XBCK-备用,,,,,
1025,yx747,BOOLEAN,SiNengEmuLD10/GGIO1.Ind40.stVal,ST,SiNengEmuLD10/LLN0.dsRemoteSign[39],XBCK-备用,,,,,
1026,yx748,BOOLEAN,SiNengEmuLD10/GGIO1.Ind41.stVal,ST,SiNengEmuLD10/LLN0.dsRemoteSign[40],XBCK-备用,,,,,
1027,yx749,BOOLEAN,SiNengEmuLD10/GGIO1.Ind42.stVal,ST,SiNengEmuLD10/LLN0.dsRemoteSign[41],XBCK-备用,,,,,
1028,yx750,BOOLEAN,SiNengEmuLD10/GGIO1.Ind43.stVal,ST,SiNengEmuLD10/LLN0.dsRemoteSign[42],XBCK-备用,,,,,
1029,yx751,BOOLEAN,SiNengEmuLD10/GGIO1.Ind44.stVal,ST,SiNengEmuLD10/LLN0.dsRemoteSign[43],XBCK-备用,,,,,
1030,yx752,BOOLEAN,SiNengEmuLD10/GGIO1.Ind45.stVal,ST,SiNengEmuLD10/LLN0.dsRemoteSign[44],XBCK-备用,,,,,
1031,yx753,BOOLEAN,SiNengEmuLD10/GGIO1.Ind46.stVal,ST,SiNengEmuLD10/LLN0.dsRemoteSign[45],XBCK-备用,,,,,
1032,yx754,BOOLEAN,SiNengEmuLD10/GGIO1.Ind47.stVal,ST,SiNengEmuLD10/LLN0.dsRemoteSign[46],XBCK-备用,,,,,
1033,yx755,BOOLEAN,SiNengEmuLD10/GGIO1.Ind48.stVal,ST,SiNengEmuLD10/LLN0.dsRemoteSign[47],XBCK-备用,,,,,
1034,yx756,BOOLEAN,SiNengEmuLD10/GGIO1.Ind49.stVal,ST,SiNengEmuLD10/LLN0.dsRemoteSign[48],XBCK-备用,,,,,
1035,yx757,BOOLEAN,SiNengEmuLD10/GGIO1.Ind50.stVal,ST,SiNengEmuLD10/LLN0.dsRemoteSign[49],XBCK-备用,,,,,
1036,yx758,BOOLEAN,SiNengEmuLD10/GGIO1.Ind51.stVal,ST,SiNengEmuLD10/LLN0.dsRemoteSign[50],XBCK-备用,,,,,
1037,yx759,BOOLEAN,SiNengEmuLD10/GGIO1.Ind52.stVal,ST,SiNengEmuLD10/LLN0.dsRemoteSign[51],XBCK-备用,,,,,
1038,yx760,BOOLEAN,SiNengEmuLD10/GGIO1.Ind53.stVal,ST,SiNengEmuLD10/LLN0.dsRemoteSign[52],XBCK-备用,,,,,
1039,yx761,BOOLEAN,SiNengEmuLD10/GGIO1.Ind54.stVal,ST,SiNengEmuLD10/LLN0.dsRemoteSign[53],XBCK-备用,,,,,
1040,yx762,BOOLEAN,SiNengEmuLD10/GGIO1.Ind55.stVal,ST,SiNengEmuLD10/LLN0.dsRemoteSign[54],XBCK-备用,,,,,
1041,yx763,BOOLEAN,SiNengEmuLD10/GGIO1.Ind56.stVal,ST,SiNengEmuLD10/LLN0.dsRemoteSign[55],XBCK-备用,,,,,
1042,yx764,BOOLEAN,SiNengEmuLD10/GGIO1.Ind57.stVal,ST,SiNengEmuLD10/LLN0.dsRemoteSign[56],XBCK-备用,,,,,
1043,yx765,BOOLEAN,SiNengEmuLD11/GGIO1.Ind1.stVal,ST,SiNengEmuLD11/LLN0.dsRemoteSign[0],GBWK-通信异常,,,,,
1044,yx766,BOOLEAN,SiNengEmuLD11/GGIO1.Ind2.stVal,ST,SiNengEmuLD11/LLN0.dsRemoteSign[1],GBWK-风机控制输出位,0-无 1-控制,,,,
1045,yx767,BOOLEAN,SiNengEmuLD11/GGIO1.Ind3.stVal,ST,SiNengEmuLD11/LLN0.dsRemoteSign[2],GBWK-超温跳闸输出位,0-无 1-跳闸,,,,
1046,yx768,BOOLEAN,SiNengEmuLD11/GGIO1.Ind4.stVal,ST,SiNengEmuLD11/LLN0.dsRemoteSign[3],GBWK-超温报警输出位,0-无 1-报警,,,,
1047,yx769,BOOLEAN,SiNengEmuLD11/GGIO1.Ind5.stVal,ST,SiNengEmuLD11/LLN0.dsRemoteSign[4],GBWK-故障报警输出位,0-无 1-报警,,,,
1048,yx770,BOOLEAN,SiNengEmuLD11/GGIO1.Ind6.stVal,ST,SiNengEmuLD11/LLN0.dsRemoteSign[5],GBWK-预留5,,,,,
1049,yx771,BOOLEAN,SiNengEmuLD11/GGIO1.Ind7.stVal,ST,SiNengEmuLD11/LLN0.dsRemoteSign[6],GBWK-预留6,,,,,
1050,yx772,BOOLEAN,SiNengEmuLD11/GGIO1.Ind8.stVal,ST,SiNengEmuLD11/LLN0.dsRemoteSign[7],GBWK-预留7,,,,,
1051,yx773,BOOLEAN,SiNengEmuLD11/GGIO1.Ind9.stVal,ST,SiNengEmuLD11/LLN0.dsRemoteSign[8],GBWK-预留8,,,,,
1052,yx774,BOOLEAN,SiNengEmuLD11/GGIO1.Ind10.stVal,ST,SiNengEmuLD11/LLN0.dsRemoteSign[9],GBWK-预留9,,,,,
1053,yx775,BOOLEAN,SiNengEmuLD11/GGIO1.Ind11.stVal,ST,SiNengEmuLD11/LLN0.dsRemoteSign[10],GBWK-预留10,,,,,
1054,yx776,BOOLEAN,SiNengEmuLD11/GGIO1.Ind12.stVal,ST,SiNengEmuLD11/LLN0.dsRemoteSign[11],GBWK-预留11,,,,,
1055,yx777,BOOLEAN,SiNengEmuLD11/GGIO1.Ind13.stVal,ST,SiNengEmuLD11/LLN0.dsRemoteSign[12],GBWK-预留12,,,,,
1056,yx778,BOOLEAN,SiNengEmuLD11/GGIO1.Ind14.stVal,ST,SiNengEmuLD11/LLN0.dsRemoteSign[13],GBWK-预留13,,,,,
1057,yx779,BOOLEAN,SiNengEmuLD11/GGIO1.Ind15.stVal,ST,SiNengEmuLD11/LLN0.dsRemoteSign[14],GBWK-预留14,,,,,
1058,yx780,BOOLEAN,SiNengEmuLD11/GGIO1.Ind16.stVal,ST,SiNengEmuLD11/LLN0.dsRemoteSign[15],GBWK-预留15,,,,,
1059,yx781,BOOLEAN,SiNengEmuLD11/GGIO1.Ind17.stVal,ST,SiNengEmuLD11/LLN0.dsRemoteSign[16],GBWK-预留16,,,,,
1060,yx782,BOOLEAN,SiNengEmuLD12/GGIO1.Ind1.stVal,ST,SiNengEmuLD12/LLN0.dsRemoteSign[0],GYZB-通信异常,,,,,
1061,yx783,BOOLEAN,SiNengEmuLD12/GGIO1.Ind2.stVal,ST,SiNengEmuLD12/LLN0.dsRemoteSign[1],GYZB-装置异常,,,,,
1062,yx784,BOOLEAN,SiNengEmuLD12/GGIO1.Ind3.stVal,ST,SiNengEmuLD12/LLN0.dsRemoteSign[2],GYZB-装置是否有出错记录,,,,,
1063,yx785,BOOLEAN,SiNengEmuLD12/GGIO1.Ind4.stVal,ST,SiNengEmuLD12/LLN0.dsRemoteSign[3],GYZB-装置是否有出错记录,,,,,
1064,yx786,BOOLEAN,SiNengEmuLD12/GGIO1.Ind5.stVal,ST,SiNengEmuLD12/LLN0.dsRemoteSign[4],GYZB-保留,,,,,
1065,yx787,BOOLEAN,SiNengEmuLD12/GGIO1.Ind6.stVal,ST,SiNengEmuLD12/LLN0.dsRemoteSign[5],GYZB-保留,,,,,
1066,yx788,BOOLEAN,SiNengEmuLD12/GGIO1.Ind7.stVal,ST,SiNengEmuLD12/LLN0.dsRemoteSign[6],GYZB-保留,,,,,
1067,yx789,BOOLEAN,SiNengEmuLD12/GGIO1.Ind8.stVal,ST,SiNengEmuLD12/LLN0.dsRemoteSign[7],GYZB-保留,,,,,
1068,yx790,BOOLEAN,SiNengEmuLD12/GGIO1.Ind9.stVal,ST,SiNengEmuLD12/LLN0.dsRemoteSign[8],GYZB-保留,,,,,
1069,yx791,BOOLEAN,SiNengEmuLD12/GGIO1.Ind10.stVal,ST,SiNengEmuLD12/LLN0.dsRemoteSign[9],GYZB-断路器合闸,,,,,
1070,yx792,BOOLEAN,SiNengEmuLD12/GGIO1.Ind11.stVal,ST,SiNengEmuLD12/LLN0.dsRemoteSign[10],GYZB-断路器分闸,,,,,
1071,yx793,BOOLEAN,SiNengEmuLD12/GGIO1.Ind12.stVal,ST,SiNengEmuLD12/LLN0.dsRemoteSign[11],GYZB-隔离刀合位,,,,,
1072,yx794,BOOLEAN,SiNengEmuLD12/GGIO1.Ind13.stVal,ST,SiNengEmuLD12/LLN0.dsRemoteSign[12],GYZB-弹簧未储能,,,,,
1073,yx795,BOOLEAN,SiNengEmuLD12/GGIO1.Ind14.stVal,ST,SiNengEmuLD12/LLN0.dsRemoteSign[13],GYZB-远方指示,,,,,
1074,yx796,BOOLEAN,SiNengEmuLD12/GGIO1.Ind15.stVal,ST,SiNengEmuLD12/LLN0.dsRemoteSign[14],GYZB-接地刀合闸,,,,,
1075,yx797,BOOLEAN,SiNengEmuLD12/GGIO1.Ind16.stVal,ST,SiNengEmuLD12/LLN0.dsRemoteSign[15],GYZB-高温,,,,,
1076,yx798,BOOLEAN,SiNengEmuLD12/GGIO1.Ind17.stVal,ST,SiNengEmuLD12/LLN0.dsRemoteSign[16],GYZB-超温,,,,,
1077,yx799,BOOLEAN,SiNengEmuLD12/GGIO1.Ind18.stVal,ST,SiNengEmuLD12/LLN0.dsRemoteSign[17],GYZB-合位虚遥信,,,,,
1078,yx800,BOOLEAN,SiNengEmuLD12/GGIO1.Ind19.stVal,ST,SiNengEmuLD12/LLN0.dsRemoteSign[18],GYZB-分位虚遥信,,,,,
1079,yx801,BOOLEAN,SiNengEmuLD13/GGIO1.Ind1.stVal,ST,SiNengEmuLD13/LLN0.dsRemoteSign[0],DB-通信异常,,,,,
1080,yx802,BOOLEAN,SiNengEmuLD30/GGIO1.Ind1.stVal,ST,SiNengEmuLD30/LLN0.dsRemoteSign[0],EMU-开入1-PCS#1 ACB合闸,0-分闸 1-合闸,,,,
1081,yx803,BOOLEAN,SiNengEmuLD30/GGIO1.Ind2.stVal,ST,SiNengEmuLD30/LLN0.dsRemoteSign[1],EMU-开入2-PCS#2 ACB合闸,0-分闸 1-合闸,,,,
1082,yx804,BOOLEAN,SiNengEmuLD30/GGIO1.Ind3.stVal,ST,SiNengEmuLD30/LLN0.dsRemoteSign[2],EMU-开入3-预留,0-分闸 1-合闸,,,,
1083,yx805,BOOLEAN,SiNengEmuLD30/GGIO1.Ind4.stVal,ST,SiNengEmuLD30/LLN0.dsRemoteSign[3],EMU-开入4-PDC#1辅源失电,0-正常 1-失电,,,,
1084,yx806,BOOLEAN,SiNengEmuLD30/GGIO1.Ind5.stVal,ST,SiNengEmuLD30/LLN0.dsRemoteSign[4],EMU-开入5-预留,0-分闸 1-合闸,,,,
1085,yx807,BOOLEAN,SiNengEmuLD30/GGIO1.Ind6.stVal,ST,SiNengEmuLD30/LLN0.dsRemoteSign[5],EMU-开入6-PDC#2输出开关合闸,0-分闸 1-合闸,,,,
1086,yx808,BOOLEAN,SiNengEmuLD30/GGIO1.Ind7.stVal,ST,SiNengEmuLD30/LLN0.dsRemoteSign[6],EMU-开入7-预留,0-门关 1-门开,,,,
1087,yx809,BOOLEAN,SiNengEmuLD30/GGIO1.Ind8.stVal,ST,SiNengEmuLD30/LLN0.dsRemoteSign[7],EMU-开入8-预留,0-分闸 1-合闸,,,,
1088,yx810,BOOLEAN,SiNengEmuLD30/GGIO1.Ind9.stVal,ST,SiNengEmuLD30/LLN0.dsRemoteSign[8],EMU-开入9-PDC#2隔离变过温跳闸,0-正常 1-过温,,,,
1089,yx811,BOOLEAN,SiNengEmuLD30/GGIO1.Ind10.stVal,ST,SiNengEmuLD30/LLN0.dsRemoteSign[9],EMU-开入10-干接点状态,0-断开 1-接通,,,,
1090,yx812,BOOLEAN,SiNengEmuLD30/GGIO1.Ind11.stVal,ST,SiNengEmuLD30/LLN0.dsRemoteSign[10],EMU-开入11-干接点状态,0-断开 1-接通,,,,
1091,yx813,BOOLEAN,SiNengEmuLD30/GGIO1.Ind12.stVal,ST,SiNengEmuLD30/LLN0.dsRemoteSign[11],EMU-开入12-PDC#1站用电防雷器状态,0-正常 1-失效,,,,
1092,yx814,BOOLEAN,SiNengEmuLD30/GGIO1.Ind13.stVal,ST,SiNengEmuLD30/LLN0.dsRemoteSign[12],EMU-开入13-PDC#2站用电防雷器状态/PDC#2副边防雷器失效,0-正常 1-失效,,,,
1093,yx815,BOOLEAN,SiNengEmuLD30/GGIO1.Ind14.stVal,ST,SiNengEmuLD30/LLN0.dsRemoteSign[13],EMU-开入14-HQF室/变压器室环温高,0-正常 1-过温,,,,
1094,yx816,BOOLEAN,SiNengEmuLD30/GGIO1.Ind15.stVal,ST,SiNengEmuLD30/LLN0.dsRemoteSign[14],EMU-开入15-一体化烟感温感解耦1,0-正常 1-报警,,,,
1095,yx817,BOOLEAN,SiNengEmuLD30/GGIO1.Ind16.stVal,ST,SiNengEmuLD30/LLN0.dsRemoteSign[15],EMU-开入16-PDC#2输入开关合闸,0-分闸 1-合闸,,,,
1096,yx818,BOOLEAN,SiNengEmuLD30/GGIO1.Ind17.stVal,ST,SiNengEmuLD30/LLN0.dsRemoteSign[16],EMU-开入17-预留,0-正常 1-失电,,,,
1097,yx819,BOOLEAN,SiNengEmuLD30/GGIO1.Ind18.stVal,ST,SiNengEmuLD30/LLN0.dsRemoteSign[17],EMU-开入18-PDC#2输出开关合闸,0-分闸 1-合闸,,,,
1098,yx820,BOOLEAN,SiNengEmuLD30/GGIO1.Ind19.stVal,ST,SiNengEmuLD30/LLN0.dsRemoteSign[18],EMU-开入19-测控柜过温PDC_OVT1_65度,0-正常 1-过温,,,,
1099,yx821,BOOLEAN,SiNengEmuLD30/GGIO1.Ind20.stVal,ST,SiNengEmuLD30/LLN0.dsRemoteSign[19],EMU-开入20-BWD超温告警2,0-正常 1-过温,,,,
1100,yx822,BOOLEAN,SiNengEmuLD30/GGIO1.Ind21.stVal,ST,SiNengEmuLD30/LLN0.dsRemoteSign[20],EMU-开入21-BWD超温跳闸,0-正常 1-超温,,,,
1101,yx823,BOOLEAN,SiNengEmuLD30/GGIO1.Ind22.stVal,ST,SiNengEmuLD30/LLN0.dsRemoteSign[21],EMU-开入22-PDC#1EPO急停,0-正常 1-急停,,,,
1102,yx824,BOOLEAN,SiNengEmuLD30/GGIO1.Ind23.stVal,ST,SiNengEmuLD30/LLN0.dsRemoteSign[22],EMU-开入23-已速断,0-正常 1-速断,,,,
1103,yx825,BOOLEAN,SiNengEmuLD30/GGIO1.Ind24.stVal,ST,SiNengEmuLD30/LLN0.dsRemoteSign[23],EMU-开入24-PDC#1关键负载优选源失电,0-断开 1-接通,,,,
1104,yx826,BOOLEAN,SiNengEmuLD30/GGIO1.Ind25.stVal,ST,SiNengEmuLD30/LLN0.dsRemoteSign[24],EMU-SAU跳闸低压断路器,"0-控分
1-控合",,,,
1105,yx827,BOOLEAN,SiNengEmuLD30/GGIO1.Ind26.stVal,ST,SiNengEmuLD30/LLN0.dsRemoteSign[25],EMU-SAU跳闸高压断路器-1,"0-控分
1-控合",,,,
1106,yx828,BOOLEAN,SiNengEmuLD30/GGIO1.Ind27.stVal,ST,SiNengEmuLD30/LLN0.dsRemoteSign[26],EMU-SAU跳闸高压断路器-2,"0-控分
1-控合",,,,
1107,yx829,BOOLEAN,SiNengEmuLD30/GGIO1.Ind28.stVal,ST,SiNengEmuLD30/LLN0.dsRemoteSign[27],EMU-消防信号,"0-控分
1-控合",,,,
1108,yx830,BOOLEAN,SiNengEmuLD30/GGIO1.Ind29.stVal,ST,SiNengEmuLD30/LLN0.dsRemoteSign[28],EMU-风扇控制,"0-控分
1-控合",,,,
1109,yx831,BOOLEAN,SiNengEmuLD30/GGIO1.Ind30.stVal,ST,SiNengEmuLD30/LLN0.dsRemoteSign[29],EMU-SOC均衡调度投入中,"0:无
1:有",,,,
1110,yx832,BOOLEAN,SiNengEmuLD30/GGIO1.Ind31.stVal,ST,SiNengEmuLD30/LLN0.dsRemoteSign[30],EMU-PWM封波投入中,"0:无
1:有",,,,
1111,yx833,BOOLEAN,SiNengEmuLD30/GGIO1.Ind32.stVal,ST,SiNengEmuLD30/LLN0.dsRemoteSign[31],EMU-所有PCS关机,"0:无
1:有",,,,
1112,yx834,BOOLEAN,SiNengEmuLD30/GGIO1.Ind33.stVal,ST,SiNengEmuLD30/LLN0.dsRemoteSign[32],EMU-任意PCS开机,"0:无
1:有",,,,
1113,yx835,BOOLEAN,SiNengEmuLD30/GGIO1.Ind34.stVal,ST,SiNengEmuLD30/LLN0.dsRemoteSign[33],EMU-所有PCS告警,"0:无
1:有",,,,
1114,yx836,BOOLEAN,SiNengEmuLD30/GGIO1.Ind35.stVal,ST,SiNengEmuLD30/LLN0.dsRemoteSign[34],EMU-任意PCS告警,"0:无
1:有",,,,
1115,yx837,BOOLEAN,SiNengEmuLD30/GGIO1.Ind36.stVal,ST,SiNengEmuLD30/LLN0.dsRemoteSign[35],EMU-所有PCS故障,"0:无
1:有",,,,
1116,yx838,BOOLEAN,SiNengEmuLD30/GGIO1.Ind37.stVal,ST,SiNengEmuLD30/LLN0.dsRemoteSign[36],EMU-任意PCS故障,"0:无
1:有",,,,
1117,yx839,BOOLEAN,SiNengEmuLD30/GGIO1.Ind38.stVal,ST,SiNengEmuLD30/LLN0.dsRemoteSign[37],EMU-所有PCS禁止充电,"0:无
1:有",,,,
1118,yx840,BOOLEAN,SiNengEmuLD30/GGIO1.Ind39.stVal,ST,SiNengEmuLD30/LLN0.dsRemoteSign[38],EMU-任意PCS禁止充电,"0:无
1:有",,,,
1119,yx841,BOOLEAN,SiNengEmuLD30/GGIO1.Ind40.stVal,ST,SiNengEmuLD30/LLN0.dsRemoteSign[39],EMU-所有PCS禁止放电,"0:无
1:有",,,,
1120,yx842,BOOLEAN,SiNengEmuLD30/GGIO1.Ind41.stVal,ST,SiNengEmuLD30/LLN0.dsRemoteSign[40],EMU-任意PCS禁止放电,"0:无
1:有",,,,
1121,yt0,FLOAT32,SiNengEmuLD1/GGIO4.ISCSO1.setMag.f,MX,SiNengEmuLD1/LLN0.dsRemoteReg[0],PCS#1-RS485-电池充电保护电压,,,model=4|arg1=emu.PcsList[0].BatteryChargeProtectionVoltage|arg2= |arg3= |arg4=1000,,
1122,yt1,FLOAT32,SiNengEmuLD1/GGIO4.ISCSO2.setMag.f,MX,SiNengEmuLD1/LLN0.dsRemoteReg[1],PCS#1-RS485-电池放电保护电压,,,model=4|arg1=emu.PcsList[0].BatteryDischargeProtectionVoltage|arg2= |arg3= |arg4=1000,,
1123,yt2,FLOAT32,SiNengEmuLD1/GGIO4.ISCSO3.setMag.f,MX,SiNengEmuLD1/LLN0.dsRemoteReg[2],PCS#1-RS485-电池充电保护电流,,,model=4|arg1=emu.PcsList[0].BatteryChargeProtectionCurrent|arg2= |arg3= |arg4=1000,,
1124,yt3,FLOAT32,SiNengEmuLD1/GGIO4.ISCSO4.setMag.f,MX,SiNengEmuLD1/LLN0.dsRemoteReg[3],PCS#1-RS485-电池放电保护电流,,,model=4|arg1=emu.PcsList[0].BatteryDischargeProtectionCurrent|arg2= |arg3= |arg4=1000,,
1125,yt4,FLOAT32,SiNengEmuLD1/GGIO4.ISCSO5.setMag.f,MX,SiNengEmuLD1/LLN0.dsRemoteReg[4],PCS#1-RS485-电池充电限流点,,,model=4|arg1=emu.PcsList[0].BatteryChargeCurrentLimit|arg2= |arg3= |arg4=1000,,
1126,yt5,FLOAT32,SiNengEmuLD1/GGIO4.ISCSO6.setMag.f,MX,SiNengEmuLD1/LLN0.dsRemoteReg[5],PCS#1-RS485-电池充电限压点,,,model=4|arg1=emu.PcsList[0].BatteryChargeVoltageLimit|arg2= |arg3= |arg4=1000,,
1127,yt6,FLOAT32,SiNengEmuLD1/GGIO4.ISCSO7.setMag.f,MX,SiNengEmuLD1/LLN0.dsRemoteReg[6],PCS#1-RS485-电池放电限流点,,,model=4|arg1=emu.PcsList[0].BatteryDischargeCurrentLimit|arg2= |arg3= |arg4=1000,,
1128,yt7,FLOAT32,SiNengEmuLD1/GGIO4.ISCSO8.setMag.f,MX,SiNengEmuLD1/LLN0.dsRemoteReg[7],PCS#1-RS485-电池放电限压点,,,model=4|arg1=emu.PcsList[0].BatteryDischargeVoltageLimit|arg2= |arg3= |arg4=1000,,
1129,yt8,FLOAT32,SiNengEmuLD1/GGIO4.ISCSO9.setMag.f,MX,SiNengEmuLD1/LLN0.dsRemoteReg[8],PCS#1-RS485-电池充电限功率点,,,model=4|arg1=emu.PcsList[0].BatteryChargePowerLimit|arg2= |arg3= |arg4=1000,,
1130,yt9,FLOAT32,SiNengEmuLD1/GGIO4.ISCSO10.setMag.f,MX,SiNengEmuLD1/LLN0.dsRemoteReg[9],PCS#1-RS485-电池放电限功率点,,,model=4|arg1=emu.PcsList[0].BatteryDischargePowerLimit|arg2= |arg3= |arg4=1000,,
1131,yt10,FLOAT32,SiNengEmuLD1/GGIO4.ISCSO11.setMag.f,MX,SiNengEmuLD1/LLN0.dsRemoteReg[10],PCS#1-RS485-充电功率限值,,,model=4|arg1=emu.PcsList[0].ChargePowerLimit|arg2= |arg3= |arg4=1000,,
1132,yt11,FLOAT32,SiNengEmuLD1/GGIO4.ISCSO12.setMag.f,MX,SiNengEmuLD1/LLN0.dsRemoteReg[11],PCS#1-RS485-放电功率限值,,,model=4|arg1=emu.PcsList[0].DischargePowerLimit|arg2= |arg3= |arg4=1000,,
1133,yt12,FLOAT32,SiNengEmuLD1/GGIO4.ISCSO13.setMag.f,MX,SiNengEmuLD1/LLN0.dsRemoteReg[12],PCS#1-RS485-有功调度方式,,,model=4|arg1=emu.PcsList[0].ActivePowerDispatchMode|arg2= |arg3= |arg4=1000,,
1134,yt13,FLOAT32,SiNengEmuLD1/GGIO4.ISCSO14.setMag.f,MX,SiNengEmuLD1/LLN0.dsRemoteReg[13],PCS#1-RS485-无功调度方式,,,model=4|arg1=emu.PcsList[0].BatteryDischargeProtectionVoltage|arg2= |arg3= |arg4=1000,,
1135,yt14,FLOAT32,SiNengEmuLD1/GGIO4.ISCSO15.setMag.f,MX,SiNengEmuLD1/LLN0.dsRemoteReg[14],PCS#1-RS485-有功无功优先,,,model=4|arg1=emu.PcsList[0].ReactivePowerDispatchMode|arg2= |arg3= |arg4=1000,,
1136,yt15,FLOAT32,SiNengEmuLD1/GGIO4.ISCSO16.setMag.f,MX,SiNengEmuLD1/LLN0.dsRemoteReg[15],PCS#1-RS485-频率有功设置,,,model=4|arg1=emu.PcsList[0].FrequencyActiveSetting|arg2= |arg3= |arg4=1000,,
1137,yt16,FLOAT32,SiNengEmuLD1/GGIO4.ISCSO17.setMag.f,MX,SiNengEmuLD1/LLN0.dsRemoteReg[16],PCS#1-RS485-禁止充电,,,model=4|arg1=emu.PcsList[0].ChargeProhibited|arg2= |arg3= |arg4=1000,,
1138,yt17,FLOAT32,SiNengEmuLD1/GGIO4.ISCSO18.setMag.f,MX,SiNengEmuLD1/LLN0.dsRemoteReg[17],PCS#1-RS485-禁止放电,,,model=4|arg1=emu.PcsList[0].DischargeProhibited|arg2= |arg3= |arg4=1000,,
1139,yt18,FLOAT32,SiNengEmuLD1/GGIO4.ISCSO19.setMag.f,MX,SiNengEmuLD1/LLN0.dsRemoteReg[18],PCS#1-RS485-直流恒流电流,,,model=4|arg1=emu.PcsList[0].DCCCLimit|arg2= |arg3= |arg4=1000,,
1140,yt19,FLOAT32,SiNengEmuLD1/GGIO4.ISCSO20.setMag.f,MX,SiNengEmuLD1/LLN0.dsRemoteReg[19],PCS#1-RS485-直流恒压电压,,,model=4|arg1=emu.PcsList[0].DCCVLimit|arg2= |arg3= |arg4=1000,,
1141,yt20,FLOAT32,SiNengEmuLD1/GGIO4.ISCSO21.setMag.f,MX,SiNengEmuLD1/LLN0.dsRemoteReg[20],PCS#1-RS485-直流恒功率,,,,,
1145,yt21,FLOAT32,SiNengEmuLD1/GGIO4.ISCSO22.setMag.f,MX,SiNengEmuLD1/LLN0.dsRemoteReg[21],PCS#1-RS485-快速转放电超时设置,,,,,
1146,yt22,FLOAT32,SiNengEmuLD1/GGIO4.ISCSO23.setMag.f,MX,SiNengEmuLD1/LLN0.dsRemoteReg[22],PCS#1-RS485-遥调预留-1,,,,,
1147,yt23,FLOAT32,SiNengEmuLD1/GGIO4.ISCSO24.setMag.f,MX,SiNengEmuLD1/LLN0.dsRemoteReg[23],PCS#1-RS485-遥调预留-2,,,,,
1148,yt24,FLOAT32,SiNengEmuLD1/GGIO4.ISCSO25.setMag.f,MX,SiNengEmuLD1/LLN0.dsRemoteReg[24],PCS#1-RS485-遥调预留-3,,,,,
1149,yt25,FLOAT32,SiNengEmuLD1/GGIO4.ISCSO26.setMag.f,MX,SiNengEmuLD1/LLN0.dsRemoteReg[25],PCS#1-RS485-遥调预留-4,,,,,
1150,yt26,FLOAT32,SiNengEmuLD1/GGIO4.ISCSO27.setMag.f,MX,SiNengEmuLD1/LLN0.dsRemoteReg[26],PCS#1-RS485-遥调预留-5,,,,,
1151,yt27,FLOAT32,SiNengEmuLD1/GGIO4.ISCSO28.setMag.f,MX,SiNengEmuLD1/LLN0.dsRemoteReg[27],PCS#1-RS485-遥调预留-6,,,,,
1152,yt28,FLOAT32,SiNengEmuLD1/GGIO4.ISCSO29.setMag.f,MX,SiNengEmuLD1/LLN0.dsRemoteReg[28],PCS#1-RS485-遥调预留-7,,,,,
1153,yt29,FLOAT32,SiNengEmuLD1/GGIO4.ISCSO30.setMag.f,MX,SiNengEmuLD1/LLN0.dsRemoteReg[29],PCS#1-RS485-遥调预留-8,,,,,
1154,yt30,FLOAT32,SiNengEmuLD1/GGIO4.ISCSO31.setMag.f,MX,SiNengEmuLD1/LLN0.dsRemoteReg[30],PCS#1-RS485-遥调预留-9,,,,,
1155,yt31,FLOAT32,SiNengEmuLD1/GGIO4.ISCSO32.setMag.f,MX,SiNengEmuLD1/LLN0.dsRemoteReg[31],PCS#1-RS485-遥调预留-10,,,,,
1156,yt32,FLOAT32,SiNengEmuLD2/GGIO4.ISCSO1.setMag.f,MX,SiNengEmuLD2/LLN0.dsRemoteReg[0],PCS#2-RS485-电池充电保护电压,,,model=4|arg1=emu.PcsList[1].BatteryChargeProtectionVoltage|arg2= |arg3= |arg4=1000,,
1157,yt33,FLOAT32,SiNengEmuLD2/GGIO4.ISCSO2.setMag.f,MX,SiNengEmuLD2/LLN0.dsRemoteReg[1],PCS#2-RS485-电池放电保护电压,,,model=4|arg1=emu.PcsList[1].BatteryDischargeProtectionVoltage|arg2= |arg3= |arg4=1000,,
1158,yt34,FLOAT32,SiNengEmuLD2/GGIO4.ISCSO3.setMag.f,MX,SiNengEmuLD2/LLN0.dsRemoteReg[2],PCS#2-RS485-电池充电保护电流,,,model=4|arg1=emu.PcsList[1].BatteryChargeProtectionCurrent|arg2= |arg3= |arg4=1000,,
1159,yt35,FLOAT32,SiNengEmuLD2/GGIO4.ISCSO4.setMag.f,MX,SiNengEmuLD2/LLN0.dsRemoteReg[3],PCS#2-RS485-电池放电保护电流,,,model=4|arg1=emu.PcsList[1].BatteryDischargeProtectionCurrent|arg2= |arg3= |arg4=1000,,
1160,yt36,FLOAT32,SiNengEmuLD2/GGIO4.ISCSO5.setMag.f,MX,SiNengEmuLD2/LLN0.dsRemoteReg[4],PCS#2-RS485-电池充电限流点,,,model=4|arg1=emu.PcsList[1].BatteryChargeCurrentLimit|arg2= |arg3= |arg4=1000,,
1161,yt37,FLOAT32,SiNengEmuLD2/GGIO4.ISCSO6.setMag.f,MX,SiNengEmuLD2/LLN0.dsRemoteReg[5],PCS#2-RS485-电池充电限压点,,,model=4|arg1=emu.PcsList[1].BatteryChargeVoltageLimit|arg2= |arg3= |arg4=1000,,
1162,yt38,FLOAT32,SiNengEmuLD2/GGIO4.ISCSO7.setMag.f,MX,SiNengEmuLD2/LLN0.dsRemoteReg[6],PCS#2-RS485-电池放电限流点,,,model=4|arg1=emu.PcsList[1].BatteryDischargeCurrentLimit|arg2= |arg3= |arg4=1000,,
1163,yt39,FLOAT32,SiNengEmuLD2/GGIO4.ISCSO8.setMag.f,MX,SiNengEmuLD2/LLN0.dsRemoteReg[7],PCS#2-RS485-电池放电限压点,,,model=4|arg1=emu.PcsList[1].BatteryDischargeVoltageLimit|arg2= |arg3= |arg4=1000,,
1164,yt40,FLOAT32,SiNengEmuLD2/GGIO4.ISCSO9.setMag.f,MX,SiNengEmuLD2/LLN0.dsRemoteReg[8],PCS#2-RS485-电池充电限功率点,,,model=4|arg1=emu.PcsList[1].BatteryChargePowerLimit|arg2= |arg3= |arg4=1000,,
1165,yt41,FLOAT32,SiNengEmuLD2/GGIO4.ISCSO10.setMag.f,MX,SiNengEmuLD2/LLN0.dsRemoteReg[9],PCS#2-RS485-电池放电限功率点,,,model=4|arg1=emu.PcsList[1].BatteryDischargePowerLimit|arg2= |arg3= |arg4=1000,,
1166,yt42,FLOAT32,SiNengEmuLD2/GGIO4.ISCSO11.setMag.f,MX,SiNengEmuLD2/LLN0.dsRemoteReg[10],PCS#2-RS485-充电功率限值,,,model=4|arg1=emu.PcsList[1].ChargePowerLimit|arg2= |arg3= |arg4=1000,,
1167,yt43,FLOAT32,SiNengEmuLD2/GGIO4.ISCSO12.setMag.f,MX,SiNengEmuLD2/LLN0.dsRemoteReg[11],PCS#2-RS485-放电功率限值,,,model=4|arg1=emu.PcsList[1].DischargePowerLimit|arg2= |arg3= |arg4=1000,,
1168,yt44,FLOAT32,SiNengEmuLD2/GGIO4.ISCSO13.setMag.f,MX,SiNengEmuLD2/LLN0.dsRemoteReg[12],PCS#2-RS485-有功调度方式,,,model=4|arg1=emu.PcsList[1].ActivePowerDispatchMode|arg2= |arg3= |arg4=1000,,
1169,yt45,FLOAT32,SiNengEmuLD2/GGIO4.ISCSO14.setMag.f,MX,SiNengEmuLD2/LLN0.dsRemoteReg[13],PCS#2-RS485-无功调度方式,,,model=4|arg1=emu.PcsList[1].BatteryDischargeProtectionVoltage|arg2= |arg3= |arg4=1000,,
1170,yt46,FLOAT32,SiNengEmuLD2/GGIO4.ISCSO15.setMag.f,MX,SiNengEmuLD2/LLN0.dsRemoteReg[14],PCS#2-RS485-有功无功优先,,,model=4|arg1=emu.PcsList[1].ReactivePowerDispatchMode|arg2= |arg3= |arg4=1000,,
1171,yt47,FLOAT32,SiNengEmuLD2/GGIO4.ISCSO16.setMag.f,MX,SiNengEmuLD2/LLN0.dsRemoteReg[15],PCS#2-RS485-频率有功设置,,,model=4|arg1=emu.PcsList[1].FrequencyActiveSetting|arg2= |arg3= |arg4=1000,,
1172,yt48,FLOAT32,SiNengEmuLD2/GGIO4.ISCSO17.setMag.f,MX,SiNengEmuLD2/LLN0.dsRemoteReg[16],PCS#2-RS485-禁止充电,,,model=4|arg1=emu.PcsList[1].ChargeProhibited|arg2= |arg3= |arg4=1000,,
1173,yt49,FLOAT32,SiNengEmuLD2/GGIO4.ISCSO18.setMag.f,MX,SiNengEmuLD2/LLN0.dsRemoteReg[17],PCS#2-RS485-禁止放电,,,model=4|arg1=emu.PcsList[1].DischargeProhibited|arg2= |arg3= |arg4=1000,,
1174,yt50,FLOAT32,SiNengEmuLD2/GGIO4.ISCSO19.setMag.f,MX,SiNengEmuLD2/LLN0.dsRemoteReg[18],PCS#2-RS485-直流恒流电流,,,model=4|arg1=emu.PcsList[1].DCCCLimit|arg2= |arg3= |arg4=1000,,
1175,yt51,FLOAT32,SiNengEmuLD2/GGIO4.ISCSO20.setMag.f,MX,SiNengEmuLD2/LLN0.dsRemoteReg[19],PCS#2-RS485-直流恒压电压,,,model=4|arg1=emu.PcsList[1].DCCVLimit|arg2= |arg3= |arg4=1000,,
1176,yt52,FLOAT32,SiNengEmuLD2/GGIO4.ISCSO21.setMag.f,MX,SiNengEmuLD2/LLN0.dsRemoteReg[20],PCS#2-RS485-直流恒功率,,,,,
1180,yt53,FLOAT32,SiNengEmuLD2/GGIO4.ISCSO22.setMag.f,MX,SiNengEmuLD2/LLN0.dsRemoteReg[21],PCS#2-RS485-快速转放电超时设置,,,,,
1181,yt54,FLOAT32,SiNengEmuLD2/GGIO4.ISCSO23.setMag.f,MX,SiNengEmuLD2/LLN0.dsRemoteReg[22],PCS#2-RS485-遥调预留-1,,,,,
1182,yt55,FLOAT32,SiNengEmuLD2/GGIO4.ISCSO24.setMag.f,MX,SiNengEmuLD2/LLN0.dsRemoteReg[23],PCS#2-RS485-遥调预留-2,,,,,
1183,yt56,FLOAT32,SiNengEmuLD2/GGIO4.ISCSO25.setMag.f,MX,SiNengEmuLD2/LLN0.dsRemoteReg[24],PCS#2-RS485-遥调预留-3,,,,,
1184,yt57,FLOAT32,SiNengEmuLD2/GGIO4.ISCSO26.setMag.f,MX,SiNengEmuLD2/LLN0.dsRemoteReg[25],PCS#2-RS485-遥调预留-4,,,,,
1185,yt58,FLOAT32,SiNengEmuLD2/GGIO4.ISCSO27.setMag.f,MX,SiNengEmuLD2/LLN0.dsRemoteReg[26],PCS#2-RS485-遥调预留-5,,,,,
1186,yt59,FLOAT32,SiNengEmuLD2/GGIO4.ISCSO28.setMag.f,MX,SiNengEmuLD2/LLN0.dsRemoteReg[27],PCS#2-RS485-遥调预留-6,,,,,
1187,yt60,FLOAT32,SiNengEmuLD2/GGIO4.ISCSO29.setMag.f,MX,SiNengEmuLD2/LLN0.dsRemoteReg[28],PCS#2-RS485-遥调预留-7,,,,,
1188,yt61,FLOAT32,SiNengEmuLD2/GGIO4.ISCSO30.setMag.f,MX,SiNengEmuLD2/LLN0.dsRemoteReg[29],PCS#2-RS485-遥调预留-8,,,,,
1189,yt62,FLOAT32,SiNengEmuLD2/GGIO4.ISCSO31.setMag.f,MX,SiNengEmuLD2/LLN0.dsRemoteReg[30],PCS#2-RS485-遥调预留-9,,,,,
1190,yt63,FLOAT32,SiNengEmuLD2/GGIO4.ISCSO32.setMag.f,MX,SiNengEmuLD2/LLN0.dsRemoteReg[31],PCS#2-RS485-遥调预留-10,,,,,
1191,yk01,BOOLEAN,SiNengEmuLD1/GGIO3.SPCSO1.stVal,ST,SiNengEmuLD1/LLN0.dsRemoteCtrl[0],PCS#1-RS485-开关机命令,"0: 关机
1: 开机",,model=4|arg1=emu.PcsList[0].StartOrStop|arg2= |arg3= |arg4=1000,,
1192,yk02,BOOLEAN,SiNengEmuLD2/GGIO3.SPCSO1.stVal,ST,SiNengEmuLD2/LLN0.dsRemoteCtrl[0],PCS#2-RS485-开关机命令,"0: 关机
1: 开机",,model=4|arg1=emu.PcsList[1].StartOrStop|arg2= |arg3= |arg4=1000,,
1193,yt64,FLOAT32,SiNengEmuLD1/CN_GGIO_APC1.Tmp1.setMag.f,MX,SiNengEmuLD1/LLN0.dsParameter[0],PCS#1-RS485-有功功率设置,有功功率调节,,model=4|arg1=emu.PcsList[0].ActivePower|arg2= |arg3= |arg4=1000,,
1194,yt65,FLOAT32,SiNengEmuLD1/CN_GGIO_APC1.Tmp2.setMag.f,MX,SiNengEmuLD1/LLN0.dsParameter[1],PCS#1-RS485-无功功率设置,无功功率调节,,model=4|arg1=emu.PcsList[0].ReactivePower|arg2= |arg3= |arg4=1000,,
1195,yt66,FLOAT32,SiNengEmuLD1/CN_GGIO_APC1.Tmp3.setMag.f,MX,SiNengEmuLD1/LLN0.dsParameter[2],PCS#1-RS485-功率因数设置,功率因数调节,,model=4|arg1=emu.PcsList[0].PowerFactor|arg2= |arg3= |arg4=1000,,
1196,yt67,FLOAT32,SiNengEmuLD2/CN_GGIO_APC1.Tmp1.setMag.f,MX,SiNengEmuLD2/LLN0.dsParameter[0],PCS#2-RS485-有功功率设置,有功功率调节,,model=4|arg1=emu.PcsList[1].ActivePower|arg2= |arg3= |arg4=1000,,
1197,yt68,FLOAT32,SiNengEmuLD2/CN_GGIO_APC1.Tmp2.setMag.f,MX,SiNengEmuLD2/LLN0.dsParameter[1],PCS#2-RS485-无功功率设置,无功功率调节,,model=4|arg1=emu.PcsList[1].ReactivePower|arg2= |arg3= |arg4=1000,,
1198,yt69,FLOAT32,SiNengEmuLD2/CN_GGIO_APC1.Tmp3.setMag.f,MX,SiNengEmuLD2/LLN0.dsParameter[2],PCS#2-RS485-功率因数设置,功率因数调节,,model=4|arg1=emu.PcsList[1].PowerFactor|arg2= |arg3= |arg4=1000,,
