
2025-12-05 00:07:16,911 [10] ERROR IEC61850_simulatorServer2.ModbusParser [121] - Index was outside the bounds of the array. 

2025-12-05 01:05:49,543 [10] ERROR IEC61850_simulatorServer2.ModbusParser [121] - Index was outside the bounds of the array. 

2025-12-05 02:04:35,240 [10] ERROR IEC61850_simulatorServer2.ModbusParser [121] - Index was outside the bounds of the array. 

2025-12-05 03:08:05,045 [10] ERROR IEC61850_simulatorServer2.ModbusParser [121] - Index was outside the bounds of the array. 

2025-12-05 03:51:39,617 [10] ERROR IEC61850_simulatorServer2.ModbusParser [121] - Index was outside the bounds of the array. 

2025-12-05 04:52:06,994 [10] ERROR IEC61850_simulatorServer2.ModbusParser [121] - Index was outside the bounds of the array. 

2025-12-05 05:47:31,275 [10] ERROR IEC61850_simulatorServer2.ModbusParser [121] - Index was outside the bounds of the array. 

2025-12-05 06:47:59,479 [10] ERROR IEC61850_simulatorServer2.ModbusParser [121] - Index was outside the bounds of the array. 

2025-12-05 07:43:38,538 [10] ERROR IEC61850_simulatorServer2.ModbusParser [121] - Index was outside the bounds of the array. 

2025-12-05 08:24:34,298 [1] INFO  IEC61850_simulatorServer2.MainClass [37] - [Program] 应用启动，log4net 配置已尝试加载 

2025-12-05 08:24:36,739 [1] INFO  IEC61850_simulatorServer2.ModbusSimServer [146] - Device Connected, DeviceName : simBms 

2025-12-05 08:24:36,740 [1] INFO  IEC61850_simulatorServer2.ModbusSimServer [249] - Started worker for modelType=4, count=7689 

2025-12-05 08:24:36,741 [1] INFO  IEC61850_simulatorServer2.ModbusSimServer [251] - All modelType workers started. 

2025-12-05 08:24:36,742 [6] INFO  IEC61850_simulatorServer2.ModbusSimServer [285] - Worker 4 loop running with 7689 entries. 

2025-12-05 08:24:36,742 [7] INFO  IEC61850_simulatorServer2.ModbusSimServer [166] - Control thread started. 

2025-12-05 08:24:38,755 [1] INFO  IEC61850_simulatorServer2.ModbusSimServer [146] - Device Connected, DeviceName : simEmu 

2025-12-05 08:24:38,757 [1] INFO  IEC61850_simulatorServer2.ModbusSimServer [249] - Started worker for modelType=4, count=105 

2025-12-05 08:24:38,763 [8] INFO  IEC61850_simulatorServer2.ModbusSimServer [285] - Worker 4 loop running with 105 entries. 

2025-12-05 08:24:38,789 [1] INFO  IEC61850_simulatorServer2.ModbusSimServer [249] - Started worker for modelType=2, count=5 

2025-12-05 08:24:38,790 [1] INFO  IEC61850_simulatorServer2.ModbusSimServer [251] - All modelType workers started. 

2025-12-05 08:24:38,789 [9] INFO  IEC61850_simulatorServer2.ModbusSimServer [285] - Worker 2 loop running with 5 entries. 

2025-12-05 08:24:38,792 [10] INFO  IEC61850_simulatorServer2.ModbusSimServer [166] - Control thread started. 

2025-12-05 08:24:39,123 [10] ERROR IEC61850_simulatorServer2.ModbusParser [121] - Index was outside the bounds of the array. 

2025-12-05 08:24:41,845 [8] WARN  IEC61850_simulatorServer2.ModbusWirter [259] - Scale apply failed for yc14: System.OverflowException: Value was either too large or too small for an Int32.
   at System.Convert.ToInt32(Double value)
   at IEC61850_simulatorServer2.ModbusWirter.Write(Dictionary`2 data) in /Users/songyinpei/jobs/IEC61850-simulatorServer2/ModbusWirter.cs:line 259 

2025-12-05 08:24:41,897 [8] WARN  IEC61850_simulatorServer2.ModbusWirter [259] - Scale apply failed for yc59: System.OverflowException: Value was either too large or too small for an Int32.
   at System.Convert.ToInt32(Double value)
   at IEC61850_simulatorServer2.ModbusWirter.Write(Dictionary`2 data) in /Users/songyinpei/jobs/IEC61850-simulatorServer2/ModbusWirter.cs:line 259 

2025-12-05 08:24:41,950 [8] WARN  IEC61850_simulatorServer2.ModbusWirter [259] - Scale apply failed for yc110: System.OverflowException: Value was either too large or too small for an Int32.
   at System.Convert.ToInt32(Double value)
   at IEC61850_simulatorServer2.ModbusWirter.Write(Dictionary`2 data) in /Users/songyinpei/jobs/IEC61850-simulatorServer2/ModbusWirter.cs:line 259 

2025-12-05 08:24:42,004 [8] WARN  IEC61850_simulatorServer2.ModbusWirter [259] - Scale apply failed for yc152: System.OverflowException: Value was either too large or too small for an Int32.
   at System.Convert.ToInt32(Double value)
   at IEC61850_simulatorServer2.ModbusWirter.Write(Dictionary`2 data) in /Users/songyinpei/jobs/IEC61850-simulatorServer2/ModbusWirter.cs:line 259 

2025-12-05 08:35:14,063 [1] INFO  IEC61850_simulatorServer2.MainClass [37] - [Program] 应用启动，log4net 配置已尝试加载 

2025-12-05 08:35:16,511 [1] INFO  IEC61850_simulatorServer2.ModbusSimServer [146] - Device Connected, DeviceName : simBms 

2025-12-05 08:35:16,512 [1] INFO  IEC61850_simulatorServer2.ModbusSimServer [249] - Started worker for modelType=4, count=7689 

2025-12-05 08:35:16,513 [1] INFO  IEC61850_simulatorServer2.ModbusSimServer [251] - All modelType workers started. 

2025-12-05 08:35:16,515 [6] INFO  IEC61850_simulatorServer2.ModbusSimServer [285] - Worker 4 loop running with 7689 entries. 

2025-12-05 08:35:16,515 [7] INFO  IEC61850_simulatorServer2.ModbusSimServer [166] - Control thread started. 

2025-12-05 08:35:18,528 [1] INFO  IEC61850_simulatorServer2.ModbusSimServer [146] - Device Connected, DeviceName : simEmu 

2025-12-05 08:35:18,530 [1] INFO  IEC61850_simulatorServer2.ModbusSimServer [249] - Started worker for modelType=4, count=105 

2025-12-05 08:35:18,533 [8] INFO  IEC61850_simulatorServer2.ModbusSimServer [285] - Worker 4 loop running with 105 entries. 

2025-12-05 08:35:18,537 [1] INFO  IEC61850_simulatorServer2.ModbusSimServer [249] - Started worker for modelType=2, count=5 

2025-12-05 08:35:18,538 [1] INFO  IEC61850_simulatorServer2.ModbusSimServer [251] - All modelType workers started. 

2025-12-05 08:35:18,538 [9] INFO  IEC61850_simulatorServer2.ModbusSimServer [285] - Worker 2 loop running with 5 entries. 

2025-12-05 08:35:18,542 [10] INFO  IEC61850_simulatorServer2.ModbusSimServer [166] - Control thread started. 

2025-12-05 08:35:18,882 [10] ERROR IEC61850_simulatorServer2.ModbusParser [121] - Index was outside the bounds of the array. 

2025-12-05 08:35:21,625 [8] WARN  IEC61850_simulatorServer2.ModbusWirter [259] - Scale apply failed for yc14: System.OverflowException: Value was either too large or too small for an Int32.
   at System.Convert.ToInt32(Double value)
   at IEC61850_simulatorServer2.ModbusWirter.Write(Dictionary`2 data) in /Users/songyinpei/jobs/IEC61850-simulatorServer2/ModbusWirter.cs:line 259 

2025-12-05 08:35:21,678 [8] WARN  IEC61850_simulatorServer2.ModbusWirter [259] - Scale apply failed for yc59: System.OverflowException: Value was either too large or too small for an Int32.
   at System.Convert.ToInt32(Double value)
   at IEC61850_simulatorServer2.ModbusWirter.Write(Dictionary`2 data) in /Users/songyinpei/jobs/IEC61850-simulatorServer2/ModbusWirter.cs:line 259 

2025-12-05 08:35:21,724 [8] WARN  IEC61850_simulatorServer2.ModbusWirter [259] - Scale apply failed for yc110: System.OverflowException: Value was either too large or too small for an Int32.
   at System.Convert.ToInt32(Double value)
   at IEC61850_simulatorServer2.ModbusWirter.Write(Dictionary`2 data) in /Users/songyinpei/jobs/IEC61850-simulatorServer2/ModbusWirter.cs:line 259 

2025-12-05 08:35:21,778 [8] WARN  IEC61850_simulatorServer2.ModbusWirter [259] - Scale apply failed for yc152: System.OverflowException: Value was either too large or too small for an Int32.
   at System.Convert.ToInt32(Double value)
   at IEC61850_simulatorServer2.ModbusWirter.Write(Dictionary`2 data) in /Users/songyinpei/jobs/IEC61850-simulatorServer2/ModbusWirter.cs:line 259 

2025-12-05 08:36:34,233 [1] INFO  IEC61850_simulatorServer2.MainClass [37] - [Program] 应用启动，log4net 配置已尝试加载 

2025-12-05 08:36:36,619 [1] INFO  IEC61850_simulatorServer2.ModbusSimServer [146] - Device Connected, DeviceName : simBms 

2025-12-05 08:36:36,620 [1] INFO  IEC61850_simulatorServer2.ModbusSimServer [249] - Started worker for modelType=4, count=7689 

2025-12-05 08:36:36,621 [1] INFO  IEC61850_simulatorServer2.ModbusSimServer [251] - All modelType workers started. 

2025-12-05 08:36:36,622 [6] INFO  IEC61850_simulatorServer2.ModbusSimServer [285] - Worker 4 loop running with 7689 entries. 

2025-12-05 08:36:36,623 [7] INFO  IEC61850_simulatorServer2.ModbusSimServer [166] - Control thread started. 

2025-12-05 08:36:38,634 [1] INFO  IEC61850_simulatorServer2.ModbusSimServer [146] - Device Connected, DeviceName : simEmu 

2025-12-05 08:36:38,634 [1] INFO  IEC61850_simulatorServer2.ModbusSimServer [249] - Started worker for modelType=4, count=105 

2025-12-05 08:36:38,635 [9] INFO  IEC61850_simulatorServer2.ModbusSimServer [285] - Worker 4 loop running with 105 entries. 

2025-12-05 08:36:38,636 [1] INFO  IEC61850_simulatorServer2.ModbusSimServer [249] - Started worker for modelType=2, count=5 

2025-12-05 08:36:38,637 [1] INFO  IEC61850_simulatorServer2.ModbusSimServer [251] - All modelType workers started. 

2025-12-05 08:36:38,636 [10] INFO  IEC61850_simulatorServer2.ModbusSimServer [285] - Worker 2 loop running with 5 entries. 

2025-12-05 08:36:38,638 [11] INFO  IEC61850_simulatorServer2.ModbusSimServer [166] - Control thread started. 

2025-12-05 08:36:38,963 [11] ERROR IEC61850_simulatorServer2.ModbusParser [121] - Index was outside the bounds of the array. 

2025-12-05 08:36:41,692 [9] WARN  IEC61850_simulatorServer2.ModbusWirter [259] - Scale apply failed for yc14: System.OverflowException: Value was either too large or too small for an Int32.
   at System.Convert.ToInt32(Double value)
   at IEC61850_simulatorServer2.ModbusWirter.Write(Dictionary`2 data) in /Users/songyinpei/jobs/IEC61850-simulatorServer2/ModbusWirter.cs:line 259 

2025-12-05 08:36:41,742 [9] WARN  IEC61850_simulatorServer2.ModbusWirter [259] - Scale apply failed for yc59: System.OverflowException: Value was either too large or too small for an Int32.
   at System.Convert.ToInt32(Double value)
   at IEC61850_simulatorServer2.ModbusWirter.Write(Dictionary`2 data) in /Users/songyinpei/jobs/IEC61850-simulatorServer2/ModbusWirter.cs:line 259 

2025-12-05 08:36:41,792 [9] WARN  IEC61850_simulatorServer2.ModbusWirter [259] - Scale apply failed for yc110: System.OverflowException: Value was either too large or too small for an Int32.
   at System.Convert.ToInt32(Double value)
   at IEC61850_simulatorServer2.ModbusWirter.Write(Dictionary`2 data) in /Users/songyinpei/jobs/IEC61850-simulatorServer2/ModbusWirter.cs:line 259 

2025-12-05 08:36:41,846 [9] WARN  IEC61850_simulatorServer2.ModbusWirter [259] - Scale apply failed for yc152: System.OverflowException: Value was either too large or too small for an Int32.
   at System.Convert.ToInt32(Double value)
   at IEC61850_simulatorServer2.ModbusWirter.Write(Dictionary`2 data) in /Users/songyinpei/jobs/IEC61850-simulatorServer2/ModbusWirter.cs:line 259 

2025-12-05 09:25:21,680 [1] INFO  IEC61850_simulatorServer2.MainClass [37] - [Program] 应用启动，log4net 配置已尝试加载 

2025-12-05 09:25:24,062 [1] INFO  IEC61850_simulatorServer2.ModbusSimServer [146] - Device Connected, DeviceName : simBms 

2025-12-05 09:25:24,063 [1] INFO  IEC61850_simulatorServer2.ModbusSimServer [249] - Started worker for modelType=4, count=7689 

2025-12-05 09:25:24,064 [1] INFO  IEC61850_simulatorServer2.ModbusSimServer [251] - All modelType workers started. 

2025-12-05 09:25:24,066 [7] INFO  IEC61850_simulatorServer2.ModbusSimServer [285] - Worker 4 loop running with 7689 entries. 

2025-12-05 09:25:24,066 [8] INFO  IEC61850_simulatorServer2.ModbusSimServer [166] - Control thread started. 

2025-12-05 09:25:26,079 [1] INFO  IEC61850_simulatorServer2.ModbusSimServer [146] - Device Connected, DeviceName : simEmu 

2025-12-05 09:25:26,083 [1] INFO  IEC61850_simulatorServer2.ModbusSimServer [249] - Started worker for modelType=4, count=105 

2025-12-05 09:25:26,090 [9] INFO  IEC61850_simulatorServer2.ModbusSimServer [285] - Worker 4 loop running with 105 entries. 

2025-12-05 09:25:26,094 [1] INFO  IEC61850_simulatorServer2.ModbusSimServer [249] - Started worker for modelType=2, count=5 

2025-12-05 09:25:26,094 [10] INFO  IEC61850_simulatorServer2.ModbusSimServer [285] - Worker 2 loop running with 5 entries. 

2025-12-05 09:25:26,095 [1] INFO  IEC61850_simulatorServer2.ModbusSimServer [251] - All modelType workers started. 

2025-12-05 09:25:26,098 [11] INFO  IEC61850_simulatorServer2.ModbusSimServer [166] - Control thread started. 

2025-12-05 09:25:26,430 [11] ERROR IEC61850_simulatorServer2.ModbusParser [121] - Index was outside the bounds of the array. 

2025-12-05 09:25:29,156 [9] WARN  IEC61850_simulatorServer2.ModbusWirter [259] - Scale apply failed for yc14: System.OverflowException: Value was either too large or too small for an Int32.
   at System.Convert.ToInt32(Double value)
   at IEC61850_simulatorServer2.ModbusWirter.Write(Dictionary`2 data) in /Users/songyinpei/jobs/IEC61850-simulatorServer2/ModbusWirter.cs:line 259 

2025-12-05 09:25:29,209 [9] WARN  IEC61850_simulatorServer2.ModbusWirter [259] - Scale apply failed for yc59: System.OverflowException: Value was either too large or too small for an Int32.
   at System.Convert.ToInt32(Double value)
   at IEC61850_simulatorServer2.ModbusWirter.Write(Dictionary`2 data) in /Users/songyinpei/jobs/IEC61850-simulatorServer2/ModbusWirter.cs:line 259 

2025-12-05 09:25:29,262 [9] WARN  IEC61850_simulatorServer2.ModbusWirter [259] - Scale apply failed for yc110: System.OverflowException: Value was either too large or too small for an Int32.
   at System.Convert.ToInt32(Double value)
   at IEC61850_simulatorServer2.ModbusWirter.Write(Dictionary`2 data) in /Users/songyinpei/jobs/IEC61850-simulatorServer2/ModbusWirter.cs:line 259 

2025-12-05 09:25:29,316 [9] WARN  IEC61850_simulatorServer2.ModbusWirter [259] - Scale apply failed for yc152: System.OverflowException: Value was either too large or too small for an Int32.
   at System.Convert.ToInt32(Double value)
   at IEC61850_simulatorServer2.ModbusWirter.Write(Dictionary`2 data) in /Users/songyinpei/jobs/IEC61850-simulatorServer2/ModbusWirter.cs:line 259 

2025-12-05 09:33:47,748 [11] ERROR IEC61850_simulatorServer2.ModbusParser [121] - Index was outside the bounds of the array. 

2025-12-05 09:42:09,079 [11] ERROR IEC61850_simulatorServer2.ModbusParser [121] - Index was outside the bounds of the array. 

2025-12-05 09:50:30,356 [11] ERROR IEC61850_simulatorServer2.ModbusParser [121] - Index was outside the bounds of the array. 

2025-12-05 09:58:51,695 [11] ERROR IEC61850_simulatorServer2.ModbusParser [121] - Index was outside the bounds of the array. 

2025-12-05 10:03:38,164 [1] INFO  IEC61850_simulatorServer2.MainClass [37] - [Program] 应用启动，log4net 配置已尝试加载 

2025-12-05 10:03:40,600 [1] INFO  IEC61850_simulatorServer2.ModbusSimServer [146] - Device Connected, DeviceName : simBms 

2025-12-05 10:03:40,601 [1] INFO  IEC61850_simulatorServer2.ModbusSimServer [249] - Started worker for modelType=4, count=7689 

2025-12-05 10:03:40,602 [1] INFO  IEC61850_simulatorServer2.ModbusSimServer [251] - All modelType workers started. 

2025-12-05 10:03:40,603 [6] INFO  IEC61850_simulatorServer2.ModbusSimServer [285] - Worker 4 loop running with 7689 entries. 

2025-12-05 10:03:40,603 [7] INFO  IEC61850_simulatorServer2.ModbusSimServer [166] - Control thread started. 

2025-12-05 10:03:42,614 [1] INFO  IEC61850_simulatorServer2.ModbusSimServer [146] - Device Connected, DeviceName : simEmu 

2025-12-05 10:03:42,615 [1] INFO  IEC61850_simulatorServer2.ModbusSimServer [249] - Started worker for modelType=4, count=105 

2025-12-05 10:03:42,618 [8] INFO  IEC61850_simulatorServer2.ModbusSimServer [285] - Worker 4 loop running with 105 entries. 

2025-12-05 10:03:42,622 [1] INFO  IEC61850_simulatorServer2.ModbusSimServer [249] - Started worker for modelType=2, count=5 

2025-12-05 10:03:42,623 [9] INFO  IEC61850_simulatorServer2.ModbusSimServer [285] - Worker 2 loop running with 5 entries. 

2025-12-05 10:03:42,623 [1] INFO  IEC61850_simulatorServer2.ModbusSimServer [251] - All modelType workers started. 

2025-12-05 10:03:42,628 [10] INFO  IEC61850_simulatorServer2.ModbusSimServer [166] - Control thread started. 

2025-12-05 10:03:42,964 [10] ERROR IEC61850_simulatorServer2.ModbusParser [121] - Index was outside the bounds of the array. 

2025-12-05 10:03:45,681 [8] WARN  IEC61850_simulatorServer2.ModbusWirter [259] - Scale apply failed for yc14: System.OverflowException: Value was either too large or too small for an Int32.
   at System.Convert.ToInt32(Double value)
   at IEC61850_simulatorServer2.ModbusWirter.Write(Dictionary`2 data) in /Users/songyinpei/jobs/IEC61850-simulatorServer2/ModbusWirter.cs:line 259 

2025-12-05 10:03:45,730 [8] WARN  IEC61850_simulatorServer2.ModbusWirter [259] - Scale apply failed for yc59: System.OverflowException: Value was either too large or too small for an Int32.
   at System.Convert.ToInt32(Double value)
   at IEC61850_simulatorServer2.ModbusWirter.Write(Dictionary`2 data) in /Users/songyinpei/jobs/IEC61850-simulatorServer2/ModbusWirter.cs:line 259 

2025-12-05 10:03:45,779 [8] WARN  IEC61850_simulatorServer2.ModbusWirter [259] - Scale apply failed for yc110: System.OverflowException: Value was either too large or too small for an Int32.
   at System.Convert.ToInt32(Double value)
   at IEC61850_simulatorServer2.ModbusWirter.Write(Dictionary`2 data) in /Users/songyinpei/jobs/IEC61850-simulatorServer2/ModbusWirter.cs:line 259 

2025-12-05 10:03:45,830 [8] WARN  IEC61850_simulatorServer2.ModbusWirter [259] - Scale apply failed for yc152: System.OverflowException: Value was either too large or too small for an Int32.
   at System.Convert.ToInt32(Double value)
   at IEC61850_simulatorServer2.ModbusWirter.Write(Dictionary`2 data) in /Users/songyinpei/jobs/IEC61850-simulatorServer2/ModbusWirter.cs:line 259 

2025-12-05 10:08:16,122 [1] INFO  IEC61850_simulatorServer2.MainClass [37] - [Program] 应用启动，log4net 配置已尝试加载 

2025-12-05 10:08:18,521 [1] INFO  IEC61850_simulatorServer2.ModbusSimServer [146] - Device Connected, DeviceName : simBms 

2025-12-05 10:08:18,522 [1] INFO  IEC61850_simulatorServer2.ModbusSimServer [249] - Started worker for modelType=4, count=7689 

2025-12-05 10:08:18,523 [1] INFO  IEC61850_simulatorServer2.ModbusSimServer [251] - All modelType workers started. 

2025-12-05 10:08:18,525 [6] INFO  IEC61850_simulatorServer2.ModbusSimServer [285] - Worker 4 loop running with 7689 entries. 

2025-12-05 10:08:18,525 [7] INFO  IEC61850_simulatorServer2.ModbusSimServer [166] - Control thread started. 

2025-12-05 10:08:20,692 [1] INFO  IEC61850_simulatorServer2.ModbusSimServer [146] - Device Connected, DeviceName : simEmu 

2025-12-05 10:08:20,694 [1] INFO  IEC61850_simulatorServer2.ModbusSimServer [249] - Started worker for modelType=4, count=105 

2025-12-05 10:08:20,697 [8] INFO  IEC61850_simulatorServer2.ModbusSimServer [285] - Worker 4 loop running with 105 entries. 

2025-12-05 10:08:20,700 [1] INFO  IEC61850_simulatorServer2.ModbusSimServer [249] - Started worker for modelType=2, count=5 

2025-12-05 10:08:20,701 [1] INFO  IEC61850_simulatorServer2.ModbusSimServer [251] - All modelType workers started. 

2025-12-05 10:08:20,701 [9] INFO  IEC61850_simulatorServer2.ModbusSimServer [285] - Worker 2 loop running with 5 entries. 

2025-12-05 10:08:20,704 [10] INFO  IEC61850_simulatorServer2.ModbusSimServer [166] - Control thread started. 

2025-12-05 10:08:21,030 [10] ERROR IEC61850_simulatorServer2.ModbusParser [121] - Index was outside the bounds of the array. 

2025-12-05 10:08:23,757 [8] WARN  IEC61850_simulatorServer2.ModbusWirter [259] - Scale apply failed for yc14: System.OverflowException: Value was either too large or too small for an Int32.
   at System.Convert.ToInt32(Double value)
   at IEC61850_simulatorServer2.ModbusWirter.Write(Dictionary`2 data) in /Users/songyinpei/jobs/IEC61850-simulatorServer2/ModbusWirter.cs:line 259 

2025-12-05 10:08:23,811 [8] WARN  IEC61850_simulatorServer2.ModbusWirter [259] - Scale apply failed for yc59: System.OverflowException: Value was either too large or too small for an Int32.
   at System.Convert.ToInt32(Double value)
   at IEC61850_simulatorServer2.ModbusWirter.Write(Dictionary`2 data) in /Users/songyinpei/jobs/IEC61850-simulatorServer2/ModbusWirter.cs:line 259 

2025-12-05 10:08:23,863 [8] WARN  IEC61850_simulatorServer2.ModbusWirter [259] - Scale apply failed for yc110: System.OverflowException: Value was either too large or too small for an Int32.
   at System.Convert.ToInt32(Double value)
   at IEC61850_simulatorServer2.ModbusWirter.Write(Dictionary`2 data) in /Users/songyinpei/jobs/IEC61850-simulatorServer2/ModbusWirter.cs:line 259 

2025-12-05 10:08:23,912 [8] WARN  IEC61850_simulatorServer2.ModbusWirter [259] - Scale apply failed for yc152: System.OverflowException: Value was either too large or too small for an Int32.
   at System.Convert.ToInt32(Double value)
   at IEC61850_simulatorServer2.ModbusWirter.Write(Dictionary`2 data) in /Users/songyinpei/jobs/IEC61850-simulatorServer2/ModbusWirter.cs:line 259 

2025-12-05 10:12:11,058 [1] INFO  IEC61850_simulatorServer2.MainClass [37] - [Program] 应用启动，log4net 配置已尝试加载 

2025-12-05 10:12:13,549 [1] INFO  IEC61850_simulatorServer2.ModbusSimServer [146] - Device Connected, DeviceName : simBms 

2025-12-05 10:12:13,550 [1] INFO  IEC61850_simulatorServer2.ModbusSimServer [249] - Started worker for modelType=4, count=7689 

2025-12-05 10:12:13,551 [1] INFO  IEC61850_simulatorServer2.ModbusSimServer [251] - All modelType workers started. 

2025-12-05 10:12:13,552 [6] INFO  IEC61850_simulatorServer2.ModbusSimServer [285] - Worker 4 loop running with 7689 entries. 

2025-12-05 10:12:13,553 [7] INFO  IEC61850_simulatorServer2.ModbusSimServer [166] - Control thread started. 

2025-12-05 10:12:15,565 [1] INFO  IEC61850_simulatorServer2.ModbusSimServer [146] - Device Connected, DeviceName : simEmu 

2025-12-05 10:12:15,566 [1] INFO  IEC61850_simulatorServer2.ModbusSimServer [249] - Started worker for modelType=4, count=105 

2025-12-05 10:12:15,570 [8] INFO  IEC61850_simulatorServer2.ModbusSimServer [285] - Worker 4 loop running with 105 entries. 

2025-12-05 10:12:15,573 [9] INFO  IEC61850_simulatorServer2.ModbusSimServer [285] - Worker 2 loop running with 5 entries. 

2025-12-05 10:12:15,571 [1] INFO  IEC61850_simulatorServer2.ModbusSimServer [249] - Started worker for modelType=2, count=5 

2025-12-05 10:12:15,574 [1] INFO  IEC61850_simulatorServer2.ModbusSimServer [251] - All modelType workers started. 

2025-12-05 10:12:15,577 [10] INFO  IEC61850_simulatorServer2.ModbusSimServer [166] - Control thread started. 

2025-12-05 10:12:15,903 [10] ERROR IEC61850_simulatorServer2.ModbusParser [121] - Index was outside the bounds of the array. 

2025-12-05 10:12:18,631 [8] WARN  IEC61850_simulatorServer2.ModbusWirter [259] - Scale apply failed for yc14: System.OverflowException: Value was either too large or too small for an Int32.
   at System.Convert.ToInt32(Double value)
   at IEC61850_simulatorServer2.ModbusWirter.Write(Dictionary`2 data) in /Users/songyinpei/jobs/IEC61850-simulatorServer2/ModbusWirter.cs:line 259 

2025-12-05 10:12:18,679 [8] WARN  IEC61850_simulatorServer2.ModbusWirter [259] - Scale apply failed for yc59: System.OverflowException: Value was either too large or too small for an Int32.
   at System.Convert.ToInt32(Double value)
   at IEC61850_simulatorServer2.ModbusWirter.Write(Dictionary`2 data) in /Users/songyinpei/jobs/IEC61850-simulatorServer2/ModbusWirter.cs:line 259 

2025-12-05 10:12:18,731 [8] WARN  IEC61850_simulatorServer2.ModbusWirter [259] - Scale apply failed for yc110: System.OverflowException: Value was either too large or too small for an Int32.
   at System.Convert.ToInt32(Double value)
   at IEC61850_simulatorServer2.ModbusWirter.Write(Dictionary`2 data) in /Users/songyinpei/jobs/IEC61850-simulatorServer2/ModbusWirter.cs:line 259 

2025-12-05 10:12:18,781 [8] WARN  IEC61850_simulatorServer2.ModbusWirter [259] - Scale apply failed for yc152: System.OverflowException: Value was either too large or too small for an Int32.
   at System.Convert.ToInt32(Double value)
   at IEC61850_simulatorServer2.ModbusWirter.Write(Dictionary`2 data) in /Users/songyinpei/jobs/IEC61850-simulatorServer2/ModbusWirter.cs:line 259 

2025-12-05 10:20:37,510 [10] ERROR IEC61850_simulatorServer2.ModbusParser [121] - Index was outside the bounds of the array. 

2025-12-05 10:28:59,753 [10] ERROR IEC61850_simulatorServer2.ModbusParser [121] - Index was outside the bounds of the array. 

2025-12-05 10:37:21,950 [10] ERROR IEC61850_simulatorServer2.ModbusParser [121] - Index was outside the bounds of the array. 

2025-12-05 10:40:54,516 [1] INFO  IEC61850_simulatorServer2.MainClass [37] - [Program] 应用启动，log4net 配置已尝试加载 

2025-12-05 10:40:56,964 [1] INFO  IEC61850_simulatorServer2.ModbusSimServer [146] - Device Connected, DeviceName : simBms 

2025-12-05 10:40:56,965 [1] INFO  IEC61850_simulatorServer2.ModbusSimServer [249] - Started worker for modelType=4, count=7689 

2025-12-05 10:40:56,966 [1] INFO  IEC61850_simulatorServer2.ModbusSimServer [251] - All modelType workers started. 

2025-12-05 10:40:56,967 [6] INFO  IEC61850_simulatorServer2.ModbusSimServer [285] - Worker 4 loop running with 7689 entries. 

2025-12-05 10:40:56,968 [7] INFO  IEC61850_simulatorServer2.ModbusSimServer [166] - Control thread started. 

2025-12-05 10:40:58,980 [1] INFO  IEC61850_simulatorServer2.ModbusSimServer [146] - Device Connected, DeviceName : simEmu 

2025-12-05 10:40:58,982 [1] INFO  IEC61850_simulatorServer2.ModbusSimServer [249] - Started worker for modelType=4, count=105 

2025-12-05 10:40:58,986 [8] INFO  IEC61850_simulatorServer2.ModbusSimServer [285] - Worker 4 loop running with 105 entries. 

2025-12-05 10:40:58,989 [1] INFO  IEC61850_simulatorServer2.ModbusSimServer [249] - Started worker for modelType=2, count=5 

2025-12-05 10:40:58,991 [1] INFO  IEC61850_simulatorServer2.ModbusSimServer [251] - All modelType workers started. 

2025-12-05 10:40:58,989 [9] INFO  IEC61850_simulatorServer2.ModbusSimServer [285] - Worker 2 loop running with 5 entries. 

2025-12-05 10:40:58,995 [10] INFO  IEC61850_simulatorServer2.ModbusSimServer [166] - Control thread started. 

2025-12-05 10:40:59,333 [10] ERROR IEC61850_simulatorServer2.ModbusParser [121] - Index was outside the bounds of the array. 

2025-12-05 10:41:02,050 [8] WARN  IEC61850_simulatorServer2.ModbusWirter [259] - Scale apply failed for yc14: System.OverflowException: Value was either too large or too small for an Int32.
   at System.Convert.ToInt32(Double value)
   at IEC61850_simulatorServer2.ModbusWirter.Write(Dictionary`2 data) in /Users/songyinpei/jobs/IEC61850-simulatorServer2/ModbusWirter.cs:line 259 

2025-12-05 10:41:02,102 [8] WARN  IEC61850_simulatorServer2.ModbusWirter [259] - Scale apply failed for yc59: System.OverflowException: Value was either too large or too small for an Int32.
   at System.Convert.ToInt32(Double value)
   at IEC61850_simulatorServer2.ModbusWirter.Write(Dictionary`2 data) in /Users/songyinpei/jobs/IEC61850-simulatorServer2/ModbusWirter.cs:line 259 

2025-12-05 10:41:02,152 [8] WARN  IEC61850_simulatorServer2.ModbusWirter [259] - Scale apply failed for yc110: System.OverflowException: Value was either too large or too small for an Int32.
   at System.Convert.ToInt32(Double value)
   at IEC61850_simulatorServer2.ModbusWirter.Write(Dictionary`2 data) in /Users/songyinpei/jobs/IEC61850-simulatorServer2/ModbusWirter.cs:line 259 

2025-12-05 10:41:02,206 [8] WARN  IEC61850_simulatorServer2.ModbusWirter [259] - Scale apply failed for yc152: System.OverflowException: Value was either too large or too small for an Int32.
   at System.Convert.ToInt32(Double value)
   at IEC61850_simulatorServer2.ModbusWirter.Write(Dictionary`2 data) in /Users/songyinpei/jobs/IEC61850-simulatorServer2/ModbusWirter.cs:line 259 

2025-12-05 10:48:00,007 [1] INFO  IEC61850_simulatorServer2.MainClass [37] - [Program] 应用启动，log4net 配置已尝试加载 

2025-12-05 10:48:02,488 [1] INFO  IEC61850_simulatorServer2.ModbusSimServer [146] - Device Connected, DeviceName : simBms 

2025-12-05 10:48:02,489 [1] INFO  IEC61850_simulatorServer2.ModbusSimServer [249] - Started worker for modelType=4, count=7689 

2025-12-05 10:48:02,490 [1] INFO  IEC61850_simulatorServer2.ModbusSimServer [251] - All modelType workers started. 

2025-12-05 10:48:02,491 [6] INFO  IEC61850_simulatorServer2.ModbusSimServer [285] - Worker 4 loop running with 7689 entries. 

2025-12-05 10:48:02,492 [7] INFO  IEC61850_simulatorServer2.ModbusSimServer [166] - Control thread started. 

2025-12-05 10:48:04,503 [1] INFO  IEC61850_simulatorServer2.ModbusSimServer [146] - Device Connected, DeviceName : simEmu 

2025-12-05 10:48:04,505 [1] INFO  IEC61850_simulatorServer2.ModbusSimServer [249] - Started worker for modelType=4, count=105 

2025-12-05 10:48:04,510 [8] INFO  IEC61850_simulatorServer2.ModbusSimServer [285] - Worker 4 loop running with 105 entries. 

2025-12-05 10:48:04,511 [1] INFO  IEC61850_simulatorServer2.ModbusSimServer [249] - Started worker for modelType=2, count=5 

2025-12-05 10:48:04,534 [9] INFO  IEC61850_simulatorServer2.ModbusSimServer [285] - Worker 2 loop running with 5 entries. 

2025-12-05 10:48:04,534 [1] INFO  IEC61850_simulatorServer2.ModbusSimServer [251] - All modelType workers started. 

2025-12-05 10:48:04,537 [10] INFO  IEC61850_simulatorServer2.ModbusSimServer [166] - Control thread started. 

2025-12-05 10:48:04,861 [10] ERROR IEC61850_simulatorServer2.ModbusParser [121] - Index was outside the bounds of the array. 

2025-12-05 10:48:05,677 [10] ERROR IEC61850_simulatorServer2.ModbusParser [121] - Index was outside the bounds of the array. 

2025-12-05 10:48:06,493 [10] ERROR IEC61850_simulatorServer2.ModbusParser [121] - Index was outside the bounds of the array. 

2025-12-05 10:48:07,348 [10] ERROR IEC61850_simulatorServer2.ModbusParser [121] - Index was outside the bounds of the array. 

2025-12-05 10:48:07,595 [8] WARN  IEC61850_simulatorServer2.ModbusWirter [234] - Scale apply failed for yc14: System.OverflowException: Value was either too large or too small for an Int32.
   at System.Convert.ToInt32(Double value)
   at IEC61850_simulatorServer2.ModbusWirter.Write(Dictionary`2 data) in /Users/songyinpei/jobs/IEC61850-simulatorServer2/ModbusWirter.cs:line 234 

2025-12-05 10:48:07,642 [8] WARN  IEC61850_simulatorServer2.ModbusWirter [234] - Scale apply failed for yc59: System.OverflowException: Value was either too large or too small for an Int32.
   at System.Convert.ToInt32(Double value)
   at IEC61850_simulatorServer2.ModbusWirter.Write(Dictionary`2 data) in /Users/songyinpei/jobs/IEC61850-simulatorServer2/ModbusWirter.cs:line 234 

2025-12-05 10:48:07,695 [8] WARN  IEC61850_simulatorServer2.ModbusWirter [234] - Scale apply failed for yc110: System.OverflowException: Value was either too large or too small for an Int32.
   at System.Convert.ToInt32(Double value)
   at IEC61850_simulatorServer2.ModbusWirter.Write(Dictionary`2 data) in /Users/songyinpei/jobs/IEC61850-simulatorServer2/ModbusWirter.cs:line 234 

2025-12-05 10:48:07,746 [8] WARN  IEC61850_simulatorServer2.ModbusWirter [234] - Scale apply failed for yc152: System.OverflowException: Value was either too large or too small for an Int32.
   at System.Convert.ToInt32(Double value)
   at IEC61850_simulatorServer2.ModbusWirter.Write(Dictionary`2 data) in /Users/songyinpei/jobs/IEC61850-simulatorServer2/ModbusWirter.cs:line 234 

2025-12-05 10:48:08,206 [10] ERROR IEC61850_simulatorServer2.ModbusParser [121] - Index was outside the bounds of the array. 

2025-12-05 10:48:09,013 [10] ERROR IEC61850_simulatorServer2.ModbusParser [121] - Index was outside the bounds of the array. 

2025-12-05 10:48:09,830 [10] ERROR IEC61850_simulatorServer2.ModbusParser [121] - Index was outside the bounds of the array. 

2025-12-05 10:48:10,640 [10] ERROR IEC61850_simulatorServer2.ModbusParser [121] - Index was outside the bounds of the array. 

2025-12-05 10:48:11,449 [10] ERROR IEC61850_simulatorServer2.ModbusParser [121] - Index was outside the bounds of the array. 

2025-12-05 10:48:12,258 [10] ERROR IEC61850_simulatorServer2.ModbusParser [121] - Index was outside the bounds of the array. 

2025-12-05 10:48:13,069 [10] ERROR IEC61850_simulatorServer2.ModbusParser [121] - Index was outside the bounds of the array. 

2025-12-05 10:48:13,886 [10] ERROR IEC61850_simulatorServer2.ModbusParser [121] - Index was outside the bounds of the array. 

2025-12-05 10:48:14,695 [10] ERROR IEC61850_simulatorServer2.ModbusParser [121] - Index was outside the bounds of the array. 

2025-12-05 10:48:15,513 [10] ERROR IEC61850_simulatorServer2.ModbusParser [121] - Index was outside the bounds of the array. 

2025-12-05 10:48:16,371 [10] ERROR IEC61850_simulatorServer2.ModbusParser [121] - Index was outside the bounds of the array. 

2025-12-05 10:48:17,182 [10] ERROR IEC61850_simulatorServer2.ModbusParser [121] - Index was outside the bounds of the array. 

2025-12-05 10:48:17,994 [10] ERROR IEC61850_simulatorServer2.ModbusParser [121] - Index was outside the bounds of the array. 

2025-12-05 10:48:18,811 [10] ERROR IEC61850_simulatorServer2.ModbusParser [121] - Index was outside the bounds of the array. 

2025-12-05 10:48:19,624 [10] ERROR IEC61850_simulatorServer2.ModbusParser [121] - Index was outside the bounds of the array. 

2025-12-05 10:48:20,439 [10] ERROR IEC61850_simulatorServer2.ModbusParser [121] - Index was outside the bounds of the array. 

2025-12-05 10:48:21,296 [10] ERROR IEC61850_simulatorServer2.ModbusParser [121] - Index was outside the bounds of the array. 

2025-12-05 10:48:22,107 [10] ERROR IEC61850_simulatorServer2.ModbusParser [121] - Index was outside the bounds of the array. 

2025-12-05 10:48:22,922 [10] ERROR IEC61850_simulatorServer2.ModbusParser [121] - Index was outside the bounds of the array. 

2025-12-05 10:48:23,739 [10] ERROR IEC61850_simulatorServer2.ModbusParser [121] - Index was outside the bounds of the array. 

2025-12-05 10:48:24,555 [10] ERROR IEC61850_simulatorServer2.ModbusParser [121] - Index was outside the bounds of the array. 

2025-12-05 10:48:25,369 [10] ERROR IEC61850_simulatorServer2.ModbusParser [121] - Index was outside the bounds of the array. 

2025-12-05 10:48:26,181 [10] ERROR IEC61850_simulatorServer2.ModbusParser [121] - Index was outside the bounds of the array. 

2025-12-05 10:48:26,993 [10] ERROR IEC61850_simulatorServer2.ModbusParser [121] - Index was outside the bounds of the array. 

2025-12-05 10:48:27,811 [10] ERROR IEC61850_simulatorServer2.ModbusParser [121] - Index was outside the bounds of the array. 

2025-12-05 10:48:28,624 [10] ERROR IEC61850_simulatorServer2.ModbusParser [121] - Index was outside the bounds of the array. 

2025-12-05 10:48:29,435 [10] ERROR IEC61850_simulatorServer2.ModbusParser [121] - Index was outside the bounds of the array. 

2025-12-05 10:48:30,245 [10] ERROR IEC61850_simulatorServer2.ModbusParser [121] - Index was outside the bounds of the array. 

2025-12-05 10:48:31,059 [10] ERROR IEC61850_simulatorServer2.ModbusParser [121] - Index was outside the bounds of the array. 

2025-12-05 10:48:31,871 [10] ERROR IEC61850_simulatorServer2.ModbusParser [121] - Index was outside the bounds of the array. 

2025-12-05 10:48:32,684 [10] ERROR IEC61850_simulatorServer2.ModbusParser [121] - Index was outside the bounds of the array. 

2025-12-05 10:48:33,494 [10] ERROR IEC61850_simulatorServer2.ModbusParser [121] - Index was outside the bounds of the array. 

2025-12-05 10:48:34,305 [10] ERROR IEC61850_simulatorServer2.ModbusParser [121] - Index was outside the bounds of the array. 

2025-12-05 10:48:35,116 [10] ERROR IEC61850_simulatorServer2.ModbusParser [121] - Index was outside the bounds of the array. 

2025-12-05 10:48:35,934 [10] ERROR IEC61850_simulatorServer2.ModbusParser [121] - Index was outside the bounds of the array. 

2025-12-05 10:48:36,750 [10] ERROR IEC61850_simulatorServer2.ModbusParser [121] - Index was outside the bounds of the array. 

2025-12-05 10:48:37,569 [10] ERROR IEC61850_simulatorServer2.ModbusParser [121] - Index was outside the bounds of the array. 

2025-12-05 10:48:49,955 [10] ERROR IEC61850_simulatorServer2.ModbusParser [121] - Index was outside the bounds of the array. 

2025-12-05 10:48:50,774 [10] ERROR IEC61850_simulatorServer2.ModbusParser [121] - Index was outside the bounds of the array. 

2025-12-05 10:48:51,583 [10] ERROR IEC61850_simulatorServer2.ModbusParser [121] - Index was outside the bounds of the array. 

2025-12-05 10:48:52,397 [10] ERROR IEC61850_simulatorServer2.ModbusParser [121] - Index was outside the bounds of the array. 

2025-12-05 10:48:53,209 [10] ERROR IEC61850_simulatorServer2.ModbusParser [121] - Index was outside the bounds of the array. 

2025-12-05 10:48:54,022 [10] ERROR IEC61850_simulatorServer2.ModbusParser [121] - Index was outside the bounds of the array. 

2025-12-05 10:48:54,840 [10] ERROR IEC61850_simulatorServer2.ModbusParser [121] - Index was outside the bounds of the array. 

2025-12-05 10:48:55,662 [10] ERROR IEC61850_simulatorServer2.ModbusParser [121] - Index was outside the bounds of the array. 

2025-12-05 10:48:56,471 [10] ERROR IEC61850_simulatorServer2.ModbusParser [121] - Index was outside the bounds of the array. 

2025-12-05 10:48:57,286 [10] ERROR IEC61850_simulatorServer2.ModbusParser [121] - Index was outside the bounds of the array. 

2025-12-05 10:48:58,100 [10] ERROR IEC61850_simulatorServer2.ModbusParser [121] - Index was outside the bounds of the array. 

2025-12-05 10:48:58,921 [10] ERROR IEC61850_simulatorServer2.ModbusParser [121] - Index was outside the bounds of the array. 

2025-12-05 10:48:59,742 [10] ERROR IEC61850_simulatorServer2.ModbusParser [121] - Index was outside the bounds of the array. 

2025-12-05 10:49:00,565 [10] ERROR IEC61850_simulatorServer2.ModbusParser [121] - Index was outside the bounds of the array. 

2025-12-05 10:49:01,374 [10] ERROR IEC61850_simulatorServer2.ModbusParser [121] - Index was outside the bounds of the array. 

2025-12-05 10:49:02,186 [10] ERROR IEC61850_simulatorServer2.ModbusParser [121] - Index was outside the bounds of the array. 

2025-12-05 10:49:03,003 [10] ERROR IEC61850_simulatorServer2.ModbusParser [121] - Index was outside the bounds of the array. 

2025-12-05 10:49:03,820 [10] ERROR IEC61850_simulatorServer2.ModbusParser [121] - Index was outside the bounds of the array. 

2025-12-05 10:49:04,639 [10] ERROR IEC61850_simulatorServer2.ModbusParser [121] - Index was outside the bounds of the array. 

2025-12-05 10:49:05,457 [10] ERROR IEC61850_simulatorServer2.ModbusParser [121] - Index was outside the bounds of the array. 

2025-12-05 10:49:06,312 [10] ERROR IEC61850_simulatorServer2.ModbusParser [?] - Index was outside the bounds of the array. 

2025-12-05 10:49:07,124 [10] ERROR IEC61850_simulatorServer2.ModbusParser [?] - Index was outside the bounds of the array. 

2025-12-05 10:49:07,943 [10] ERROR IEC61850_simulatorServer2.ModbusParser [?] - Index was outside the bounds of the array. 

2025-12-05 10:49:08,752 [10] ERROR IEC61850_simulatorServer2.ModbusParser [?] - Index was outside the bounds of the array. 

2025-12-05 10:49:09,566 [10] ERROR IEC61850_simulatorServer2.ModbusParser [?] - Index was outside the bounds of the array. 

2025-12-05 10:49:10,377 [10] ERROR IEC61850_simulatorServer2.ModbusParser [?] - Index was outside the bounds of the array. 

2025-12-05 10:49:11,234 [10] ERROR IEC61850_simulatorServer2.ModbusParser [?] - Index was outside the bounds of the array. 

2025-12-05 10:49:12,048 [10] ERROR IEC61850_simulatorServer2.ModbusParser [?] - Index was outside the bounds of the array. 

2025-12-05 10:49:12,869 [10] ERROR IEC61850_simulatorServer2.ModbusParser [?] - Index was outside the bounds of the array. 

2025-12-05 10:49:13,688 [10] ERROR IEC61850_simulatorServer2.ModbusParser [?] - Index was outside the bounds of the array. 

2025-12-05 10:49:14,507 [10] ERROR IEC61850_simulatorServer2.ModbusParser [?] - Index was outside the bounds of the array. 

2025-12-05 10:49:15,322 [10] ERROR IEC61850_simulatorServer2.ModbusParser [?] - Index was outside the bounds of the array. 

2025-12-05 10:49:16,135 [10] ERROR IEC61850_simulatorServer2.ModbusParser [?] - Index was outside the bounds of the array. 

2025-12-05 10:49:16,975 [10] ERROR IEC61850_simulatorServer2.ModbusParser [?] - Index was outside the bounds of the array. 

2025-12-05 10:49:17,798 [10] ERROR IEC61850_simulatorServer2.ModbusParser [?] - Index was outside the bounds of the array. 

2025-12-05 10:49:18,610 [10] ERROR IEC61850_simulatorServer2.ModbusParser [?] - Index was outside the bounds of the array. 

2025-12-05 10:49:19,429 [10] ERROR IEC61850_simulatorServer2.ModbusParser [?] - Index was outside the bounds of the array. 

2025-12-05 10:49:20,240 [10] ERROR IEC61850_simulatorServer2.ModbusParser [?] - Index was outside the bounds of the array. 

2025-12-05 10:49:21,099 [10] ERROR IEC61850_simulatorServer2.ModbusParser [?] - Index was outside the bounds of the array. 

2025-12-05 10:49:21,912 [10] ERROR IEC61850_simulatorServer2.ModbusParser [?] - Index was outside the bounds of the array. 

2025-12-05 10:49:22,731 [10] ERROR IEC61850_simulatorServer2.ModbusParser [?] - Index was outside the bounds of the array. 

2025-12-05 10:49:23,540 [10] ERROR IEC61850_simulatorServer2.ModbusParser [?] - Index was outside the bounds of the array. 

2025-12-05 10:49:24,351 [10] ERROR IEC61850_simulatorServer2.ModbusParser [?] - Index was outside the bounds of the array. 

2025-12-05 10:49:25,164 [10] ERROR IEC61850_simulatorServer2.ModbusParser [?] - Index was outside the bounds of the array. 

2025-12-05 10:49:25,981 [10] ERROR IEC61850_simulatorServer2.ModbusParser [?] - Index was outside the bounds of the array. 

2025-12-05 10:49:26,796 [10] ERROR IEC61850_simulatorServer2.ModbusParser [?] - Index was outside the bounds of the array. 

2025-12-05 10:49:27,613 [10] ERROR IEC61850_simulatorServer2.ModbusParser [?] - Index was outside the bounds of the array. 

2025-12-05 10:49:28,423 [10] ERROR IEC61850_simulatorServer2.ModbusParser [?] - Index was outside the bounds of the array. 

2025-12-05 10:49:38,425 [10] ERROR IEC61850_simulatorServer2.ModbusParser [?] - Index was outside the bounds of the array. 

2025-12-05 10:49:41,785 [10] ERROR IEC61850_simulatorServer2.ModbusParser [?] - Index was outside the bounds of the array. 

2025-12-05 10:49:42,598 [10] ERROR IEC61850_simulatorServer2.ModbusParser [?] - Index was outside the bounds of the array. 

2025-12-05 10:49:43,413 [10] ERROR IEC61850_simulatorServer2.ModbusParser [?] - Index was outside the bounds of the array. 

2025-12-05 10:49:44,222 [10] ERROR IEC61850_simulatorServer2.ModbusParser [?] - Index was outside the bounds of the array. 

2025-12-05 10:49:45,033 [10] ERROR IEC61850_simulatorServer2.ModbusParser [?] - Index was outside the bounds of the array. 

2025-12-05 10:49:45,847 [10] ERROR IEC61850_simulatorServer2.ModbusParser [?] - Index was outside the bounds of the array. 

2025-12-05 10:49:46,661 [10] ERROR IEC61850_simulatorServer2.ModbusParser [?] - Index was outside the bounds of the array. 

2025-12-05 10:49:47,482 [10] ERROR IEC61850_simulatorServer2.ModbusParser [?] - Index was outside the bounds of the array. 

2025-12-05 10:49:48,306 [10] ERROR IEC61850_simulatorServer2.ModbusParser [?] - Index was outside the bounds of the array. 

2025-12-05 10:49:49,163 [10] ERROR IEC61850_simulatorServer2.ModbusParser [?] - Index was outside the bounds of the array. 

2025-12-05 10:49:49,975 [10] ERROR IEC61850_simulatorServer2.ModbusParser [?] - Index was outside the bounds of the array. 

2025-12-05 10:49:50,795 [10] ERROR IEC61850_simulatorServer2.ModbusParser [?] - Index was outside the bounds of the array. 

2025-12-05 10:49:51,612 [10] ERROR IEC61850_simulatorServer2.ModbusParser [?] - Index was outside the bounds of the array. 

2025-12-05 10:49:52,434 [10] ERROR IEC61850_simulatorServer2.ModbusParser [?] - Index was outside the bounds of the array. 

2025-12-05 10:49:53,253 [10] ERROR IEC61850_simulatorServer2.ModbusParser [?] - Index was outside the bounds of the array. 

2025-12-05 10:49:54,112 [10] ERROR IEC61850_simulatorServer2.ModbusParser [?] - Index was outside the bounds of the array. 

2025-12-05 10:49:54,922 [10] ERROR IEC61850_simulatorServer2.ModbusParser [?] - Index was outside the bounds of the array. 

2025-12-05 10:49:55,736 [10] ERROR IEC61850_simulatorServer2.ModbusParser [?] - Index was outside the bounds of the array. 

2025-12-05 10:49:56,546 [10] ERROR IEC61850_simulatorServer2.ModbusParser [?] - Index was outside the bounds of the array. 

2025-12-05 10:49:57,368 [10] ERROR IEC61850_simulatorServer2.ModbusParser [?] - Index was outside the bounds of the array. 

2025-12-05 10:49:58,185 [10] ERROR IEC61850_simulatorServer2.ModbusParser [?] - Index was outside the bounds of the array. 

2025-12-05 10:49:59,040 [10] ERROR IEC61850_simulatorServer2.ModbusParser [?] - Index was outside the bounds of the array. 

2025-12-05 10:49:59,856 [10] ERROR IEC61850_simulatorServer2.ModbusParser [?] - Index was outside the bounds of the array. 

2025-12-05 10:50:00,676 [10] ERROR IEC61850_simulatorServer2.ModbusParser [?] - Index was outside the bounds of the array. 

2025-12-05 10:50:01,489 [10] ERROR IEC61850_simulatorServer2.ModbusParser [?] - Index was outside the bounds of the array. 

2025-12-05 10:50:02,305 [10] ERROR IEC61850_simulatorServer2.ModbusParser [?] - Index was outside the bounds of the array. 

2025-12-05 10:50:03,113 [10] ERROR IEC61850_simulatorServer2.ModbusParser [?] - Index was outside the bounds of the array. 

2025-12-05 10:50:03,972 [10] ERROR IEC61850_simulatorServer2.ModbusParser [?] - Index was outside the bounds of the array. 

2025-12-05 10:50:04,787 [10] ERROR IEC61850_simulatorServer2.ModbusParser [?] - Index was outside the bounds of the array. 

2025-12-05 10:50:05,598 [10] ERROR IEC61850_simulatorServer2.ModbusParser [?] - Index was outside the bounds of the array. 

2025-12-05 10:50:06,414 [10] ERROR IEC61850_simulatorServer2.ModbusParser [?] - Index was outside the bounds of the array. 

2025-12-05 10:50:07,227 [10] ERROR IEC61850_simulatorServer2.ModbusParser [?] - Index was outside the bounds of the array. 

2025-12-05 10:50:08,043 [10] ERROR IEC61850_simulatorServer2.ModbusParser [?] - Index was outside the bounds of the array. 

2025-12-05 10:50:08,862 [10] ERROR IEC61850_simulatorServer2.ModbusParser [?] - Index was outside the bounds of the array. 

2025-12-05 10:50:09,682 [10] ERROR IEC61850_simulatorServer2.ModbusParser [?] - Index was outside the bounds of the array. 

2025-12-05 10:50:10,497 [10] ERROR IEC61850_simulatorServer2.ModbusParser [?] - Index was outside the bounds of the array. 

2025-12-05 10:50:11,309 [10] ERROR IEC61850_simulatorServer2.ModbusParser [?] - Index was outside the bounds of the array. 

2025-12-05 10:50:12,121 [10] ERROR IEC61850_simulatorServer2.ModbusParser [?] - Index was outside the bounds of the array. 

2025-12-05 10:50:12,938 [10] ERROR IEC61850_simulatorServer2.ModbusParser [?] - Index was outside the bounds of the array. 

2025-12-05 10:50:13,751 [10] ERROR IEC61850_simulatorServer2.ModbusParser [?] - Index was outside the bounds of the array. 

2025-12-05 10:50:14,567 [10] ERROR IEC61850_simulatorServer2.ModbusParser [?] - Index was outside the bounds of the array. 

2025-12-05 10:50:15,381 [10] ERROR IEC61850_simulatorServer2.ModbusParser [?] - Index was outside the bounds of the array. 

2025-12-05 10:50:16,192 [10] ERROR IEC61850_simulatorServer2.ModbusParser [?] - Index was outside the bounds of the array. 

2025-12-05 10:50:17,004 [10] ERROR IEC61850_simulatorServer2.ModbusParser [?] - Index was outside the bounds of the array. 

2025-12-05 10:50:17,816 [10] ERROR IEC61850_simulatorServer2.ModbusParser [?] - Index was outside the bounds of the array. 

2025-12-05 10:50:18,626 [10] ERROR IEC61850_simulatorServer2.ModbusParser [?] - Index was outside the bounds of the array. 

2025-12-05 10:50:19,434 [10] ERROR IEC61850_simulatorServer2.ModbusParser [?] - Index was outside the bounds of the array. 

2025-12-05 10:50:20,244 [10] ERROR IEC61850_simulatorServer2.ModbusParser [?] - Index was outside the bounds of the array. 

2025-12-05 10:50:21,054 [10] ERROR IEC61850_simulatorServer2.ModbusParser [?] - Index was outside the bounds of the array. 

2025-12-05 10:50:21,863 [10] ERROR IEC61850_simulatorServer2.ModbusParser [?] - Index was outside the bounds of the array. 

2025-12-05 10:50:22,673 [10] ERROR IEC61850_simulatorServer2.ModbusParser [?] - Index was outside the bounds of the array. 

2025-12-05 10:50:23,481 [10] ERROR IEC61850_simulatorServer2.ModbusParser [?] - Index was outside the bounds of the array. 

2025-12-05 10:50:24,341 [10] ERROR IEC61850_simulatorServer2.ModbusParser [?] - Index was outside the bounds of the array. 

2025-12-05 10:50:25,149 [10] ERROR IEC61850_simulatorServer2.ModbusParser [?] - Index was outside the bounds of the array. 

2025-12-05 10:50:25,959 [10] ERROR IEC61850_simulatorServer2.ModbusParser [?] - Index was outside the bounds of the array. 

2025-12-05 10:50:26,769 [10] ERROR IEC61850_simulatorServer2.ModbusParser [?] - Index was outside the bounds of the array. 

2025-12-05 10:50:27,585 [10] ERROR IEC61850_simulatorServer2.ModbusParser [?] - Index was outside the bounds of the array. 

2025-12-05 10:50:28,395 [10] ERROR IEC61850_simulatorServer2.ModbusParser [?] - Index was outside the bounds of the array. 

2025-12-05 10:50:29,252 [10] ERROR IEC61850_simulatorServer2.ModbusParser [?] - Index was outside the bounds of the array. 

2025-12-05 10:50:30,067 [10] ERROR IEC61850_simulatorServer2.ModbusParser [?] - Index was outside the bounds of the array. 

2025-12-05 10:50:30,888 [10] ERROR IEC61850_simulatorServer2.ModbusParser [?] - Index was outside the bounds of the array. 

2025-12-05 10:50:31,709 [10] ERROR IEC61850_simulatorServer2.ModbusParser [?] - Index was outside the bounds of the array. 

2025-12-05 10:50:32,522 [10] ERROR IEC61850_simulatorServer2.ModbusParser [?] - Index was outside the bounds of the array. 

2025-12-05 10:50:33,331 [10] ERROR IEC61850_simulatorServer2.ModbusParser [?] - Index was outside the bounds of the array. 

2025-12-05 10:50:34,139 [10] ERROR IEC61850_simulatorServer2.ModbusParser [?] - Index was outside the bounds of the array. 

2025-12-05 10:50:34,955 [10] ERROR IEC61850_simulatorServer2.ModbusParser [?] - Index was outside the bounds of the array. 

2025-12-05 10:50:35,772 [10] ERROR IEC61850_simulatorServer2.ModbusParser [?] - Index was outside the bounds of the array. 

2025-12-05 10:50:36,582 [10] ERROR IEC61850_simulatorServer2.ModbusParser [?] - Index was outside the bounds of the array. 

2025-12-05 10:50:37,392 [10] ERROR IEC61850_simulatorServer2.ModbusParser [?] - Index was outside the bounds of the array. 

2025-12-05 10:50:38,207 [10] ERROR IEC61850_simulatorServer2.ModbusParser [?] - Index was outside the bounds of the array. 

2025-12-05 10:50:39,017 [10] ERROR IEC61850_simulatorServer2.ModbusParser [?] - Index was outside the bounds of the array. 

2025-12-05 10:50:39,829 [10] ERROR IEC61850_simulatorServer2.ModbusParser [?] - Index was outside the bounds of the array. 

2025-12-05 10:50:40,648 [10] ERROR IEC61850_simulatorServer2.ModbusParser [?] - Index was outside the bounds of the array. 

2025-12-05 10:50:41,466 [10] ERROR IEC61850_simulatorServer2.ModbusParser [?] - Index was outside the bounds of the array. 

2025-12-05 10:50:42,282 [10] ERROR IEC61850_simulatorServer2.ModbusParser [?] - Index was outside the bounds of the array. 

2025-12-05 10:50:43,100 [10] ERROR IEC61850_simulatorServer2.ModbusParser [?] - Index was outside the bounds of the array. 

2025-12-05 10:50:43,916 [10] ERROR IEC61850_simulatorServer2.ModbusParser [?] - Index was outside the bounds of the array. 

2025-12-05 10:50:44,735 [10] ERROR IEC61850_simulatorServer2.ModbusParser [?] - Index was outside the bounds of the array. 

2025-12-05 10:50:45,552 [10] ERROR IEC61850_simulatorServer2.ModbusParser [?] - Index was outside the bounds of the array. 

2025-12-05 10:50:46,364 [10] ERROR IEC61850_simulatorServer2.ModbusParser [?] - Index was outside the bounds of the array. 

2025-12-05 10:50:47,179 [10] ERROR IEC61850_simulatorServer2.ModbusParser [?] - Index was outside the bounds of the array. 

2025-12-05 10:50:47,997 [10] ERROR IEC61850_simulatorServer2.ModbusParser [?] - Index was outside the bounds of the array. 

2025-12-05 10:50:48,814 [10] ERROR IEC61850_simulatorServer2.ModbusParser [?] - Index was outside the bounds of the array. 

2025-12-05 10:50:49,630 [10] ERROR IEC61850_simulatorServer2.ModbusParser [?] - Index was outside the bounds of the array. 

2025-12-05 10:50:50,442 [10] ERROR IEC61850_simulatorServer2.ModbusParser [?] - Index was outside the bounds of the array. 

2025-12-05 10:50:51,280 [10] ERROR IEC61850_simulatorServer2.ModbusParser [?] - Index was outside the bounds of the array. 

2025-12-05 10:50:52,093 [10] ERROR IEC61850_simulatorServer2.ModbusParser [?] - Index was outside the bounds of the array. 

2025-12-05 10:50:52,915 [10] ERROR IEC61850_simulatorServer2.ModbusParser [?] - Index was outside the bounds of the array. 

2025-12-05 10:50:53,730 [10] ERROR IEC61850_simulatorServer2.ModbusParser [?] - Index was outside the bounds of the array. 

2025-12-05 10:50:54,540 [10] ERROR IEC61850_simulatorServer2.ModbusParser [?] - Index was outside the bounds of the array. 

2025-12-05 10:50:55,349 [10] ERROR IEC61850_simulatorServer2.ModbusParser [?] - Index was outside the bounds of the array. 

2025-12-05 10:50:56,164 [10] ERROR IEC61850_simulatorServer2.ModbusParser [?] - Index was outside the bounds of the array. 

2025-12-05 10:50:56,984 [10] ERROR IEC61850_simulatorServer2.ModbusParser [?] - Index was outside the bounds of the array. 

2025-12-05 10:50:57,805 [10] ERROR IEC61850_simulatorServer2.ModbusParser [?] - Index was outside the bounds of the array. 

2025-12-05 10:50:58,640 [10] ERROR IEC61850_simulatorServer2.ModbusParser [?] - Index was outside the bounds of the array. 

2025-12-05 10:50:59,448 [10] ERROR IEC61850_simulatorServer2.ModbusParser [?] - Index was outside the bounds of the array. 

2025-12-05 10:51:00,258 [10] ERROR IEC61850_simulatorServer2.ModbusParser [?] - Index was outside the bounds of the array. 

2025-12-05 10:51:01,074 [10] ERROR IEC61850_simulatorServer2.ModbusParser [?] - Index was outside the bounds of the array. 

2025-12-05 10:51:01,889 [10] ERROR IEC61850_simulatorServer2.ModbusParser [?] - Index was outside the bounds of the array. 

2025-12-05 10:51:02,708 [10] ERROR IEC61850_simulatorServer2.ModbusParser [?] - Index was outside the bounds of the array. 

2025-12-05 10:51:03,517 [10] ERROR IEC61850_simulatorServer2.ModbusParser [?] - Index was outside the bounds of the array. 

2025-12-05 10:51:04,326 [10] ERROR IEC61850_simulatorServer2.ModbusParser [?] - Index was outside the bounds of the array. 

2025-12-05 10:51:05,136 [10] ERROR IEC61850_simulatorServer2.ModbusParser [?] - Index was outside the bounds of the array. 

2025-12-05 10:51:05,951 [10] ERROR IEC61850_simulatorServer2.ModbusParser [?] - Index was outside the bounds of the array. 

2025-12-05 10:51:06,763 [10] ERROR IEC61850_simulatorServer2.ModbusParser [?] - Index was outside the bounds of the array. 

2025-12-05 10:51:07,578 [10] ERROR IEC61850_simulatorServer2.ModbusParser [?] - Index was outside the bounds of the array. 

2025-12-05 10:51:08,387 [10] ERROR IEC61850_simulatorServer2.ModbusParser [?] - Index was outside the bounds of the array. 

2025-12-05 10:51:09,198 [10] ERROR IEC61850_simulatorServer2.ModbusParser [?] - Index was outside the bounds of the array. 

2025-12-05 10:51:10,008 [10] ERROR IEC61850_simulatorServer2.ModbusParser [?] - Index was outside the bounds of the array. 

2025-12-05 10:51:10,826 [10] ERROR IEC61850_simulatorServer2.ModbusParser [?] - Index was outside the bounds of the array. 

2025-12-05 10:51:11,639 [10] ERROR IEC61850_simulatorServer2.ModbusParser [?] - Index was outside the bounds of the array. 

2025-12-05 10:51:12,454 [10] ERROR IEC61850_simulatorServer2.ModbusParser [?] - Index was outside the bounds of the array. 

2025-12-05 10:51:13,273 [10] ERROR IEC61850_simulatorServer2.ModbusParser [?] - Index was outside the bounds of the array. 

2025-12-05 10:51:14,083 [10] ERROR IEC61850_simulatorServer2.ModbusParser [?] - Index was outside the bounds of the array. 

2025-12-05 10:51:14,942 [10] ERROR IEC61850_simulatorServer2.ModbusParser [?] - Index was outside the bounds of the array. 

2025-12-05 10:51:15,758 [10] ERROR IEC61850_simulatorServer2.ModbusParser [?] - Index was outside the bounds of the array. 

2025-12-05 10:51:16,570 [10] ERROR IEC61850_simulatorServer2.ModbusParser [?] - Index was outside the bounds of the array. 

2025-12-05 10:51:17,381 [10] ERROR IEC61850_simulatorServer2.ModbusParser [?] - Index was outside the bounds of the array. 

2025-12-05 10:51:45,920 [1] INFO  IEC61850_simulatorServer2.MainClass [37] - [Program] 应用启动，log4net 配置已尝试加载 

2025-12-05 10:51:48,293 [1] INFO  IEC61850_simulatorServer2.ModbusSimServer [146] - Device Connected, DeviceName : simBms 

2025-12-05 10:51:48,293 [1] INFO  IEC61850_simulatorServer2.ModbusSimServer [249] - Started worker for modelType=4, count=7689 

2025-12-05 10:51:48,294 [1] INFO  IEC61850_simulatorServer2.ModbusSimServer [251] - All modelType workers started. 

2025-12-05 10:51:48,296 [6] INFO  IEC61850_simulatorServer2.ModbusSimServer [285] - Worker 4 loop running with 7689 entries. 

2025-12-05 10:51:48,296 [7] INFO  IEC61850_simulatorServer2.ModbusSimServer [166] - Control thread started. 

2025-12-05 10:51:50,308 [1] INFO  IEC61850_simulatorServer2.ModbusSimServer [146] - Device Connected, DeviceName : simEmu 

2025-12-05 10:51:50,309 [1] INFO  IEC61850_simulatorServer2.ModbusSimServer [249] - Started worker for modelType=4, count=105 

2025-12-05 10:51:50,311 [8] INFO  IEC61850_simulatorServer2.ModbusSimServer [285] - Worker 4 loop running with 105 entries. 

2025-12-05 10:51:50,311 [1] INFO  IEC61850_simulatorServer2.ModbusSimServer [249] - Started worker for modelType=2, count=5 

2025-12-05 10:51:50,313 [1] INFO  IEC61850_simulatorServer2.ModbusSimServer [251] - All modelType workers started. 

2025-12-05 10:51:50,313 [9] INFO  IEC61850_simulatorServer2.ModbusSimServer [285] - Worker 2 loop running with 5 entries. 

2025-12-05 10:51:50,315 [10] INFO  IEC61850_simulatorServer2.ModbusSimServer [166] - Control thread started. 

2025-12-05 10:52:02,637 [10] ERROR IEC61850_simulatorServer2.ModbusParser [115] - Index was outside the bounds of the array. 

2025-12-05 10:52:03,448 [10] ERROR IEC61850_simulatorServer2.ModbusParser [115] - Index was outside the bounds of the array. 

2025-12-05 10:52:03,653 [8] WARN  IEC61850_simulatorServer2.ModbusWirter [234] - Scale apply failed for yc14: System.OverflowException: Value was either too large or too small for an Int32.
   at System.Convert.ToInt32(Double value)
   at IEC61850_simulatorServer2.ModbusWirter.Write(Dictionary`2 data) in /Users/songyinpei/jobs/IEC61850-simulatorServer2/ModbusWirter.cs:line 234 

2025-12-05 10:52:03,657 [8] WARN  IEC61850_simulatorServer2.ModbusWirter [234] - Scale apply failed for yc59: System.OverflowException: Value was either too large or too small for an Int32.
   at System.Convert.ToInt32(Double value)
   at IEC61850_simulatorServer2.ModbusWirter.Write(Dictionary`2 data) in /Users/songyinpei/jobs/IEC61850-simulatorServer2/ModbusWirter.cs:line 234 

2025-12-05 10:52:03,660 [8] WARN  IEC61850_simulatorServer2.ModbusWirter [234] - Scale apply failed for yc110: System.OverflowException: Value was either too large or too small for an Int32.
   at System.Convert.ToInt32(Double value)
   at IEC61850_simulatorServer2.ModbusWirter.Write(Dictionary`2 data) in /Users/songyinpei/jobs/IEC61850-simulatorServer2/ModbusWirter.cs:line 234 

2025-12-05 10:52:03,664 [8] WARN  IEC61850_simulatorServer2.ModbusWirter [234] - Scale apply failed for yc152: System.OverflowException: Value was either too large or too small for an Int32.
   at System.Convert.ToInt32(Double value)
   at IEC61850_simulatorServer2.ModbusWirter.Write(Dictionary`2 data) in /Users/songyinpei/jobs/IEC61850-simulatorServer2/ModbusWirter.cs:line 234 

2025-12-05 10:52:03,704 [6] ERROR IEC61850_simulatorServer2.ModbusSimServer [354] - Worker 4 loop error 
System.InvalidOperationException: Collection was modified; enumeration operation may not execute.
   at System.Collections.Generic.Dictionary`2.KeyCollection.Enumerator.MoveNext()
   at IEC61850_simulatorServer2.EssSimModelApi.ObjectPathResolver.GetDictionaryValue(Object target, String key) in /Users/songyinpei/jobs/IEC61850-simulatorServer2/EssSimModelApi/ObjectPathResolver.cs:line 273
   at IEC61850_simulatorServer2.EssSimModelApi.ObjectPathResolver.GetIndexedPropertyValue(Object target, String propName, Int32 index) in /Users/songyinpei/jobs/IEC61850-simulatorServer2/EssSimModelApi/ObjectPathResolver.cs:line 92
   at IEC61850_simulatorServer2.EssSimModelApi.ObjectPathResolver.GetValue(Object target, String path) in /Users/songyinpei/jobs/IEC61850-simulatorServer2/EssSimModelApi/ObjectPathResolver.cs:line 54
   at IEC61850_simulatorServer2.SimServer.GetExtIfVariableVal(String arg1) in /Users/songyinpei/jobs/IEC61850-simulatorServer2/IedSimServer.cs:line 254
   at IEC61850_simulatorServer2.ModbusSimServer.GetModelValueStub(MapEntry entry) in /Users/songyinpei/jobs/IEC61850-simulatorServer2/ModbusSimServer.cs:line 464
   at IEC61850_simulatorServer2.ModbusSimServer.ModelWorkerLoop(String modelType, List`1 entries) in /Users/songyinpei/jobs/IEC61850-simulatorServer2/ModbusSimServer.cs:line 354

2025-12-05 10:52:51,548 [1] INFO  IEC61850_simulatorServer2.MainClass [37] - [Program] 应用启动，log4net 配置已尝试加载 

2025-12-05 10:52:53,979 [1] INFO  IEC61850_simulatorServer2.ModbusSimServer [146] - Device Connected, DeviceName : simBms 

2025-12-05 10:52:53,979 [1] INFO  IEC61850_simulatorServer2.ModbusSimServer [249] - Started worker for modelType=4, count=7689 

2025-12-05 10:52:53,980 [1] INFO  IEC61850_simulatorServer2.ModbusSimServer [251] - All modelType workers started. 

2025-12-05 10:52:53,982 [6] INFO  IEC61850_simulatorServer2.ModbusSimServer [285] - Worker 4 loop running with 7689 entries. 

2025-12-05 10:52:53,982 [7] INFO  IEC61850_simulatorServer2.ModbusSimServer [166] - Control thread started. 

2025-12-05 10:52:55,989 [1] INFO  IEC61850_simulatorServer2.ModbusSimServer [146] - Device Connected, DeviceName : simEmu 

2025-12-05 10:52:55,990 [1] INFO  IEC61850_simulatorServer2.ModbusSimServer [249] - Started worker for modelType=4, count=105 

2025-12-05 10:52:55,992 [8] INFO  IEC61850_simulatorServer2.ModbusSimServer [285] - Worker 4 loop running with 105 entries. 

2025-12-05 10:52:55,993 [1] INFO  IEC61850_simulatorServer2.ModbusSimServer [249] - Started worker for modelType=2, count=5 

2025-12-05 10:52:55,995 [1] INFO  IEC61850_simulatorServer2.ModbusSimServer [251] - All modelType workers started. 

2025-12-05 10:52:55,995 [9] INFO  IEC61850_simulatorServer2.ModbusSimServer [285] - Worker 2 loop running with 5 entries. 

2025-12-05 10:52:55,997 [10] INFO  IEC61850_simulatorServer2.ModbusSimServer [166] - Control thread started. 

2025-12-05 10:53:39,772 [8] WARN  IEC61850_simulatorServer2.ModbusWirter [234] - Scale apply failed for yc14: System.OverflowException: Value was either too large or too small for an Int32.
   at System.Convert.ToInt32(Double value)
   at IEC61850_simulatorServer2.ModbusWirter.Write(Dictionary`2 data) in /Users/songyinpei/jobs/IEC61850-simulatorServer2/ModbusWirter.cs:line 234 

2025-12-05 10:55:00,392 [1] INFO  IEC61850_simulatorServer2.MainClass [37] - [Program] 应用启动，log4net 配置已尝试加载 

2025-12-05 10:55:02,836 [1] INFO  IEC61850_simulatorServer2.ModbusSimServer [146] - Device Connected, DeviceName : simBms 

2025-12-05 10:55:02,837 [1] INFO  IEC61850_simulatorServer2.ModbusSimServer [249] - Started worker for modelType=4, count=7689 

2025-12-05 10:55:02,839 [1] INFO  IEC61850_simulatorServer2.ModbusSimServer [251] - All modelType workers started. 

2025-12-05 10:55:02,840 [6] INFO  IEC61850_simulatorServer2.ModbusSimServer [285] - Worker 4 loop running with 7689 entries. 

2025-12-05 10:55:02,841 [7] INFO  IEC61850_simulatorServer2.ModbusSimServer [166] - Control thread started. 

2025-12-05 10:55:04,853 [1] INFO  IEC61850_simulatorServer2.ModbusSimServer [146] - Device Connected, DeviceName : simEmu 

2025-12-05 10:55:04,854 [1] INFO  IEC61850_simulatorServer2.ModbusSimServer [249] - Started worker for modelType=4, count=105 

2025-12-05 10:55:04,857 [8] INFO  IEC61850_simulatorServer2.ModbusSimServer [285] - Worker 4 loop running with 105 entries. 

2025-12-05 10:55:04,860 [1] INFO  IEC61850_simulatorServer2.ModbusSimServer [249] - Started worker for modelType=2, count=5 

2025-12-05 10:55:04,861 [1] INFO  IEC61850_simulatorServer2.ModbusSimServer [251] - All modelType workers started. 

2025-12-05 10:55:04,860 [9] INFO  IEC61850_simulatorServer2.ModbusSimServer [285] - Worker 2 loop running with 5 entries. 

2025-12-05 10:55:04,865 [10] INFO  IEC61850_simulatorServer2.ModbusSimServer [166] - Control thread started. 

2025-12-05 10:59:24,310 [1] INFO  IEC61850_simulatorServer2.MainClass [37] - [Program] 应用启动，log4net 配置已尝试加载 

2025-12-05 10:59:26,684 [1] INFO  IEC61850_simulatorServer2.ModbusSimServer [146] - Device Connected, DeviceName : simBms 

2025-12-05 10:59:26,685 [1] INFO  IEC61850_simulatorServer2.ModbusSimServer [249] - Started worker for modelType=4, count=7689 

2025-12-05 10:59:26,686 [1] INFO  IEC61850_simulatorServer2.ModbusSimServer [251] - All modelType workers started. 

2025-12-05 10:59:26,687 [6] INFO  IEC61850_simulatorServer2.ModbusSimServer [285] - Worker 4 loop running with 7689 entries. 

2025-12-05 10:59:26,688 [7] INFO  IEC61850_simulatorServer2.ModbusSimServer [166] - Control thread started. 

2025-12-05 10:59:30,699 [1] INFO  IEC61850_simulatorServer2.ModbusSimServer [146] - Device Connected, DeviceName : simEmu 

2025-12-05 10:59:30,701 [1] INFO  IEC61850_simulatorServer2.ModbusSimServer [249] - Started worker for modelType=4, count=105 

2025-12-05 10:59:30,727 [8] INFO  IEC61850_simulatorServer2.ModbusSimServer [285] - Worker 4 loop running with 105 entries. 

2025-12-05 10:59:30,727 [1] INFO  IEC61850_simulatorServer2.ModbusSimServer [249] - Started worker for modelType=2, count=5 

2025-12-05 10:59:30,752 [9] INFO  IEC61850_simulatorServer2.ModbusSimServer [285] - Worker 2 loop running with 5 entries. 

2025-12-05 10:59:30,752 [1] INFO  IEC61850_simulatorServer2.ModbusSimServer [251] - All modelType workers started. 

2025-12-05 10:59:30,789 [10] INFO  IEC61850_simulatorServer2.ModbusSimServer [166] - Control thread started. 

2025-12-05 10:59:35,469 [10] INFO  IEC61850_simulatorServer2.ModbusSimServer [570] - yt0 数据值更新为：0 

2025-12-05 10:59:35,469 [10] INFO  IEC61850_simulatorServer2.ModbusSimServer [570] - yt1 数据值更新为：0 

2025-12-05 10:59:35,470 [10] INFO  IEC61850_simulatorServer2.ModbusSimServer [570] - yt2 数据值更新为：0 

2025-12-05 10:59:35,470 [10] INFO  IEC61850_simulatorServer2.ModbusSimServer [570] - yt3 数据值更新为：0 

2025-12-05 10:59:35,470 [10] INFO  IEC61850_simulatorServer2.ModbusSimServer [570] - yt4 数据值更新为：0 

2025-12-05 10:59:35,470 [10] INFO  IEC61850_simulatorServer2.ModbusSimServer [570] - yt5 数据值更新为：0 

2025-12-05 10:59:35,470 [10] INFO  IEC61850_simulatorServer2.ModbusSimServer [570] - yt6 数据值更新为：0 

2025-12-05 10:59:35,470 [10] INFO  IEC61850_simulatorServer2.ModbusSimServer [570] - yt7 数据值更新为：0 

2025-12-05 10:59:35,470 [10] INFO  IEC61850_simulatorServer2.ModbusSimServer [570] - yt8 数据值更新为：0 

2025-12-05 10:59:35,471 [10] INFO  IEC61850_simulatorServer2.ModbusSimServer [570] - yt9 数据值更新为：0 

2025-12-05 10:59:35,471 [10] INFO  IEC61850_simulatorServer2.ModbusSimServer [570] - yt10 数据值更新为：0 

2025-12-05 10:59:35,471 [10] INFO  IEC61850_simulatorServer2.ModbusSimServer [570] - yt11 数据值更新为：0 

2025-12-05 10:59:35,471 [10] INFO  IEC61850_simulatorServer2.ModbusSimServer [570] - yt12 数据值更新为：0 

2025-12-05 10:59:35,471 [10] INFO  IEC61850_simulatorServer2.ModbusSimServer [570] - yt13 数据值更新为：0 

2025-12-05 10:59:35,471 [10] INFO  IEC61850_simulatorServer2.ModbusSimServer [570] - yt14 数据值更新为：0 

2025-12-05 10:59:35,476 [10] INFO  IEC61850_simulatorServer2.ModbusSimServer [570] - yt15 数据值更新为：0 

2025-12-05 10:59:35,477 [10] INFO  IEC61850_simulatorServer2.ModbusSimServer [570] - yt16 数据值更新为：0 

2025-12-05 10:59:35,477 [10] INFO  IEC61850_simulatorServer2.ModbusSimServer [570] - yt17 数据值更新为：0 

2025-12-05 10:59:35,478 [10] INFO  IEC61850_simulatorServer2.ModbusSimServer [570] - yt18 数据值更新为：0 

2025-12-05 10:59:35,478 [10] INFO  IEC61850_simulatorServer2.ModbusSimServer [570] - yt19 数据值更新为：0 

2025-12-05 10:59:35,478 [10] INFO  IEC61850_simulatorServer2.ModbusSimServer [570] - yt20 数据值更新为：0 

2025-12-05 10:59:35,479 [10] INFO  IEC61850_simulatorServer2.ModbusSimServer [570] - yt21 数据值更新为：0 

2025-12-05 10:59:35,479 [10] INFO  IEC61850_simulatorServer2.ModbusSimServer [570] - yt22 数据值更新为：0 

2025-12-05 10:59:35,479 [10] INFO  IEC61850_simulatorServer2.ModbusSimServer [570] - yt23 数据值更新为：0 

2025-12-05 10:59:35,479 [10] INFO  IEC61850_simulatorServer2.ModbusSimServer [570] - yt24 数据值更新为：0 

2025-12-05 10:59:35,479 [10] INFO  IEC61850_simulatorServer2.ModbusSimServer [570] - yt25 数据值更新为：0 

2025-12-05 10:59:35,480 [10] INFO  IEC61850_simulatorServer2.ModbusSimServer [570] - yt26 数据值更新为：0 

2025-12-05 10:59:35,480 [10] INFO  IEC61850_simulatorServer2.ModbusSimServer [570] - yt27 数据值更新为：0 

2025-12-05 10:59:35,480 [10] INFO  IEC61850_simulatorServer2.ModbusSimServer [570] - yt28 数据值更新为：0 

2025-12-05 10:59:35,480 [10] INFO  IEC61850_simulatorServer2.ModbusSimServer [570] - yt29 数据值更新为：0 

2025-12-05 10:59:35,504 [10] INFO  IEC61850_simulatorServer2.ModbusSimServer [570] - yt30 数据值更新为：0 

2025-12-05 10:59:35,505 [10] INFO  IEC61850_simulatorServer2.ModbusSimServer [570] - yt31 数据值更新为：0 

2025-12-05 10:59:35,505 [10] INFO  IEC61850_simulatorServer2.ModbusSimServer [570] - yt32 数据值更新为：0 

2025-12-05 10:59:35,505 [10] INFO  IEC61850_simulatorServer2.ModbusSimServer [570] - yt33 数据值更新为：0 

2025-12-05 10:59:35,505 [10] INFO  IEC61850_simulatorServer2.ModbusSimServer [570] - yt34 数据值更新为：0 

2025-12-05 10:59:35,505 [10] INFO  IEC61850_simulatorServer2.ModbusSimServer [570] - yt35 数据值更新为：0 

2025-12-05 10:59:35,506 [10] INFO  IEC61850_simulatorServer2.ModbusSimServer [570] - yt36 数据值更新为：0 

2025-12-05 10:59:35,506 [10] INFO  IEC61850_simulatorServer2.ModbusSimServer [570] - yt37 数据值更新为：0 

2025-12-05 10:59:35,506 [10] INFO  IEC61850_simulatorServer2.ModbusSimServer [570] - yt38 数据值更新为：0 

2025-12-05 10:59:35,506 [10] INFO  IEC61850_simulatorServer2.ModbusSimServer [570] - yt39 数据值更新为：0 

2025-12-05 10:59:35,506 [10] INFO  IEC61850_simulatorServer2.ModbusSimServer [570] - yt40 数据值更新为：0 

2025-12-05 10:59:35,506 [10] INFO  IEC61850_simulatorServer2.ModbusSimServer [570] - yt41 数据值更新为：0 

2025-12-05 10:59:35,506 [10] INFO  IEC61850_simulatorServer2.ModbusSimServer [570] - yt42 数据值更新为：0 

2025-12-05 10:59:35,506 [10] INFO  IEC61850_simulatorServer2.ModbusSimServer [570] - yt43 数据值更新为：0 

2025-12-05 10:59:35,533 [10] INFO  IEC61850_simulatorServer2.ModbusSimServer [570] - yt44 数据值更新为：0 

2025-12-05 10:59:35,555 [10] INFO  IEC61850_simulatorServer2.ModbusSimServer [570] - yt45 数据值更新为：0 

2025-12-05 10:59:35,555 [10] INFO  IEC61850_simulatorServer2.ModbusSimServer [570] - yt46 数据值更新为：0 

2025-12-05 10:59:35,555 [10] INFO  IEC61850_simulatorServer2.ModbusSimServer [570] - yt47 数据值更新为：0 

2025-12-05 10:59:35,556 [10] INFO  IEC61850_simulatorServer2.ModbusSimServer [570] - yt48 数据值更新为：0 

2025-12-05 10:59:35,556 [10] INFO  IEC61850_simulatorServer2.ModbusSimServer [570] - yt49 数据值更新为：0 

2025-12-05 10:59:35,556 [10] INFO  IEC61850_simulatorServer2.ModbusSimServer [570] - yt50 数据值更新为：0 

2025-12-05 10:59:35,556 [10] INFO  IEC61850_simulatorServer2.ModbusSimServer [570] - yt51 数据值更新为：0 

2025-12-05 10:59:35,557 [10] INFO  IEC61850_simulatorServer2.ModbusSimServer [570] - yt52 数据值更新为：0 

2025-12-05 10:59:35,557 [10] INFO  IEC61850_simulatorServer2.ModbusSimServer [570] - yt53 数据值更新为：0 

2025-12-05 10:59:35,557 [10] INFO  IEC61850_simulatorServer2.ModbusSimServer [570] - yt54 数据值更新为：0 

2025-12-05 10:59:35,558 [10] INFO  IEC61850_simulatorServer2.ModbusSimServer [570] - yt55 数据值更新为：0 

2025-12-05 10:59:35,558 [10] INFO  IEC61850_simulatorServer2.ModbusSimServer [570] - yt56 数据值更新为：0 

2025-12-05 10:59:35,558 [10] INFO  IEC61850_simulatorServer2.ModbusSimServer [570] - yt57 数据值更新为：0 

2025-12-05 10:59:35,558 [10] INFO  IEC61850_simulatorServer2.ModbusSimServer [570] - yt58 数据值更新为：0 

2025-12-05 10:59:35,558 [10] INFO  IEC61850_simulatorServer2.ModbusSimServer [570] - yt59 数据值更新为：0 

2025-12-05 10:59:35,558 [10] INFO  IEC61850_simulatorServer2.ModbusSimServer [570] - yt60 数据值更新为：0 

2025-12-05 10:59:35,558 [10] INFO  IEC61850_simulatorServer2.ModbusSimServer [570] - yt61 数据值更新为：0 

2025-12-05 10:59:35,558 [10] INFO  IEC61850_simulatorServer2.ModbusSimServer [570] - yt62 数据值更新为：0 

2025-12-05 10:59:35,558 [10] INFO  IEC61850_simulatorServer2.ModbusSimServer [570] - yt63 数据值更新为：0 

2025-12-05 10:59:35,558 [10] INFO  IEC61850_simulatorServer2.ModbusSimServer [570] - yk01 数据值更新为：False 

2025-12-05 10:59:35,558 [10] INFO  IEC61850_simulatorServer2.ModbusSimServer [570] - yk02 数据值更新为：False 

2025-12-05 10:59:36,477 [8] WARN  IEC61850_simulatorServer2.ModbusWirter [234] - Scale apply failed for yc14: System.OverflowException: Value was either too large or too small for an Int32.
   at System.Convert.ToInt32(Double value)
   at IEC61850_simulatorServer2.ModbusWirter.Write(Dictionary`2 data) in /Users/songyinpei/jobs/IEC61850-simulatorServer2/ModbusWirter.cs:line 234 

2025-12-05 10:59:36,480 [8] WARN  IEC61850_simulatorServer2.ModbusWirter [234] - Scale apply failed for yc59: System.OverflowException: Value was either too large or too small for an Int32.
   at System.Convert.ToInt32(Double value)
   at IEC61850_simulatorServer2.ModbusWirter.Write(Dictionary`2 data) in /Users/songyinpei/jobs/IEC61850-simulatorServer2/ModbusWirter.cs:line 234 

2025-12-05 10:59:36,483 [8] WARN  IEC61850_simulatorServer2.ModbusWirter [234] - Scale apply failed for yc110: System.OverflowException: Value was either too large or too small for an Int32.
   at System.Convert.ToInt32(Double value)
   at IEC61850_simulatorServer2.ModbusWirter.Write(Dictionary`2 data) in /Users/songyinpei/jobs/IEC61850-simulatorServer2/ModbusWirter.cs:line 234 

2025-12-05 10:59:36,485 [8] WARN  IEC61850_simulatorServer2.ModbusWirter [234] - Scale apply failed for yc152: System.OverflowException: Value was either too large or too small for an Int32.
   at System.Convert.ToInt32(Double value)
   at IEC61850_simulatorServer2.ModbusWirter.Write(Dictionary`2 data) in /Users/songyinpei/jobs/IEC61850-simulatorServer2/ModbusWirter.cs:line 234 

2025-12-05 11:02:01,690 [1] INFO  IEC61850_simulatorServer2.MainClass [37] - [Program] 应用启动，log4net 配置已尝试加载 

2025-12-05 11:02:04,123 [1] INFO  IEC61850_simulatorServer2.ModbusSimServer [146] - Device Connected, DeviceName : simBms 

2025-12-05 11:02:04,125 [1] INFO  IEC61850_simulatorServer2.ModbusSimServer [249] - Started worker for modelType=4, count=7689 

2025-12-05 11:02:04,125 [1] INFO  IEC61850_simulatorServer2.ModbusSimServer [251] - All modelType workers started. 

2025-12-05 11:02:04,126 [6] INFO  IEC61850_simulatorServer2.ModbusSimServer [285] - Worker 4 loop running with 7689 entries. 

2025-12-05 11:02:04,126 [7] INFO  IEC61850_simulatorServer2.ModbusSimServer [166] - Control thread started. 

2025-12-05 11:02:06,136 [1] INFO  IEC61850_simulatorServer2.ModbusSimServer [146] - Device Connected, DeviceName : simEmu 

2025-12-05 11:02:06,137 [1] INFO  IEC61850_simulatorServer2.ModbusSimServer [249] - Started worker for modelType=4, count=105 

2025-12-05 11:02:06,138 [8] INFO  IEC61850_simulatorServer2.ModbusSimServer [285] - Worker 4 loop running with 105 entries. 

2025-12-05 11:02:06,138 [1] INFO  IEC61850_simulatorServer2.ModbusSimServer [249] - Started worker for modelType=2, count=5 

2025-12-05 11:02:06,161 [1] INFO  IEC61850_simulatorServer2.ModbusSimServer [251] - All modelType workers started. 

2025-12-05 11:02:06,161 [9] INFO  IEC61850_simulatorServer2.ModbusSimServer [285] - Worker 2 loop running with 5 entries. 

2025-12-05 11:02:06,163 [10] INFO  IEC61850_simulatorServer2.ModbusSimServer [166] - Control thread started. 

2025-12-05 11:02:14,234 [10] INFO  IEC61850_simulatorServer2.ModbusSimServer [570] - yt0 数据值更新为：0 

2025-12-05 11:02:14,234 [10] INFO  IEC61850_simulatorServer2.ModbusSimServer [570] - yt1 数据值更新为：0 

2025-12-05 11:02:14,235 [10] INFO  IEC61850_simulatorServer2.ModbusSimServer [570] - yt2 数据值更新为：0 

2025-12-05 11:02:14,235 [10] INFO  IEC61850_simulatorServer2.ModbusSimServer [570] - yt3 数据值更新为：0 

2025-12-05 11:02:14,235 [10] INFO  IEC61850_simulatorServer2.ModbusSimServer [570] - yt4 数据值更新为：0 

2025-12-05 11:02:14,235 [10] INFO  IEC61850_simulatorServer2.ModbusSimServer [570] - yt5 数据值更新为：0 

2025-12-05 11:02:14,235 [10] INFO  IEC61850_simulatorServer2.ModbusSimServer [570] - yt6 数据值更新为：0 

2025-12-05 11:02:14,235 [10] INFO  IEC61850_simulatorServer2.ModbusSimServer [570] - yt7 数据值更新为：0 

2025-12-05 11:02:14,235 [10] INFO  IEC61850_simulatorServer2.ModbusSimServer [570] - yt8 数据值更新为：0 

2025-12-05 11:02:14,235 [10] INFO  IEC61850_simulatorServer2.ModbusSimServer [570] - yt9 数据值更新为：0 

2025-12-05 11:02:14,238 [10] INFO  IEC61850_simulatorServer2.ModbusSimServer [570] - yt10 数据值更新为：0 

2025-12-05 11:02:14,238 [10] INFO  IEC61850_simulatorServer2.ModbusSimServer [570] - yt11 数据值更新为：0 

2025-12-05 11:02:14,238 [10] INFO  IEC61850_simulatorServer2.ModbusSimServer [570] - yt12 数据值更新为：0 

2025-12-05 11:02:14,238 [10] INFO  IEC61850_simulatorServer2.ModbusSimServer [570] - yt13 数据值更新为：0 

2025-12-05 11:02:14,238 [10] INFO  IEC61850_simulatorServer2.ModbusSimServer [570] - yt14 数据值更新为：0 

2025-12-05 11:02:14,238 [10] INFO  IEC61850_simulatorServer2.ModbusSimServer [570] - yt15 数据值更新为：0 

2025-12-05 11:02:14,239 [10] INFO  IEC61850_simulatorServer2.ModbusSimServer [570] - yt16 数据值更新为：0 

2025-12-05 11:02:14,239 [10] INFO  IEC61850_simulatorServer2.ModbusSimServer [570] - yt17 数据值更新为：0 

2025-12-05 11:02:14,239 [10] INFO  IEC61850_simulatorServer2.ModbusSimServer [570] - yt18 数据值更新为：0 

2025-12-05 11:02:14,239 [10] INFO  IEC61850_simulatorServer2.ModbusSimServer [570] - yt19 数据值更新为：0 

2025-12-05 11:02:14,290 [10] ERROR IEC61850_simulatorServer2.ModbusSimServer [221] - Control thread error 
System.NullReferenceException: Object reference not set to an instance of an object.
   at IEC61850_simulatorServer2.SimServer.SetExtIfVariableVal(String arg1, Object ctlVal) in /Users/songyinpei/jobs/IEC61850-simulatorServer2/IedSimServer.cs:line 260
   at IEC61850_simulatorServer2.ModbusSimServer.SetDataObjectByMesurePointName(String mesurePointName, Object value) in /Users/songyinpei/jobs/IEC61850-simulatorServer2/ModbusSimServer.cs:line 569
   at IEC61850_simulatorServer2.ModbusSimServer.<StartControlThread>b__22_0() in /Users/songyinpei/jobs/IEC61850-simulatorServer2/ModbusSimServer.cs:line 221

2025-12-05 11:02:15,129 [10] ERROR IEC61850_simulatorServer2.ModbusSimServer [221] - Control thread error 
System.NullReferenceException: Object reference not set to an instance of an object.
   at IEC61850_simulatorServer2.SimServer.SetExtIfVariableVal(String arg1, Object ctlVal) in /Users/songyinpei/jobs/IEC61850-simulatorServer2/IedSimServer.cs:line 260
   at IEC61850_simulatorServer2.ModbusSimServer.SetDataObjectByMesurePointName(String mesurePointName, Object value) in /Users/songyinpei/jobs/IEC61850-simulatorServer2/ModbusSimServer.cs:line 569
   at IEC61850_simulatorServer2.ModbusSimServer.<StartControlThread>b__22_0() in /Users/songyinpei/jobs/IEC61850-simulatorServer2/ModbusSimServer.cs:line 221

2025-12-05 11:02:15,253 [8] WARN  IEC61850_simulatorServer2.ModbusWirter [234] - Scale apply failed for yc14: System.OverflowException: Value was either too large or too small for an Int32.
   at System.Convert.ToInt32(Double value)
   at IEC61850_simulatorServer2.ModbusWirter.Write(Dictionary`2 data) in /Users/songyinpei/jobs/IEC61850-simulatorServer2/ModbusWirter.cs:line 234 

2025-12-05 11:02:15,259 [8] WARN  IEC61850_simulatorServer2.ModbusWirter [234] - Scale apply failed for yc59: System.OverflowException: Value was either too large or too small for an Int32.
   at System.Convert.ToInt32(Double value)
   at IEC61850_simulatorServer2.ModbusWirter.Write(Dictionary`2 data) in /Users/songyinpei/jobs/IEC61850-simulatorServer2/ModbusWirter.cs:line 234 

2025-12-05 11:02:15,265 [8] WARN  IEC61850_simulatorServer2.ModbusWirter [234] - Scale apply failed for yc110: System.OverflowException: Value was either too large or too small for an Int32.
   at System.Convert.ToInt32(Double value)
   at IEC61850_simulatorServer2.ModbusWirter.Write(Dictionary`2 data) in /Users/songyinpei/jobs/IEC61850-simulatorServer2/ModbusWirter.cs:line 234 

2025-12-05 11:02:15,268 [8] WARN  IEC61850_simulatorServer2.ModbusWirter [234] - Scale apply failed for yc152: System.OverflowException: Value was either too large or too small for an Int32.
   at System.Convert.ToInt32(Double value)
   at IEC61850_simulatorServer2.ModbusWirter.Write(Dictionary`2 data) in /Users/songyinpei/jobs/IEC61850-simulatorServer2/ModbusWirter.cs:line 234 

2025-12-05 11:02:15,937 [10] INFO  IEC61850_simulatorServer2.ModbusSimServer [570] - yt22 数据值更新为：0 

2025-12-05 11:02:15,937 [10] INFO  IEC61850_simulatorServer2.ModbusSimServer [570] - yt23 数据值更新为：0 

2025-12-05 11:02:15,937 [10] INFO  IEC61850_simulatorServer2.ModbusSimServer [570] - yt24 数据值更新为：0 

2025-12-05 11:02:15,985 [10] ERROR IEC61850_simulatorServer2.ModbusSimServer [221] - Control thread error 
System.NullReferenceException: Object reference not set to an instance of an object.
   at IEC61850_simulatorServer2.SimServer.SetExtIfVariableVal(String arg1, Object ctlVal) in /Users/songyinpei/jobs/IEC61850-simulatorServer2/IedSimServer.cs:line 260
   at IEC61850_simulatorServer2.ModbusSimServer.SetDataObjectByMesurePointName(String mesurePointName, Object value) in /Users/songyinpei/jobs/IEC61850-simulatorServer2/ModbusSimServer.cs:line 569
   at IEC61850_simulatorServer2.ModbusSimServer.<StartControlThread>b__22_0() in /Users/songyinpei/jobs/IEC61850-simulatorServer2/ModbusSimServer.cs:line 221

2025-12-05 11:02:16,843 [10] ERROR IEC61850_simulatorServer2.ModbusSimServer [221] - Control thread error 
System.NullReferenceException: Object reference not set to an instance of an object.
   at IEC61850_simulatorServer2.SimServer.SetExtIfVariableVal(String arg1, Object ctlVal) in /Users/songyinpei/jobs/IEC61850-simulatorServer2/IedSimServer.cs:line 260
   at IEC61850_simulatorServer2.ModbusSimServer.SetDataObjectByMesurePointName(String mesurePointName, Object value) in /Users/songyinpei/jobs/IEC61850-simulatorServer2/ModbusSimServer.cs:line 569
   at IEC61850_simulatorServer2.ModbusSimServer.<StartControlThread>b__22_0() in /Users/songyinpei/jobs/IEC61850-simulatorServer2/ModbusSimServer.cs:line 221

2025-12-05 11:02:17,251 [8] WARN  IEC61850_simulatorServer2.ModbusWirter [234] - Scale apply failed for yc14: System.OverflowException: Value was either too large or too small for an Int32.
   at System.Convert.ToInt32(Double value)
   at IEC61850_simulatorServer2.ModbusWirter.Write(Dictionary`2 data) in /Users/songyinpei/jobs/IEC61850-simulatorServer2/ModbusWirter.cs:line 234 

2025-12-05 11:02:17,261 [8] WARN  IEC61850_simulatorServer2.ModbusWirter [234] - Scale apply failed for yc59: System.OverflowException: Value was either too large or too small for an Int32.
   at System.Convert.ToInt32(Double value)
   at IEC61850_simulatorServer2.ModbusWirter.Write(Dictionary`2 data) in /Users/songyinpei/jobs/IEC61850-simulatorServer2/ModbusWirter.cs:line 234 

2025-12-05 11:02:17,659 [10] ERROR IEC61850_simulatorServer2.ModbusSimServer [221] - Control thread error 
System.NullReferenceException: Object reference not set to an instance of an object.
   at IEC61850_simulatorServer2.SimServer.SetExtIfVariableVal(String arg1, Object ctlVal) in /Users/songyinpei/jobs/IEC61850-simulatorServer2/IedSimServer.cs:line 260
   at IEC61850_simulatorServer2.ModbusSimServer.SetDataObjectByMesurePointName(String mesurePointName, Object value) in /Users/songyinpei/jobs/IEC61850-simulatorServer2/ModbusSimServer.cs:line 569
   at IEC61850_simulatorServer2.ModbusSimServer.<StartControlThread>b__22_0() in /Users/songyinpei/jobs/IEC61850-simulatorServer2/ModbusSimServer.cs:line 221

2025-12-05 11:02:18,472 [10] ERROR IEC61850_simulatorServer2.ModbusSimServer [221] - Control thread error 
System.NullReferenceException: Object reference not set to an instance of an object.
   at IEC61850_simulatorServer2.SimServer.SetExtIfVariableVal(String arg1, Object ctlVal) in /Users/songyinpei/jobs/IEC61850-simulatorServer2/IedSimServer.cs:line 260
   at IEC61850_simulatorServer2.ModbusSimServer.SetDataObjectByMesurePointName(String mesurePointName, Object value) in /Users/songyinpei/jobs/IEC61850-simulatorServer2/ModbusSimServer.cs:line 569
   at IEC61850_simulatorServer2.ModbusSimServer.<StartControlThread>b__22_0() in /Users/songyinpei/jobs/IEC61850-simulatorServer2/ModbusSimServer.cs:line 221

2025-12-05 11:02:19,283 [10] ERROR IEC61850_simulatorServer2.ModbusSimServer [221] - Control thread error 
System.NullReferenceException: Object reference not set to an instance of an object.
   at IEC61850_simulatorServer2.SimServer.SetExtIfVariableVal(String arg1, Object ctlVal) in /Users/songyinpei/jobs/IEC61850-simulatorServer2/IedSimServer.cs:line 260
   at IEC61850_simulatorServer2.ModbusSimServer.SetDataObjectByMesurePointName(String mesurePointName, Object value) in /Users/songyinpei/jobs/IEC61850-simulatorServer2/ModbusSimServer.cs:line 569
   at IEC61850_simulatorServer2.ModbusSimServer.<StartControlThread>b__22_0() in /Users/songyinpei/jobs/IEC61850-simulatorServer2/ModbusSimServer.cs:line 221

2025-12-05 11:02:20,097 [10] ERROR IEC61850_simulatorServer2.ModbusSimServer [221] - Control thread error 
System.NullReferenceException: Object reference not set to an instance of an object.
   at IEC61850_simulatorServer2.SimServer.SetExtIfVariableVal(String arg1, Object ctlVal) in /Users/songyinpei/jobs/IEC61850-simulatorServer2/IedSimServer.cs:line 260
   at IEC61850_simulatorServer2.ModbusSimServer.SetDataObjectByMesurePointName(String mesurePointName, Object value) in /Users/songyinpei/jobs/IEC61850-simulatorServer2/ModbusSimServer.cs:line 569
   at IEC61850_simulatorServer2.ModbusSimServer.<StartControlThread>b__22_0() in /Users/songyinpei/jobs/IEC61850-simulatorServer2/ModbusSimServer.cs:line 221

2025-12-05 11:02:20,914 [10] ERROR IEC61850_simulatorServer2.ModbusSimServer [221] - Control thread error 
System.NullReferenceException: Object reference not set to an instance of an object.
   at IEC61850_simulatorServer2.SimServer.SetExtIfVariableVal(String arg1, Object ctlVal) in /Users/songyinpei/jobs/IEC61850-simulatorServer2/IedSimServer.cs:line 260
   at IEC61850_simulatorServer2.ModbusSimServer.SetDataObjectByMesurePointName(String mesurePointName, Object value) in /Users/songyinpei/jobs/IEC61850-simulatorServer2/ModbusSimServer.cs:line 569
   at IEC61850_simulatorServer2.ModbusSimServer.<StartControlThread>b__22_0() in /Users/songyinpei/jobs/IEC61850-simulatorServer2/ModbusSimServer.cs:line 221

2025-12-05 11:02:21,723 [10] INFO  IEC61850_simulatorServer2.ModbusSimServer [570] - yt32 数据值更新为：0 

2025-12-05 11:02:21,724 [10] INFO  IEC61850_simulatorServer2.ModbusSimServer [570] - yt33 数据值更新为：0 

2025-12-05 11:02:21,724 [10] INFO  IEC61850_simulatorServer2.ModbusSimServer [570] - yt34 数据值更新为：0 

2025-12-05 11:02:21,725 [10] INFO  IEC61850_simulatorServer2.ModbusSimServer [570] - yt35 数据值更新为：0 

2025-12-05 11:02:21,725 [10] INFO  IEC61850_simulatorServer2.ModbusSimServer [570] - yt36 数据值更新为：0 

2025-12-05 11:02:21,725 [10] INFO  IEC61850_simulatorServer2.ModbusSimServer [570] - yt37 数据值更新为：0 

2025-12-05 11:02:21,726 [10] INFO  IEC61850_simulatorServer2.ModbusSimServer [570] - yt38 数据值更新为：0 

2025-12-05 11:02:21,726 [10] INFO  IEC61850_simulatorServer2.ModbusSimServer [570] - yt39 数据值更新为：0 

2025-12-05 11:02:21,726 [10] INFO  IEC61850_simulatorServer2.ModbusSimServer [570] - yt40 数据值更新为：0 

2025-12-05 11:02:21,726 [10] INFO  IEC61850_simulatorServer2.ModbusSimServer [570] - yt41 数据值更新为：0 

2025-12-05 11:02:21,727 [10] INFO  IEC61850_simulatorServer2.ModbusSimServer [570] - yt42 数据值更新为：0 

2025-12-05 11:02:21,727 [10] INFO  IEC61850_simulatorServer2.ModbusSimServer [570] - yt43 数据值更新为：0 

2025-12-05 11:02:21,727 [10] INFO  IEC61850_simulatorServer2.ModbusSimServer [570] - yt44 数据值更新为：0 

2025-12-05 11:02:21,727 [10] INFO  IEC61850_simulatorServer2.ModbusSimServer [570] - yt45 数据值更新为：0 

2025-12-05 11:02:21,728 [10] INFO  IEC61850_simulatorServer2.ModbusSimServer [570] - yt46 数据值更新为：0 

2025-12-05 11:02:21,728 [10] INFO  IEC61850_simulatorServer2.ModbusSimServer [570] - yt47 数据值更新为：0 

2025-12-05 11:02:21,728 [10] INFO  IEC61850_simulatorServer2.ModbusSimServer [570] - yt48 数据值更新为：0 

2025-12-05 11:02:21,728 [10] INFO  IEC61850_simulatorServer2.ModbusSimServer [570] - yt49 数据值更新为：0 

2025-12-05 11:02:21,728 [10] INFO  IEC61850_simulatorServer2.ModbusSimServer [570] - yt50 数据值更新为：0 

2025-12-05 11:02:21,728 [10] INFO  IEC61850_simulatorServer2.ModbusSimServer [570] - yt51 数据值更新为：0 

2025-12-05 11:02:21,733 [10] ERROR IEC61850_simulatorServer2.ModbusSimServer [221] - Control thread error 
System.NullReferenceException: Object reference not set to an instance of an object.
   at IEC61850_simulatorServer2.SimServer.SetExtIfVariableVal(String arg1, Object ctlVal) in /Users/songyinpei/jobs/IEC61850-simulatorServer2/IedSimServer.cs:line 260
   at IEC61850_simulatorServer2.ModbusSimServer.SetDataObjectByMesurePointName(String mesurePointName, Object value) in /Users/songyinpei/jobs/IEC61850-simulatorServer2/ModbusSimServer.cs:line 569
   at IEC61850_simulatorServer2.ModbusSimServer.<StartControlThread>b__22_0() in /Users/songyinpei/jobs/IEC61850-simulatorServer2/ModbusSimServer.cs:line 221

2025-12-05 11:02:22,545 [10] ERROR IEC61850_simulatorServer2.ModbusSimServer [221] - Control thread error 
System.NullReferenceException: Object reference not set to an instance of an object.
   at IEC61850_simulatorServer2.SimServer.SetExtIfVariableVal(String arg1, Object ctlVal) in /Users/songyinpei/jobs/IEC61850-simulatorServer2/IedSimServer.cs:line 260
   at IEC61850_simulatorServer2.ModbusSimServer.SetDataObjectByMesurePointName(String mesurePointName, Object value) in /Users/songyinpei/jobs/IEC61850-simulatorServer2/ModbusSimServer.cs:line 569
   at IEC61850_simulatorServer2.ModbusSimServer.<StartControlThread>b__22_0() in /Users/songyinpei/jobs/IEC61850-simulatorServer2/ModbusSimServer.cs:line 221

2025-12-05 11:02:23,361 [10] ERROR IEC61850_simulatorServer2.ModbusSimServer [221] - Control thread error 
System.NullReferenceException: Object reference not set to an instance of an object.
   at IEC61850_simulatorServer2.SimServer.SetExtIfVariableVal(String arg1, Object ctlVal) in /Users/songyinpei/jobs/IEC61850-simulatorServer2/IedSimServer.cs:line 260
   at IEC61850_simulatorServer2.ModbusSimServer.SetDataObjectByMesurePointName(String mesurePointName, Object value) in /Users/songyinpei/jobs/IEC61850-simulatorServer2/ModbusSimServer.cs:line 569
   at IEC61850_simulatorServer2.ModbusSimServer.<StartControlThread>b__22_0() in /Users/songyinpei/jobs/IEC61850-simulatorServer2/ModbusSimServer.cs:line 221

2025-12-05 11:02:24,172 [10] ERROR IEC61850_simulatorServer2.ModbusSimServer [221] - Control thread error 
System.NullReferenceException: Object reference not set to an instance of an object.
   at IEC61850_simulatorServer2.SimServer.SetExtIfVariableVal(String arg1, Object ctlVal) in /Users/songyinpei/jobs/IEC61850-simulatorServer2/IedSimServer.cs:line 260
   at IEC61850_simulatorServer2.ModbusSimServer.SetDataObjectByMesurePointName(String mesurePointName, Object value) in /Users/songyinpei/jobs/IEC61850-simulatorServer2/ModbusSimServer.cs:line 569
   at IEC61850_simulatorServer2.ModbusSimServer.<StartControlThread>b__22_0() in /Users/songyinpei/jobs/IEC61850-simulatorServer2/ModbusSimServer.cs:line 221

2025-12-05 11:02:24,991 [10] ERROR IEC61850_simulatorServer2.ModbusSimServer [221] - Control thread error 
System.NullReferenceException: Object reference not set to an instance of an object.
   at IEC61850_simulatorServer2.SimServer.SetExtIfVariableVal(String arg1, Object ctlVal) in /Users/songyinpei/jobs/IEC61850-simulatorServer2/IedSimServer.cs:line 260
   at IEC61850_simulatorServer2.ModbusSimServer.SetDataObjectByMesurePointName(String mesurePointName, Object value) in /Users/songyinpei/jobs/IEC61850-simulatorServer2/ModbusSimServer.cs:line 569
   at IEC61850_simulatorServer2.ModbusSimServer.<StartControlThread>b__22_0() in /Users/songyinpei/jobs/IEC61850-simulatorServer2/ModbusSimServer.cs:line 221

2025-12-05 11:02:25,806 [10] ERROR IEC61850_simulatorServer2.ModbusSimServer [221] - Control thread error 
System.NullReferenceException: Object reference not set to an instance of an object.
   at IEC61850_simulatorServer2.SimServer.SetExtIfVariableVal(String arg1, Object ctlVal) in /Users/songyinpei/jobs/IEC61850-simulatorServer2/IedSimServer.cs:line 260
   at IEC61850_simulatorServer2.ModbusSimServer.SetDataObjectByMesurePointName(String mesurePointName, Object value) in /Users/songyinpei/jobs/IEC61850-simulatorServer2/ModbusSimServer.cs:line 569
   at IEC61850_simulatorServer2.ModbusSimServer.<StartControlThread>b__22_0() in /Users/songyinpei/jobs/IEC61850-simulatorServer2/ModbusSimServer.cs:line 221

2025-12-05 11:02:26,618 [10] ERROR IEC61850_simulatorServer2.ModbusSimServer [221] - Control thread error 
System.NullReferenceException: Object reference not set to an instance of an object.
   at IEC61850_simulatorServer2.SimServer.SetExtIfVariableVal(String arg1, Object ctlVal) in /Users/songyinpei/jobs/IEC61850-simulatorServer2/IedSimServer.cs:line 260
   at IEC61850_simulatorServer2.ModbusSimServer.SetDataObjectByMesurePointName(String mesurePointName, Object value) in /Users/songyinpei/jobs/IEC61850-simulatorServer2/ModbusSimServer.cs:line 569
   at IEC61850_simulatorServer2.ModbusSimServer.<StartControlThread>b__22_0() in /Users/songyinpei/jobs/IEC61850-simulatorServer2/ModbusSimServer.cs:line 221

2025-12-05 11:02:27,429 [10] ERROR IEC61850_simulatorServer2.ModbusSimServer [221] - Control thread error 
System.NullReferenceException: Object reference not set to an instance of an object.
   at IEC61850_simulatorServer2.SimServer.SetExtIfVariableVal(String arg1, Object ctlVal) in /Users/songyinpei/jobs/IEC61850-simulatorServer2/IedSimServer.cs:line 260
   at IEC61850_simulatorServer2.ModbusSimServer.SetDataObjectByMesurePointName(String mesurePointName, Object value) in /Users/songyinpei/jobs/IEC61850-simulatorServer2/ModbusSimServer.cs:line 569
   at IEC61850_simulatorServer2.ModbusSimServer.<StartControlThread>b__22_0() in /Users/songyinpei/jobs/IEC61850-simulatorServer2/ModbusSimServer.cs:line 221

2025-12-05 11:02:28,248 [10] ERROR IEC61850_simulatorServer2.ModbusSimServer [221] - Control thread error 
System.NullReferenceException: Object reference not set to an instance of an object.
   at IEC61850_simulatorServer2.SimServer.SetExtIfVariableVal(String arg1, Object ctlVal) in /Users/songyinpei/jobs/IEC61850-simulatorServer2/IedSimServer.cs:line 260
   at IEC61850_simulatorServer2.ModbusSimServer.SetDataObjectByMesurePointName(String mesurePointName, Object value) in /Users/songyinpei/jobs/IEC61850-simulatorServer2/ModbusSimServer.cs:line 569
   at IEC61850_simulatorServer2.ModbusSimServer.<StartControlThread>b__22_0() in /Users/songyinpei/jobs/IEC61850-simulatorServer2/ModbusSimServer.cs:line 221

2025-12-05 11:02:29,066 [10] ERROR IEC61850_simulatorServer2.ModbusSimServer [221] - Control thread error 
System.NullReferenceException: Object reference not set to an instance of an object.
   at IEC61850_simulatorServer2.SimServer.SetExtIfVariableVal(String arg1, Object ctlVal) in /Users/songyinpei/jobs/IEC61850-simulatorServer2/IedSimServer.cs:line 260
   at IEC61850_simulatorServer2.ModbusSimServer.SetDataObjectByMesurePointName(String mesurePointName, Object value) in /Users/songyinpei/jobs/IEC61850-simulatorServer2/ModbusSimServer.cs:line 569
   at IEC61850_simulatorServer2.ModbusSimServer.<StartControlThread>b__22_0() in /Users/songyinpei/jobs/IEC61850-simulatorServer2/ModbusSimServer.cs:line 221

2025-12-05 11:02:29,886 [10] ERROR IEC61850_simulatorServer2.ModbusSimServer [221] - Control thread error 
System.NullReferenceException: Object reference not set to an instance of an object.
   at IEC61850_simulatorServer2.SimServer.SetExtIfVariableVal(String arg1, Object ctlVal) in /Users/songyinpei/jobs/IEC61850-simulatorServer2/IedSimServer.cs:line 260
   at IEC61850_simulatorServer2.ModbusSimServer.SetDataObjectByMesurePointName(String mesurePointName, Object value) in /Users/songyinpei/jobs/IEC61850-simulatorServer2/ModbusSimServer.cs:line 569
   at IEC61850_simulatorServer2.ModbusSimServer.<StartControlThread>b__22_0() in /Users/songyinpei/jobs/IEC61850-simulatorServer2/ModbusSimServer.cs:line 221

2025-12-05 11:02:30,696 [10] ERROR IEC61850_simulatorServer2.ModbusSimServer [221] - Control thread error 
System.NullReferenceException: Object reference not set to an instance of an object.
   at IEC61850_simulatorServer2.SimServer.SetExtIfVariableVal(String arg1, Object ctlVal) in /Users/songyinpei/jobs/IEC61850-simulatorServer2/IedSimServer.cs:line 260
   at IEC61850_simulatorServer2.ModbusSimServer.SetDataObjectByMesurePointName(String mesurePointName, Object value) in /Users/songyinpei/jobs/IEC61850-simulatorServer2/ModbusSimServer.cs:line 569
   at IEC61850_simulatorServer2.ModbusSimServer.<StartControlThread>b__22_0() in /Users/songyinpei/jobs/IEC61850-simulatorServer2/ModbusSimServer.cs:line 221

2025-12-05 11:02:31,508 [10] INFO  IEC61850_simulatorServer2.ModbusSimServer [570] - yk01 数据值更新为：False 

2025-12-05 11:02:31,508 [10] INFO  IEC61850_simulatorServer2.ModbusSimServer [570] - yk02 数据值更新为：False 

2025-12-05 11:02:46,998 [1] INFO  IEC61850_simulatorServer2.MainClass [37] - [Program] 应用启动，log4net 配置已尝试加载 

2025-12-05 11:02:49,381 [1] INFO  IEC61850_simulatorServer2.ModbusSimServer [146] - Device Connected, DeviceName : simBms 

2025-12-05 11:02:49,382 [1] INFO  IEC61850_simulatorServer2.ModbusSimServer [249] - Started worker for modelType=4, count=7689 

2025-12-05 11:02:49,383 [1] INFO  IEC61850_simulatorServer2.ModbusSimServer [251] - All modelType workers started. 

2025-12-05 11:02:49,384 [6] INFO  IEC61850_simulatorServer2.ModbusSimServer [285] - Worker 4 loop running with 7689 entries. 

2025-12-05 11:02:49,385 [7] INFO  IEC61850_simulatorServer2.ModbusSimServer [166] - Control thread started. 

2025-12-05 11:02:51,396 [1] INFO  IEC61850_simulatorServer2.ModbusSimServer [146] - Device Connected, DeviceName : simEmu 

2025-12-05 11:02:51,398 [1] INFO  IEC61850_simulatorServer2.ModbusSimServer [249] - Started worker for modelType=4, count=105 

2025-12-05 11:02:51,426 [8] INFO  IEC61850_simulatorServer2.ModbusSimServer [285] - Worker 4 loop running with 105 entries. 

2025-12-05 11:02:51,428 [1] INFO  IEC61850_simulatorServer2.ModbusSimServer [249] - Started worker for modelType=2, count=5 

2025-12-05 11:02:51,429 [1] INFO  IEC61850_simulatorServer2.ModbusSimServer [251] - All modelType workers started. 

2025-12-05 11:02:51,429 [9] INFO  IEC61850_simulatorServer2.ModbusSimServer [285] - Worker 2 loop running with 5 entries. 

2025-12-05 11:02:51,455 [10] INFO  IEC61850_simulatorServer2.ModbusSimServer [166] - Control thread started. 

2025-12-05 11:02:51,770 [10] INFO  IEC61850_simulatorServer2.ModbusSimServer [570] - yt0 数据值更新为：0 

2025-12-05 11:02:51,770 [10] INFO  IEC61850_simulatorServer2.ModbusSimServer [570] - yt1 数据值更新为：0 

2025-12-05 11:02:51,771 [10] INFO  IEC61850_simulatorServer2.ModbusSimServer [570] - yt2 数据值更新为：0 

2025-12-05 11:02:51,771 [10] INFO  IEC61850_simulatorServer2.ModbusSimServer [570] - yt3 数据值更新为：0 

2025-12-05 11:02:51,771 [10] INFO  IEC61850_simulatorServer2.ModbusSimServer [570] - yt4 数据值更新为：0 

2025-12-05 11:02:51,771 [10] INFO  IEC61850_simulatorServer2.ModbusSimServer [570] - yt5 数据值更新为：0 

2025-12-05 11:02:51,771 [10] INFO  IEC61850_simulatorServer2.ModbusSimServer [570] - yt6 数据值更新为：0 

2025-12-05 11:02:51,771 [10] INFO  IEC61850_simulatorServer2.ModbusSimServer [570] - yt7 数据值更新为：0 

2025-12-05 11:02:51,771 [10] INFO  IEC61850_simulatorServer2.ModbusSimServer [570] - yt8 数据值更新为：0 

2025-12-05 11:02:51,771 [10] INFO  IEC61850_simulatorServer2.ModbusSimServer [570] - yt9 数据值更新为：0 

2025-12-05 11:02:51,771 [10] INFO  IEC61850_simulatorServer2.ModbusSimServer [570] - yt10 数据值更新为：0 

2025-12-05 11:02:51,771 [10] INFO  IEC61850_simulatorServer2.ModbusSimServer [570] - yt11 数据值更新为：0 

2025-12-05 11:02:51,771 [10] INFO  IEC61850_simulatorServer2.ModbusSimServer [570] - yt12 数据值更新为：0 

2025-12-05 11:02:51,771 [10] INFO  IEC61850_simulatorServer2.ModbusSimServer [570] - yt13 数据值更新为：0 

2025-12-05 11:02:51,771 [10] INFO  IEC61850_simulatorServer2.ModbusSimServer [570] - yt14 数据值更新为：0 

2025-12-05 11:02:51,772 [10] INFO  IEC61850_simulatorServer2.ModbusSimServer [570] - yt15 数据值更新为：0 

2025-12-05 11:02:51,772 [10] INFO  IEC61850_simulatorServer2.ModbusSimServer [570] - yt16 数据值更新为：0 

2025-12-05 11:02:51,772 [10] INFO  IEC61850_simulatorServer2.ModbusSimServer [570] - yt17 数据值更新为：0 

2025-12-05 11:02:51,772 [10] INFO  IEC61850_simulatorServer2.ModbusSimServer [570] - yt18 数据值更新为：0 

2025-12-05 11:02:51,772 [10] INFO  IEC61850_simulatorServer2.ModbusSimServer [570] - yt19 数据值更新为：0 

2025-12-05 11:02:51,778 [10] ERROR IEC61850_simulatorServer2.ModbusSimServer [221] - Control thread error 
System.NullReferenceException: Object reference not set to an instance of an object.
   at IEC61850_simulatorServer2.SimServer.SetExtIfVariableVal(String arg1, Object ctlVal) in /Users/songyinpei/jobs/IEC61850-simulatorServer2/IedSimServer.cs:line 260
   at IEC61850_simulatorServer2.ModbusSimServer.SetDataObjectByMesurePointName(String mesurePointName, Object value) in /Users/songyinpei/jobs/IEC61850-simulatorServer2/ModbusSimServer.cs:line 569
   at IEC61850_simulatorServer2.ModbusSimServer.<StartControlThread>b__22_0() in /Users/songyinpei/jobs/IEC61850-simulatorServer2/ModbusSimServer.cs:line 221

2025-12-05 11:02:52,598 [10] ERROR IEC61850_simulatorServer2.ModbusSimServer [221] - Control thread error 
System.NullReferenceException: Object reference not set to an instance of an object.
   at IEC61850_simulatorServer2.SimServer.SetExtIfVariableVal(String arg1, Object ctlVal) in /Users/songyinpei/jobs/IEC61850-simulatorServer2/IedSimServer.cs:line 260
   at IEC61850_simulatorServer2.ModbusSimServer.SetDataObjectByMesurePointName(String mesurePointName, Object value) in /Users/songyinpei/jobs/IEC61850-simulatorServer2/ModbusSimServer.cs:line 569
   at IEC61850_simulatorServer2.ModbusSimServer.<StartControlThread>b__22_0() in /Users/songyinpei/jobs/IEC61850-simulatorServer2/ModbusSimServer.cs:line 221

2025-12-05 11:02:53,414 [10] INFO  IEC61850_simulatorServer2.ModbusSimServer [570] - yt22 数据值更新为：0 

2025-12-05 11:02:53,415 [10] INFO  IEC61850_simulatorServer2.ModbusSimServer [570] - yt23 数据值更新为：0 

2025-12-05 11:02:53,416 [10] INFO  IEC61850_simulatorServer2.ModbusSimServer [570] - yt24 数据值更新为：0 

2025-12-05 11:02:53,423 [10] ERROR IEC61850_simulatorServer2.ModbusSimServer [221] - Control thread error 
System.NullReferenceException: Object reference not set to an instance of an object.
   at IEC61850_simulatorServer2.SimServer.SetExtIfVariableVal(String arg1, Object ctlVal) in /Users/songyinpei/jobs/IEC61850-simulatorServer2/IedSimServer.cs:line 260
   at IEC61850_simulatorServer2.ModbusSimServer.SetDataObjectByMesurePointName(String mesurePointName, Object value) in /Users/songyinpei/jobs/IEC61850-simulatorServer2/ModbusSimServer.cs:line 569
   at IEC61850_simulatorServer2.ModbusSimServer.<StartControlThread>b__22_0() in /Users/songyinpei/jobs/IEC61850-simulatorServer2/ModbusSimServer.cs:line 221

2025-12-05 11:02:54,281 [10] ERROR IEC61850_simulatorServer2.ModbusSimServer [221] - Control thread error 
System.NullReferenceException: Object reference not set to an instance of an object.
   at IEC61850_simulatorServer2.SimServer.SetExtIfVariableVal(String arg1, Object ctlVal) in /Users/songyinpei/jobs/IEC61850-simulatorServer2/IedSimServer.cs:line 260
   at IEC61850_simulatorServer2.ModbusSimServer.SetDataObjectByMesurePointName(String mesurePointName, Object value) in /Users/songyinpei/jobs/IEC61850-simulatorServer2/ModbusSimServer.cs:line 569
   at IEC61850_simulatorServer2.ModbusSimServer.<StartControlThread>b__22_0() in /Users/songyinpei/jobs/IEC61850-simulatorServer2/ModbusSimServer.cs:line 221

2025-12-05 11:02:54,465 [8] WARN  IEC61850_simulatorServer2.ModbusWirter [234] - Scale apply failed for yc14: System.OverflowException: Value was either too large or too small for an Int32.
   at System.Convert.ToInt32(Double value)
   at IEC61850_simulatorServer2.ModbusWirter.Write(Dictionary`2 data) in /Users/songyinpei/jobs/IEC61850-simulatorServer2/ModbusWirter.cs:line 234 

2025-12-05 11:02:54,493 [8] WARN  IEC61850_simulatorServer2.ModbusWirter [234] - Scale apply failed for yc59: System.OverflowException: Value was either too large or too small for an Int32.
   at System.Convert.ToInt32(Double value)
   at IEC61850_simulatorServer2.ModbusWirter.Write(Dictionary`2 data) in /Users/songyinpei/jobs/IEC61850-simulatorServer2/ModbusWirter.cs:line 234 

2025-12-05 11:02:54,545 [8] WARN  IEC61850_simulatorServer2.ModbusWirter [234] - Scale apply failed for yc110: System.OverflowException: Value was either too large or too small for an Int32.
   at System.Convert.ToInt32(Double value)
   at IEC61850_simulatorServer2.ModbusWirter.Write(Dictionary`2 data) in /Users/songyinpei/jobs/IEC61850-simulatorServer2/ModbusWirter.cs:line 234 

2025-12-05 11:02:54,595 [8] WARN  IEC61850_simulatorServer2.ModbusWirter [234] - Scale apply failed for yc152: System.OverflowException: Value was either too large or too small for an Int32.
   at System.Convert.ToInt32(Double value)
   at IEC61850_simulatorServer2.ModbusWirter.Write(Dictionary`2 data) in /Users/songyinpei/jobs/IEC61850-simulatorServer2/ModbusWirter.cs:line 234 

2025-12-05 11:02:55,137 [10] ERROR IEC61850_simulatorServer2.ModbusSimServer [221] - Control thread error 
System.NullReferenceException: Object reference not set to an instance of an object.
   at IEC61850_simulatorServer2.SimServer.SetExtIfVariableVal(String arg1, Object ctlVal) in /Users/songyinpei/jobs/IEC61850-simulatorServer2/IedSimServer.cs:line 260
   at IEC61850_simulatorServer2.ModbusSimServer.SetDataObjectByMesurePointName(String mesurePointName, Object value) in /Users/songyinpei/jobs/IEC61850-simulatorServer2/ModbusSimServer.cs:line 569
   at IEC61850_simulatorServer2.ModbusSimServer.<StartControlThread>b__22_0() in /Users/songyinpei/jobs/IEC61850-simulatorServer2/ModbusSimServer.cs:line 221

2025-12-05 11:02:55,947 [10] ERROR IEC61850_simulatorServer2.ModbusSimServer [221] - Control thread error 
System.NullReferenceException: Object reference not set to an instance of an object.
   at IEC61850_simulatorServer2.SimServer.SetExtIfVariableVal(String arg1, Object ctlVal) in /Users/songyinpei/jobs/IEC61850-simulatorServer2/IedSimServer.cs:line 260
   at IEC61850_simulatorServer2.ModbusSimServer.SetDataObjectByMesurePointName(String mesurePointName, Object value) in /Users/songyinpei/jobs/IEC61850-simulatorServer2/ModbusSimServer.cs:line 569
   at IEC61850_simulatorServer2.ModbusSimServer.<StartControlThread>b__22_0() in /Users/songyinpei/jobs/IEC61850-simulatorServer2/ModbusSimServer.cs:line 221

2025-12-05 11:02:56,769 [10] ERROR IEC61850_simulatorServer2.ModbusSimServer [221] - Control thread error 
System.NullReferenceException: Object reference not set to an instance of an object.
   at IEC61850_simulatorServer2.SimServer.SetExtIfVariableVal(String arg1, Object ctlVal) in /Users/songyinpei/jobs/IEC61850-simulatorServer2/IedSimServer.cs:line 260
   at IEC61850_simulatorServer2.ModbusSimServer.SetDataObjectByMesurePointName(String mesurePointName, Object value) in /Users/songyinpei/jobs/IEC61850-simulatorServer2/ModbusSimServer.cs:line 569
   at IEC61850_simulatorServer2.ModbusSimServer.<StartControlThread>b__22_0() in /Users/songyinpei/jobs/IEC61850-simulatorServer2/ModbusSimServer.cs:line 221

2025-12-05 11:02:57,584 [10] ERROR IEC61850_simulatorServer2.ModbusSimServer [221] - Control thread error 
System.NullReferenceException: Object reference not set to an instance of an object.
   at IEC61850_simulatorServer2.SimServer.SetExtIfVariableVal(String arg1, Object ctlVal) in /Users/songyinpei/jobs/IEC61850-simulatorServer2/IedSimServer.cs:line 260
   at IEC61850_simulatorServer2.ModbusSimServer.SetDataObjectByMesurePointName(String mesurePointName, Object value) in /Users/songyinpei/jobs/IEC61850-simulatorServer2/ModbusSimServer.cs:line 569
   at IEC61850_simulatorServer2.ModbusSimServer.<StartControlThread>b__22_0() in /Users/songyinpei/jobs/IEC61850-simulatorServer2/ModbusSimServer.cs:line 221

2025-12-05 11:02:58,402 [10] ERROR IEC61850_simulatorServer2.ModbusSimServer [221] - Control thread error 
System.NullReferenceException: Object reference not set to an instance of an object.
   at IEC61850_simulatorServer2.SimServer.SetExtIfVariableVal(String arg1, Object ctlVal) in /Users/songyinpei/jobs/IEC61850-simulatorServer2/IedSimServer.cs:line 260
   at IEC61850_simulatorServer2.ModbusSimServer.SetDataObjectByMesurePointName(String mesurePointName, Object value) in /Users/songyinpei/jobs/IEC61850-simulatorServer2/ModbusSimServer.cs:line 569
   at IEC61850_simulatorServer2.ModbusSimServer.<StartControlThread>b__22_0() in /Users/songyinpei/jobs/IEC61850-simulatorServer2/ModbusSimServer.cs:line 221

2025-12-05 11:02:59,211 [10] INFO  IEC61850_simulatorServer2.ModbusSimServer [570] - yt32 数据值更新为：0 

2025-12-05 11:02:59,211 [10] INFO  IEC61850_simulatorServer2.ModbusSimServer [570] - yt33 数据值更新为：0 

2025-12-05 11:02:59,212 [10] INFO  IEC61850_simulatorServer2.ModbusSimServer [570] - yt34 数据值更新为：0 

2025-12-05 11:02:59,212 [10] INFO  IEC61850_simulatorServer2.ModbusSimServer [570] - yt35 数据值更新为：0 

2025-12-05 11:02:59,212 [10] INFO  IEC61850_simulatorServer2.ModbusSimServer [570] - yt36 数据值更新为：0 

2025-12-05 11:02:59,212 [10] INFO  IEC61850_simulatorServer2.ModbusSimServer [570] - yt37 数据值更新为：0 

2025-12-05 11:02:59,212 [10] INFO  IEC61850_simulatorServer2.ModbusSimServer [570] - yt38 数据值更新为：0 

2025-12-05 11:02:59,212 [10] INFO  IEC61850_simulatorServer2.ModbusSimServer [570] - yt39 数据值更新为：0 

2025-12-05 11:02:59,212 [10] INFO  IEC61850_simulatorServer2.ModbusSimServer [570] - yt40 数据值更新为：0 

2025-12-05 11:02:59,212 [10] INFO  IEC61850_simulatorServer2.ModbusSimServer [570] - yt41 数据值更新为：0 

2025-12-05 11:02:59,212 [10] INFO  IEC61850_simulatorServer2.ModbusSimServer [570] - yt42 数据值更新为：0 

2025-12-05 11:02:59,213 [10] INFO  IEC61850_simulatorServer2.ModbusSimServer [570] - yt43 数据值更新为：0 

2025-12-05 11:02:59,213 [10] INFO  IEC61850_simulatorServer2.ModbusSimServer [570] - yt44 数据值更新为：0 

2025-12-05 11:02:59,213 [10] INFO  IEC61850_simulatorServer2.ModbusSimServer [570] - yt45 数据值更新为：0 

2025-12-05 11:02:59,213 [10] INFO  IEC61850_simulatorServer2.ModbusSimServer [570] - yt46 数据值更新为：0 

2025-12-05 11:02:59,213 [10] INFO  IEC61850_simulatorServer2.ModbusSimServer [570] - yt47 数据值更新为：0 

2025-12-05 11:02:59,213 [10] INFO  IEC61850_simulatorServer2.ModbusSimServer [570] - yt48 数据值更新为：0 

2025-12-05 11:02:59,214 [10] INFO  IEC61850_simulatorServer2.ModbusSimServer [570] - yt49 数据值更新为：0 

2025-12-05 11:02:59,214 [10] INFO  IEC61850_simulatorServer2.ModbusSimServer [570] - yt50 数据值更新为：0 

2025-12-05 11:02:59,214 [10] INFO  IEC61850_simulatorServer2.ModbusSimServer [570] - yt51 数据值更新为：0 

2025-12-05 11:02:59,218 [10] ERROR IEC61850_simulatorServer2.ModbusSimServer [221] - Control thread error 
System.NullReferenceException: Object reference not set to an instance of an object.
   at IEC61850_simulatorServer2.SimServer.SetExtIfVariableVal(String arg1, Object ctlVal) in /Users/songyinpei/jobs/IEC61850-simulatorServer2/IedSimServer.cs:line 260
   at IEC61850_simulatorServer2.ModbusSimServer.SetDataObjectByMesurePointName(String mesurePointName, Object value) in /Users/songyinpei/jobs/IEC61850-simulatorServer2/ModbusSimServer.cs:line 569
   at IEC61850_simulatorServer2.ModbusSimServer.<StartControlThread>b__22_0() in /Users/songyinpei/jobs/IEC61850-simulatorServer2/ModbusSimServer.cs:line 221

2025-12-05 11:03:00,033 [10] ERROR IEC61850_simulatorServer2.ModbusSimServer [221] - Control thread error 
System.NullReferenceException: Object reference not set to an instance of an object.
   at IEC61850_simulatorServer2.SimServer.SetExtIfVariableVal(String arg1, Object ctlVal) in /Users/songyinpei/jobs/IEC61850-simulatorServer2/IedSimServer.cs:line 260
   at IEC61850_simulatorServer2.ModbusSimServer.SetDataObjectByMesurePointName(String mesurePointName, Object value) in /Users/songyinpei/jobs/IEC61850-simulatorServer2/ModbusSimServer.cs:line 569
   at IEC61850_simulatorServer2.ModbusSimServer.<StartControlThread>b__22_0() in /Users/songyinpei/jobs/IEC61850-simulatorServer2/ModbusSimServer.cs:line 221

2025-12-05 11:03:00,849 [10] ERROR IEC61850_simulatorServer2.ModbusSimServer [221] - Control thread error 
System.NullReferenceException: Object reference not set to an instance of an object.
   at IEC61850_simulatorServer2.SimServer.SetExtIfVariableVal(String arg1, Object ctlVal) in /Users/songyinpei/jobs/IEC61850-simulatorServer2/IedSimServer.cs:line 260
   at IEC61850_simulatorServer2.ModbusSimServer.SetDataObjectByMesurePointName(String mesurePointName, Object value) in /Users/songyinpei/jobs/IEC61850-simulatorServer2/ModbusSimServer.cs:line 569
   at IEC61850_simulatorServer2.ModbusSimServer.<StartControlThread>b__22_0() in /Users/songyinpei/jobs/IEC61850-simulatorServer2/ModbusSimServer.cs:line 221

2025-12-05 11:03:01,668 [10] ERROR IEC61850_simulatorServer2.ModbusSimServer [221] - Control thread error 
System.NullReferenceException: Object reference not set to an instance of an object.
   at IEC61850_simulatorServer2.SimServer.SetExtIfVariableVal(String arg1, Object ctlVal) in /Users/songyinpei/jobs/IEC61850-simulatorServer2/IedSimServer.cs:line 260
   at IEC61850_simulatorServer2.ModbusSimServer.SetDataObjectByMesurePointName(String mesurePointName, Object value) in /Users/songyinpei/jobs/IEC61850-simulatorServer2/ModbusSimServer.cs:line 569
   at IEC61850_simulatorServer2.ModbusSimServer.<StartControlThread>b__22_0() in /Users/songyinpei/jobs/IEC61850-simulatorServer2/ModbusSimServer.cs:line 221

2025-12-05 11:03:02,484 [10] ERROR IEC61850_simulatorServer2.ModbusSimServer [221] - Control thread error 
System.NullReferenceException: Object reference not set to an instance of an object.
   at IEC61850_simulatorServer2.SimServer.SetExtIfVariableVal(String arg1, Object ctlVal) in /Users/songyinpei/jobs/IEC61850-simulatorServer2/IedSimServer.cs:line 260
   at IEC61850_simulatorServer2.ModbusSimServer.SetDataObjectByMesurePointName(String mesurePointName, Object value) in /Users/songyinpei/jobs/IEC61850-simulatorServer2/ModbusSimServer.cs:line 569
   at IEC61850_simulatorServer2.ModbusSimServer.<StartControlThread>b__22_0() in /Users/songyinpei/jobs/IEC61850-simulatorServer2/ModbusSimServer.cs:line 221

2025-12-05 11:03:03,294 [10] ERROR IEC61850_simulatorServer2.ModbusSimServer [221] - Control thread error 
System.NullReferenceException: Object reference not set to an instance of an object.
   at IEC61850_simulatorServer2.SimServer.SetExtIfVariableVal(String arg1, Object ctlVal) in /Users/songyinpei/jobs/IEC61850-simulatorServer2/IedSimServer.cs:line 260
   at IEC61850_simulatorServer2.ModbusSimServer.SetDataObjectByMesurePointName(String mesurePointName, Object value) in /Users/songyinpei/jobs/IEC61850-simulatorServer2/ModbusSimServer.cs:line 569
   at IEC61850_simulatorServer2.ModbusSimServer.<StartControlThread>b__22_0() in /Users/songyinpei/jobs/IEC61850-simulatorServer2/ModbusSimServer.cs:line 221

2025-12-05 11:03:04,104 [10] ERROR IEC61850_simulatorServer2.ModbusSimServer [221] - Control thread error 
System.NullReferenceException: Object reference not set to an instance of an object.
   at IEC61850_simulatorServer2.SimServer.SetExtIfVariableVal(String arg1, Object ctlVal) in /Users/songyinpei/jobs/IEC61850-simulatorServer2/IedSimServer.cs:line 260
   at IEC61850_simulatorServer2.ModbusSimServer.SetDataObjectByMesurePointName(String mesurePointName, Object value) in /Users/songyinpei/jobs/IEC61850-simulatorServer2/ModbusSimServer.cs:line 569
   at IEC61850_simulatorServer2.ModbusSimServer.<StartControlThread>b__22_0() in /Users/songyinpei/jobs/IEC61850-simulatorServer2/ModbusSimServer.cs:line 221

2025-12-05 11:03:04,918 [10] ERROR IEC61850_simulatorServer2.ModbusSimServer [221] - Control thread error 
System.NullReferenceException: Object reference not set to an instance of an object.
   at IEC61850_simulatorServer2.SimServer.SetExtIfVariableVal(String arg1, Object ctlVal) in /Users/songyinpei/jobs/IEC61850-simulatorServer2/IedSimServer.cs:line 260
   at IEC61850_simulatorServer2.ModbusSimServer.SetDataObjectByMesurePointName(String mesurePointName, Object value) in /Users/songyinpei/jobs/IEC61850-simulatorServer2/ModbusSimServer.cs:line 569
   at IEC61850_simulatorServer2.ModbusSimServer.<StartControlThread>b__22_0() in /Users/songyinpei/jobs/IEC61850-simulatorServer2/ModbusSimServer.cs:line 221

2025-12-05 11:03:05,733 [10] ERROR IEC61850_simulatorServer2.ModbusSimServer [221] - Control thread error 
System.NullReferenceException: Object reference not set to an instance of an object.
   at IEC61850_simulatorServer2.SimServer.SetExtIfVariableVal(String arg1, Object ctlVal) in /Users/songyinpei/jobs/IEC61850-simulatorServer2/IedSimServer.cs:line 260
   at IEC61850_simulatorServer2.ModbusSimServer.SetDataObjectByMesurePointName(String mesurePointName, Object value) in /Users/songyinpei/jobs/IEC61850-simulatorServer2/ModbusSimServer.cs:line 569
   at IEC61850_simulatorServer2.ModbusSimServer.<StartControlThread>b__22_0() in /Users/songyinpei/jobs/IEC61850-simulatorServer2/ModbusSimServer.cs:line 221

2025-12-05 11:03:06,551 [10] ERROR IEC61850_simulatorServer2.ModbusSimServer [221] - Control thread error 
System.NullReferenceException: Object reference not set to an instance of an object.
   at IEC61850_simulatorServer2.SimServer.SetExtIfVariableVal(String arg1, Object ctlVal) in /Users/songyinpei/jobs/IEC61850-simulatorServer2/IedSimServer.cs:line 260
   at IEC61850_simulatorServer2.ModbusSimServer.SetDataObjectByMesurePointName(String mesurePointName, Object value) in /Users/songyinpei/jobs/IEC61850-simulatorServer2/ModbusSimServer.cs:line 569
   at IEC61850_simulatorServer2.ModbusSimServer.<StartControlThread>b__22_0() in /Users/songyinpei/jobs/IEC61850-simulatorServer2/ModbusSimServer.cs:line 221

2025-12-05 11:03:07,367 [10] ERROR IEC61850_simulatorServer2.ModbusSimServer [221] - Control thread error 
System.NullReferenceException: Object reference not set to an instance of an object.
   at IEC61850_simulatorServer2.SimServer.SetExtIfVariableVal(String arg1, Object ctlVal) in /Users/songyinpei/jobs/IEC61850-simulatorServer2/IedSimServer.cs:line 260
   at IEC61850_simulatorServer2.ModbusSimServer.SetDataObjectByMesurePointName(String mesurePointName, Object value) in /Users/songyinpei/jobs/IEC61850-simulatorServer2/ModbusSimServer.cs:line 569
   at IEC61850_simulatorServer2.ModbusSimServer.<StartControlThread>b__22_0() in /Users/songyinpei/jobs/IEC61850-simulatorServer2/ModbusSimServer.cs:line 221

2025-12-05 11:03:08,176 [10] ERROR IEC61850_simulatorServer2.ModbusSimServer [221] - Control thread error 
System.NullReferenceException: Object reference not set to an instance of an object.
   at IEC61850_simulatorServer2.SimServer.SetExtIfVariableVal(String arg1, Object ctlVal) in /Users/songyinpei/jobs/IEC61850-simulatorServer2/IedSimServer.cs:line 260
   at IEC61850_simulatorServer2.ModbusSimServer.SetDataObjectByMesurePointName(String mesurePointName, Object value) in /Users/songyinpei/jobs/IEC61850-simulatorServer2/ModbusSimServer.cs:line 569
   at IEC61850_simulatorServer2.ModbusSimServer.<StartControlThread>b__22_0() in /Users/songyinpei/jobs/IEC61850-simulatorServer2/ModbusSimServer.cs:line 221

2025-12-05 11:03:08,983 [10] INFO  IEC61850_simulatorServer2.ModbusSimServer [570] - yk01 数据值更新为：False 

2025-12-05 11:03:08,983 [10] INFO  IEC61850_simulatorServer2.ModbusSimServer [570] - yk02 数据值更新为：False 

2025-12-05 11:05:06,600 [1] INFO  IEC61850_simulatorServer2.MainClass [37] - [Program] 应用启动，log4net 配置已尝试加载 

2025-12-05 11:05:09,025 [1] INFO  IEC61850_simulatorServer2.ModbusSimServer [146] - Device Connected, DeviceName : simBms 

2025-12-05 11:05:09,026 [1] INFO  IEC61850_simulatorServer2.ModbusSimServer [249] - Started worker for modelType=4, count=7689 

2025-12-05 11:05:09,027 [1] INFO  IEC61850_simulatorServer2.ModbusSimServer [251] - All modelType workers started. 

2025-12-05 11:05:09,028 [6] INFO  IEC61850_simulatorServer2.ModbusSimServer [285] - Worker 4 loop running with 7689 entries. 

2025-12-05 11:05:09,028 [7] INFO  IEC61850_simulatorServer2.ModbusSimServer [166] - Control thread started. 

2025-12-05 11:05:11,039 [1] INFO  IEC61850_simulatorServer2.ModbusSimServer [146] - Device Connected, DeviceName : simEmu 

2025-12-05 11:05:11,040 [1] INFO  IEC61850_simulatorServer2.ModbusSimServer [249] - Started worker for modelType=4, count=105 

2025-12-05 11:05:11,043 [8] INFO  IEC61850_simulatorServer2.ModbusSimServer [285] - Worker 4 loop running with 105 entries. 

2025-12-05 11:05:11,047 [1] INFO  IEC61850_simulatorServer2.ModbusSimServer [249] - Started worker for modelType=2, count=5 

2025-12-05 11:05:11,047 [9] INFO  IEC61850_simulatorServer2.ModbusSimServer [285] - Worker 2 loop running with 5 entries. 

2025-12-05 11:05:11,048 [1] INFO  IEC61850_simulatorServer2.ModbusSimServer [251] - All modelType workers started. 

2025-12-05 11:05:11,052 [10] INFO  IEC61850_simulatorServer2.ModbusSimServer [166] - Control thread started. 

2025-12-05 11:05:11,372 [10] INFO  IEC61850_simulatorServer2.ModbusSimServer [570] - yt0 数据值更新为：0 

2025-12-05 11:05:11,373 [10] INFO  IEC61850_simulatorServer2.ModbusSimServer [570] - yt1 数据值更新为：0 

2025-12-05 11:05:11,373 [10] INFO  IEC61850_simulatorServer2.ModbusSimServer [570] - yt2 数据值更新为：0 

2025-12-05 11:05:11,373 [10] INFO  IEC61850_simulatorServer2.ModbusSimServer [570] - yt3 数据值更新为：0 

2025-12-05 11:05:11,374 [10] INFO  IEC61850_simulatorServer2.ModbusSimServer [570] - yt4 数据值更新为：0 

2025-12-05 11:05:11,374 [10] INFO  IEC61850_simulatorServer2.ModbusSimServer [570] - yt5 数据值更新为：0 

2025-12-05 11:05:11,374 [10] INFO  IEC61850_simulatorServer2.ModbusSimServer [570] - yt6 数据值更新为：0 

2025-12-05 11:05:11,374 [10] INFO  IEC61850_simulatorServer2.ModbusSimServer [570] - yt7 数据值更新为：0 

2025-12-05 11:05:11,374 [10] INFO  IEC61850_simulatorServer2.ModbusSimServer [570] - yt8 数据值更新为：0 

2025-12-05 11:05:11,375 [10] INFO  IEC61850_simulatorServer2.ModbusSimServer [570] - yt9 数据值更新为：0 

2025-12-05 11:05:11,375 [10] INFO  IEC61850_simulatorServer2.ModbusSimServer [570] - yt10 数据值更新为：0 

2025-12-05 11:05:11,375 [10] INFO  IEC61850_simulatorServer2.ModbusSimServer [570] - yt11 数据值更新为：0 

2025-12-05 11:05:11,375 [10] INFO  IEC61850_simulatorServer2.ModbusSimServer [570] - yt12 数据值更新为：0 

2025-12-05 11:05:11,375 [10] INFO  IEC61850_simulatorServer2.ModbusSimServer [570] - yt13 数据值更新为：0 

2025-12-05 11:05:11,376 [10] INFO  IEC61850_simulatorServer2.ModbusSimServer [570] - yt14 数据值更新为：0 

2025-12-05 11:05:11,376 [10] INFO  IEC61850_simulatorServer2.ModbusSimServer [570] - yt15 数据值更新为：0 

2025-12-05 11:05:11,376 [10] INFO  IEC61850_simulatorServer2.ModbusSimServer [570] - yt16 数据值更新为：0 

2025-12-05 11:05:11,376 [10] INFO  IEC61850_simulatorServer2.ModbusSimServer [570] - yt17 数据值更新为：0 

2025-12-05 11:05:11,376 [10] INFO  IEC61850_simulatorServer2.ModbusSimServer [570] - yt18 数据值更新为：0 

2025-12-05 11:05:11,376 [10] INFO  IEC61850_simulatorServer2.ModbusSimServer [570] - yt19 数据值更新为：0 

2025-12-05 11:05:11,388 [10] ERROR IEC61850_simulatorServer2.ModbusSimServer [221] - Control thread error 
System.NullReferenceException: Object reference not set to an instance of an object.
   at IEC61850_simulatorServer2.SimServer.SetExtIfVariableVal(String arg1, Object ctlVal) in /Users/songyinpei/jobs/IEC61850-simulatorServer2/IedSimServer.cs:line 260
   at IEC61850_simulatorServer2.ModbusSimServer.SetDataObjectByMesurePointName(String mesurePointName, Object value) in /Users/songyinpei/jobs/IEC61850-simulatorServer2/ModbusSimServer.cs:line 569
   at IEC61850_simulatorServer2.ModbusSimServer.<StartControlThread>b__22_0() in /Users/songyinpei/jobs/IEC61850-simulatorServer2/ModbusSimServer.cs:line 221

2025-12-05 11:05:12,202 [10] ERROR IEC61850_simulatorServer2.ModbusSimServer [221] - Control thread error 
System.NullReferenceException: Object reference not set to an instance of an object.
   at IEC61850_simulatorServer2.SimServer.SetExtIfVariableVal(String arg1, Object ctlVal) in /Users/songyinpei/jobs/IEC61850-simulatorServer2/IedSimServer.cs:line 260
   at IEC61850_simulatorServer2.ModbusSimServer.SetDataObjectByMesurePointName(String mesurePointName, Object value) in /Users/songyinpei/jobs/IEC61850-simulatorServer2/ModbusSimServer.cs:line 569
   at IEC61850_simulatorServer2.ModbusSimServer.<StartControlThread>b__22_0() in /Users/songyinpei/jobs/IEC61850-simulatorServer2/ModbusSimServer.cs:line 221

2025-12-05 11:05:13,017 [10] INFO  IEC61850_simulatorServer2.ModbusSimServer [570] - yt22 数据值更新为：0 

2025-12-05 11:05:13,018 [10] INFO  IEC61850_simulatorServer2.ModbusSimServer [570] - yt23 数据值更新为：0 

2025-12-05 11:05:13,018 [10] INFO  IEC61850_simulatorServer2.ModbusSimServer [570] - yt24 数据值更新为：0 

2025-12-05 11:05:13,025 [10] ERROR IEC61850_simulatorServer2.ModbusSimServer [221] - Control thread error 
System.NullReferenceException: Object reference not set to an instance of an object.
   at IEC61850_simulatorServer2.SimServer.SetExtIfVariableVal(String arg1, Object ctlVal) in /Users/songyinpei/jobs/IEC61850-simulatorServer2/IedSimServer.cs:line 260
   at IEC61850_simulatorServer2.ModbusSimServer.SetDataObjectByMesurePointName(String mesurePointName, Object value) in /Users/songyinpei/jobs/IEC61850-simulatorServer2/ModbusSimServer.cs:line 569
   at IEC61850_simulatorServer2.ModbusSimServer.<StartControlThread>b__22_0() in /Users/songyinpei/jobs/IEC61850-simulatorServer2/ModbusSimServer.cs:line 221

2025-12-05 11:05:13,879 [10] ERROR IEC61850_simulatorServer2.ModbusSimServer [221] - Control thread error 
System.NullReferenceException: Object reference not set to an instance of an object.
   at IEC61850_simulatorServer2.SimServer.SetExtIfVariableVal(String arg1, Object ctlVal) in /Users/songyinpei/jobs/IEC61850-simulatorServer2/IedSimServer.cs:line 260
   at IEC61850_simulatorServer2.ModbusSimServer.SetDataObjectByMesurePointName(String mesurePointName, Object value) in /Users/songyinpei/jobs/IEC61850-simulatorServer2/ModbusSimServer.cs:line 569
   at IEC61850_simulatorServer2.ModbusSimServer.<StartControlThread>b__22_0() in /Users/songyinpei/jobs/IEC61850-simulatorServer2/ModbusSimServer.cs:line 221

2025-12-05 11:05:14,103 [8] WARN  IEC61850_simulatorServer2.ModbusWirter [234] - Scale apply failed for yc14: System.OverflowException: Value was either too large or too small for an Int32.
   at System.Convert.ToInt32(Double value)
   at IEC61850_simulatorServer2.ModbusWirter.Write(Dictionary`2 data) in /Users/songyinpei/jobs/IEC61850-simulatorServer2/ModbusWirter.cs:line 234 

2025-12-05 11:05:14,156 [8] WARN  IEC61850_simulatorServer2.ModbusWirter [234] - Scale apply failed for yc59: System.OverflowException: Value was either too large or too small for an Int32.
   at System.Convert.ToInt32(Double value)
   at IEC61850_simulatorServer2.ModbusWirter.Write(Dictionary`2 data) in /Users/songyinpei/jobs/IEC61850-simulatorServer2/ModbusWirter.cs:line 234 

2025-12-05 11:05:14,208 [8] WARN  IEC61850_simulatorServer2.ModbusWirter [234] - Scale apply failed for yc110: System.OverflowException: Value was either too large or too small for an Int32.
   at System.Convert.ToInt32(Double value)
   at IEC61850_simulatorServer2.ModbusWirter.Write(Dictionary`2 data) in /Users/songyinpei/jobs/IEC61850-simulatorServer2/ModbusWirter.cs:line 234 

2025-12-05 11:05:14,234 [8] WARN  IEC61850_simulatorServer2.ModbusWirter [234] - Scale apply failed for yc152: System.OverflowException: Value was either too large or too small for an Int32.
   at System.Convert.ToInt32(Double value)
   at IEC61850_simulatorServer2.ModbusWirter.Write(Dictionary`2 data) in /Users/songyinpei/jobs/IEC61850-simulatorServer2/ModbusWirter.cs:line 234 

2025-12-05 11:05:14,737 [10] ERROR IEC61850_simulatorServer2.ModbusSimServer [221] - Control thread error 
System.NullReferenceException: Object reference not set to an instance of an object.
   at IEC61850_simulatorServer2.SimServer.SetExtIfVariableVal(String arg1, Object ctlVal) in /Users/songyinpei/jobs/IEC61850-simulatorServer2/IedSimServer.cs:line 260
   at IEC61850_simulatorServer2.ModbusSimServer.SetDataObjectByMesurePointName(String mesurePointName, Object value) in /Users/songyinpei/jobs/IEC61850-simulatorServer2/ModbusSimServer.cs:line 569
   at IEC61850_simulatorServer2.ModbusSimServer.<StartControlThread>b__22_0() in /Users/songyinpei/jobs/IEC61850-simulatorServer2/ModbusSimServer.cs:line 221

2025-12-05 11:05:15,545 [10] ERROR IEC61850_simulatorServer2.ModbusSimServer [221] - Control thread error 
System.NullReferenceException: Object reference not set to an instance of an object.
   at IEC61850_simulatorServer2.SimServer.SetExtIfVariableVal(String arg1, Object ctlVal) in /Users/songyinpei/jobs/IEC61850-simulatorServer2/IedSimServer.cs:line 260
   at IEC61850_simulatorServer2.ModbusSimServer.SetDataObjectByMesurePointName(String mesurePointName, Object value) in /Users/songyinpei/jobs/IEC61850-simulatorServer2/ModbusSimServer.cs:line 569
   at IEC61850_simulatorServer2.ModbusSimServer.<StartControlThread>b__22_0() in /Users/songyinpei/jobs/IEC61850-simulatorServer2/ModbusSimServer.cs:line 221

2025-12-05 11:05:16,365 [10] ERROR IEC61850_simulatorServer2.ModbusSimServer [221] - Control thread error 
System.NullReferenceException: Object reference not set to an instance of an object.
   at IEC61850_simulatorServer2.SimServer.SetExtIfVariableVal(String arg1, Object ctlVal) in /Users/songyinpei/jobs/IEC61850-simulatorServer2/IedSimServer.cs:line 260
   at IEC61850_simulatorServer2.ModbusSimServer.SetDataObjectByMesurePointName(String mesurePointName, Object value) in /Users/songyinpei/jobs/IEC61850-simulatorServer2/ModbusSimServer.cs:line 569
   at IEC61850_simulatorServer2.ModbusSimServer.<StartControlThread>b__22_0() in /Users/songyinpei/jobs/IEC61850-simulatorServer2/ModbusSimServer.cs:line 221

2025-12-05 11:05:17,178 [10] ERROR IEC61850_simulatorServer2.ModbusSimServer [221] - Control thread error 
System.NullReferenceException: Object reference not set to an instance of an object.
   at IEC61850_simulatorServer2.SimServer.SetExtIfVariableVal(String arg1, Object ctlVal) in /Users/songyinpei/jobs/IEC61850-simulatorServer2/IedSimServer.cs:line 260
   at IEC61850_simulatorServer2.ModbusSimServer.SetDataObjectByMesurePointName(String mesurePointName, Object value) in /Users/songyinpei/jobs/IEC61850-simulatorServer2/ModbusSimServer.cs:line 569
   at IEC61850_simulatorServer2.ModbusSimServer.<StartControlThread>b__22_0() in /Users/songyinpei/jobs/IEC61850-simulatorServer2/ModbusSimServer.cs:line 221

2025-12-05 11:05:17,988 [10] ERROR IEC61850_simulatorServer2.ModbusSimServer [221] - Control thread error 
System.NullReferenceException: Object reference not set to an instance of an object.
   at IEC61850_simulatorServer2.SimServer.SetExtIfVariableVal(String arg1, Object ctlVal) in /Users/songyinpei/jobs/IEC61850-simulatorServer2/IedSimServer.cs:line 260
   at IEC61850_simulatorServer2.ModbusSimServer.SetDataObjectByMesurePointName(String mesurePointName, Object value) in /Users/songyinpei/jobs/IEC61850-simulatorServer2/ModbusSimServer.cs:line 569
   at IEC61850_simulatorServer2.ModbusSimServer.<StartControlThread>b__22_0() in /Users/songyinpei/jobs/IEC61850-simulatorServer2/ModbusSimServer.cs:line 221

2025-12-05 11:05:18,796 [10] INFO  IEC61850_simulatorServer2.ModbusSimServer [570] - yt32 数据值更新为：0 

2025-12-05 11:05:18,797 [10] INFO  IEC61850_simulatorServer2.ModbusSimServer [570] - yt33 数据值更新为：0 

2025-12-05 11:05:18,797 [10] INFO  IEC61850_simulatorServer2.ModbusSimServer [570] - yt34 数据值更新为：0 

2025-12-05 11:05:18,797 [10] INFO  IEC61850_simulatorServer2.ModbusSimServer [570] - yt35 数据值更新为：0 

2025-12-05 11:05:18,797 [10] INFO  IEC61850_simulatorServer2.ModbusSimServer [570] - yt36 数据值更新为：0 

2025-12-05 11:05:18,797 [10] INFO  IEC61850_simulatorServer2.ModbusSimServer [570] - yt37 数据值更新为：0 

2025-12-05 11:05:18,797 [10] INFO  IEC61850_simulatorServer2.ModbusSimServer [570] - yt38 数据值更新为：0 

2025-12-05 11:05:18,798 [10] INFO  IEC61850_simulatorServer2.ModbusSimServer [570] - yt39 数据值更新为：0 

2025-12-05 11:05:18,798 [10] INFO  IEC61850_simulatorServer2.ModbusSimServer [570] - yt40 数据值更新为：0 

2025-12-05 11:05:18,798 [10] INFO  IEC61850_simulatorServer2.ModbusSimServer [570] - yt41 数据值更新为：0 

2025-12-05 11:05:18,798 [10] INFO  IEC61850_simulatorServer2.ModbusSimServer [570] - yt42 数据值更新为：0 

2025-12-05 11:05:18,798 [10] INFO  IEC61850_simulatorServer2.ModbusSimServer [570] - yt43 数据值更新为：0 

2025-12-05 11:05:18,798 [10] INFO  IEC61850_simulatorServer2.ModbusSimServer [570] - yt44 数据值更新为：0 

2025-12-05 11:05:18,799 [10] INFO  IEC61850_simulatorServer2.ModbusSimServer [570] - yt45 数据值更新为：0 

2025-12-05 11:05:18,799 [10] INFO  IEC61850_simulatorServer2.ModbusSimServer [570] - yt46 数据值更新为：0 

2025-12-05 11:05:18,799 [10] INFO  IEC61850_simulatorServer2.ModbusSimServer [570] - yt47 数据值更新为：0 

2025-12-05 11:05:18,799 [10] INFO  IEC61850_simulatorServer2.ModbusSimServer [570] - yt48 数据值更新为：0 

2025-12-05 11:05:18,799 [10] INFO  IEC61850_simulatorServer2.ModbusSimServer [570] - yt49 数据值更新为：0 

2025-12-05 11:05:18,799 [10] INFO  IEC61850_simulatorServer2.ModbusSimServer [570] - yt50 数据值更新为：0 

2025-12-05 11:05:18,799 [10] INFO  IEC61850_simulatorServer2.ModbusSimServer [570] - yt51 数据值更新为：0 

2025-12-05 11:05:18,804 [10] ERROR IEC61850_simulatorServer2.ModbusSimServer [221] - Control thread error 
System.NullReferenceException: Object reference not set to an instance of an object.
   at IEC61850_simulatorServer2.SimServer.SetExtIfVariableVal(String arg1, Object ctlVal) in /Users/songyinpei/jobs/IEC61850-simulatorServer2/IedSimServer.cs:line 260
   at IEC61850_simulatorServer2.ModbusSimServer.SetDataObjectByMesurePointName(String mesurePointName, Object value) in /Users/songyinpei/jobs/IEC61850-simulatorServer2/ModbusSimServer.cs:line 569
   at IEC61850_simulatorServer2.ModbusSimServer.<StartControlThread>b__22_0() in /Users/songyinpei/jobs/IEC61850-simulatorServer2/ModbusSimServer.cs:line 221

2025-12-05 11:05:19,614 [10] ERROR IEC61850_simulatorServer2.ModbusSimServer [221] - Control thread error 
System.NullReferenceException: Object reference not set to an instance of an object.
   at IEC61850_simulatorServer2.SimServer.SetExtIfVariableVal(String arg1, Object ctlVal) in /Users/songyinpei/jobs/IEC61850-simulatorServer2/IedSimServer.cs:line 260
   at IEC61850_simulatorServer2.ModbusSimServer.SetDataObjectByMesurePointName(String mesurePointName, Object value) in /Users/songyinpei/jobs/IEC61850-simulatorServer2/ModbusSimServer.cs:line 569
   at IEC61850_simulatorServer2.ModbusSimServer.<StartControlThread>b__22_0() in /Users/songyinpei/jobs/IEC61850-simulatorServer2/ModbusSimServer.cs:line 221

2025-12-05 11:05:20,430 [10] ERROR IEC61850_simulatorServer2.ModbusSimServer [221] - Control thread error 
System.NullReferenceException: Object reference not set to an instance of an object.
   at IEC61850_simulatorServer2.SimServer.SetExtIfVariableVal(String arg1, Object ctlVal) in /Users/songyinpei/jobs/IEC61850-simulatorServer2/IedSimServer.cs:line 260
   at IEC61850_simulatorServer2.ModbusSimServer.SetDataObjectByMesurePointName(String mesurePointName, Object value) in /Users/songyinpei/jobs/IEC61850-simulatorServer2/ModbusSimServer.cs:line 569
   at IEC61850_simulatorServer2.ModbusSimServer.<StartControlThread>b__22_0() in /Users/songyinpei/jobs/IEC61850-simulatorServer2/ModbusSimServer.cs:line 221

2025-12-05 11:05:21,252 [10] ERROR IEC61850_simulatorServer2.ModbusSimServer [221] - Control thread error 
System.NullReferenceException: Object reference not set to an instance of an object.
   at IEC61850_simulatorServer2.SimServer.SetExtIfVariableVal(String arg1, Object ctlVal) in /Users/songyinpei/jobs/IEC61850-simulatorServer2/IedSimServer.cs:line 260
   at IEC61850_simulatorServer2.ModbusSimServer.SetDataObjectByMesurePointName(String mesurePointName, Object value) in /Users/songyinpei/jobs/IEC61850-simulatorServer2/ModbusSimServer.cs:line 569
   at IEC61850_simulatorServer2.ModbusSimServer.<StartControlThread>b__22_0() in /Users/songyinpei/jobs/IEC61850-simulatorServer2/ModbusSimServer.cs:line 221

2025-12-05 11:05:22,065 [10] ERROR IEC61850_simulatorServer2.ModbusSimServer [221] - Control thread error 
System.NullReferenceException: Object reference not set to an instance of an object.
   at IEC61850_simulatorServer2.SimServer.SetExtIfVariableVal(String arg1, Object ctlVal) in /Users/songyinpei/jobs/IEC61850-simulatorServer2/IedSimServer.cs:line 260
   at IEC61850_simulatorServer2.ModbusSimServer.SetDataObjectByMesurePointName(String mesurePointName, Object value) in /Users/songyinpei/jobs/IEC61850-simulatorServer2/ModbusSimServer.cs:line 569
   at IEC61850_simulatorServer2.ModbusSimServer.<StartControlThread>b__22_0() in /Users/songyinpei/jobs/IEC61850-simulatorServer2/ModbusSimServer.cs:line 221

2025-12-05 11:05:22,872 [10] ERROR IEC61850_simulatorServer2.ModbusSimServer [221] - Control thread error 
System.NullReferenceException: Object reference not set to an instance of an object.
   at IEC61850_simulatorServer2.SimServer.SetExtIfVariableVal(String arg1, Object ctlVal) in /Users/songyinpei/jobs/IEC61850-simulatorServer2/IedSimServer.cs:line 260
   at IEC61850_simulatorServer2.ModbusSimServer.SetDataObjectByMesurePointName(String mesurePointName, Object value) in /Users/songyinpei/jobs/IEC61850-simulatorServer2/ModbusSimServer.cs:line 569
   at IEC61850_simulatorServer2.ModbusSimServer.<StartControlThread>b__22_0() in /Users/songyinpei/jobs/IEC61850-simulatorServer2/ModbusSimServer.cs:line 221

2025-12-05 11:05:23,684 [10] ERROR IEC61850_simulatorServer2.ModbusSimServer [221] - Control thread error 
System.NullReferenceException: Object reference not set to an instance of an object.
   at IEC61850_simulatorServer2.SimServer.SetExtIfVariableVal(String arg1, Object ctlVal) in /Users/songyinpei/jobs/IEC61850-simulatorServer2/IedSimServer.cs:line 260
   at IEC61850_simulatorServer2.ModbusSimServer.SetDataObjectByMesurePointName(String mesurePointName, Object value) in /Users/songyinpei/jobs/IEC61850-simulatorServer2/ModbusSimServer.cs:line 569
   at IEC61850_simulatorServer2.ModbusSimServer.<StartControlThread>b__22_0() in /Users/songyinpei/jobs/IEC61850-simulatorServer2/ModbusSimServer.cs:line 221

2025-12-05 11:05:24,495 [10] ERROR IEC61850_simulatorServer2.ModbusSimServer [221] - Control thread error 
System.NullReferenceException: Object reference not set to an instance of an object.
   at IEC61850_simulatorServer2.SimServer.SetExtIfVariableVal(String arg1, Object ctlVal) in /Users/songyinpei/jobs/IEC61850-simulatorServer2/IedSimServer.cs:line 260
   at IEC61850_simulatorServer2.ModbusSimServer.SetDataObjectByMesurePointName(String mesurePointName, Object value) in /Users/songyinpei/jobs/IEC61850-simulatorServer2/ModbusSimServer.cs:line 569
   at IEC61850_simulatorServer2.ModbusSimServer.<StartControlThread>b__22_0() in /Users/songyinpei/jobs/IEC61850-simulatorServer2/ModbusSimServer.cs:line 221

2025-12-05 11:05:25,317 [10] ERROR IEC61850_simulatorServer2.ModbusSimServer [221] - Control thread error 
System.NullReferenceException: Object reference not set to an instance of an object.
   at IEC61850_simulatorServer2.SimServer.SetExtIfVariableVal(String arg1, Object ctlVal) in /Users/songyinpei/jobs/IEC61850-simulatorServer2/IedSimServer.cs:line 260
   at IEC61850_simulatorServer2.ModbusSimServer.SetDataObjectByMesurePointName(String mesurePointName, Object value) in /Users/songyinpei/jobs/IEC61850-simulatorServer2/ModbusSimServer.cs:line 569
   at IEC61850_simulatorServer2.ModbusSimServer.<StartControlThread>b__22_0() in /Users/songyinpei/jobs/IEC61850-simulatorServer2/ModbusSimServer.cs:line 221

2025-12-05 11:05:26,137 [10] ERROR IEC61850_simulatorServer2.ModbusSimServer [221] - Control thread error 
System.NullReferenceException: Object reference not set to an instance of an object.
   at IEC61850_simulatorServer2.SimServer.SetExtIfVariableVal(String arg1, Object ctlVal) in /Users/songyinpei/jobs/IEC61850-simulatorServer2/IedSimServer.cs:line 260
   at IEC61850_simulatorServer2.ModbusSimServer.SetDataObjectByMesurePointName(String mesurePointName, Object value) in /Users/songyinpei/jobs/IEC61850-simulatorServer2/ModbusSimServer.cs:line 569
   at IEC61850_simulatorServer2.ModbusSimServer.<StartControlThread>b__22_0() in /Users/songyinpei/jobs/IEC61850-simulatorServer2/ModbusSimServer.cs:line 221

2025-12-05 11:05:26,958 [10] ERROR IEC61850_simulatorServer2.ModbusSimServer [221] - Control thread error 
System.NullReferenceException: Object reference not set to an instance of an object.
   at IEC61850_simulatorServer2.SimServer.SetExtIfVariableVal(String arg1, Object ctlVal) in /Users/songyinpei/jobs/IEC61850-simulatorServer2/IedSimServer.cs:line 260
   at IEC61850_simulatorServer2.ModbusSimServer.SetDataObjectByMesurePointName(String mesurePointName, Object value) in /Users/songyinpei/jobs/IEC61850-simulatorServer2/ModbusSimServer.cs:line 569
   at IEC61850_simulatorServer2.ModbusSimServer.<StartControlThread>b__22_0() in /Users/songyinpei/jobs/IEC61850-simulatorServer2/ModbusSimServer.cs:line 221

2025-12-05 11:05:27,791 [10] ERROR IEC61850_simulatorServer2.ModbusSimServer [221] - Control thread error 
System.NullReferenceException: Object reference not set to an instance of an object.
   at IEC61850_simulatorServer2.SimServer.SetExtIfVariableVal(String arg1, Object ctlVal) in /Users/songyinpei/jobs/IEC61850-simulatorServer2/IedSimServer.cs:line 260
   at IEC61850_simulatorServer2.ModbusSimServer.SetDataObjectByMesurePointName(String mesurePointName, Object value) in /Users/songyinpei/jobs/IEC61850-simulatorServer2/ModbusSimServer.cs:line 569
   at IEC61850_simulatorServer2.ModbusSimServer.<StartControlThread>b__22_0() in /Users/songyinpei/jobs/IEC61850-simulatorServer2/ModbusSimServer.cs:line 221

2025-12-05 11:05:28,602 [10] INFO  IEC61850_simulatorServer2.ModbusSimServer [570] - yk01 数据值更新为：False 

2025-12-05 11:05:28,602 [10] INFO  IEC61850_simulatorServer2.ModbusSimServer [570] - yk02 数据值更新为：False 

2025-12-05 11:05:33,461 [10] INFO  IEC61850_simulatorServer2.ModbusSimServer [570] - yt22 数据值更新为：500 

2025-12-05 11:05:56,316 [10] INFO  IEC61850_simulatorServer2.ModbusSimServer [570] - yt22 数据值更新为：0 

2025-12-05 11:07:57,135 [10] INFO  IEC61850_simulatorServer2.ModbusSimServer [570] - yt22 数据值更新为：500 

2025-12-05 11:12:09,319 [1] INFO  IEC61850_simulatorServer2.MainClass [37] - [Program] 应用启动，log4net 配置已尝试加载 

2025-12-05 11:12:11,767 [1] INFO  IEC61850_simulatorServer2.ModbusSimServer [146] - Device Connected, DeviceName : simBms 

2025-12-05 11:12:11,768 [1] INFO  IEC61850_simulatorServer2.ModbusSimServer [249] - Started worker for modelType=4, count=7689 

2025-12-05 11:12:11,769 [1] INFO  IEC61850_simulatorServer2.ModbusSimServer [251] - All modelType workers started. 

2025-12-05 11:12:11,770 [6] INFO  IEC61850_simulatorServer2.ModbusSimServer [285] - Worker 4 loop running with 7689 entries. 

2025-12-05 11:12:11,771 [7] INFO  IEC61850_simulatorServer2.ModbusSimServer [166] - Control thread started. 

2025-12-05 11:12:13,782 [1] INFO  IEC61850_simulatorServer2.ModbusSimServer [146] - Device Connected, DeviceName : simEmu 

2025-12-05 11:12:13,784 [1] INFO  IEC61850_simulatorServer2.ModbusSimServer [249] - Started worker for modelType=4, count=105 

2025-12-05 11:12:13,788 [8] INFO  IEC61850_simulatorServer2.ModbusSimServer [285] - Worker 4 loop running with 105 entries. 

2025-12-05 11:12:13,793 [9] INFO  IEC61850_simulatorServer2.ModbusSimServer [285] - Worker 2 loop running with 5 entries. 

2025-12-05 11:12:13,797 [1] INFO  IEC61850_simulatorServer2.ModbusSimServer [249] - Started worker for modelType=2, count=5 

2025-12-05 11:12:13,798 [1] INFO  IEC61850_simulatorServer2.ModbusSimServer [251] - All modelType workers started. 

2025-12-05 11:12:13,800 [10] INFO  IEC61850_simulatorServer2.ModbusSimServer [166] - Control thread started. 

2025-12-05 11:12:17,799 [10] INFO  IEC61850_simulatorServer2.ModbusSimServer [570] - yt0 数据值更新为：0 

2025-12-05 11:12:17,800 [10] INFO  IEC61850_simulatorServer2.ModbusSimServer [570] - yt1 数据值更新为：0 

2025-12-05 11:12:17,801 [10] INFO  IEC61850_simulatorServer2.ModbusSimServer [570] - yt2 数据值更新为：0 

2025-12-05 11:12:17,801 [10] INFO  IEC61850_simulatorServer2.ModbusSimServer [570] - yt3 数据值更新为：0 

2025-12-05 11:12:17,801 [10] INFO  IEC61850_simulatorServer2.ModbusSimServer [570] - yt4 数据值更新为：0 

2025-12-05 11:12:17,801 [10] INFO  IEC61850_simulatorServer2.ModbusSimServer [570] - yt5 数据值更新为：0 

2025-12-05 11:12:17,801 [10] INFO  IEC61850_simulatorServer2.ModbusSimServer [570] - yt6 数据值更新为：0 

2025-12-05 11:12:17,802 [10] INFO  IEC61850_simulatorServer2.ModbusSimServer [570] - yt7 数据值更新为：0 

2025-12-05 11:12:17,802 [10] INFO  IEC61850_simulatorServer2.ModbusSimServer [570] - yt8 数据值更新为：0 

2025-12-05 11:12:17,802 [10] INFO  IEC61850_simulatorServer2.ModbusSimServer [570] - yt9 数据值更新为：0 

2025-12-05 11:12:17,802 [10] INFO  IEC61850_simulatorServer2.ModbusSimServer [570] - yt10 数据值更新为：0 

2025-12-05 11:12:17,802 [10] INFO  IEC61850_simulatorServer2.ModbusSimServer [570] - yt11 数据值更新为：0 

2025-12-05 11:12:17,802 [10] INFO  IEC61850_simulatorServer2.ModbusSimServer [570] - yt12 数据值更新为：0 

2025-12-05 11:12:17,802 [10] INFO  IEC61850_simulatorServer2.ModbusSimServer [570] - yt13 数据值更新为：0 

2025-12-05 11:12:17,802 [10] INFO  IEC61850_simulatorServer2.ModbusSimServer [570] - yt14 数据值更新为：0 

2025-12-05 11:12:17,802 [10] INFO  IEC61850_simulatorServer2.ModbusSimServer [570] - yt15 数据值更新为：0 

2025-12-05 11:12:17,802 [10] INFO  IEC61850_simulatorServer2.ModbusSimServer [570] - yt16 数据值更新为：0 

2025-12-05 11:12:17,802 [10] INFO  IEC61850_simulatorServer2.ModbusSimServer [570] - yt17 数据值更新为：0 

2025-12-05 11:12:17,803 [10] INFO  IEC61850_simulatorServer2.ModbusSimServer [570] - yt18 数据值更新为：0 

2025-12-05 11:12:17,803 [10] INFO  IEC61850_simulatorServer2.ModbusSimServer [570] - yt19 数据值更新为：0 

2025-12-05 11:12:17,852 [10] ERROR IEC61850_simulatorServer2.ModbusSimServer [221] - Control thread error 
System.NullReferenceException: Object reference not set to an instance of an object.
   at IEC61850_simulatorServer2.SimServer.SetExtIfVariableVal(String arg1, Object ctlVal) in /Users/songyinpei/jobs/IEC61850-simulatorServer2/IedSimServer.cs:line 260
   at IEC61850_simulatorServer2.ModbusSimServer.SetDataObjectByMesurePointName(String mesurePointName, Object value) in /Users/songyinpei/jobs/IEC61850-simulatorServer2/ModbusSimServer.cs:line 569
   at IEC61850_simulatorServer2.ModbusSimServer.<StartControlThread>b__22_0() in /Users/songyinpei/jobs/IEC61850-simulatorServer2/ModbusSimServer.cs:line 221

2025-12-05 11:12:18,694 [10] ERROR IEC61850_simulatorServer2.ModbusSimServer [221] - Control thread error 
System.NullReferenceException: Object reference not set to an instance of an object.
   at IEC61850_simulatorServer2.SimServer.SetExtIfVariableVal(String arg1, Object ctlVal) in /Users/songyinpei/jobs/IEC61850-simulatorServer2/IedSimServer.cs:line 260
   at IEC61850_simulatorServer2.ModbusSimServer.SetDataObjectByMesurePointName(String mesurePointName, Object value) in /Users/songyinpei/jobs/IEC61850-simulatorServer2/ModbusSimServer.cs:line 569
   at IEC61850_simulatorServer2.ModbusSimServer.<StartControlThread>b__22_0() in /Users/songyinpei/jobs/IEC61850-simulatorServer2/ModbusSimServer.cs:line 221

2025-12-05 11:12:18,811 [8] WARN  IEC61850_simulatorServer2.ModbusWirter [234] - Scale apply failed for yc14: System.OverflowException: Value was either too large or too small for an Int32.
   at System.Convert.ToInt32(Double value)
   at IEC61850_simulatorServer2.ModbusWirter.Write(Dictionary`2 data) in /Users/songyinpei/jobs/IEC61850-simulatorServer2/ModbusWirter.cs:line 234 

2025-12-05 11:12:18,816 [8] WARN  IEC61850_simulatorServer2.ModbusWirter [234] - Scale apply failed for yc59: System.OverflowException: Value was either too large or too small for an Int32.
   at System.Convert.ToInt32(Double value)
   at IEC61850_simulatorServer2.ModbusWirter.Write(Dictionary`2 data) in /Users/songyinpei/jobs/IEC61850-simulatorServer2/ModbusWirter.cs:line 234 

2025-12-05 11:12:18,820 [8] WARN  IEC61850_simulatorServer2.ModbusWirter [234] - Scale apply failed for yc110: System.OverflowException: Value was either too large or too small for an Int32.
   at System.Convert.ToInt32(Double value)
   at IEC61850_simulatorServer2.ModbusWirter.Write(Dictionary`2 data) in /Users/songyinpei/jobs/IEC61850-simulatorServer2/ModbusWirter.cs:line 234 

2025-12-05 11:12:18,824 [8] WARN  IEC61850_simulatorServer2.ModbusWirter [234] - Scale apply failed for yc152: System.OverflowException: Value was either too large or too small for an Int32.
   at System.Convert.ToInt32(Double value)
   at IEC61850_simulatorServer2.ModbusWirter.Write(Dictionary`2 data) in /Users/songyinpei/jobs/IEC61850-simulatorServer2/ModbusWirter.cs:line 234 

2025-12-05 11:12:19,503 [10] INFO  IEC61850_simulatorServer2.ModbusSimServer [570] - yt22 数据值更新为：0 

2025-12-05 11:12:19,503 [10] INFO  IEC61850_simulatorServer2.ModbusSimServer [570] - yt23 数据值更新为：0 

2025-12-05 11:12:19,554 [10] ERROR IEC61850_simulatorServer2.ModbusSimServer [221] - Control thread error 
System.NullReferenceException: Object reference not set to an instance of an object.
   at IEC61850_simulatorServer2.SimServer.SetExtIfVariableVal(String arg1, Object ctlVal) in /Users/songyinpei/jobs/IEC61850-simulatorServer2/IedSimServer.cs:line 260
   at IEC61850_simulatorServer2.ModbusSimServer.SetDataObjectByMesurePointName(String mesurePointName, Object value) in /Users/songyinpei/jobs/IEC61850-simulatorServer2/ModbusSimServer.cs:line 569
   at IEC61850_simulatorServer2.ModbusSimServer.<StartControlThread>b__22_0() in /Users/songyinpei/jobs/IEC61850-simulatorServer2/ModbusSimServer.cs:line 221

2025-12-05 11:12:20,412 [10] ERROR IEC61850_simulatorServer2.ModbusSimServer [221] - Control thread error 
System.NullReferenceException: Object reference not set to an instance of an object.
   at IEC61850_simulatorServer2.SimServer.SetExtIfVariableVal(String arg1, Object ctlVal) in /Users/songyinpei/jobs/IEC61850-simulatorServer2/IedSimServer.cs:line 260
   at IEC61850_simulatorServer2.ModbusSimServer.SetDataObjectByMesurePointName(String mesurePointName, Object value) in /Users/songyinpei/jobs/IEC61850-simulatorServer2/ModbusSimServer.cs:line 569
   at IEC61850_simulatorServer2.ModbusSimServer.<StartControlThread>b__22_0() in /Users/songyinpei/jobs/IEC61850-simulatorServer2/ModbusSimServer.cs:line 221

2025-12-05 11:12:21,229 [10] ERROR IEC61850_simulatorServer2.ModbusSimServer [221] - Control thread error 
System.NullReferenceException: Object reference not set to an instance of an object.
   at IEC61850_simulatorServer2.SimServer.SetExtIfVariableVal(String arg1, Object ctlVal) in /Users/songyinpei/jobs/IEC61850-simulatorServer2/IedSimServer.cs:line 260
   at IEC61850_simulatorServer2.ModbusSimServer.SetDataObjectByMesurePointName(String mesurePointName, Object value) in /Users/songyinpei/jobs/IEC61850-simulatorServer2/ModbusSimServer.cs:line 569
   at IEC61850_simulatorServer2.ModbusSimServer.<StartControlThread>b__22_0() in /Users/songyinpei/jobs/IEC61850-simulatorServer2/ModbusSimServer.cs:line 221

2025-12-05 11:12:22,044 [10] ERROR IEC61850_simulatorServer2.ModbusSimServer [221] - Control thread error 
System.NullReferenceException: Object reference not set to an instance of an object.
   at IEC61850_simulatorServer2.SimServer.SetExtIfVariableVal(String arg1, Object ctlVal) in /Users/songyinpei/jobs/IEC61850-simulatorServer2/IedSimServer.cs:line 260
   at IEC61850_simulatorServer2.ModbusSimServer.SetDataObjectByMesurePointName(String mesurePointName, Object value) in /Users/songyinpei/jobs/IEC61850-simulatorServer2/ModbusSimServer.cs:line 569
   at IEC61850_simulatorServer2.ModbusSimServer.<StartControlThread>b__22_0() in /Users/songyinpei/jobs/IEC61850-simulatorServer2/ModbusSimServer.cs:line 221

2025-12-05 11:12:22,857 [10] ERROR IEC61850_simulatorServer2.ModbusSimServer [221] - Control thread error 
System.NullReferenceException: Object reference not set to an instance of an object.
   at IEC61850_simulatorServer2.SimServer.SetExtIfVariableVal(String arg1, Object ctlVal) in /Users/songyinpei/jobs/IEC61850-simulatorServer2/IedSimServer.cs:line 260
   at IEC61850_simulatorServer2.ModbusSimServer.SetDataObjectByMesurePointName(String mesurePointName, Object value) in /Users/songyinpei/jobs/IEC61850-simulatorServer2/ModbusSimServer.cs:line 569
   at IEC61850_simulatorServer2.ModbusSimServer.<StartControlThread>b__22_0() in /Users/songyinpei/jobs/IEC61850-simulatorServer2/ModbusSimServer.cs:line 221

2025-12-05 11:12:23,670 [10] ERROR IEC61850_simulatorServer2.ModbusSimServer [221] - Control thread error 
System.NullReferenceException: Object reference not set to an instance of an object.
   at IEC61850_simulatorServer2.SimServer.SetExtIfVariableVal(String arg1, Object ctlVal) in /Users/songyinpei/jobs/IEC61850-simulatorServer2/IedSimServer.cs:line 260
   at IEC61850_simulatorServer2.ModbusSimServer.SetDataObjectByMesurePointName(String mesurePointName, Object value) in /Users/songyinpei/jobs/IEC61850-simulatorServer2/ModbusSimServer.cs:line 569
   at IEC61850_simulatorServer2.ModbusSimServer.<StartControlThread>b__22_0() in /Users/songyinpei/jobs/IEC61850-simulatorServer2/ModbusSimServer.cs:line 221

2025-12-05 11:12:24,481 [10] ERROR IEC61850_simulatorServer2.ModbusSimServer [221] - Control thread error 
System.NullReferenceException: Object reference not set to an instance of an object.
   at IEC61850_simulatorServer2.SimServer.SetExtIfVariableVal(String arg1, Object ctlVal) in /Users/songyinpei/jobs/IEC61850-simulatorServer2/IedSimServer.cs:line 260
   at IEC61850_simulatorServer2.ModbusSimServer.SetDataObjectByMesurePointName(String mesurePointName, Object value) in /Users/songyinpei/jobs/IEC61850-simulatorServer2/ModbusSimServer.cs:line 569
   at IEC61850_simulatorServer2.ModbusSimServer.<StartControlThread>b__22_0() in /Users/songyinpei/jobs/IEC61850-simulatorServer2/ModbusSimServer.cs:line 221

2025-12-05 11:12:25,298 [10] ERROR IEC61850_simulatorServer2.ModbusSimServer [221] - Control thread error 
System.NullReferenceException: Object reference not set to an instance of an object.
   at IEC61850_simulatorServer2.SimServer.SetExtIfVariableVal(String arg1, Object ctlVal) in /Users/songyinpei/jobs/IEC61850-simulatorServer2/IedSimServer.cs:line 260
   at IEC61850_simulatorServer2.ModbusSimServer.SetDataObjectByMesurePointName(String mesurePointName, Object value) in /Users/songyinpei/jobs/IEC61850-simulatorServer2/ModbusSimServer.cs:line 569
   at IEC61850_simulatorServer2.ModbusSimServer.<StartControlThread>b__22_0() in /Users/songyinpei/jobs/IEC61850-simulatorServer2/ModbusSimServer.cs:line 221

2025-12-05 11:12:26,107 [10] INFO  IEC61850_simulatorServer2.ModbusSimServer [570] - yt32 数据值更新为：0 

2025-12-05 11:12:26,108 [10] INFO  IEC61850_simulatorServer2.ModbusSimServer [570] - yt33 数据值更新为：0 

2025-12-05 11:12:26,108 [10] INFO  IEC61850_simulatorServer2.ModbusSimServer [570] - yt34 数据值更新为：0 

2025-12-05 11:12:26,108 [10] INFO  IEC61850_simulatorServer2.ModbusSimServer [570] - yt35 数据值更新为：0 

2025-12-05 11:12:26,108 [10] INFO  IEC61850_simulatorServer2.ModbusSimServer [570] - yt36 数据值更新为：0 

2025-12-05 11:12:26,109 [10] INFO  IEC61850_simulatorServer2.ModbusSimServer [570] - yt37 数据值更新为：0 

2025-12-05 11:12:26,109 [10] INFO  IEC61850_simulatorServer2.ModbusSimServer [570] - yt38 数据值更新为：0 

2025-12-05 11:12:26,109 [10] INFO  IEC61850_simulatorServer2.ModbusSimServer [570] - yt39 数据值更新为：0 

2025-12-05 11:12:26,109 [10] INFO  IEC61850_simulatorServer2.ModbusSimServer [570] - yt40 数据值更新为：0 

2025-12-05 11:12:26,109 [10] INFO  IEC61850_simulatorServer2.ModbusSimServer [570] - yt41 数据值更新为：0 

2025-12-05 11:12:26,109 [10] INFO  IEC61850_simulatorServer2.ModbusSimServer [570] - yt42 数据值更新为：0 

2025-12-05 11:12:26,109 [10] INFO  IEC61850_simulatorServer2.ModbusSimServer [570] - yt43 数据值更新为：0 

2025-12-05 11:12:26,109 [10] INFO  IEC61850_simulatorServer2.ModbusSimServer [570] - yt44 数据值更新为：0 

2025-12-05 11:12:26,110 [10] INFO  IEC61850_simulatorServer2.ModbusSimServer [570] - yt45 数据值更新为：0 

2025-12-05 11:12:26,110 [10] INFO  IEC61850_simulatorServer2.ModbusSimServer [570] - yt46 数据值更新为：0 

2025-12-05 11:12:26,110 [10] INFO  IEC61850_simulatorServer2.ModbusSimServer [570] - yt47 数据值更新为：0 

2025-12-05 11:12:26,110 [10] INFO  IEC61850_simulatorServer2.ModbusSimServer [570] - yt48 数据值更新为：0 

2025-12-05 11:12:26,111 [10] INFO  IEC61850_simulatorServer2.ModbusSimServer [570] - yt49 数据值更新为：0 

2025-12-05 11:12:26,111 [10] INFO  IEC61850_simulatorServer2.ModbusSimServer [570] - yt50 数据值更新为：0 

2025-12-05 11:12:26,111 [10] INFO  IEC61850_simulatorServer2.ModbusSimServer [570] - yt51 数据值更新为：0 

2025-12-05 11:12:26,115 [10] ERROR IEC61850_simulatorServer2.ModbusSimServer [221] - Control thread error 
System.NullReferenceException: Object reference not set to an instance of an object.
   at IEC61850_simulatorServer2.SimServer.SetExtIfVariableVal(String arg1, Object ctlVal) in /Users/songyinpei/jobs/IEC61850-simulatorServer2/IedSimServer.cs:line 260
   at IEC61850_simulatorServer2.ModbusSimServer.SetDataObjectByMesurePointName(String mesurePointName, Object value) in /Users/songyinpei/jobs/IEC61850-simulatorServer2/ModbusSimServer.cs:line 569
   at IEC61850_simulatorServer2.ModbusSimServer.<StartControlThread>b__22_0() in /Users/songyinpei/jobs/IEC61850-simulatorServer2/ModbusSimServer.cs:line 221

2025-12-05 11:12:26,932 [10] ERROR IEC61850_simulatorServer2.ModbusSimServer [221] - Control thread error 
System.NullReferenceException: Object reference not set to an instance of an object.
   at IEC61850_simulatorServer2.SimServer.SetExtIfVariableVal(String arg1, Object ctlVal) in /Users/songyinpei/jobs/IEC61850-simulatorServer2/IedSimServer.cs:line 260
   at IEC61850_simulatorServer2.ModbusSimServer.SetDataObjectByMesurePointName(String mesurePointName, Object value) in /Users/songyinpei/jobs/IEC61850-simulatorServer2/ModbusSimServer.cs:line 569
   at IEC61850_simulatorServer2.ModbusSimServer.<StartControlThread>b__22_0() in /Users/songyinpei/jobs/IEC61850-simulatorServer2/ModbusSimServer.cs:line 221

2025-12-05 11:12:27,747 [10] ERROR IEC61850_simulatorServer2.ModbusSimServer [221] - Control thread error 
System.NullReferenceException: Object reference not set to an instance of an object.
   at IEC61850_simulatorServer2.SimServer.SetExtIfVariableVal(String arg1, Object ctlVal) in /Users/songyinpei/jobs/IEC61850-simulatorServer2/IedSimServer.cs:line 260
   at IEC61850_simulatorServer2.ModbusSimServer.SetDataObjectByMesurePointName(String mesurePointName, Object value) in /Users/songyinpei/jobs/IEC61850-simulatorServer2/ModbusSimServer.cs:line 569
   at IEC61850_simulatorServer2.ModbusSimServer.<StartControlThread>b__22_0() in /Users/songyinpei/jobs/IEC61850-simulatorServer2/ModbusSimServer.cs:line 221

2025-12-05 11:12:28,562 [10] ERROR IEC61850_simulatorServer2.ModbusSimServer [221] - Control thread error 
System.NullReferenceException: Object reference not set to an instance of an object.
   at IEC61850_simulatorServer2.SimServer.SetExtIfVariableVal(String arg1, Object ctlVal) in /Users/songyinpei/jobs/IEC61850-simulatorServer2/IedSimServer.cs:line 260
   at IEC61850_simulatorServer2.ModbusSimServer.SetDataObjectByMesurePointName(String mesurePointName, Object value) in /Users/songyinpei/jobs/IEC61850-simulatorServer2/ModbusSimServer.cs:line 569
   at IEC61850_simulatorServer2.ModbusSimServer.<StartControlThread>b__22_0() in /Users/songyinpei/jobs/IEC61850-simulatorServer2/ModbusSimServer.cs:line 221

2025-12-05 11:12:29,377 [10] ERROR IEC61850_simulatorServer2.ModbusSimServer [221] - Control thread error 
System.NullReferenceException: Object reference not set to an instance of an object.
   at IEC61850_simulatorServer2.SimServer.SetExtIfVariableVal(String arg1, Object ctlVal) in /Users/songyinpei/jobs/IEC61850-simulatorServer2/IedSimServer.cs:line 260
   at IEC61850_simulatorServer2.ModbusSimServer.SetDataObjectByMesurePointName(String mesurePointName, Object value) in /Users/songyinpei/jobs/IEC61850-simulatorServer2/ModbusSimServer.cs:line 569
   at IEC61850_simulatorServer2.ModbusSimServer.<StartControlThread>b__22_0() in /Users/songyinpei/jobs/IEC61850-simulatorServer2/ModbusSimServer.cs:line 221

2025-12-05 11:12:30,211 [10] INFO  IEC61850_simulatorServer2.ModbusSimServer [570] - yt22 数据值更新为：500 

2025-12-05 11:12:30,218 [10] ERROR IEC61850_simulatorServer2.ModbusSimServer [221] - Control thread error 
System.NullReferenceException: Object reference not set to an instance of an object.
   at IEC61850_simulatorServer2.SimServer.SetExtIfVariableVal(String arg1, Object ctlVal) in /Users/songyinpei/jobs/IEC61850-simulatorServer2/IedSimServer.cs:line 260
   at IEC61850_simulatorServer2.ModbusSimServer.SetDataObjectByMesurePointName(String mesurePointName, Object value) in /Users/songyinpei/jobs/IEC61850-simulatorServer2/ModbusSimServer.cs:line 569
   at IEC61850_simulatorServer2.ModbusSimServer.<StartControlThread>b__22_0() in /Users/songyinpei/jobs/IEC61850-simulatorServer2/ModbusSimServer.cs:line 221

2025-12-05 11:12:31,031 [10] ERROR IEC61850_simulatorServer2.ModbusSimServer [221] - Control thread error 
System.NullReferenceException: Object reference not set to an instance of an object.
   at IEC61850_simulatorServer2.SimServer.SetExtIfVariableVal(String arg1, Object ctlVal) in /Users/songyinpei/jobs/IEC61850-simulatorServer2/IedSimServer.cs:line 260
   at IEC61850_simulatorServer2.ModbusSimServer.SetDataObjectByMesurePointName(String mesurePointName, Object value) in /Users/songyinpei/jobs/IEC61850-simulatorServer2/ModbusSimServer.cs:line 569
   at IEC61850_simulatorServer2.ModbusSimServer.<StartControlThread>b__22_0() in /Users/songyinpei/jobs/IEC61850-simulatorServer2/ModbusSimServer.cs:line 221

2025-12-05 11:12:31,851 [10] ERROR IEC61850_simulatorServer2.ModbusSimServer [221] - Control thread error 
System.NullReferenceException: Object reference not set to an instance of an object.
   at IEC61850_simulatorServer2.SimServer.SetExtIfVariableVal(String arg1, Object ctlVal) in /Users/songyinpei/jobs/IEC61850-simulatorServer2/IedSimServer.cs:line 260
   at IEC61850_simulatorServer2.ModbusSimServer.SetDataObjectByMesurePointName(String mesurePointName, Object value) in /Users/songyinpei/jobs/IEC61850-simulatorServer2/ModbusSimServer.cs:line 569
   at IEC61850_simulatorServer2.ModbusSimServer.<StartControlThread>b__22_0() in /Users/songyinpei/jobs/IEC61850-simulatorServer2/ModbusSimServer.cs:line 221

2025-12-05 11:12:32,663 [10] ERROR IEC61850_simulatorServer2.ModbusSimServer [221] - Control thread error 
System.NullReferenceException: Object reference not set to an instance of an object.
   at IEC61850_simulatorServer2.SimServer.SetExtIfVariableVal(String arg1, Object ctlVal) in /Users/songyinpei/jobs/IEC61850-simulatorServer2/IedSimServer.cs:line 260
   at IEC61850_simulatorServer2.ModbusSimServer.SetDataObjectByMesurePointName(String mesurePointName, Object value) in /Users/songyinpei/jobs/IEC61850-simulatorServer2/ModbusSimServer.cs:line 569
   at IEC61850_simulatorServer2.ModbusSimServer.<StartControlThread>b__22_0() in /Users/songyinpei/jobs/IEC61850-simulatorServer2/ModbusSimServer.cs:line 221

2025-12-05 11:12:33,482 [10] ERROR IEC61850_simulatorServer2.ModbusSimServer [221] - Control thread error 
System.NullReferenceException: Object reference not set to an instance of an object.
   at IEC61850_simulatorServer2.SimServer.SetExtIfVariableVal(String arg1, Object ctlVal) in /Users/songyinpei/jobs/IEC61850-simulatorServer2/IedSimServer.cs:line 260
   at IEC61850_simulatorServer2.ModbusSimServer.SetDataObjectByMesurePointName(String mesurePointName, Object value) in /Users/songyinpei/jobs/IEC61850-simulatorServer2/ModbusSimServer.cs:line 569
   at IEC61850_simulatorServer2.ModbusSimServer.<StartControlThread>b__22_0() in /Users/songyinpei/jobs/IEC61850-simulatorServer2/ModbusSimServer.cs:line 221

2025-12-05 11:12:34,338 [10] ERROR IEC61850_simulatorServer2.ModbusSimServer [221] - Control thread error 
System.NullReferenceException: Object reference not set to an instance of an object.
   at IEC61850_simulatorServer2.SimServer.SetExtIfVariableVal(String arg1, Object ctlVal) in /Users/songyinpei/jobs/IEC61850-simulatorServer2/IedSimServer.cs:line 260
   at IEC61850_simulatorServer2.ModbusSimServer.SetDataObjectByMesurePointName(String mesurePointName, Object value) in /Users/songyinpei/jobs/IEC61850-simulatorServer2/ModbusSimServer.cs:line 569
   at IEC61850_simulatorServer2.ModbusSimServer.<StartControlThread>b__22_0() in /Users/songyinpei/jobs/IEC61850-simulatorServer2/ModbusSimServer.cs:line 221

2025-12-05 11:12:35,148 [10] ERROR IEC61850_simulatorServer2.ModbusSimServer [221] - Control thread error 
System.NullReferenceException: Object reference not set to an instance of an object.
   at IEC61850_simulatorServer2.SimServer.SetExtIfVariableVal(String arg1, Object ctlVal) in /Users/songyinpei/jobs/IEC61850-simulatorServer2/IedSimServer.cs:line 260
   at IEC61850_simulatorServer2.ModbusSimServer.SetDataObjectByMesurePointName(String mesurePointName, Object value) in /Users/songyinpei/jobs/IEC61850-simulatorServer2/ModbusSimServer.cs:line 569
   at IEC61850_simulatorServer2.ModbusSimServer.<StartControlThread>b__22_0() in /Users/songyinpei/jobs/IEC61850-simulatorServer2/ModbusSimServer.cs:line 221

2025-12-05 11:12:35,957 [10] INFO  IEC61850_simulatorServer2.ModbusSimServer [570] - yk01 数据值更新为：False 

2025-12-05 11:12:35,958 [10] INFO  IEC61850_simulatorServer2.ModbusSimServer [570] - yk02 数据值更新为：False 

2025-12-05 11:12:45,659 [10] INFO  IEC61850_simulatorServer2.ModbusSimServer [570] - yt22 数据值更新为：0 

2025-12-05 11:14:06,158 [1] INFO  IEC61850_simulatorServer2.MainClass [37] - [Program] 应用启动，log4net 配置已尝试加载 

2025-12-05 11:14:08,693 [1] INFO  IEC61850_simulatorServer2.ModbusSimServer [146] - Device Connected, DeviceName : simBms 

2025-12-05 11:14:08,694 [1] INFO  IEC61850_simulatorServer2.ModbusSimServer [249] - Started worker for modelType=4, count=7689 

2025-12-05 11:14:08,695 [1] INFO  IEC61850_simulatorServer2.ModbusSimServer [251] - All modelType workers started. 

2025-12-05 11:14:08,696 [6] INFO  IEC61850_simulatorServer2.ModbusSimServer [285] - Worker 4 loop running with 7689 entries. 

2025-12-05 11:14:08,697 [7] INFO  IEC61850_simulatorServer2.ModbusSimServer [166] - Control thread started. 

2025-12-05 11:14:10,708 [1] INFO  IEC61850_simulatorServer2.ModbusSimServer [146] - Device Connected, DeviceName : simEmu 

2025-12-05 11:14:10,711 [1] INFO  IEC61850_simulatorServer2.ModbusSimServer [249] - Started worker for modelType=4, count=105 

2025-12-05 11:14:10,714 [8] INFO  IEC61850_simulatorServer2.ModbusSimServer [285] - Worker 4 loop running with 105 entries. 

2025-12-05 11:14:10,718 [9] INFO  IEC61850_simulatorServer2.ModbusSimServer [285] - Worker 2 loop running with 5 entries. 

2025-12-05 11:14:10,718 [1] INFO  IEC61850_simulatorServer2.ModbusSimServer [249] - Started worker for modelType=2, count=5 

2025-12-05 11:14:10,720 [1] INFO  IEC61850_simulatorServer2.ModbusSimServer [251] - All modelType workers started. 

2025-12-05 11:14:10,724 [10] INFO  IEC61850_simulatorServer2.ModbusSimServer [166] - Control thread started. 

2025-12-05 11:14:11,046 [10] INFO  IEC61850_simulatorServer2.ModbusSimServer [570] - yt0 数据值更新为：0 

2025-12-05 11:14:11,047 [10] INFO  IEC61850_simulatorServer2.ModbusSimServer [570] - yt1 数据值更新为：0 

2025-12-05 11:14:11,048 [10] INFO  IEC61850_simulatorServer2.ModbusSimServer [570] - yt2 数据值更新为：0 

2025-12-05 11:14:11,048 [10] INFO  IEC61850_simulatorServer2.ModbusSimServer [570] - yt3 数据值更新为：0 

2025-12-05 11:14:11,048 [10] INFO  IEC61850_simulatorServer2.ModbusSimServer [570] - yt4 数据值更新为：0 

2025-12-05 11:14:11,049 [10] INFO  IEC61850_simulatorServer2.ModbusSimServer [570] - yt5 数据值更新为：0 

2025-12-05 11:14:11,049 [10] INFO  IEC61850_simulatorServer2.ModbusSimServer [570] - yt6 数据值更新为：0 

2025-12-05 11:14:11,049 [10] INFO  IEC61850_simulatorServer2.ModbusSimServer [570] - yt7 数据值更新为：0 

2025-12-05 11:14:11,050 [10] INFO  IEC61850_simulatorServer2.ModbusSimServer [570] - yt8 数据值更新为：0 

2025-12-05 11:14:11,050 [10] INFO  IEC61850_simulatorServer2.ModbusSimServer [570] - yt9 数据值更新为：0 

2025-12-05 11:14:11,050 [10] INFO  IEC61850_simulatorServer2.ModbusSimServer [570] - yt10 数据值更新为：0 

2025-12-05 11:14:11,050 [10] INFO  IEC61850_simulatorServer2.ModbusSimServer [570] - yt11 数据值更新为：0 

2025-12-05 11:14:11,050 [10] INFO  IEC61850_simulatorServer2.ModbusSimServer [570] - yt12 数据值更新为：0 

2025-12-05 11:14:11,051 [10] INFO  IEC61850_simulatorServer2.ModbusSimServer [570] - yt13 数据值更新为：0 

2025-12-05 11:14:11,051 [10] INFO  IEC61850_simulatorServer2.ModbusSimServer [570] - yt14 数据值更新为：0 

2025-12-05 11:14:11,051 [10] INFO  IEC61850_simulatorServer2.ModbusSimServer [570] - yt15 数据值更新为：0 

2025-12-05 11:14:11,052 [10] INFO  IEC61850_simulatorServer2.ModbusSimServer [570] - yt16 数据值更新为：0 

2025-12-05 11:14:11,052 [10] INFO  IEC61850_simulatorServer2.ModbusSimServer [570] - yt17 数据值更新为：0 

2025-12-05 11:14:11,053 [10] INFO  IEC61850_simulatorServer2.ModbusSimServer [570] - yt18 数据值更新为：0 

2025-12-05 11:14:11,053 [10] INFO  IEC61850_simulatorServer2.ModbusSimServer [570] - yt19 数据值更新为：0 

2025-12-05 11:14:11,065 [10] ERROR IEC61850_simulatorServer2.ModbusSimServer [221] - Control thread error 
System.NullReferenceException: Object reference not set to an instance of an object.
   at IEC61850_simulatorServer2.SimServer.SetExtIfVariableVal(String arg1, Object ctlVal) in /Users/songyinpei/jobs/IEC61850-simulatorServer2/IedSimServer.cs:line 260
   at IEC61850_simulatorServer2.ModbusSimServer.SetDataObjectByMesurePointName(String mesurePointName, Object value) in /Users/songyinpei/jobs/IEC61850-simulatorServer2/ModbusSimServer.cs:line 569
   at IEC61850_simulatorServer2.ModbusSimServer.<StartControlThread>b__22_0() in /Users/songyinpei/jobs/IEC61850-simulatorServer2/ModbusSimServer.cs:line 221

2025-12-05 11:14:11,886 [10] ERROR IEC61850_simulatorServer2.ModbusSimServer [221] - Control thread error 
System.NullReferenceException: Object reference not set to an instance of an object.
   at IEC61850_simulatorServer2.SimServer.SetExtIfVariableVal(String arg1, Object ctlVal) in /Users/songyinpei/jobs/IEC61850-simulatorServer2/IedSimServer.cs:line 260
   at IEC61850_simulatorServer2.ModbusSimServer.SetDataObjectByMesurePointName(String mesurePointName, Object value) in /Users/songyinpei/jobs/IEC61850-simulatorServer2/ModbusSimServer.cs:line 569
   at IEC61850_simulatorServer2.ModbusSimServer.<StartControlThread>b__22_0() in /Users/songyinpei/jobs/IEC61850-simulatorServer2/ModbusSimServer.cs:line 221

2025-12-05 11:14:12,707 [10] INFO  IEC61850_simulatorServer2.ModbusSimServer [570] - yt22 数据值更新为：0 

2025-12-05 11:14:12,708 [10] INFO  IEC61850_simulatorServer2.ModbusSimServer [570] - yt23 数据值更新为：0 

2025-12-05 11:14:12,711 [10] ERROR IEC61850_simulatorServer2.ModbusSimServer [221] - Control thread error 
System.NullReferenceException: Object reference not set to an instance of an object.
   at IEC61850_simulatorServer2.SimServer.SetExtIfVariableVal(String arg1, Object ctlVal) in /Users/songyinpei/jobs/IEC61850-simulatorServer2/IedSimServer.cs:line 260
   at IEC61850_simulatorServer2.ModbusSimServer.SetDataObjectByMesurePointName(String mesurePointName, Object value) in /Users/songyinpei/jobs/IEC61850-simulatorServer2/ModbusSimServer.cs:line 569
   at IEC61850_simulatorServer2.ModbusSimServer.<StartControlThread>b__22_0() in /Users/songyinpei/jobs/IEC61850-simulatorServer2/ModbusSimServer.cs:line 221

2025-12-05 11:14:13,569 [10] ERROR IEC61850_simulatorServer2.ModbusSimServer [221] - Control thread error 
System.NullReferenceException: Object reference not set to an instance of an object.
   at IEC61850_simulatorServer2.SimServer.SetExtIfVariableVal(String arg1, Object ctlVal) in /Users/songyinpei/jobs/IEC61850-simulatorServer2/IedSimServer.cs:line 260
   at IEC61850_simulatorServer2.ModbusSimServer.SetDataObjectByMesurePointName(String mesurePointName, Object value) in /Users/songyinpei/jobs/IEC61850-simulatorServer2/ModbusSimServer.cs:line 569
   at IEC61850_simulatorServer2.ModbusSimServer.<StartControlThread>b__22_0() in /Users/songyinpei/jobs/IEC61850-simulatorServer2/ModbusSimServer.cs:line 221

2025-12-05 11:14:13,777 [8] WARN  IEC61850_simulatorServer2.ModbusWirter [234] - Scale apply failed for yc14: System.OverflowException: Value was either too large or too small for an Int32.
   at System.Convert.ToInt32(Double value)
   at IEC61850_simulatorServer2.ModbusWirter.Write(Dictionary`2 data) in /Users/songyinpei/jobs/IEC61850-simulatorServer2/ModbusWirter.cs:line 234 

2025-12-05 11:14:13,831 [8] WARN  IEC61850_simulatorServer2.ModbusWirter [234] - Scale apply failed for yc59: System.OverflowException: Value was either too large or too small for an Int32.
   at System.Convert.ToInt32(Double value)
   at IEC61850_simulatorServer2.ModbusWirter.Write(Dictionary`2 data) in /Users/songyinpei/jobs/IEC61850-simulatorServer2/ModbusWirter.cs:line 234 

2025-12-05 11:14:13,882 [8] WARN  IEC61850_simulatorServer2.ModbusWirter [234] - Scale apply failed for yc110: System.OverflowException: Value was either too large or too small for an Int32.
   at System.Convert.ToInt32(Double value)
   at IEC61850_simulatorServer2.ModbusWirter.Write(Dictionary`2 data) in /Users/songyinpei/jobs/IEC61850-simulatorServer2/ModbusWirter.cs:line 234 

2025-12-05 11:14:13,934 [8] WARN  IEC61850_simulatorServer2.ModbusWirter [234] - Scale apply failed for yc152: System.OverflowException: Value was either too large or too small for an Int32.
   at System.Convert.ToInt32(Double value)
   at IEC61850_simulatorServer2.ModbusWirter.Write(Dictionary`2 data) in /Users/songyinpei/jobs/IEC61850-simulatorServer2/ModbusWirter.cs:line 234 

2025-12-05 11:14:14,425 [10] ERROR IEC61850_simulatorServer2.ModbusSimServer [221] - Control thread error 
System.NullReferenceException: Object reference not set to an instance of an object.
   at IEC61850_simulatorServer2.SimServer.SetExtIfVariableVal(String arg1, Object ctlVal) in /Users/songyinpei/jobs/IEC61850-simulatorServer2/IedSimServer.cs:line 260
   at IEC61850_simulatorServer2.ModbusSimServer.SetDataObjectByMesurePointName(String mesurePointName, Object value) in /Users/songyinpei/jobs/IEC61850-simulatorServer2/ModbusSimServer.cs:line 569
   at IEC61850_simulatorServer2.ModbusSimServer.<StartControlThread>b__22_0() in /Users/songyinpei/jobs/IEC61850-simulatorServer2/ModbusSimServer.cs:line 221

2025-12-05 11:14:15,234 [10] ERROR IEC61850_simulatorServer2.ModbusSimServer [221] - Control thread error 
System.NullReferenceException: Object reference not set to an instance of an object.
   at IEC61850_simulatorServer2.SimServer.SetExtIfVariableVal(String arg1, Object ctlVal) in /Users/songyinpei/jobs/IEC61850-simulatorServer2/IedSimServer.cs:line 260
   at IEC61850_simulatorServer2.ModbusSimServer.SetDataObjectByMesurePointName(String mesurePointName, Object value) in /Users/songyinpei/jobs/IEC61850-simulatorServer2/ModbusSimServer.cs:line 569
   at IEC61850_simulatorServer2.ModbusSimServer.<StartControlThread>b__22_0() in /Users/songyinpei/jobs/IEC61850-simulatorServer2/ModbusSimServer.cs:line 221

2025-12-05 11:14:16,053 [10] ERROR IEC61850_simulatorServer2.ModbusSimServer [221] - Control thread error 
System.NullReferenceException: Object reference not set to an instance of an object.
   at IEC61850_simulatorServer2.SimServer.SetExtIfVariableVal(String arg1, Object ctlVal) in /Users/songyinpei/jobs/IEC61850-simulatorServer2/IedSimServer.cs:line 260
   at IEC61850_simulatorServer2.ModbusSimServer.SetDataObjectByMesurePointName(String mesurePointName, Object value) in /Users/songyinpei/jobs/IEC61850-simulatorServer2/ModbusSimServer.cs:line 569
   at IEC61850_simulatorServer2.ModbusSimServer.<StartControlThread>b__22_0() in /Users/songyinpei/jobs/IEC61850-simulatorServer2/ModbusSimServer.cs:line 221

2025-12-05 11:14:16,872 [10] ERROR IEC61850_simulatorServer2.ModbusSimServer [221] - Control thread error 
System.NullReferenceException: Object reference not set to an instance of an object.
   at IEC61850_simulatorServer2.SimServer.SetExtIfVariableVal(String arg1, Object ctlVal) in /Users/songyinpei/jobs/IEC61850-simulatorServer2/IedSimServer.cs:line 260
   at IEC61850_simulatorServer2.ModbusSimServer.SetDataObjectByMesurePointName(String mesurePointName, Object value) in /Users/songyinpei/jobs/IEC61850-simulatorServer2/ModbusSimServer.cs:line 569
   at IEC61850_simulatorServer2.ModbusSimServer.<StartControlThread>b__22_0() in /Users/songyinpei/jobs/IEC61850-simulatorServer2/ModbusSimServer.cs:line 221

2025-12-05 11:14:17,685 [10] ERROR IEC61850_simulatorServer2.ModbusSimServer [221] - Control thread error 
System.NullReferenceException: Object reference not set to an instance of an object.
   at IEC61850_simulatorServer2.SimServer.SetExtIfVariableVal(String arg1, Object ctlVal) in /Users/songyinpei/jobs/IEC61850-simulatorServer2/IedSimServer.cs:line 260
   at IEC61850_simulatorServer2.ModbusSimServer.SetDataObjectByMesurePointName(String mesurePointName, Object value) in /Users/songyinpei/jobs/IEC61850-simulatorServer2/ModbusSimServer.cs:line 569
   at IEC61850_simulatorServer2.ModbusSimServer.<StartControlThread>b__22_0() in /Users/songyinpei/jobs/IEC61850-simulatorServer2/ModbusSimServer.cs:line 221

2025-12-05 11:14:18,497 [10] ERROR IEC61850_simulatorServer2.ModbusSimServer [221] - Control thread error 
System.NullReferenceException: Object reference not set to an instance of an object.
   at IEC61850_simulatorServer2.SimServer.SetExtIfVariableVal(String arg1, Object ctlVal) in /Users/songyinpei/jobs/IEC61850-simulatorServer2/IedSimServer.cs:line 260
   at IEC61850_simulatorServer2.ModbusSimServer.SetDataObjectByMesurePointName(String mesurePointName, Object value) in /Users/songyinpei/jobs/IEC61850-simulatorServer2/ModbusSimServer.cs:line 569
   at IEC61850_simulatorServer2.ModbusSimServer.<StartControlThread>b__22_0() in /Users/songyinpei/jobs/IEC61850-simulatorServer2/ModbusSimServer.cs:line 221

2025-12-05 11:14:19,308 [10] INFO  IEC61850_simulatorServer2.ModbusSimServer [570] - yt32 数据值更新为：0 

2025-12-05 11:14:19,308 [10] INFO  IEC61850_simulatorServer2.ModbusSimServer [570] - yt33 数据值更新为：0 

2025-12-05 11:14:19,309 [10] INFO  IEC61850_simulatorServer2.ModbusSimServer [570] - yt34 数据值更新为：0 

2025-12-05 11:14:19,309 [10] INFO  IEC61850_simulatorServer2.ModbusSimServer [570] - yt35 数据值更新为：0 

2025-12-05 11:14:19,309 [10] INFO  IEC61850_simulatorServer2.ModbusSimServer [570] - yt36 数据值更新为：0 

2025-12-05 11:14:19,309 [10] INFO  IEC61850_simulatorServer2.ModbusSimServer [570] - yt37 数据值更新为：0 

2025-12-05 11:14:19,309 [10] INFO  IEC61850_simulatorServer2.ModbusSimServer [570] - yt38 数据值更新为：0 

2025-12-05 11:14:19,309 [10] INFO  IEC61850_simulatorServer2.ModbusSimServer [570] - yt39 数据值更新为：0 

2025-12-05 11:14:19,309 [10] INFO  IEC61850_simulatorServer2.ModbusSimServer [570] - yt40 数据值更新为：0 

2025-12-05 11:14:19,309 [10] INFO  IEC61850_simulatorServer2.ModbusSimServer [570] - yt41 数据值更新为：0 

2025-12-05 11:14:19,309 [10] INFO  IEC61850_simulatorServer2.ModbusSimServer [570] - yt42 数据值更新为：0 

2025-12-05 11:14:19,309 [10] INFO  IEC61850_simulatorServer2.ModbusSimServer [570] - yt43 数据值更新为：0 

2025-12-05 11:14:19,309 [10] INFO  IEC61850_simulatorServer2.ModbusSimServer [570] - yt44 数据值更新为：0 

2025-12-05 11:14:19,309 [10] INFO  IEC61850_simulatorServer2.ModbusSimServer [570] - yt45 数据值更新为：0 

2025-12-05 11:14:19,310 [10] INFO  IEC61850_simulatorServer2.ModbusSimServer [570] - yt46 数据值更新为：0 

2025-12-05 11:14:19,310 [10] INFO  IEC61850_simulatorServer2.ModbusSimServer [570] - yt47 数据值更新为：0 

2025-12-05 11:14:19,310 [10] INFO  IEC61850_simulatorServer2.ModbusSimServer [570] - yt48 数据值更新为：0 

2025-12-05 11:14:19,310 [10] INFO  IEC61850_simulatorServer2.ModbusSimServer [570] - yt49 数据值更新为：0 

2025-12-05 11:14:19,310 [10] INFO  IEC61850_simulatorServer2.ModbusSimServer [570] - yt50 数据值更新为：0 

2025-12-05 11:14:19,310 [10] INFO  IEC61850_simulatorServer2.ModbusSimServer [570] - yt51 数据值更新为：0 

2025-12-05 11:14:19,313 [10] ERROR IEC61850_simulatorServer2.ModbusSimServer [221] - Control thread error 
System.NullReferenceException: Object reference not set to an instance of an object.
   at IEC61850_simulatorServer2.SimServer.SetExtIfVariableVal(String arg1, Object ctlVal) in /Users/songyinpei/jobs/IEC61850-simulatorServer2/IedSimServer.cs:line 260
   at IEC61850_simulatorServer2.ModbusSimServer.SetDataObjectByMesurePointName(String mesurePointName, Object value) in /Users/songyinpei/jobs/IEC61850-simulatorServer2/ModbusSimServer.cs:line 569
   at IEC61850_simulatorServer2.ModbusSimServer.<StartControlThread>b__22_0() in /Users/songyinpei/jobs/IEC61850-simulatorServer2/ModbusSimServer.cs:line 221

2025-12-05 11:14:20,132 [10] ERROR IEC61850_simulatorServer2.ModbusSimServer [221] - Control thread error 
System.NullReferenceException: Object reference not set to an instance of an object.
   at IEC61850_simulatorServer2.SimServer.SetExtIfVariableVal(String arg1, Object ctlVal) in /Users/songyinpei/jobs/IEC61850-simulatorServer2/IedSimServer.cs:line 260
   at IEC61850_simulatorServer2.ModbusSimServer.SetDataObjectByMesurePointName(String mesurePointName, Object value) in /Users/songyinpei/jobs/IEC61850-simulatorServer2/ModbusSimServer.cs:line 569
   at IEC61850_simulatorServer2.ModbusSimServer.<StartControlThread>b__22_0() in /Users/songyinpei/jobs/IEC61850-simulatorServer2/ModbusSimServer.cs:line 221

2025-12-05 11:14:20,951 [10] ERROR IEC61850_simulatorServer2.ModbusSimServer [221] - Control thread error 
System.NullReferenceException: Object reference not set to an instance of an object.
   at IEC61850_simulatorServer2.SimServer.SetExtIfVariableVal(String arg1, Object ctlVal) in /Users/songyinpei/jobs/IEC61850-simulatorServer2/IedSimServer.cs:line 260
   at IEC61850_simulatorServer2.ModbusSimServer.SetDataObjectByMesurePointName(String mesurePointName, Object value) in /Users/songyinpei/jobs/IEC61850-simulatorServer2/ModbusSimServer.cs:line 569
   at IEC61850_simulatorServer2.ModbusSimServer.<StartControlThread>b__22_0() in /Users/songyinpei/jobs/IEC61850-simulatorServer2/ModbusSimServer.cs:line 221

2025-12-05 11:14:21,772 [10] ERROR IEC61850_simulatorServer2.ModbusSimServer [221] - Control thread error 
System.NullReferenceException: Object reference not set to an instance of an object.
   at IEC61850_simulatorServer2.SimServer.SetExtIfVariableVal(String arg1, Object ctlVal) in /Users/songyinpei/jobs/IEC61850-simulatorServer2/IedSimServer.cs:line 260
   at IEC61850_simulatorServer2.ModbusSimServer.SetDataObjectByMesurePointName(String mesurePointName, Object value) in /Users/songyinpei/jobs/IEC61850-simulatorServer2/ModbusSimServer.cs:line 569
   at IEC61850_simulatorServer2.ModbusSimServer.<StartControlThread>b__22_0() in /Users/songyinpei/jobs/IEC61850-simulatorServer2/ModbusSimServer.cs:line 221

2025-12-05 11:14:22,581 [10] ERROR IEC61850_simulatorServer2.ModbusSimServer [221] - Control thread error 
System.NullReferenceException: Object reference not set to an instance of an object.
   at IEC61850_simulatorServer2.SimServer.SetExtIfVariableVal(String arg1, Object ctlVal) in /Users/songyinpei/jobs/IEC61850-simulatorServer2/IedSimServer.cs:line 260
   at IEC61850_simulatorServer2.ModbusSimServer.SetDataObjectByMesurePointName(String mesurePointName, Object value) in /Users/songyinpei/jobs/IEC61850-simulatorServer2/ModbusSimServer.cs:line 569
   at IEC61850_simulatorServer2.ModbusSimServer.<StartControlThread>b__22_0() in /Users/songyinpei/jobs/IEC61850-simulatorServer2/ModbusSimServer.cs:line 221

2025-12-05 11:14:23,393 [10] ERROR IEC61850_simulatorServer2.ModbusSimServer [221] - Control thread error 
System.NullReferenceException: Object reference not set to an instance of an object.
   at IEC61850_simulatorServer2.SimServer.SetExtIfVariableVal(String arg1, Object ctlVal) in /Users/songyinpei/jobs/IEC61850-simulatorServer2/IedSimServer.cs:line 260
   at IEC61850_simulatorServer2.ModbusSimServer.SetDataObjectByMesurePointName(String mesurePointName, Object value) in /Users/songyinpei/jobs/IEC61850-simulatorServer2/ModbusSimServer.cs:line 569
   at IEC61850_simulatorServer2.ModbusSimServer.<StartControlThread>b__22_0() in /Users/songyinpei/jobs/IEC61850-simulatorServer2/ModbusSimServer.cs:line 221

2025-12-05 11:14:24,205 [10] ERROR IEC61850_simulatorServer2.ModbusSimServer [221] - Control thread error 
System.NullReferenceException: Object reference not set to an instance of an object.
   at IEC61850_simulatorServer2.SimServer.SetExtIfVariableVal(String arg1, Object ctlVal) in /Users/songyinpei/jobs/IEC61850-simulatorServer2/IedSimServer.cs:line 260
   at IEC61850_simulatorServer2.ModbusSimServer.SetDataObjectByMesurePointName(String mesurePointName, Object value) in /Users/songyinpei/jobs/IEC61850-simulatorServer2/ModbusSimServer.cs:line 569
   at IEC61850_simulatorServer2.ModbusSimServer.<StartControlThread>b__22_0() in /Users/songyinpei/jobs/IEC61850-simulatorServer2/ModbusSimServer.cs:line 221

2025-12-05 11:14:25,019 [10] ERROR IEC61850_simulatorServer2.ModbusSimServer [221] - Control thread error 
System.NullReferenceException: Object reference not set to an instance of an object.
   at IEC61850_simulatorServer2.SimServer.SetExtIfVariableVal(String arg1, Object ctlVal) in /Users/songyinpei/jobs/IEC61850-simulatorServer2/IedSimServer.cs:line 260
   at IEC61850_simulatorServer2.ModbusSimServer.SetDataObjectByMesurePointName(String mesurePointName, Object value) in /Users/songyinpei/jobs/IEC61850-simulatorServer2/ModbusSimServer.cs:line 569
   at IEC61850_simulatorServer2.ModbusSimServer.<StartControlThread>b__22_0() in /Users/songyinpei/jobs/IEC61850-simulatorServer2/ModbusSimServer.cs:line 221

2025-12-05 11:14:25,840 [10] ERROR IEC61850_simulatorServer2.ModbusSimServer [221] - Control thread error 
System.NullReferenceException: Object reference not set to an instance of an object.
   at IEC61850_simulatorServer2.SimServer.SetExtIfVariableVal(String arg1, Object ctlVal) in /Users/songyinpei/jobs/IEC61850-simulatorServer2/IedSimServer.cs:line 260
   at IEC61850_simulatorServer2.ModbusSimServer.SetDataObjectByMesurePointName(String mesurePointName, Object value) in /Users/songyinpei/jobs/IEC61850-simulatorServer2/ModbusSimServer.cs:line 569
   at IEC61850_simulatorServer2.ModbusSimServer.<StartControlThread>b__22_0() in /Users/songyinpei/jobs/IEC61850-simulatorServer2/ModbusSimServer.cs:line 221

2025-12-05 11:14:26,659 [10] ERROR IEC61850_simulatorServer2.ModbusSimServer [221] - Control thread error 
System.NullReferenceException: Object reference not set to an instance of an object.
   at IEC61850_simulatorServer2.SimServer.SetExtIfVariableVal(String arg1, Object ctlVal) in /Users/songyinpei/jobs/IEC61850-simulatorServer2/IedSimServer.cs:line 260
   at IEC61850_simulatorServer2.ModbusSimServer.SetDataObjectByMesurePointName(String mesurePointName, Object value) in /Users/songyinpei/jobs/IEC61850-simulatorServer2/ModbusSimServer.cs:line 569
   at IEC61850_simulatorServer2.ModbusSimServer.<StartControlThread>b__22_0() in /Users/songyinpei/jobs/IEC61850-simulatorServer2/ModbusSimServer.cs:line 221

2025-12-05 11:14:27,465 [10] INFO  IEC61850_simulatorServer2.ModbusSimServer [570] - yt22 数据值更新为：500 

2025-12-05 11:14:27,517 [10] ERROR IEC61850_simulatorServer2.ModbusSimServer [221] - Control thread error 
System.NullReferenceException: Object reference not set to an instance of an object.
   at IEC61850_simulatorServer2.SimServer.SetExtIfVariableVal(String arg1, Object ctlVal) in /Users/songyinpei/jobs/IEC61850-simulatorServer2/IedSimServer.cs:line 260
   at IEC61850_simulatorServer2.ModbusSimServer.SetDataObjectByMesurePointName(String mesurePointName, Object value) in /Users/songyinpei/jobs/IEC61850-simulatorServer2/ModbusSimServer.cs:line 569
   at IEC61850_simulatorServer2.ModbusSimServer.<StartControlThread>b__22_0() in /Users/songyinpei/jobs/IEC61850-simulatorServer2/ModbusSimServer.cs:line 221

2025-12-05 11:14:28,330 [10] ERROR IEC61850_simulatorServer2.ModbusSimServer [221] - Control thread error 
System.NullReferenceException: Object reference not set to an instance of an object.
   at IEC61850_simulatorServer2.SimServer.SetExtIfVariableVal(String arg1, Object ctlVal) in /Users/songyinpei/jobs/IEC61850-simulatorServer2/IedSimServer.cs:line 260
   at IEC61850_simulatorServer2.ModbusSimServer.SetDataObjectByMesurePointName(String mesurePointName, Object value) in /Users/songyinpei/jobs/IEC61850-simulatorServer2/ModbusSimServer.cs:line 569
   at IEC61850_simulatorServer2.ModbusSimServer.<StartControlThread>b__22_0() in /Users/songyinpei/jobs/IEC61850-simulatorServer2/ModbusSimServer.cs:line 221

2025-12-05 11:14:29,142 [10] INFO  IEC61850_simulatorServer2.ModbusSimServer [570] - yk01 数据值更新为：False 

2025-12-05 11:14:29,144 [10] INFO  IEC61850_simulatorServer2.ModbusSimServer [570] - yk02 数据值更新为：False 

2025-12-05 11:14:38,042 [10] INFO  IEC61850_simulatorServer2.ModbusSimServer [570] - yt22 数据值更新为：0 

2025-12-05 11:14:39,738 [8] WARN  IEC61850_simulatorServer2.ModbusWirter [234] - Scale apply failed for yc14: System.OverflowException: Value was either too large or too small for an Int32.
   at System.Convert.ToInt32(Double value)
   at IEC61850_simulatorServer2.ModbusWirter.Write(Dictionary`2 data) in /Users/songyinpei/jobs/IEC61850-simulatorServer2/ModbusWirter.cs:line 234 

2025-12-05 11:14:39,744 [8] WARN  IEC61850_simulatorServer2.ModbusWirter [234] - Scale apply failed for yc59: System.OverflowException: Value was either too large or too small for an Int32.
   at System.Convert.ToInt32(Double value)
   at IEC61850_simulatorServer2.ModbusWirter.Write(Dictionary`2 data) in /Users/songyinpei/jobs/IEC61850-simulatorServer2/ModbusWirter.cs:line 234 
