
2025-12-30 16:56:45,903 [1] INFO  IEC61850_simulatorServer2.MainClass [34] - [Program] 应用启动，log4net 配置已尝试加载 

2025-12-30 16:56:47,337 [6] WARN  IEC61850_simulatorServer2.ModbusSlave [199] - Scale apply failed for yc6: System.InvalidCastException: Unable to cast object of type 'System.Int32' to type 'System.Single'.
   at IEC61850_simulatorServer2.ModbusSlave.Write(Dictionary`2 data, Byte slaveId) in /Users/songyinpei/jobs/IEC61850-simulatorServer2/Protocol/ModbusSlave.cs:line 199 

2025-12-30 16:56:47,342 [6] WARN  IEC61850_simulatorServer2.ModbusSlave [199] - Scale apply failed for yc7: System.InvalidCastException: Unable to cast object of type 'System.Int32' to type 'System.Single'.
   at IEC61850_simulatorServer2.ModbusSlave.Write(Dictionary`2 data, Byte slaveId) in /Users/songyinpei/jobs/IEC61850-simulatorServer2/Protocol/ModbusSlave.cs:line 199 

2025-12-30 16:56:47,345 [6] WARN  IEC61850_simulatorServer2.ModbusSlave [199] - Scale apply failed for yc8: System.InvalidCastException: Unable to cast object of type 'System.Int32' to type 'System.Single'.
   at IEC61850_simulatorServer2.ModbusSlave.Write(Dictionary`2 data, Byte slaveId) in /Users/songyinpei/jobs/IEC61850-simulatorServer2/Protocol/ModbusSlave.cs:line 199 

2025-12-30 16:56:47,347 [6] WARN  IEC61850_simulatorServer2.ModbusSlave [199] - Scale apply failed for yc9: System.InvalidCastException: Unable to cast object of type 'System.Int32' to type 'System.Single'.
   at IEC61850_simulatorServer2.ModbusSlave.Write(Dictionary`2 data, Byte slaveId) in /Users/songyinpei/jobs/IEC61850-simulatorServer2/Protocol/ModbusSlave.cs:line 199 

2025-12-30 16:56:47,350 [6] WARN  IEC61850_simulatorServer2.ModbusSlave [199] - Scale apply failed for yc11: System.InvalidCastException: Unable to cast object of type 'System.Int32' to type 'System.Single'.
   at IEC61850_simulatorServer2.ModbusSlave.Write(Dictionary`2 data, Byte slaveId) in /Users/songyinpei/jobs/IEC61850-simulatorServer2/Protocol/ModbusSlave.cs:line 199 

2025-12-30 16:56:47,352 [6] WARN  IEC61850_simulatorServer2.ModbusSlave [199] - Scale apply failed for yc10: System.InvalidCastException: Unable to cast object of type 'System.Int32' to type 'System.Single'.
   at IEC61850_simulatorServer2.ModbusSlave.Write(Dictionary`2 data, Byte slaveId) in /Users/songyinpei/jobs/IEC61850-simulatorServer2/Protocol/ModbusSlave.cs:line 199 

2025-12-30 16:56:47,354 [6] WARN  IEC61850_simulatorServer2.ModbusSlave [199] - Scale apply failed for yc12: System.InvalidCastException: Unable to cast object of type 'System.Int32' to type 'System.Single'.
   at IEC61850_simulatorServer2.ModbusSlave.Write(Dictionary`2 data, Byte slaveId) in /Users/songyinpei/jobs/IEC61850-simulatorServer2/Protocol/ModbusSlave.cs:line 199 

2025-12-30 16:56:47,356 [6] WARN  IEC61850_simulatorServer2.ModbusSlave [199] - Scale apply failed for yc20: System.InvalidCastException: Unable to cast object of type 'System.Int32' to type 'System.Single'.
   at IEC61850_simulatorServer2.ModbusSlave.Write(Dictionary`2 data, Byte slaveId) in /Users/songyinpei/jobs/IEC61850-simulatorServer2/Protocol/ModbusSlave.cs:line 199 

2025-12-30 16:56:47,383 [6] WARN  IEC61850_simulatorServer2.ModbusSlave [199] - Scale apply failed for yc21: System.InvalidCastException: Unable to cast object of type 'System.Int32' to type 'System.Single'.
   at IEC61850_simulatorServer2.ModbusSlave.Write(Dictionary`2 data, Byte slaveId) in /Users/songyinpei/jobs/IEC61850-simulatorServer2/Protocol/ModbusSlave.cs:line 199 

2025-12-30 16:56:47,386 [6] WARN  IEC61850_simulatorServer2.ModbusSlave [199] - Scale apply failed for yc22: System.InvalidCastException: Unable to cast object of type 'System.Int32' to type 'System.Single'.
   at IEC61850_simulatorServer2.ModbusSlave.Write(Dictionary`2 data, Byte slaveId) in /Users/songyinpei/jobs/IEC61850-simulatorServer2/Protocol/ModbusSlave.cs:line 199 

2025-12-30 16:56:47,412 [6] WARN  IEC61850_simulatorServer2.ModbusSlave [199] - Scale apply failed for yc23: System.InvalidCastException: Unable to cast object of type 'System.Int32' to type 'System.Single'.
   at IEC61850_simulatorServer2.ModbusSlave.Write(Dictionary`2 data, Byte slaveId) in /Users/songyinpei/jobs/IEC61850-simulatorServer2/Protocol/ModbusSlave.cs:line 199 

2025-12-30 16:56:47,414 [6] WARN  IEC61850_simulatorServer2.ModbusSlave [199] - Scale apply failed for yc24: System.InvalidCastException: Unable to cast object of type 'System.Int32' to type 'System.Single'.
   at IEC61850_simulatorServer2.ModbusSlave.Write(Dictionary`2 data, Byte slaveId) in /Users/songyinpei/jobs/IEC61850-simulatorServer2/Protocol/ModbusSlave.cs:line 199 

2025-12-30 16:56:47,417 [6] WARN  IEC61850_simulatorServer2.ModbusSlave [199] - Scale apply failed for yc25: System.InvalidCastException: Unable to cast object of type 'System.Int32' to type 'System.Single'.
   at IEC61850_simulatorServer2.ModbusSlave.Write(Dictionary`2 data, Byte slaveId) in /Users/songyinpei/jobs/IEC61850-simulatorServer2/Protocol/ModbusSlave.cs:line 199 

2025-12-30 16:56:47,419 [6] WARN  IEC61850_simulatorServer2.ModbusSlave [199] - Scale apply failed for yc26: System.InvalidCastException: Unable to cast object of type 'System.Int32' to type 'System.Single'.
   at IEC61850_simulatorServer2.ModbusSlave.Write(Dictionary`2 data, Byte slaveId) in /Users/songyinpei/jobs/IEC61850-simulatorServer2/Protocol/ModbusSlave.cs:line 199 

2025-12-30 16:56:47,444 [6] WARN  IEC61850_simulatorServer2.ModbusSlave [199] - Scale apply failed for yc27: System.InvalidCastException: Unable to cast object of type 'System.Int32' to type 'System.Single'.
   at IEC61850_simulatorServer2.ModbusSlave.Write(Dictionary`2 data, Byte slaveId) in /Users/songyinpei/jobs/IEC61850-simulatorServer2/Protocol/ModbusSlave.cs:line 199 

2025-12-30 16:56:50,618 [6] WARN  IEC61850_simulatorServer2.ModbusSlave [199] - Scale apply failed for yc28: System.InvalidCastException: Unable to cast object of type 'System.Int32' to type 'System.Single'.
   at IEC61850_simulatorServer2.ModbusSlave.Write(Dictionary`2 data, Byte slaveId) in /Users/songyinpei/jobs/IEC61850-simulatorServer2/Protocol/ModbusSlave.cs:line 199 

2025-12-30 16:56:50,802 [6] WARN  IEC61850_simulatorServer2.ModbusSlave [199] - Scale apply failed for yc29: System.InvalidCastException: Unable to cast object of type 'System.Int32' to type 'System.Single'.
   at IEC61850_simulatorServer2.ModbusSlave.Write(Dictionary`2 data, Byte slaveId) in /Users/songyinpei/jobs/IEC61850-simulatorServer2/Protocol/ModbusSlave.cs:line 199 

2025-12-30 16:56:50,802 [10] WARN  IEC61850_simulatorServer2.ModbusSlave [199] - Scale apply failed for param2: System.InvalidCastException: Unable to cast object of type 'System.Int32' to type 'System.Single'.
   at IEC61850_simulatorServer2.ModbusSlave.Write(Dictionary`2 data, Byte slaveId) in /Users/songyinpei/jobs/IEC61850-simulatorServer2/Protocol/ModbusSlave.cs:line 199 

2025-12-30 16:56:50,837 [6] WARN  IEC61850_simulatorServer2.ModbusSlave [199] - Scale apply failed for yc30: System.InvalidCastException: Unable to cast object of type 'System.Int32' to type 'System.Single'.
   at IEC61850_simulatorServer2.ModbusSlave.Write(Dictionary`2 data, Byte slaveId) in /Users/songyinpei/jobs/IEC61850-simulatorServer2/Protocol/ModbusSlave.cs:line 199 

2025-12-30 16:56:50,889 [10] WARN  IEC61850_simulatorServer2.ModbusSlave [199] - Scale apply failed for param3: System.InvalidCastException: Unable to cast object of type 'System.Int32' to type 'System.Single'.
   at IEC61850_simulatorServer2.ModbusSlave.Write(Dictionary`2 data, Byte slaveId) in /Users/songyinpei/jobs/IEC61850-simulatorServer2/Protocol/ModbusSlave.cs:line 199 

2025-12-30 16:56:50,891 [6] WARN  IEC61850_simulatorServer2.ModbusSlave [199] - Scale apply failed for yc31: System.InvalidCastException: Unable to cast object of type 'System.Int32' to type 'System.Single'.
   at IEC61850_simulatorServer2.ModbusSlave.Write(Dictionary`2 data, Byte slaveId) in /Users/songyinpei/jobs/IEC61850-simulatorServer2/Protocol/ModbusSlave.cs:line 199 

2025-12-30 16:56:50,942 [6] WARN  IEC61850_simulatorServer2.ModbusSlave [199] - Scale apply failed for yc34: System.InvalidCastException: Unable to cast object of type 'System.Int32' to type 'System.Single'.
   at IEC61850_simulatorServer2.ModbusSlave.Write(Dictionary`2 data, Byte slaveId) in /Users/songyinpei/jobs/IEC61850-simulatorServer2/Protocol/ModbusSlave.cs:line 199 

2025-12-30 16:56:50,972 [6] WARN  IEC61850_simulatorServer2.ModbusSlave [199] - Scale apply failed for yc32: System.InvalidCastException: Unable to cast object of type 'System.Int32' to type 'System.Single'.
   at IEC61850_simulatorServer2.ModbusSlave.Write(Dictionary`2 data, Byte slaveId) in /Users/songyinpei/jobs/IEC61850-simulatorServer2/Protocol/ModbusSlave.cs:line 199 

2025-12-30 16:56:50,973 [10] WARN  IEC61850_simulatorServer2.ModbusSlave [199] - Scale apply failed for param4: System.InvalidCastException: Unable to cast object of type 'System.Int32' to type 'System.Single'.
   at IEC61850_simulatorServer2.ModbusSlave.Write(Dictionary`2 data, Byte slaveId) in /Users/songyinpei/jobs/IEC61850-simulatorServer2/Protocol/ModbusSlave.cs:line 199 

2025-12-30 16:56:51,012 [6] WARN  IEC61850_simulatorServer2.ModbusSlave [199] - Scale apply failed for yc33: System.InvalidCastException: Unable to cast object of type 'System.Int32' to type 'System.Single'.
   at IEC61850_simulatorServer2.ModbusSlave.Write(Dictionary`2 data, Byte slaveId) in /Users/songyinpei/jobs/IEC61850-simulatorServer2/Protocol/ModbusSlave.cs:line 199 

2025-12-30 16:56:51,036 [10] WARN  IEC61850_simulatorServer2.ModbusSlave [199] - Scale apply failed for param8: System.InvalidCastException: Unable to cast object of type 'System.Int32' to type 'System.Single'.
   at IEC61850_simulatorServer2.ModbusSlave.Write(Dictionary`2 data, Byte slaveId) in /Users/songyinpei/jobs/IEC61850-simulatorServer2/Protocol/ModbusSlave.cs:line 199 

2025-12-30 16:56:51,064 [6] WARN  IEC61850_simulatorServer2.ModbusSlave [199] - Scale apply failed for yc35: System.InvalidCastException: Unable to cast object of type 'System.Int32' to type 'System.Single'.
   at IEC61850_simulatorServer2.ModbusSlave.Write(Dictionary`2 data, Byte slaveId) in /Users/songyinpei/jobs/IEC61850-simulatorServer2/Protocol/ModbusSlave.cs:line 199 

2025-12-30 16:56:51,092 [10] WARN  IEC61850_simulatorServer2.ModbusSlave [199] - Scale apply failed for param9: System.InvalidCastException: Unable to cast object of type 'System.Int32' to type 'System.Single'.
   at IEC61850_simulatorServer2.ModbusSlave.Write(Dictionary`2 data, Byte slaveId) in /Users/songyinpei/jobs/IEC61850-simulatorServer2/Protocol/ModbusSlave.cs:line 199 

2025-12-30 16:56:51,140 [6] WARN  IEC61850_simulatorServer2.ModbusSlave [199] - Scale apply failed for yc36: System.InvalidCastException: Unable to cast object of type 'System.Int32' to type 'System.Single'.
   at IEC61850_simulatorServer2.ModbusSlave.Write(Dictionary`2 data, Byte slaveId) in /Users/songyinpei/jobs/IEC61850-simulatorServer2/Protocol/ModbusSlave.cs:line 199 

2025-12-30 16:56:51,189 [10] WARN  IEC61850_simulatorServer2.ModbusSlave [199] - Scale apply failed for param10: System.InvalidCastException: Unable to cast object of type 'System.Int32' to type 'System.Single'.
   at IEC61850_simulatorServer2.ModbusSlave.Write(Dictionary`2 data, Byte slaveId) in /Users/songyinpei/jobs/IEC61850-simulatorServer2/Protocol/ModbusSlave.cs:line 199 

2025-12-30 16:56:51,239 [6] WARN  IEC61850_simulatorServer2.ModbusSlave [199] - Scale apply failed for yc37: System.InvalidCastException: Unable to cast object of type 'System.Int32' to type 'System.Single'.
   at IEC61850_simulatorServer2.ModbusSlave.Write(Dictionary`2 data, Byte slaveId) in /Users/songyinpei/jobs/IEC61850-simulatorServer2/Protocol/ModbusSlave.cs:line 199 

2025-12-30 16:56:51,288 [10] WARN  IEC61850_simulatorServer2.ModbusSlave [199] - Scale apply failed for param15: System.InvalidCastException: Unable to cast object of type 'System.Int32' to type 'System.Single'.
   at IEC61850_simulatorServer2.ModbusSlave.Write(Dictionary`2 data, Byte slaveId) in /Users/songyinpei/jobs/IEC61850-simulatorServer2/Protocol/ModbusSlave.cs:line 199 

2025-12-30 16:56:51,350 [6] WARN  IEC61850_simulatorServer2.ModbusSlave [199] - Scale apply failed for yc43: System.InvalidCastException: Unable to cast object of type 'System.Int32' to type 'System.Single'.
   at IEC61850_simulatorServer2.ModbusSlave.Write(Dictionary`2 data, Byte slaveId) in /Users/songyinpei/jobs/IEC61850-simulatorServer2/Protocol/ModbusSlave.cs:line 199 

2025-12-30 16:56:51,381 [10] WARN  IEC61850_simulatorServer2.ModbusSlave [199] - Scale apply failed for param16: System.InvalidCastException: Unable to cast object of type 'System.Int32' to type 'System.Single'.
   at IEC61850_simulatorServer2.ModbusSlave.Write(Dictionary`2 data, Byte slaveId) in /Users/songyinpei/jobs/IEC61850-simulatorServer2/Protocol/ModbusSlave.cs:line 199 

2025-12-30 16:56:51,384 [6] WARN  IEC61850_simulatorServer2.ModbusSlave [199] - Scale apply failed for yc53: System.InvalidCastException: Unable to cast object of type 'System.Int32' to type 'System.Single'.
   at IEC61850_simulatorServer2.ModbusSlave.Write(Dictionary`2 data, Byte slaveId) in /Users/songyinpei/jobs/IEC61850-simulatorServer2/Protocol/ModbusSlave.cs:line 199 

2025-12-30 16:56:51,386 [10] WARN  IEC61850_simulatorServer2.ModbusSlave [199] - Scale apply failed for param17: System.InvalidCastException: Unable to cast object of type 'System.Int32' to type 'System.Single'.
   at IEC61850_simulatorServer2.ModbusSlave.Write(Dictionary`2 data, Byte slaveId) in /Users/songyinpei/jobs/IEC61850-simulatorServer2/Protocol/ModbusSlave.cs:line 199 

2025-12-30 16:56:51,389 [6] WARN  IEC61850_simulatorServer2.ModbusSlave [199] - Scale apply failed for yc45: System.InvalidCastException: Unable to cast object of type 'System.Int32' to type 'System.Single'.
   at IEC61850_simulatorServer2.ModbusSlave.Write(Dictionary`2 data, Byte slaveId) in /Users/songyinpei/jobs/IEC61850-simulatorServer2/Protocol/ModbusSlave.cs:line 199 

2025-12-30 16:56:51,391 [10] WARN  IEC61850_simulatorServer2.ModbusSlave [199] - Scale apply failed for param18: System.InvalidCastException: Unable to cast object of type 'System.Int32' to type 'System.Single'.
   at IEC61850_simulatorServer2.ModbusSlave.Write(Dictionary`2 data, Byte slaveId) in /Users/songyinpei/jobs/IEC61850-simulatorServer2/Protocol/ModbusSlave.cs:line 199 

2025-12-30 16:56:51,394 [10] WARN  IEC61850_simulatorServer2.ModbusSlave [199] - Scale apply failed for param19: System.InvalidCastException: Unable to cast object of type 'System.Int32' to type 'System.Single'.
   at IEC61850_simulatorServer2.ModbusSlave.Write(Dictionary`2 data, Byte slaveId) in /Users/songyinpei/jobs/IEC61850-simulatorServer2/Protocol/ModbusSlave.cs:line 199 

2025-12-30 16:56:51,396 [10] WARN  IEC61850_simulatorServer2.ModbusSlave [199] - Scale apply failed for param20: System.InvalidCastException: Unable to cast object of type 'System.Int32' to type 'System.Single'.
   at IEC61850_simulatorServer2.ModbusSlave.Write(Dictionary`2 data, Byte slaveId) in /Users/songyinpei/jobs/IEC61850-simulatorServer2/Protocol/ModbusSlave.cs:line 199 

2025-12-30 16:56:51,399 [10] WARN  IEC61850_simulatorServer2.ModbusSlave [199] - Scale apply failed for param21: System.InvalidCastException: Unable to cast object of type 'System.Int32' to type 'System.Single'.
   at IEC61850_simulatorServer2.ModbusSlave.Write(Dictionary`2 data, Byte slaveId) in /Users/songyinpei/jobs/IEC61850-simulatorServer2/Protocol/ModbusSlave.cs:line 199 

2025-12-30 16:56:51,401 [10] WARN  IEC61850_simulatorServer2.ModbusSlave [199] - Scale apply failed for param31: System.InvalidCastException: Unable to cast object of type 'System.Int32' to type 'System.Single'.
   at IEC61850_simulatorServer2.ModbusSlave.Write(Dictionary`2 data, Byte slaveId) in /Users/songyinpei/jobs/IEC61850-simulatorServer2/Protocol/ModbusSlave.cs:line 199 

2025-12-30 16:56:51,403 [10] WARN  IEC61850_simulatorServer2.ModbusSlave [199] - Scale apply failed for param32: System.InvalidCastException: Unable to cast object of type 'System.Int32' to type 'System.Single'.
   at IEC61850_simulatorServer2.ModbusSlave.Write(Dictionary`2 data, Byte slaveId) in /Users/songyinpei/jobs/IEC61850-simulatorServer2/Protocol/ModbusSlave.cs:line 199 

2025-12-30 16:56:51,405 [10] WARN  IEC61850_simulatorServer2.ModbusSlave [199] - Scale apply failed for param33: System.InvalidCastException: Unable to cast object of type 'System.Int32' to type 'System.Single'.
   at IEC61850_simulatorServer2.ModbusSlave.Write(Dictionary`2 data, Byte slaveId) in /Users/songyinpei/jobs/IEC61850-simulatorServer2/Protocol/ModbusSlave.cs:line 199 

2025-12-30 16:56:51,407 [10] WARN  IEC61850_simulatorServer2.ModbusSlave [199] - Scale apply failed for param34: System.InvalidCastException: Unable to cast object of type 'System.Int32' to type 'System.Single'.
   at IEC61850_simulatorServer2.ModbusSlave.Write(Dictionary`2 data, Byte slaveId) in /Users/songyinpei/jobs/IEC61850-simulatorServer2/Protocol/ModbusSlave.cs:line 199 

2025-12-30 16:56:51,432 [10] WARN  IEC61850_simulatorServer2.ModbusSlave [199] - Scale apply failed for param35: System.InvalidCastException: Unable to cast object of type 'System.Int32' to type 'System.Single'.
   at IEC61850_simulatorServer2.ModbusSlave.Write(Dictionary`2 data, Byte slaveId) in /Users/songyinpei/jobs/IEC61850-simulatorServer2/Protocol/ModbusSlave.cs:line 199 

2025-12-30 16:56:51,458 [10] WARN  IEC61850_simulatorServer2.ModbusSlave [199] - Scale apply failed for param36: System.InvalidCastException: Unable to cast object of type 'System.Int32' to type 'System.Single'.
   at IEC61850_simulatorServer2.ModbusSlave.Write(Dictionary`2 data, Byte slaveId) in /Users/songyinpei/jobs/IEC61850-simulatorServer2/Protocol/ModbusSlave.cs:line 199 

2025-12-30 16:56:51,487 [10] WARN  IEC61850_simulatorServer2.ModbusSlave [199] - Scale apply failed for param37: System.InvalidCastException: Unable to cast object of type 'System.Int32' to type 'System.Single'.
   at IEC61850_simulatorServer2.ModbusSlave.Write(Dictionary`2 data, Byte slaveId) in /Users/songyinpei/jobs/IEC61850-simulatorServer2/Protocol/ModbusSlave.cs:line 199 

2025-12-30 16:56:51,511 [10] WARN  IEC61850_simulatorServer2.ModbusSlave [199] - Scale apply failed for param38: System.InvalidCastException: Unable to cast object of type 'System.Int32' to type 'System.Single'.
   at IEC61850_simulatorServer2.ModbusSlave.Write(Dictionary`2 data, Byte slaveId) in /Users/songyinpei/jobs/IEC61850-simulatorServer2/Protocol/ModbusSlave.cs:line 199 

2025-12-30 16:56:51,515 [10] WARN  IEC61850_simulatorServer2.ModbusSlave [199] - Scale apply failed for param39: System.InvalidCastException: Unable to cast object of type 'System.Int32' to type 'System.Single'.
   at IEC61850_simulatorServer2.ModbusSlave.Write(Dictionary`2 data, Byte slaveId) in /Users/songyinpei/jobs/IEC61850-simulatorServer2/Protocol/ModbusSlave.cs:line 199 

2025-12-30 16:56:51,539 [10] WARN  IEC61850_simulatorServer2.ModbusSlave [199] - Scale apply failed for param40: System.InvalidCastException: Unable to cast object of type 'System.Int32' to type 'System.Single'.
   at IEC61850_simulatorServer2.ModbusSlave.Write(Dictionary`2 data, Byte slaveId) in /Users/songyinpei/jobs/IEC61850-simulatorServer2/Protocol/ModbusSlave.cs:line 199 

2025-12-30 16:56:51,566 [10] WARN  IEC61850_simulatorServer2.ModbusSlave [199] - Scale apply failed for param41: System.InvalidCastException: Unable to cast object of type 'System.Int32' to type 'System.Single'.
   at IEC61850_simulatorServer2.ModbusSlave.Write(Dictionary`2 data, Byte slaveId) in /Users/songyinpei/jobs/IEC61850-simulatorServer2/Protocol/ModbusSlave.cs:line 199 

2025-12-30 16:56:51,569 [10] WARN  IEC61850_simulatorServer2.ModbusSlave [199] - Scale apply failed for param42: System.InvalidCastException: Unable to cast object of type 'System.Int32' to type 'System.Single'.
   at IEC61850_simulatorServer2.ModbusSlave.Write(Dictionary`2 data, Byte slaveId) in /Users/songyinpei/jobs/IEC61850-simulatorServer2/Protocol/ModbusSlave.cs:line 199 

2025-12-30 16:56:51,618 [10] WARN  IEC61850_simulatorServer2.ModbusSlave [199] - Scale apply failed for param43: System.InvalidCastException: Unable to cast object of type 'System.Int32' to type 'System.Single'.
   at IEC61850_simulatorServer2.ModbusSlave.Write(Dictionary`2 data, Byte slaveId) in /Users/songyinpei/jobs/IEC61850-simulatorServer2/Protocol/ModbusSlave.cs:line 199 

2025-12-30 16:56:51,647 [10] WARN  IEC61850_simulatorServer2.ModbusSlave [199] - Scale apply failed for param44: System.InvalidCastException: Unable to cast object of type 'System.Int32' to type 'System.Single'.
   at IEC61850_simulatorServer2.ModbusSlave.Write(Dictionary`2 data, Byte slaveId) in /Users/songyinpei/jobs/IEC61850-simulatorServer2/Protocol/ModbusSlave.cs:line 199 

2025-12-30 16:56:51,673 [10] WARN  IEC61850_simulatorServer2.ModbusSlave [199] - Scale apply failed for param45: System.InvalidCastException: Unable to cast object of type 'System.Int32' to type 'System.Single'.
   at IEC61850_simulatorServer2.ModbusSlave.Write(Dictionary`2 data, Byte slaveId) in /Users/songyinpei/jobs/IEC61850-simulatorServer2/Protocol/ModbusSlave.cs:line 199 

2025-12-30 16:56:51,676 [10] WARN  IEC61850_simulatorServer2.ModbusSlave [199] - Scale apply failed for param46: System.InvalidCastException: Unable to cast object of type 'System.Int32' to type 'System.Single'.
   at IEC61850_simulatorServer2.ModbusSlave.Write(Dictionary`2 data, Byte slaveId) in /Users/songyinpei/jobs/IEC61850-simulatorServer2/Protocol/ModbusSlave.cs:line 199 

2025-12-30 16:56:51,678 [10] WARN  IEC61850_simulatorServer2.ModbusSlave [199] - Scale apply failed for param47: System.InvalidCastException: Unable to cast object of type 'System.Int32' to type 'System.Single'.
   at IEC61850_simulatorServer2.ModbusSlave.Write(Dictionary`2 data, Byte slaveId) in /Users/songyinpei/jobs/IEC61850-simulatorServer2/Protocol/ModbusSlave.cs:line 199 

2025-12-30 16:56:51,680 [10] WARN  IEC61850_simulatorServer2.ModbusSlave [199] - Scale apply failed for param48: System.InvalidCastException: Unable to cast object of type 'System.Int32' to type 'System.Single'.
   at IEC61850_simulatorServer2.ModbusSlave.Write(Dictionary`2 data, Byte slaveId) in /Users/songyinpei/jobs/IEC61850-simulatorServer2/Protocol/ModbusSlave.cs:line 199 

2025-12-30 16:56:51,681 [10] WARN  IEC61850_simulatorServer2.ModbusSlave [199] - Scale apply failed for param49: System.InvalidCastException: Unable to cast object of type 'System.Int32' to type 'System.Single'.
   at IEC61850_simulatorServer2.ModbusSlave.Write(Dictionary`2 data, Byte slaveId) in /Users/songyinpei/jobs/IEC61850-simulatorServer2/Protocol/ModbusSlave.cs:line 199 

2025-12-30 16:56:52,051 [12] WARN  IEC61850_simulatorServer2.ModbusSlave [199] - Scale apply failed for yc6: System.InvalidCastException: Unable to cast object of type 'System.Int32' to type 'System.Single'.
   at IEC61850_simulatorServer2.ModbusSlave.Write(Dictionary`2 data, Byte slaveId) in /Users/songyinpei/jobs/IEC61850-simulatorServer2/Protocol/ModbusSlave.cs:line 199 

2025-12-30 16:56:52,078 [12] WARN  IEC61850_simulatorServer2.ModbusSlave [199] - Scale apply failed for yc7: System.InvalidCastException: Unable to cast object of type 'System.Int32' to type 'System.Single'.
   at IEC61850_simulatorServer2.ModbusSlave.Write(Dictionary`2 data, Byte slaveId) in /Users/songyinpei/jobs/IEC61850-simulatorServer2/Protocol/ModbusSlave.cs:line 199 

2025-12-30 16:56:52,106 [12] WARN  IEC61850_simulatorServer2.ModbusSlave [199] - Scale apply failed for yc8: System.InvalidCastException: Unable to cast object of type 'System.Int32' to type 'System.Single'.
   at IEC61850_simulatorServer2.ModbusSlave.Write(Dictionary`2 data, Byte slaveId) in /Users/songyinpei/jobs/IEC61850-simulatorServer2/Protocol/ModbusSlave.cs:line 199 

2025-12-30 16:56:52,133 [12] WARN  IEC61850_simulatorServer2.ModbusSlave [199] - Scale apply failed for yc9: System.InvalidCastException: Unable to cast object of type 'System.Int32' to type 'System.Single'.
   at IEC61850_simulatorServer2.ModbusSlave.Write(Dictionary`2 data, Byte slaveId) in /Users/songyinpei/jobs/IEC61850-simulatorServer2/Protocol/ModbusSlave.cs:line 199 

2025-12-30 16:56:52,136 [12] WARN  IEC61850_simulatorServer2.ModbusSlave [199] - Scale apply failed for yc10: System.InvalidCastException: Unable to cast object of type 'System.Int32' to type 'System.Single'.
   at IEC61850_simulatorServer2.ModbusSlave.Write(Dictionary`2 data, Byte slaveId) in /Users/songyinpei/jobs/IEC61850-simulatorServer2/Protocol/ModbusSlave.cs:line 199 

2025-12-30 16:56:52,138 [12] WARN  IEC61850_simulatorServer2.ModbusSlave [199] - Scale apply failed for yc11: System.InvalidCastException: Unable to cast object of type 'System.Int32' to type 'System.Single'.
   at IEC61850_simulatorServer2.ModbusSlave.Write(Dictionary`2 data, Byte slaveId) in /Users/songyinpei/jobs/IEC61850-simulatorServer2/Protocol/ModbusSlave.cs:line 199 

2025-12-30 16:56:52,140 [12] WARN  IEC61850_simulatorServer2.ModbusSlave [199] - Scale apply failed for yc12: System.InvalidCastException: Unable to cast object of type 'System.Int32' to type 'System.Single'.
   at IEC61850_simulatorServer2.ModbusSlave.Write(Dictionary`2 data, Byte slaveId) in /Users/songyinpei/jobs/IEC61850-simulatorServer2/Protocol/ModbusSlave.cs:line 199 

2025-12-30 16:56:52,143 [12] WARN  IEC61850_simulatorServer2.ModbusSlave [199] - Scale apply failed for yc20: System.InvalidCastException: Unable to cast object of type 'System.Int32' to type 'System.Single'.
   at IEC61850_simulatorServer2.ModbusSlave.Write(Dictionary`2 data, Byte slaveId) in /Users/songyinpei/jobs/IEC61850-simulatorServer2/Protocol/ModbusSlave.cs:line 199 

2025-12-30 16:56:52,199 [12] WARN  IEC61850_simulatorServer2.ModbusSlave [199] - Scale apply failed for yc21: System.InvalidCastException: Unable to cast object of type 'System.Int32' to type 'System.Single'.
   at IEC61850_simulatorServer2.ModbusSlave.Write(Dictionary`2 data, Byte slaveId) in /Users/songyinpei/jobs/IEC61850-simulatorServer2/Protocol/ModbusSlave.cs:line 199 

2025-12-30 16:56:52,257 [12] WARN  IEC61850_simulatorServer2.ModbusSlave [199] - Scale apply failed for yc22: System.InvalidCastException: Unable to cast object of type 'System.Int32' to type 'System.Single'.
   at IEC61850_simulatorServer2.ModbusSlave.Write(Dictionary`2 data, Byte slaveId) in /Users/songyinpei/jobs/IEC61850-simulatorServer2/Protocol/ModbusSlave.cs:line 199 

2025-12-30 16:56:52,311 [12] WARN  IEC61850_simulatorServer2.ModbusSlave [199] - Scale apply failed for yc23: System.InvalidCastException: Unable to cast object of type 'System.Int32' to type 'System.Single'.
   at IEC61850_simulatorServer2.ModbusSlave.Write(Dictionary`2 data, Byte slaveId) in /Users/songyinpei/jobs/IEC61850-simulatorServer2/Protocol/ModbusSlave.cs:line 199 

2025-12-30 16:56:52,338 [12] WARN  IEC61850_simulatorServer2.ModbusSlave [199] - Scale apply failed for yc24: System.InvalidCastException: Unable to cast object of type 'System.Int32' to type 'System.Single'.
   at IEC61850_simulatorServer2.ModbusSlave.Write(Dictionary`2 data, Byte slaveId) in /Users/songyinpei/jobs/IEC61850-simulatorServer2/Protocol/ModbusSlave.cs:line 199 

2025-12-30 16:56:52,342 [12] WARN  IEC61850_simulatorServer2.ModbusSlave [199] - Scale apply failed for yc25: System.InvalidCastException: Unable to cast object of type 'System.Int32' to type 'System.Single'.
   at IEC61850_simulatorServer2.ModbusSlave.Write(Dictionary`2 data, Byte slaveId) in /Users/songyinpei/jobs/IEC61850-simulatorServer2/Protocol/ModbusSlave.cs:line 199 

2025-12-30 16:56:52,372 [12] WARN  IEC61850_simulatorServer2.ModbusSlave [199] - Scale apply failed for yc26: System.InvalidCastException: Unable to cast object of type 'System.Int32' to type 'System.Single'.
   at IEC61850_simulatorServer2.ModbusSlave.Write(Dictionary`2 data, Byte slaveId) in /Users/songyinpei/jobs/IEC61850-simulatorServer2/Protocol/ModbusSlave.cs:line 199 

2025-12-30 16:56:52,400 [12] WARN  IEC61850_simulatorServer2.ModbusSlave [199] - Scale apply failed for yc27: System.InvalidCastException: Unable to cast object of type 'System.Int32' to type 'System.Single'.
   at IEC61850_simulatorServer2.ModbusSlave.Write(Dictionary`2 data, Byte slaveId) in /Users/songyinpei/jobs/IEC61850-simulatorServer2/Protocol/ModbusSlave.cs:line 199 

2025-12-30 16:56:52,452 [12] WARN  IEC61850_simulatorServer2.ModbusSlave [199] - Scale apply failed for yc28: System.InvalidCastException: Unable to cast object of type 'System.Int32' to type 'System.Single'.
   at IEC61850_simulatorServer2.ModbusSlave.Write(Dictionary`2 data, Byte slaveId) in /Users/songyinpei/jobs/IEC61850-simulatorServer2/Protocol/ModbusSlave.cs:line 199 

2025-12-30 16:56:52,455 [12] WARN  IEC61850_simulatorServer2.ModbusSlave [199] - Scale apply failed for yc29: System.InvalidCastException: Unable to cast object of type 'System.Int32' to type 'System.Single'.
   at IEC61850_simulatorServer2.ModbusSlave.Write(Dictionary`2 data, Byte slaveId) in /Users/songyinpei/jobs/IEC61850-simulatorServer2/Protocol/ModbusSlave.cs:line 199 

2025-12-30 16:56:52,459 [12] WARN  IEC61850_simulatorServer2.ModbusSlave [199] - Scale apply failed for yc30: System.InvalidCastException: Unable to cast object of type 'System.Int32' to type 'System.Single'.
   at IEC61850_simulatorServer2.ModbusSlave.Write(Dictionary`2 data, Byte slaveId) in /Users/songyinpei/jobs/IEC61850-simulatorServer2/Protocol/ModbusSlave.cs:line 199 

2025-12-30 16:56:52,510 [12] WARN  IEC61850_simulatorServer2.ModbusSlave [199] - Scale apply failed for yc31: System.InvalidCastException: Unable to cast object of type 'System.Int32' to type 'System.Single'.
   at IEC61850_simulatorServer2.ModbusSlave.Write(Dictionary`2 data, Byte slaveId) in /Users/songyinpei/jobs/IEC61850-simulatorServer2/Protocol/ModbusSlave.cs:line 199 

2025-12-30 16:56:52,537 [12] WARN  IEC61850_simulatorServer2.ModbusSlave [199] - Scale apply failed for yc32: System.InvalidCastException: Unable to cast object of type 'System.Int32' to type 'System.Single'.
   at IEC61850_simulatorServer2.ModbusSlave.Write(Dictionary`2 data, Byte slaveId) in /Users/songyinpei/jobs/IEC61850-simulatorServer2/Protocol/ModbusSlave.cs:line 199 

2025-12-30 16:56:52,566 [12] WARN  IEC61850_simulatorServer2.ModbusSlave [199] - Scale apply failed for yc33: System.InvalidCastException: Unable to cast object of type 'System.Int32' to type 'System.Single'.
   at IEC61850_simulatorServer2.ModbusSlave.Write(Dictionary`2 data, Byte slaveId) in /Users/songyinpei/jobs/IEC61850-simulatorServer2/Protocol/ModbusSlave.cs:line 199 

2025-12-30 16:56:52,596 [12] WARN  IEC61850_simulatorServer2.ModbusSlave [199] - Scale apply failed for yc34: System.InvalidCastException: Unable to cast object of type 'System.Int32' to type 'System.Single'.
   at IEC61850_simulatorServer2.ModbusSlave.Write(Dictionary`2 data, Byte slaveId) in /Users/songyinpei/jobs/IEC61850-simulatorServer2/Protocol/ModbusSlave.cs:line 199 

2025-12-30 16:56:52,606 [12] WARN  IEC61850_simulatorServer2.ModbusSlave [199] - Scale apply failed for yc35: System.InvalidCastException: Unable to cast object of type 'System.Int32' to type 'System.Single'.
   at IEC61850_simulatorServer2.ModbusSlave.Write(Dictionary`2 data, Byte slaveId) in /Users/songyinpei/jobs/IEC61850-simulatorServer2/Protocol/ModbusSlave.cs:line 199 

2025-12-30 16:56:52,635 [12] WARN  IEC61850_simulatorServer2.ModbusSlave [199] - Scale apply failed for yc36: System.InvalidCastException: Unable to cast object of type 'System.Int32' to type 'System.Single'.
   at IEC61850_simulatorServer2.ModbusSlave.Write(Dictionary`2 data, Byte slaveId) in /Users/songyinpei/jobs/IEC61850-simulatorServer2/Protocol/ModbusSlave.cs:line 199 

2025-12-30 16:56:52,664 [12] WARN  IEC61850_simulatorServer2.ModbusSlave [199] - Scale apply failed for yc37: System.InvalidCastException: Unable to cast object of type 'System.Int32' to type 'System.Single'.
   at IEC61850_simulatorServer2.ModbusSlave.Write(Dictionary`2 data, Byte slaveId) in /Users/songyinpei/jobs/IEC61850-simulatorServer2/Protocol/ModbusSlave.cs:line 199 

2025-12-30 16:56:52,693 [12] WARN  IEC61850_simulatorServer2.ModbusSlave [199] - Scale apply failed for yc43: System.InvalidCastException: Unable to cast object of type 'System.Int32' to type 'System.Single'.
   at IEC61850_simulatorServer2.ModbusSlave.Write(Dictionary`2 data, Byte slaveId) in /Users/songyinpei/jobs/IEC61850-simulatorServer2/Protocol/ModbusSlave.cs:line 199 

2025-12-30 16:56:52,723 [12] WARN  IEC61850_simulatorServer2.ModbusSlave [199] - Scale apply failed for yc45: System.InvalidCastException: Unable to cast object of type 'System.Int32' to type 'System.Single'.
   at IEC61850_simulatorServer2.ModbusSlave.Write(Dictionary`2 data, Byte slaveId) in /Users/songyinpei/jobs/IEC61850-simulatorServer2/Protocol/ModbusSlave.cs:line 199 

2025-12-30 16:56:52,778 [12] WARN  IEC61850_simulatorServer2.ModbusSlave [199] - Scale apply failed for yc53: System.InvalidCastException: Unable to cast object of type 'System.Int32' to type 'System.Single'.
   at IEC61850_simulatorServer2.ModbusSlave.Write(Dictionary`2 data, Byte slaveId) in /Users/songyinpei/jobs/IEC61850-simulatorServer2/Protocol/ModbusSlave.cs:line 199 

2025-12-30 16:56:53,220 [16] WARN  IEC61850_simulatorServer2.ModbusSlave [199] - Scale apply failed for param2: System.InvalidCastException: Unable to cast object of type 'System.Int32' to type 'System.Single'.
   at IEC61850_simulatorServer2.ModbusSlave.Write(Dictionary`2 data, Byte slaveId) in /Users/songyinpei/jobs/IEC61850-simulatorServer2/Protocol/ModbusSlave.cs:line 199 

2025-12-30 16:56:53,223 [16] WARN  IEC61850_simulatorServer2.ModbusSlave [199] - Scale apply failed for param3: System.InvalidCastException: Unable to cast object of type 'System.Int32' to type 'System.Single'.
   at IEC61850_simulatorServer2.ModbusSlave.Write(Dictionary`2 data, Byte slaveId) in /Users/songyinpei/jobs/IEC61850-simulatorServer2/Protocol/ModbusSlave.cs:line 199 

2025-12-30 16:56:53,225 [16] WARN  IEC61850_simulatorServer2.ModbusSlave [199] - Scale apply failed for param4: System.InvalidCastException: Unable to cast object of type 'System.Int32' to type 'System.Single'.
   at IEC61850_simulatorServer2.ModbusSlave.Write(Dictionary`2 data, Byte slaveId) in /Users/songyinpei/jobs/IEC61850-simulatorServer2/Protocol/ModbusSlave.cs:line 199 

2025-12-30 16:56:53,227 [16] WARN  IEC61850_simulatorServer2.ModbusSlave [199] - Scale apply failed for param8: System.InvalidCastException: Unable to cast object of type 'System.Int32' to type 'System.Single'.
   at IEC61850_simulatorServer2.ModbusSlave.Write(Dictionary`2 data, Byte slaveId) in /Users/songyinpei/jobs/IEC61850-simulatorServer2/Protocol/ModbusSlave.cs:line 199 

2025-12-30 16:56:53,257 [16] WARN  IEC61850_simulatorServer2.ModbusSlave [199] - Scale apply failed for param9: System.InvalidCastException: Unable to cast object of type 'System.Int32' to type 'System.Single'.
   at IEC61850_simulatorServer2.ModbusSlave.Write(Dictionary`2 data, Byte slaveId) in /Users/songyinpei/jobs/IEC61850-simulatorServer2/Protocol/ModbusSlave.cs:line 199 

2025-12-30 16:56:53,284 [16] WARN  IEC61850_simulatorServer2.ModbusSlave [199] - Scale apply failed for param10: System.InvalidCastException: Unable to cast object of type 'System.Int32' to type 'System.Single'.
   at IEC61850_simulatorServer2.ModbusSlave.Write(Dictionary`2 data, Byte slaveId) in /Users/songyinpei/jobs/IEC61850-simulatorServer2/Protocol/ModbusSlave.cs:line 199 

2025-12-30 16:56:53,296 [16] WARN  IEC61850_simulatorServer2.ModbusSlave [199] - Scale apply failed for param15: System.InvalidCastException: Unable to cast object of type 'System.Int32' to type 'System.Single'.
   at IEC61850_simulatorServer2.ModbusSlave.Write(Dictionary`2 data, Byte slaveId) in /Users/songyinpei/jobs/IEC61850-simulatorServer2/Protocol/ModbusSlave.cs:line 199 

2025-12-30 16:56:53,298 [16] WARN  IEC61850_simulatorServer2.ModbusSlave [199] - Scale apply failed for param16: System.InvalidCastException: Unable to cast object of type 'System.Int32' to type 'System.Single'.
   at IEC61850_simulatorServer2.ModbusSlave.Write(Dictionary`2 data, Byte slaveId) in /Users/songyinpei/jobs/IEC61850-simulatorServer2/Protocol/ModbusSlave.cs:line 199 

2025-12-30 16:56:53,300 [16] WARN  IEC61850_simulatorServer2.ModbusSlave [199] - Scale apply failed for param17: System.InvalidCastException: Unable to cast object of type 'System.Int32' to type 'System.Single'.
   at IEC61850_simulatorServer2.ModbusSlave.Write(Dictionary`2 data, Byte slaveId) in /Users/songyinpei/jobs/IEC61850-simulatorServer2/Protocol/ModbusSlave.cs:line 199 

2025-12-30 16:56:53,302 [16] WARN  IEC61850_simulatorServer2.ModbusSlave [199] - Scale apply failed for param18: System.InvalidCastException: Unable to cast object of type 'System.Int32' to type 'System.Single'.
   at IEC61850_simulatorServer2.ModbusSlave.Write(Dictionary`2 data, Byte slaveId) in /Users/songyinpei/jobs/IEC61850-simulatorServer2/Protocol/ModbusSlave.cs:line 199 

2025-12-30 16:56:53,308 [16] WARN  IEC61850_simulatorServer2.ModbusSlave [199] - Scale apply failed for param19: System.InvalidCastException: Unable to cast object of type 'System.Int32' to type 'System.Single'.
   at IEC61850_simulatorServer2.ModbusSlave.Write(Dictionary`2 data, Byte slaveId) in /Users/songyinpei/jobs/IEC61850-simulatorServer2/Protocol/ModbusSlave.cs:line 199 

2025-12-30 16:56:53,310 [16] WARN  IEC61850_simulatorServer2.ModbusSlave [199] - Scale apply failed for param20: System.InvalidCastException: Unable to cast object of type 'System.Int32' to type 'System.Single'.
   at IEC61850_simulatorServer2.ModbusSlave.Write(Dictionary`2 data, Byte slaveId) in /Users/songyinpei/jobs/IEC61850-simulatorServer2/Protocol/ModbusSlave.cs:line 199 

2025-12-30 16:56:53,312 [16] WARN  IEC61850_simulatorServer2.ModbusSlave [199] - Scale apply failed for param21: System.InvalidCastException: Unable to cast object of type 'System.Int32' to type 'System.Single'.
   at IEC61850_simulatorServer2.ModbusSlave.Write(Dictionary`2 data, Byte slaveId) in /Users/songyinpei/jobs/IEC61850-simulatorServer2/Protocol/ModbusSlave.cs:line 199 

2025-12-30 16:56:53,313 [16] WARN  IEC61850_simulatorServer2.ModbusSlave [199] - Scale apply failed for param31: System.InvalidCastException: Unable to cast object of type 'System.Int32' to type 'System.Single'.
   at IEC61850_simulatorServer2.ModbusSlave.Write(Dictionary`2 data, Byte slaveId) in /Users/songyinpei/jobs/IEC61850-simulatorServer2/Protocol/ModbusSlave.cs:line 199 

2025-12-30 16:56:53,315 [16] WARN  IEC61850_simulatorServer2.ModbusSlave [199] - Scale apply failed for param32: System.InvalidCastException: Unable to cast object of type 'System.Int32' to type 'System.Single'.
   at IEC61850_simulatorServer2.ModbusSlave.Write(Dictionary`2 data, Byte slaveId) in /Users/songyinpei/jobs/IEC61850-simulatorServer2/Protocol/ModbusSlave.cs:line 199 

2025-12-30 16:56:53,317 [16] WARN  IEC61850_simulatorServer2.ModbusSlave [199] - Scale apply failed for param33: System.InvalidCastException: Unable to cast object of type 'System.Int32' to type 'System.Single'.
   at IEC61850_simulatorServer2.ModbusSlave.Write(Dictionary`2 data, Byte slaveId) in /Users/songyinpei/jobs/IEC61850-simulatorServer2/Protocol/ModbusSlave.cs:line 199 

2025-12-30 16:56:53,319 [16] WARN  IEC61850_simulatorServer2.ModbusSlave [199] - Scale apply failed for param34: System.InvalidCastException: Unable to cast object of type 'System.Int32' to type 'System.Single'.
   at IEC61850_simulatorServer2.ModbusSlave.Write(Dictionary`2 data, Byte slaveId) in /Users/songyinpei/jobs/IEC61850-simulatorServer2/Protocol/ModbusSlave.cs:line 199 

2025-12-30 16:56:53,321 [16] WARN  IEC61850_simulatorServer2.ModbusSlave [199] - Scale apply failed for param35: System.InvalidCastException: Unable to cast object of type 'System.Int32' to type 'System.Single'.
   at IEC61850_simulatorServer2.ModbusSlave.Write(Dictionary`2 data, Byte slaveId) in /Users/songyinpei/jobs/IEC61850-simulatorServer2/Protocol/ModbusSlave.cs:line 199 

2025-12-30 16:56:53,323 [16] WARN  IEC61850_simulatorServer2.ModbusSlave [199] - Scale apply failed for param36: System.InvalidCastException: Unable to cast object of type 'System.Int32' to type 'System.Single'.
   at IEC61850_simulatorServer2.ModbusSlave.Write(Dictionary`2 data, Byte slaveId) in /Users/songyinpei/jobs/IEC61850-simulatorServer2/Protocol/ModbusSlave.cs:line 199 

2025-12-30 16:56:53,325 [16] WARN  IEC61850_simulatorServer2.ModbusSlave [199] - Scale apply failed for param37: System.InvalidCastException: Unable to cast object of type 'System.Int32' to type 'System.Single'.
   at IEC61850_simulatorServer2.ModbusSlave.Write(Dictionary`2 data, Byte slaveId) in /Users/songyinpei/jobs/IEC61850-simulatorServer2/Protocol/ModbusSlave.cs:line 199 

2025-12-30 16:56:53,327 [16] WARN  IEC61850_simulatorServer2.ModbusSlave [199] - Scale apply failed for param38: System.InvalidCastException: Unable to cast object of type 'System.Int32' to type 'System.Single'.
   at IEC61850_simulatorServer2.ModbusSlave.Write(Dictionary`2 data, Byte slaveId) in /Users/songyinpei/jobs/IEC61850-simulatorServer2/Protocol/ModbusSlave.cs:line 199 

2025-12-30 16:56:53,328 [16] WARN  IEC61850_simulatorServer2.ModbusSlave [199] - Scale apply failed for param39: System.InvalidCastException: Unable to cast object of type 'System.Int32' to type 'System.Single'.
   at IEC61850_simulatorServer2.ModbusSlave.Write(Dictionary`2 data, Byte slaveId) in /Users/songyinpei/jobs/IEC61850-simulatorServer2/Protocol/ModbusSlave.cs:line 199 

2025-12-30 16:56:53,330 [16] WARN  IEC61850_simulatorServer2.ModbusSlave [199] - Scale apply failed for param40: System.InvalidCastException: Unable to cast object of type 'System.Int32' to type 'System.Single'.
   at IEC61850_simulatorServer2.ModbusSlave.Write(Dictionary`2 data, Byte slaveId) in /Users/songyinpei/jobs/IEC61850-simulatorServer2/Protocol/ModbusSlave.cs:line 199 

2025-12-30 16:56:53,332 [16] WARN  IEC61850_simulatorServer2.ModbusSlave [199] - Scale apply failed for param41: System.InvalidCastException: Unable to cast object of type 'System.Int32' to type 'System.Single'.
   at IEC61850_simulatorServer2.ModbusSlave.Write(Dictionary`2 data, Byte slaveId) in /Users/songyinpei/jobs/IEC61850-simulatorServer2/Protocol/ModbusSlave.cs:line 199 

2025-12-30 16:56:53,334 [16] WARN  IEC61850_simulatorServer2.ModbusSlave [199] - Scale apply failed for param42: System.InvalidCastException: Unable to cast object of type 'System.Int32' to type 'System.Single'.
   at IEC61850_simulatorServer2.ModbusSlave.Write(Dictionary`2 data, Byte slaveId) in /Users/songyinpei/jobs/IEC61850-simulatorServer2/Protocol/ModbusSlave.cs:line 199 

2025-12-30 16:56:53,335 [16] WARN  IEC61850_simulatorServer2.ModbusSlave [199] - Scale apply failed for param43: System.InvalidCastException: Unable to cast object of type 'System.Int32' to type 'System.Single'.
   at IEC61850_simulatorServer2.ModbusSlave.Write(Dictionary`2 data, Byte slaveId) in /Users/songyinpei/jobs/IEC61850-simulatorServer2/Protocol/ModbusSlave.cs:line 199 

2025-12-30 16:56:53,337 [16] WARN  IEC61850_simulatorServer2.ModbusSlave [199] - Scale apply failed for param44: System.InvalidCastException: Unable to cast object of type 'System.Int32' to type 'System.Single'.
   at IEC61850_simulatorServer2.ModbusSlave.Write(Dictionary`2 data, Byte slaveId) in /Users/songyinpei/jobs/IEC61850-simulatorServer2/Protocol/ModbusSlave.cs:line 199 

2025-12-30 16:56:53,339 [16] WARN  IEC61850_simulatorServer2.ModbusSlave [199] - Scale apply failed for param45: System.InvalidCastException: Unable to cast object of type 'System.Int32' to type 'System.Single'.
   at IEC61850_simulatorServer2.ModbusSlave.Write(Dictionary`2 data, Byte slaveId) in /Users/songyinpei/jobs/IEC61850-simulatorServer2/Protocol/ModbusSlave.cs:line 199 

2025-12-30 16:56:53,366 [16] WARN  IEC61850_simulatorServer2.ModbusSlave [199] - Scale apply failed for param46: System.InvalidCastException: Unable to cast object of type 'System.Int32' to type 'System.Single'.
   at IEC61850_simulatorServer2.ModbusSlave.Write(Dictionary`2 data, Byte slaveId) in /Users/songyinpei/jobs/IEC61850-simulatorServer2/Protocol/ModbusSlave.cs:line 199 

2025-12-30 16:56:53,368 [16] WARN  IEC61850_simulatorServer2.ModbusSlave [199] - Scale apply failed for param47: System.InvalidCastException: Unable to cast object of type 'System.Int32' to type 'System.Single'.
   at IEC61850_simulatorServer2.ModbusSlave.Write(Dictionary`2 data, Byte slaveId) in /Users/songyinpei/jobs/IEC61850-simulatorServer2/Protocol/ModbusSlave.cs:line 199 

2025-12-30 16:56:53,370 [16] WARN  IEC61850_simulatorServer2.ModbusSlave [199] - Scale apply failed for param48: System.InvalidCastException: Unable to cast object of type 'System.Int32' to type 'System.Single'.
   at IEC61850_simulatorServer2.ModbusSlave.Write(Dictionary`2 data, Byte slaveId) in /Users/songyinpei/jobs/IEC61850-simulatorServer2/Protocol/ModbusSlave.cs:line 199 

2025-12-30 16:56:53,371 [16] WARN  IEC61850_simulatorServer2.ModbusSlave [199] - Scale apply failed for param49: System.InvalidCastException: Unable to cast object of type 'System.Int32' to type 'System.Single'.
   at IEC61850_simulatorServer2.ModbusSlave.Write(Dictionary`2 data, Byte slaveId) in /Users/songyinpei/jobs/IEC61850-simulatorServer2/Protocol/ModbusSlave.cs:line 199 

2025-12-30 16:56:54,283 [18] WARN  IEC61850_simulatorServer2.ModbusSlave [?] - Scale apply failed for yc0: System.InvalidCastException: Unable to cast object of type 'System.Int32' to type 'System.Single'.
   at IEC61850_simulatorServer2.ModbusSlave.Write(Dictionary`2 data, Byte slaveId) in /Users/songyinpei/jobs/IEC61850-simulatorServer2/Protocol/ModbusSlave.cs:line 199 

2025-12-30 16:56:54,336 [18] WARN  IEC61850_simulatorServer2.ModbusSlave [?] - Scale apply failed for yc1: System.InvalidCastException: Unable to cast object of type 'System.Int32' to type 'System.Single'.
   at IEC61850_simulatorServer2.ModbusSlave.Write(Dictionary`2 data, Byte slaveId) in /Users/songyinpei/jobs/IEC61850-simulatorServer2/Protocol/ModbusSlave.cs:line 199 

2025-12-30 16:56:54,364 [18] WARN  IEC61850_simulatorServer2.ModbusSlave [?] - Scale apply failed for yc2: System.InvalidCastException: Unable to cast object of type 'System.Int32' to type 'System.Single'.
   at IEC61850_simulatorServer2.ModbusSlave.Write(Dictionary`2 data, Byte slaveId) in /Users/songyinpei/jobs/IEC61850-simulatorServer2/Protocol/ModbusSlave.cs:line 199 

2025-12-30 16:56:54,388 [18] WARN  IEC61850_simulatorServer2.ModbusSlave [?] - Scale apply failed for yc3: System.InvalidCastException: Unable to cast object of type 'System.Int32' to type 'System.Single'.
   at IEC61850_simulatorServer2.ModbusSlave.Write(Dictionary`2 data, Byte slaveId) in /Users/songyinpei/jobs/IEC61850-simulatorServer2/Protocol/ModbusSlave.cs:line 199 

2025-12-30 16:56:54,441 [18] WARN  IEC61850_simulatorServer2.ModbusSlave [?] - Scale apply failed for yc5: System.InvalidCastException: Unable to cast object of type 'System.Int32' to type 'System.Single'.
   at IEC61850_simulatorServer2.ModbusSlave.Write(Dictionary`2 data, Byte slaveId) in /Users/songyinpei/jobs/IEC61850-simulatorServer2/Protocol/ModbusSlave.cs:line 199 

2025-12-30 16:56:54,468 [18] WARN  IEC61850_simulatorServer2.ModbusSlave [?] - Scale apply failed for yc4: System.InvalidCastException: Unable to cast object of type 'System.Int32' to type 'System.Single'.
   at IEC61850_simulatorServer2.ModbusSlave.Write(Dictionary`2 data, Byte slaveId) in /Users/songyinpei/jobs/IEC61850-simulatorServer2/Protocol/ModbusSlave.cs:line 199 

2025-12-30 16:56:54,497 [18] WARN  IEC61850_simulatorServer2.ModbusSlave [?] - Scale apply failed for yc6: System.InvalidCastException: Unable to cast object of type 'System.Int32' to type 'System.Single'.
   at IEC61850_simulatorServer2.ModbusSlave.Write(Dictionary`2 data, Byte slaveId) in /Users/songyinpei/jobs/IEC61850-simulatorServer2/Protocol/ModbusSlave.cs:line 199 

2025-12-30 16:56:54,549 [18] WARN  IEC61850_simulatorServer2.ModbusSlave [?] - Scale apply failed for yc7: System.InvalidCastException: Unable to cast object of type 'System.Int32' to type 'System.Single'.
   at IEC61850_simulatorServer2.ModbusSlave.Write(Dictionary`2 data, Byte slaveId) in /Users/songyinpei/jobs/IEC61850-simulatorServer2/Protocol/ModbusSlave.cs:line 199 

2025-12-30 16:56:54,596 [18] WARN  IEC61850_simulatorServer2.ModbusSlave [?] - Scale apply failed for yc8: System.InvalidCastException: Unable to cast object of type 'System.Int32' to type 'System.Single'.
   at IEC61850_simulatorServer2.ModbusSlave.Write(Dictionary`2 data, Byte slaveId) in /Users/songyinpei/jobs/IEC61850-simulatorServer2/Protocol/ModbusSlave.cs:line 199 

2025-12-30 16:56:54,626 [18] WARN  IEC61850_simulatorServer2.ModbusSlave [?] - Scale apply failed for yc9: System.InvalidCastException: Unable to cast object of type 'System.Int32' to type 'System.Single'.
   at IEC61850_simulatorServer2.ModbusSlave.Write(Dictionary`2 data, Byte slaveId) in /Users/songyinpei/jobs/IEC61850-simulatorServer2/Protocol/ModbusSlave.cs:line 199 

2025-12-30 16:56:54,680 [18] WARN  IEC61850_simulatorServer2.ModbusSlave [?] - Scale apply failed for yc10: System.InvalidCastException: Unable to cast object of type 'System.Int32' to type 'System.Single'.
   at IEC61850_simulatorServer2.ModbusSlave.Write(Dictionary`2 data, Byte slaveId) in /Users/songyinpei/jobs/IEC61850-simulatorServer2/Protocol/ModbusSlave.cs:line 199 

2025-12-30 16:56:54,709 [18] WARN  IEC61850_simulatorServer2.ModbusSlave [?] - Scale apply failed for yc11: System.InvalidCastException: Unable to cast object of type 'System.Int32' to type 'System.Single'.
   at IEC61850_simulatorServer2.ModbusSlave.Write(Dictionary`2 data, Byte slaveId) in /Users/songyinpei/jobs/IEC61850-simulatorServer2/Protocol/ModbusSlave.cs:line 199 

2025-12-30 16:56:54,735 [18] WARN  IEC61850_simulatorServer2.ModbusSlave [?] - Scale apply failed for yc12: System.InvalidCastException: Unable to cast object of type 'System.Int32' to type 'System.Single'.
   at IEC61850_simulatorServer2.ModbusSlave.Write(Dictionary`2 data, Byte slaveId) in /Users/songyinpei/jobs/IEC61850-simulatorServer2/Protocol/ModbusSlave.cs:line 199 

2025-12-30 16:56:54,763 [18] WARN  IEC61850_simulatorServer2.ModbusSlave [?] - Scale apply failed for yc13: System.InvalidCastException: Unable to cast object of type 'System.Int32' to type 'System.Single'.
   at IEC61850_simulatorServer2.ModbusSlave.Write(Dictionary`2 data, Byte slaveId) in /Users/songyinpei/jobs/IEC61850-simulatorServer2/Protocol/ModbusSlave.cs:line 199 

2025-12-30 16:56:54,788 [18] WARN  IEC61850_simulatorServer2.ModbusSlave [?] - Scale apply failed for yc14: System.InvalidCastException: Unable to cast object of type 'System.Int32' to type 'System.Single'.
   at IEC61850_simulatorServer2.ModbusSlave.Write(Dictionary`2 data, Byte slaveId) in /Users/songyinpei/jobs/IEC61850-simulatorServer2/Protocol/ModbusSlave.cs:line 199 

2025-12-30 16:56:54,842 [18] WARN  IEC61850_simulatorServer2.ModbusSlave [?] - Scale apply failed for yc15: System.InvalidCastException: Unable to cast object of type 'System.Int32' to type 'System.Single'.
   at IEC61850_simulatorServer2.ModbusSlave.Write(Dictionary`2 data, Byte slaveId) in /Users/songyinpei/jobs/IEC61850-simulatorServer2/Protocol/ModbusSlave.cs:line 199 

2025-12-30 16:56:54,897 [18] WARN  IEC61850_simulatorServer2.ModbusSlave [?] - Scale apply failed for yc16: System.InvalidCastException: Unable to cast object of type 'System.Int32' to type 'System.Single'.
   at IEC61850_simulatorServer2.ModbusSlave.Write(Dictionary`2 data, Byte slaveId) in /Users/songyinpei/jobs/IEC61850-simulatorServer2/Protocol/ModbusSlave.cs:line 199 

2025-12-30 16:56:54,911 [18] WARN  IEC61850_simulatorServer2.ModbusSlave [?] - Scale apply failed for yc17: System.InvalidCastException: Unable to cast object of type 'System.Int32' to type 'System.Single'.
   at IEC61850_simulatorServer2.ModbusSlave.Write(Dictionary`2 data, Byte slaveId) in /Users/songyinpei/jobs/IEC61850-simulatorServer2/Protocol/ModbusSlave.cs:line 199 

2025-12-30 16:56:54,966 [18] WARN  IEC61850_simulatorServer2.ModbusSlave [?] - Scale apply failed for yc18: System.InvalidCastException: Unable to cast object of type 'System.Int32' to type 'System.Single'.
   at IEC61850_simulatorServer2.ModbusSlave.Write(Dictionary`2 data, Byte slaveId) in /Users/songyinpei/jobs/IEC61850-simulatorServer2/Protocol/ModbusSlave.cs:line 199 

2025-12-30 16:56:54,998 [18] WARN  IEC61850_simulatorServer2.ModbusSlave [?] - Scale apply failed for yc19: System.InvalidCastException: Unable to cast object of type 'System.Int32' to type 'System.Single'.
   at IEC61850_simulatorServer2.ModbusSlave.Write(Dictionary`2 data, Byte slaveId) in /Users/songyinpei/jobs/IEC61850-simulatorServer2/Protocol/ModbusSlave.cs:line 199 

2025-12-30 16:56:55,034 [18] WARN  IEC61850_simulatorServer2.ModbusSlave [?] - Scale apply failed for yc20: System.InvalidCastException: Unable to cast object of type 'System.Int32' to type 'System.Single'.
   at IEC61850_simulatorServer2.ModbusSlave.Write(Dictionary`2 data, Byte slaveId) in /Users/songyinpei/jobs/IEC61850-simulatorServer2/Protocol/ModbusSlave.cs:line 199 

2025-12-30 16:56:55,065 [18] WARN  IEC61850_simulatorServer2.ModbusSlave [?] - Scale apply failed for yc21: System.InvalidCastException: Unable to cast object of type 'System.Int32' to type 'System.Single'.
   at IEC61850_simulatorServer2.ModbusSlave.Write(Dictionary`2 data, Byte slaveId) in /Users/songyinpei/jobs/IEC61850-simulatorServer2/Protocol/ModbusSlave.cs:line 199 

2025-12-30 16:56:55,741 [10] WARN  IEC61850_simulatorServer2.ModbusSlave [?] - Scale apply failed for param15: System.InvalidCastException: Unable to cast object of type 'System.UInt16' to type 'System.Single'.
   at IEC61850_simulatorServer2.ModbusSlave.Write(Dictionary`2 data, Byte slaveId) in /Users/songyinpei/jobs/IEC61850-simulatorServer2/Protocol/ModbusSlave.cs:line 199 

2025-12-30 16:56:55,743 [10] WARN  IEC61850_simulatorServer2.ModbusSlave [?] - Scale apply failed for param17: System.InvalidCastException: Unable to cast object of type 'System.UInt16' to type 'System.Single'.
   at IEC61850_simulatorServer2.ModbusSlave.Write(Dictionary`2 data, Byte slaveId) in /Users/songyinpei/jobs/IEC61850-simulatorServer2/Protocol/ModbusSlave.cs:line 199 

2025-12-30 16:56:55,744 [10] WARN  IEC61850_simulatorServer2.ModbusSlave [?] - Scale apply failed for param16: System.InvalidCastException: Unable to cast object of type 'System.UInt16' to type 'System.Single'.
   at IEC61850_simulatorServer2.ModbusSlave.Write(Dictionary`2 data, Byte slaveId) in /Users/songyinpei/jobs/IEC61850-simulatorServer2/Protocol/ModbusSlave.cs:line 199 

2025-12-30 16:56:55,746 [10] WARN  IEC61850_simulatorServer2.ModbusSlave [?] - Scale apply failed for param21: System.InvalidCastException: Unable to cast object of type 'System.UInt16' to type 'System.Single'.
   at IEC61850_simulatorServer2.ModbusSlave.Write(Dictionary`2 data, Byte slaveId) in /Users/songyinpei/jobs/IEC61850-simulatorServer2/Protocol/ModbusSlave.cs:line 199 

2025-12-30 16:56:55,748 [10] WARN  IEC61850_simulatorServer2.ModbusSlave [?] - Scale apply failed for param18: System.InvalidCastException: Unable to cast object of type 'System.UInt16' to type 'System.Single'.
   at IEC61850_simulatorServer2.ModbusSlave.Write(Dictionary`2 data, Byte slaveId) in /Users/songyinpei/jobs/IEC61850-simulatorServer2/Protocol/ModbusSlave.cs:line 199 

2025-12-30 16:56:55,750 [10] WARN  IEC61850_simulatorServer2.ModbusSlave [?] - Scale apply failed for param20: System.InvalidCastException: Unable to cast object of type 'System.UInt16' to type 'System.Single'.
   at IEC61850_simulatorServer2.ModbusSlave.Write(Dictionary`2 data, Byte slaveId) in /Users/songyinpei/jobs/IEC61850-simulatorServer2/Protocol/ModbusSlave.cs:line 199 

2025-12-30 16:56:55,751 [10] WARN  IEC61850_simulatorServer2.ModbusSlave [?] - Scale apply failed for param19: System.InvalidCastException: Unable to cast object of type 'System.UInt16' to type 'System.Single'.
   at IEC61850_simulatorServer2.ModbusSlave.Write(Dictionary`2 data, Byte slaveId) in /Users/songyinpei/jobs/IEC61850-simulatorServer2/Protocol/ModbusSlave.cs:line 199 

2025-12-30 16:56:55,754 [10] WARN  IEC61850_simulatorServer2.ModbusSlave [?] - Scale apply failed for param40: System.OverflowException: Value was either too large or too small for an Int32.
   at System.Convert.ToInt32(Double value)
   at System.Convert.ToInt16(Double value)
   at IEC61850_simulatorServer2.ModbusSlave.Write(Dictionary`2 data, Byte slaveId) in /Users/songyinpei/jobs/IEC61850-simulatorServer2/Protocol/ModbusSlave.cs:line 203 

2025-12-30 16:56:55,756 [10] WARN  IEC61850_simulatorServer2.ModbusSlave [?] - Scale apply failed for param49: System.InvalidCastException: Unable to cast object of type 'System.Boolean' to type 'System.Single'.
   at IEC61850_simulatorServer2.ModbusSlave.Write(Dictionary`2 data, Byte slaveId) in /Users/songyinpei/jobs/IEC61850-simulatorServer2/Protocol/ModbusSlave.cs:line 199 

2025-12-30 16:56:56,202 [16] WARN  IEC61850_simulatorServer2.ModbusSlave [?] - Scale apply failed for param15: System.InvalidCastException: Unable to cast object of type 'System.UInt16' to type 'System.Single'.
   at IEC61850_simulatorServer2.ModbusSlave.Write(Dictionary`2 data, Byte slaveId) in /Users/songyinpei/jobs/IEC61850-simulatorServer2/Protocol/ModbusSlave.cs:line 199 

2025-12-30 16:56:56,204 [16] WARN  IEC61850_simulatorServer2.ModbusSlave [?] - Scale apply failed for param16: System.InvalidCastException: Unable to cast object of type 'System.UInt16' to type 'System.Single'.
   at IEC61850_simulatorServer2.ModbusSlave.Write(Dictionary`2 data, Byte slaveId) in /Users/songyinpei/jobs/IEC61850-simulatorServer2/Protocol/ModbusSlave.cs:line 199 

2025-12-30 16:56:56,206 [16] WARN  IEC61850_simulatorServer2.ModbusSlave [?] - Scale apply failed for param17: System.InvalidCastException: Unable to cast object of type 'System.UInt16' to type 'System.Single'.
   at IEC61850_simulatorServer2.ModbusSlave.Write(Dictionary`2 data, Byte slaveId) in /Users/songyinpei/jobs/IEC61850-simulatorServer2/Protocol/ModbusSlave.cs:line 199 

2025-12-30 16:56:56,209 [16] WARN  IEC61850_simulatorServer2.ModbusSlave [?] - Scale apply failed for param18: System.InvalidCastException: Unable to cast object of type 'System.UInt16' to type 'System.Single'.
   at IEC61850_simulatorServer2.ModbusSlave.Write(Dictionary`2 data, Byte slaveId) in /Users/songyinpei/jobs/IEC61850-simulatorServer2/Protocol/ModbusSlave.cs:line 199 

2025-12-30 16:56:56,210 [16] WARN  IEC61850_simulatorServer2.ModbusSlave [?] - Scale apply failed for param20: System.InvalidCastException: Unable to cast object of type 'System.UInt16' to type 'System.Single'.
   at IEC61850_simulatorServer2.ModbusSlave.Write(Dictionary`2 data, Byte slaveId) in /Users/songyinpei/jobs/IEC61850-simulatorServer2/Protocol/ModbusSlave.cs:line 199 

2025-12-30 16:56:56,212 [16] WARN  IEC61850_simulatorServer2.ModbusSlave [?] - Scale apply failed for param19: System.InvalidCastException: Unable to cast object of type 'System.UInt16' to type 'System.Single'.
   at IEC61850_simulatorServer2.ModbusSlave.Write(Dictionary`2 data, Byte slaveId) in /Users/songyinpei/jobs/IEC61850-simulatorServer2/Protocol/ModbusSlave.cs:line 199 

2025-12-30 16:56:56,214 [16] WARN  IEC61850_simulatorServer2.ModbusSlave [?] - Scale apply failed for param21: System.InvalidCastException: Unable to cast object of type 'System.UInt16' to type 'System.Single'.
   at IEC61850_simulatorServer2.ModbusSlave.Write(Dictionary`2 data, Byte slaveId) in /Users/songyinpei/jobs/IEC61850-simulatorServer2/Protocol/ModbusSlave.cs:line 199 

2025-12-30 16:56:56,216 [16] WARN  IEC61850_simulatorServer2.ModbusSlave [?] - Scale apply failed for param40: System.OverflowException: Value was either too large or too small for an Int32.
   at System.Convert.ToInt32(Double value)
   at System.Convert.ToInt16(Double value)
   at IEC61850_simulatorServer2.ModbusSlave.Write(Dictionary`2 data, Byte slaveId) in /Users/songyinpei/jobs/IEC61850-simulatorServer2/Protocol/ModbusSlave.cs:line 203 

2025-12-30 16:56:56,218 [16] WARN  IEC61850_simulatorServer2.ModbusSlave [?] - Scale apply failed for param49: System.InvalidCastException: Unable to cast object of type 'System.Boolean' to type 'System.Single'.
   at IEC61850_simulatorServer2.ModbusSlave.Write(Dictionary`2 data, Byte slaveId) in /Users/songyinpei/jobs/IEC61850-simulatorServer2/Protocol/ModbusSlave.cs:line 199 

2025-12-30 17:12:51,519 [1] INFO  IEC61850_simulatorServer2.MainClass [34] - [Program] 应用启动，log4net 配置已尝试加载 

2025-12-30 17:12:52,983 [6] WARN  IEC61850_simulatorServer2.ModbusSlave [199] - Scale apply failed for yc6: System.InvalidCastException: Unable to cast object of type 'System.Int32' to type 'System.Single'.
   at IEC61850_simulatorServer2.ModbusSlave.Write(Dictionary`2 data, Byte slaveId) in /Users/songyinpei/jobs/IEC61850-simulatorServer2/Protocol/ModbusSlave.cs:line 199 

2025-12-30 17:12:52,988 [6] WARN  IEC61850_simulatorServer2.ModbusSlave [199] - Scale apply failed for yc7: System.InvalidCastException: Unable to cast object of type 'System.Int32' to type 'System.Single'.
   at IEC61850_simulatorServer2.ModbusSlave.Write(Dictionary`2 data, Byte slaveId) in /Users/songyinpei/jobs/IEC61850-simulatorServer2/Protocol/ModbusSlave.cs:line 199 

2025-12-30 17:12:52,991 [6] WARN  IEC61850_simulatorServer2.ModbusSlave [199] - Scale apply failed for yc8: System.InvalidCastException: Unable to cast object of type 'System.Int32' to type 'System.Single'.
   at IEC61850_simulatorServer2.ModbusSlave.Write(Dictionary`2 data, Byte slaveId) in /Users/songyinpei/jobs/IEC61850-simulatorServer2/Protocol/ModbusSlave.cs:line 199 

2025-12-30 17:12:52,993 [6] WARN  IEC61850_simulatorServer2.ModbusSlave [199] - Scale apply failed for yc9: System.InvalidCastException: Unable to cast object of type 'System.Int32' to type 'System.Single'.
   at IEC61850_simulatorServer2.ModbusSlave.Write(Dictionary`2 data, Byte slaveId) in /Users/songyinpei/jobs/IEC61850-simulatorServer2/Protocol/ModbusSlave.cs:line 199 

2025-12-30 17:12:52,996 [6] WARN  IEC61850_simulatorServer2.ModbusSlave [199] - Scale apply failed for yc10: System.InvalidCastException: Unable to cast object of type 'System.Int32' to type 'System.Single'.
   at IEC61850_simulatorServer2.ModbusSlave.Write(Dictionary`2 data, Byte slaveId) in /Users/songyinpei/jobs/IEC61850-simulatorServer2/Protocol/ModbusSlave.cs:line 199 

2025-12-30 17:12:52,998 [6] WARN  IEC61850_simulatorServer2.ModbusSlave [199] - Scale apply failed for yc11: System.InvalidCastException: Unable to cast object of type 'System.Int32' to type 'System.Single'.
   at IEC61850_simulatorServer2.ModbusSlave.Write(Dictionary`2 data, Byte slaveId) in /Users/songyinpei/jobs/IEC61850-simulatorServer2/Protocol/ModbusSlave.cs:line 199 

2025-12-30 17:12:53,000 [6] WARN  IEC61850_simulatorServer2.ModbusSlave [199] - Scale apply failed for yc12: System.InvalidCastException: Unable to cast object of type 'System.Int32' to type 'System.Single'.
   at IEC61850_simulatorServer2.ModbusSlave.Write(Dictionary`2 data, Byte slaveId) in /Users/songyinpei/jobs/IEC61850-simulatorServer2/Protocol/ModbusSlave.cs:line 199 

2025-12-30 17:12:53,027 [6] WARN  IEC61850_simulatorServer2.ModbusSlave [199] - Scale apply failed for yc20: System.InvalidCastException: Unable to cast object of type 'System.Int32' to type 'System.Single'.
   at IEC61850_simulatorServer2.ModbusSlave.Write(Dictionary`2 data, Byte slaveId) in /Users/songyinpei/jobs/IEC61850-simulatorServer2/Protocol/ModbusSlave.cs:line 199 

2025-12-30 17:12:53,031 [6] WARN  IEC61850_simulatorServer2.ModbusSlave [199] - Scale apply failed for yc21: System.InvalidCastException: Unable to cast object of type 'System.Int32' to type 'System.Single'.
   at IEC61850_simulatorServer2.ModbusSlave.Write(Dictionary`2 data, Byte slaveId) in /Users/songyinpei/jobs/IEC61850-simulatorServer2/Protocol/ModbusSlave.cs:line 199 

2025-12-30 17:12:53,034 [6] WARN  IEC61850_simulatorServer2.ModbusSlave [199] - Scale apply failed for yc22: System.InvalidCastException: Unable to cast object of type 'System.Int32' to type 'System.Single'.
   at IEC61850_simulatorServer2.ModbusSlave.Write(Dictionary`2 data, Byte slaveId) in /Users/songyinpei/jobs/IEC61850-simulatorServer2/Protocol/ModbusSlave.cs:line 199 

2025-12-30 17:12:53,037 [6] WARN  IEC61850_simulatorServer2.ModbusSlave [199] - Scale apply failed for yc23: System.InvalidCastException: Unable to cast object of type 'System.Int32' to type 'System.Single'.
   at IEC61850_simulatorServer2.ModbusSlave.Write(Dictionary`2 data, Byte slaveId) in /Users/songyinpei/jobs/IEC61850-simulatorServer2/Protocol/ModbusSlave.cs:line 199 

2025-12-30 17:12:53,041 [6] WARN  IEC61850_simulatorServer2.ModbusSlave [199] - Scale apply failed for yc24: System.InvalidCastException: Unable to cast object of type 'System.Int32' to type 'System.Single'.
   at IEC61850_simulatorServer2.ModbusSlave.Write(Dictionary`2 data, Byte slaveId) in /Users/songyinpei/jobs/IEC61850-simulatorServer2/Protocol/ModbusSlave.cs:line 199 

2025-12-30 17:12:53,068 [6] WARN  IEC61850_simulatorServer2.ModbusSlave [199] - Scale apply failed for yc25: System.InvalidCastException: Unable to cast object of type 'System.Int32' to type 'System.Single'.
   at IEC61850_simulatorServer2.ModbusSlave.Write(Dictionary`2 data, Byte slaveId) in /Users/songyinpei/jobs/IEC61850-simulatorServer2/Protocol/ModbusSlave.cs:line 199 

2025-12-30 17:12:53,071 [6] WARN  IEC61850_simulatorServer2.ModbusSlave [199] - Scale apply failed for yc26: System.InvalidCastException: Unable to cast object of type 'System.Int32' to type 'System.Single'.
   at IEC61850_simulatorServer2.ModbusSlave.Write(Dictionary`2 data, Byte slaveId) in /Users/songyinpei/jobs/IEC61850-simulatorServer2/Protocol/ModbusSlave.cs:line 199 

2025-12-30 17:12:53,074 [6] WARN  IEC61850_simulatorServer2.ModbusSlave [199] - Scale apply failed for yc27: System.InvalidCastException: Unable to cast object of type 'System.Int32' to type 'System.Single'.
   at IEC61850_simulatorServer2.ModbusSlave.Write(Dictionary`2 data, Byte slaveId) in /Users/songyinpei/jobs/IEC61850-simulatorServer2/Protocol/ModbusSlave.cs:line 199 

2025-12-30 17:12:53,076 [6] WARN  IEC61850_simulatorServer2.ModbusSlave [199] - Scale apply failed for yc28: System.InvalidCastException: Unable to cast object of type 'System.Int32' to type 'System.Single'.
   at IEC61850_simulatorServer2.ModbusSlave.Write(Dictionary`2 data, Byte slaveId) in /Users/songyinpei/jobs/IEC61850-simulatorServer2/Protocol/ModbusSlave.cs:line 199 

2025-12-30 17:12:53,103 [6] WARN  IEC61850_simulatorServer2.ModbusSlave [199] - Scale apply failed for yc29: System.InvalidCastException: Unable to cast object of type 'System.Int32' to type 'System.Single'.
   at IEC61850_simulatorServer2.ModbusSlave.Write(Dictionary`2 data, Byte slaveId) in /Users/songyinpei/jobs/IEC61850-simulatorServer2/Protocol/ModbusSlave.cs:line 199 

2025-12-30 17:12:53,136 [6] WARN  IEC61850_simulatorServer2.ModbusSlave [199] - Scale apply failed for yc30: System.InvalidCastException: Unable to cast object of type 'System.Int32' to type 'System.Single'.
   at IEC61850_simulatorServer2.ModbusSlave.Write(Dictionary`2 data, Byte slaveId) in /Users/songyinpei/jobs/IEC61850-simulatorServer2/Protocol/ModbusSlave.cs:line 199 

2025-12-30 17:12:53,189 [6] WARN  IEC61850_simulatorServer2.ModbusSlave [199] - Scale apply failed for yc31: System.InvalidCastException: Unable to cast object of type 'System.Int32' to type 'System.Single'.
   at IEC61850_simulatorServer2.ModbusSlave.Write(Dictionary`2 data, Byte slaveId) in /Users/songyinpei/jobs/IEC61850-simulatorServer2/Protocol/ModbusSlave.cs:line 199 

2025-12-30 17:12:53,217 [6] WARN  IEC61850_simulatorServer2.ModbusSlave [199] - Scale apply failed for yc34: System.InvalidCastException: Unable to cast object of type 'System.Int32' to type 'System.Single'.
   at IEC61850_simulatorServer2.ModbusSlave.Write(Dictionary`2 data, Byte slaveId) in /Users/songyinpei/jobs/IEC61850-simulatorServer2/Protocol/ModbusSlave.cs:line 199 

2025-12-30 17:12:53,269 [6] WARN  IEC61850_simulatorServer2.ModbusSlave [199] - Scale apply failed for yc32: System.InvalidCastException: Unable to cast object of type 'System.Int32' to type 'System.Single'.
   at IEC61850_simulatorServer2.ModbusSlave.Write(Dictionary`2 data, Byte slaveId) in /Users/songyinpei/jobs/IEC61850-simulatorServer2/Protocol/ModbusSlave.cs:line 199 

2025-12-30 17:12:53,322 [6] WARN  IEC61850_simulatorServer2.ModbusSlave [199] - Scale apply failed for yc33: System.InvalidCastException: Unable to cast object of type 'System.Int32' to type 'System.Single'.
   at IEC61850_simulatorServer2.ModbusSlave.Write(Dictionary`2 data, Byte slaveId) in /Users/songyinpei/jobs/IEC61850-simulatorServer2/Protocol/ModbusSlave.cs:line 199 

2025-12-30 17:12:53,351 [6] WARN  IEC61850_simulatorServer2.ModbusSlave [199] - Scale apply failed for yc35: System.InvalidCastException: Unable to cast object of type 'System.Int32' to type 'System.Single'.
   at IEC61850_simulatorServer2.ModbusSlave.Write(Dictionary`2 data, Byte slaveId) in /Users/songyinpei/jobs/IEC61850-simulatorServer2/Protocol/ModbusSlave.cs:line 199 

2025-12-30 17:12:53,401 [6] WARN  IEC61850_simulatorServer2.ModbusSlave [199] - Scale apply failed for yc36: System.InvalidCastException: Unable to cast object of type 'System.Int32' to type 'System.Single'.
   at IEC61850_simulatorServer2.ModbusSlave.Write(Dictionary`2 data, Byte slaveId) in /Users/songyinpei/jobs/IEC61850-simulatorServer2/Protocol/ModbusSlave.cs:line 199 

2025-12-30 17:12:53,451 [6] WARN  IEC61850_simulatorServer2.ModbusSlave [199] - Scale apply failed for yc37: System.InvalidCastException: Unable to cast object of type 'System.Int32' to type 'System.Single'.
   at IEC61850_simulatorServer2.ModbusSlave.Write(Dictionary`2 data, Byte slaveId) in /Users/songyinpei/jobs/IEC61850-simulatorServer2/Protocol/ModbusSlave.cs:line 199 

2025-12-30 17:12:53,480 [6] WARN  IEC61850_simulatorServer2.ModbusSlave [199] - Scale apply failed for yc43: System.InvalidCastException: Unable to cast object of type 'System.Int32' to type 'System.Single'.
   at IEC61850_simulatorServer2.ModbusSlave.Write(Dictionary`2 data, Byte slaveId) in /Users/songyinpei/jobs/IEC61850-simulatorServer2/Protocol/ModbusSlave.cs:line 199 

2025-12-30 17:12:53,533 [6] WARN  IEC61850_simulatorServer2.ModbusSlave [199] - Scale apply failed for yc45: System.InvalidCastException: Unable to cast object of type 'System.Int32' to type 'System.Single'.
   at IEC61850_simulatorServer2.ModbusSlave.Write(Dictionary`2 data, Byte slaveId) in /Users/songyinpei/jobs/IEC61850-simulatorServer2/Protocol/ModbusSlave.cs:line 199 

2025-12-30 17:12:53,566 [6] WARN  IEC61850_simulatorServer2.ModbusSlave [199] - Scale apply failed for yc53: System.InvalidCastException: Unable to cast object of type 'System.Int32' to type 'System.Single'.
   at IEC61850_simulatorServer2.ModbusSlave.Write(Dictionary`2 data, Byte slaveId) in /Users/songyinpei/jobs/IEC61850-simulatorServer2/Protocol/ModbusSlave.cs:line 199 

2025-12-30 17:12:53,959 [10] WARN  IEC61850_simulatorServer2.ModbusSlave [199] - Scale apply failed for param2: System.InvalidCastException: Unable to cast object of type 'System.Int32' to type 'System.Single'.
   at IEC61850_simulatorServer2.ModbusSlave.Write(Dictionary`2 data, Byte slaveId) in /Users/songyinpei/jobs/IEC61850-simulatorServer2/Protocol/ModbusSlave.cs:line 199 

2025-12-30 17:12:53,994 [10] WARN  IEC61850_simulatorServer2.ModbusSlave [199] - Scale apply failed for param3: System.InvalidCastException: Unable to cast object of type 'System.Int32' to type 'System.Single'.
   at IEC61850_simulatorServer2.ModbusSlave.Write(Dictionary`2 data, Byte slaveId) in /Users/songyinpei/jobs/IEC61850-simulatorServer2/Protocol/ModbusSlave.cs:line 199 

2025-12-30 17:12:54,018 [10] WARN  IEC61850_simulatorServer2.ModbusSlave [199] - Scale apply failed for param4: System.InvalidCastException: Unable to cast object of type 'System.Int32' to type 'System.Single'.
   at IEC61850_simulatorServer2.ModbusSlave.Write(Dictionary`2 data, Byte slaveId) in /Users/songyinpei/jobs/IEC61850-simulatorServer2/Protocol/ModbusSlave.cs:line 199 

2025-12-30 17:12:54,021 [10] WARN  IEC61850_simulatorServer2.ModbusSlave [199] - Scale apply failed for param8: System.InvalidCastException: Unable to cast object of type 'System.Int32' to type 'System.Single'.
   at IEC61850_simulatorServer2.ModbusSlave.Write(Dictionary`2 data, Byte slaveId) in /Users/songyinpei/jobs/IEC61850-simulatorServer2/Protocol/ModbusSlave.cs:line 199 

2025-12-30 17:12:54,023 [10] WARN  IEC61850_simulatorServer2.ModbusSlave [199] - Scale apply failed for param9: System.InvalidCastException: Unable to cast object of type 'System.Int32' to type 'System.Single'.
   at IEC61850_simulatorServer2.ModbusSlave.Write(Dictionary`2 data, Byte slaveId) in /Users/songyinpei/jobs/IEC61850-simulatorServer2/Protocol/ModbusSlave.cs:line 199 

2025-12-30 17:12:54,029 [10] WARN  IEC61850_simulatorServer2.ModbusSlave [199] - Scale apply failed for param10: System.InvalidCastException: Unable to cast object of type 'System.Int32' to type 'System.Single'.
   at IEC61850_simulatorServer2.ModbusSlave.Write(Dictionary`2 data, Byte slaveId) in /Users/songyinpei/jobs/IEC61850-simulatorServer2/Protocol/ModbusSlave.cs:line 199 

2025-12-30 17:12:54,031 [10] WARN  IEC61850_simulatorServer2.ModbusSlave [199] - Scale apply failed for param15: System.InvalidCastException: Unable to cast object of type 'System.Int32' to type 'System.Single'.
   at IEC61850_simulatorServer2.ModbusSlave.Write(Dictionary`2 data, Byte slaveId) in /Users/songyinpei/jobs/IEC61850-simulatorServer2/Protocol/ModbusSlave.cs:line 199 

2025-12-30 17:12:54,033 [10] WARN  IEC61850_simulatorServer2.ModbusSlave [199] - Scale apply failed for param16: System.InvalidCastException: Unable to cast object of type 'System.Int32' to type 'System.Single'.
   at IEC61850_simulatorServer2.ModbusSlave.Write(Dictionary`2 data, Byte slaveId) in /Users/songyinpei/jobs/IEC61850-simulatorServer2/Protocol/ModbusSlave.cs:line 199 

2025-12-30 17:12:54,035 [10] WARN  IEC61850_simulatorServer2.ModbusSlave [199] - Scale apply failed for param17: System.InvalidCastException: Unable to cast object of type 'System.Int32' to type 'System.Single'.
   at IEC61850_simulatorServer2.ModbusSlave.Write(Dictionary`2 data, Byte slaveId) in /Users/songyinpei/jobs/IEC61850-simulatorServer2/Protocol/ModbusSlave.cs:line 199 

2025-12-30 17:12:54,081 [10] WARN  IEC61850_simulatorServer2.ModbusSlave [199] - Scale apply failed for param18: System.InvalidCastException: Unable to cast object of type 'System.Int32' to type 'System.Single'.
   at IEC61850_simulatorServer2.ModbusSlave.Write(Dictionary`2 data, Byte slaveId) in /Users/songyinpei/jobs/IEC61850-simulatorServer2/Protocol/ModbusSlave.cs:line 199 

2025-12-30 17:12:54,108 [10] WARN  IEC61850_simulatorServer2.ModbusSlave [199] - Scale apply failed for param19: System.InvalidCastException: Unable to cast object of type 'System.Int32' to type 'System.Single'.
   at IEC61850_simulatorServer2.ModbusSlave.Write(Dictionary`2 data, Byte slaveId) in /Users/songyinpei/jobs/IEC61850-simulatorServer2/Protocol/ModbusSlave.cs:line 199 

2025-12-30 17:12:54,135 [10] WARN  IEC61850_simulatorServer2.ModbusSlave [199] - Scale apply failed for param20: System.InvalidCastException: Unable to cast object of type 'System.Int32' to type 'System.Single'.
   at IEC61850_simulatorServer2.ModbusSlave.Write(Dictionary`2 data, Byte slaveId) in /Users/songyinpei/jobs/IEC61850-simulatorServer2/Protocol/ModbusSlave.cs:line 199 

2025-12-30 17:12:54,187 [10] WARN  IEC61850_simulatorServer2.ModbusSlave [199] - Scale apply failed for param21: System.InvalidCastException: Unable to cast object of type 'System.Int32' to type 'System.Single'.
   at IEC61850_simulatorServer2.ModbusSlave.Write(Dictionary`2 data, Byte slaveId) in /Users/songyinpei/jobs/IEC61850-simulatorServer2/Protocol/ModbusSlave.cs:line 199 

2025-12-30 17:12:54,191 [10] WARN  IEC61850_simulatorServer2.ModbusSlave [199] - Scale apply failed for param31: System.InvalidCastException: Unable to cast object of type 'System.Int32' to type 'System.Single'.
   at IEC61850_simulatorServer2.ModbusSlave.Write(Dictionary`2 data, Byte slaveId) in /Users/songyinpei/jobs/IEC61850-simulatorServer2/Protocol/ModbusSlave.cs:line 199 

2025-12-30 17:12:54,252 [10] WARN  IEC61850_simulatorServer2.ModbusSlave [199] - Scale apply failed for param32: System.InvalidCastException: Unable to cast object of type 'System.Int32' to type 'System.Single'.
   at IEC61850_simulatorServer2.ModbusSlave.Write(Dictionary`2 data, Byte slaveId) in /Users/songyinpei/jobs/IEC61850-simulatorServer2/Protocol/ModbusSlave.cs:line 199 

2025-12-30 17:12:54,291 [10] WARN  IEC61850_simulatorServer2.ModbusSlave [199] - Scale apply failed for param33: System.InvalidCastException: Unable to cast object of type 'System.Int32' to type 'System.Single'.
   at IEC61850_simulatorServer2.ModbusSlave.Write(Dictionary`2 data, Byte slaveId) in /Users/songyinpei/jobs/IEC61850-simulatorServer2/Protocol/ModbusSlave.cs:line 199 

2025-12-30 17:12:54,344 [10] WARN  IEC61850_simulatorServer2.ModbusSlave [199] - Scale apply failed for param34: System.InvalidCastException: Unable to cast object of type 'System.Int32' to type 'System.Single'.
   at IEC61850_simulatorServer2.ModbusSlave.Write(Dictionary`2 data, Byte slaveId) in /Users/songyinpei/jobs/IEC61850-simulatorServer2/Protocol/ModbusSlave.cs:line 199 

2025-12-30 17:12:54,358 [10] WARN  IEC61850_simulatorServer2.ModbusSlave [199] - Scale apply failed for param35: System.InvalidCastException: Unable to cast object of type 'System.Int32' to type 'System.Single'.
   at IEC61850_simulatorServer2.ModbusSlave.Write(Dictionary`2 data, Byte slaveId) in /Users/songyinpei/jobs/IEC61850-simulatorServer2/Protocol/ModbusSlave.cs:line 199 

2025-12-30 17:12:54,360 [10] WARN  IEC61850_simulatorServer2.ModbusSlave [199] - Scale apply failed for param36: System.InvalidCastException: Unable to cast object of type 'System.Int32' to type 'System.Single'.
   at IEC61850_simulatorServer2.ModbusSlave.Write(Dictionary`2 data, Byte slaveId) in /Users/songyinpei/jobs/IEC61850-simulatorServer2/Protocol/ModbusSlave.cs:line 199 

2025-12-30 17:12:54,362 [10] WARN  IEC61850_simulatorServer2.ModbusSlave [199] - Scale apply failed for param37: System.InvalidCastException: Unable to cast object of type 'System.Int32' to type 'System.Single'.
   at IEC61850_simulatorServer2.ModbusSlave.Write(Dictionary`2 data, Byte slaveId) in /Users/songyinpei/jobs/IEC61850-simulatorServer2/Protocol/ModbusSlave.cs:line 199 

2025-12-30 17:12:54,365 [10] WARN  IEC61850_simulatorServer2.ModbusSlave [199] - Scale apply failed for param38: System.InvalidCastException: Unable to cast object of type 'System.Int32' to type 'System.Single'.
   at IEC61850_simulatorServer2.ModbusSlave.Write(Dictionary`2 data, Byte slaveId) in /Users/songyinpei/jobs/IEC61850-simulatorServer2/Protocol/ModbusSlave.cs:line 199 

2025-12-30 17:12:54,367 [10] WARN  IEC61850_simulatorServer2.ModbusSlave [199] - Scale apply failed for param39: System.InvalidCastException: Unable to cast object of type 'System.Int32' to type 'System.Single'.
   at IEC61850_simulatorServer2.ModbusSlave.Write(Dictionary`2 data, Byte slaveId) in /Users/songyinpei/jobs/IEC61850-simulatorServer2/Protocol/ModbusSlave.cs:line 199 

2025-12-30 17:12:54,369 [10] WARN  IEC61850_simulatorServer2.ModbusSlave [199] - Scale apply failed for param40: System.InvalidCastException: Unable to cast object of type 'System.Int32' to type 'System.Single'.
   at IEC61850_simulatorServer2.ModbusSlave.Write(Dictionary`2 data, Byte slaveId) in /Users/songyinpei/jobs/IEC61850-simulatorServer2/Protocol/ModbusSlave.cs:line 199 

2025-12-30 17:12:54,371 [10] WARN  IEC61850_simulatorServer2.ModbusSlave [199] - Scale apply failed for param41: System.InvalidCastException: Unable to cast object of type 'System.Int32' to type 'System.Single'.
   at IEC61850_simulatorServer2.ModbusSlave.Write(Dictionary`2 data, Byte slaveId) in /Users/songyinpei/jobs/IEC61850-simulatorServer2/Protocol/ModbusSlave.cs:line 199 

2025-12-30 17:12:54,397 [10] WARN  IEC61850_simulatorServer2.ModbusSlave [199] - Scale apply failed for param42: System.InvalidCastException: Unable to cast object of type 'System.Int32' to type 'System.Single'.
   at IEC61850_simulatorServer2.ModbusSlave.Write(Dictionary`2 data, Byte slaveId) in /Users/songyinpei/jobs/IEC61850-simulatorServer2/Protocol/ModbusSlave.cs:line 199 

2025-12-30 17:12:54,400 [10] WARN  IEC61850_simulatorServer2.ModbusSlave [199] - Scale apply failed for param43: System.InvalidCastException: Unable to cast object of type 'System.Int32' to type 'System.Single'.
   at IEC61850_simulatorServer2.ModbusSlave.Write(Dictionary`2 data, Byte slaveId) in /Users/songyinpei/jobs/IEC61850-simulatorServer2/Protocol/ModbusSlave.cs:line 199 

2025-12-30 17:12:54,401 [10] WARN  IEC61850_simulatorServer2.ModbusSlave [199] - Scale apply failed for param44: System.InvalidCastException: Unable to cast object of type 'System.Int32' to type 'System.Single'.
   at IEC61850_simulatorServer2.ModbusSlave.Write(Dictionary`2 data, Byte slaveId) in /Users/songyinpei/jobs/IEC61850-simulatorServer2/Protocol/ModbusSlave.cs:line 199 

2025-12-30 17:12:54,424 [10] WARN  IEC61850_simulatorServer2.ModbusSlave [199] - Scale apply failed for param45: System.InvalidCastException: Unable to cast object of type 'System.Int32' to type 'System.Single'.
   at IEC61850_simulatorServer2.ModbusSlave.Write(Dictionary`2 data, Byte slaveId) in /Users/songyinpei/jobs/IEC61850-simulatorServer2/Protocol/ModbusSlave.cs:line 199 

2025-12-30 17:12:54,427 [10] WARN  IEC61850_simulatorServer2.ModbusSlave [199] - Scale apply failed for param46: System.InvalidCastException: Unable to cast object of type 'System.Int32' to type 'System.Single'.
   at IEC61850_simulatorServer2.ModbusSlave.Write(Dictionary`2 data, Byte slaveId) in /Users/songyinpei/jobs/IEC61850-simulatorServer2/Protocol/ModbusSlave.cs:line 199 

2025-12-30 17:12:54,428 [10] WARN  IEC61850_simulatorServer2.ModbusSlave [199] - Scale apply failed for param47: System.InvalidCastException: Unable to cast object of type 'System.Int32' to type 'System.Single'.
   at IEC61850_simulatorServer2.ModbusSlave.Write(Dictionary`2 data, Byte slaveId) in /Users/songyinpei/jobs/IEC61850-simulatorServer2/Protocol/ModbusSlave.cs:line 199 

2025-12-30 17:12:54,430 [10] WARN  IEC61850_simulatorServer2.ModbusSlave [199] - Scale apply failed for param48: System.InvalidCastException: Unable to cast object of type 'System.Int32' to type 'System.Single'.
   at IEC61850_simulatorServer2.ModbusSlave.Write(Dictionary`2 data, Byte slaveId) in /Users/songyinpei/jobs/IEC61850-simulatorServer2/Protocol/ModbusSlave.cs:line 199 

2025-12-30 17:12:54,432 [10] WARN  IEC61850_simulatorServer2.ModbusSlave [199] - Scale apply failed for param49: System.InvalidCastException: Unable to cast object of type 'System.Int32' to type 'System.Single'.
   at IEC61850_simulatorServer2.ModbusSlave.Write(Dictionary`2 data, Byte slaveId) in /Users/songyinpei/jobs/IEC61850-simulatorServer2/Protocol/ModbusSlave.cs:line 199 

2025-12-30 17:12:55,192 [12] WARN  IEC61850_simulatorServer2.ModbusSlave [199] - Scale apply failed for yc6: System.InvalidCastException: Unable to cast object of type 'System.Int32' to type 'System.Single'.
   at IEC61850_simulatorServer2.ModbusSlave.Write(Dictionary`2 data, Byte slaveId) in /Users/songyinpei/jobs/IEC61850-simulatorServer2/Protocol/ModbusSlave.cs:line 199 

2025-12-30 17:12:55,195 [12] WARN  IEC61850_simulatorServer2.ModbusSlave [199] - Scale apply failed for yc7: System.InvalidCastException: Unable to cast object of type 'System.Int32' to type 'System.Single'.
   at IEC61850_simulatorServer2.ModbusSlave.Write(Dictionary`2 data, Byte slaveId) in /Users/songyinpei/jobs/IEC61850-simulatorServer2/Protocol/ModbusSlave.cs:line 199 

2025-12-30 17:12:55,198 [12] WARN  IEC61850_simulatorServer2.ModbusSlave [199] - Scale apply failed for yc8: System.InvalidCastException: Unable to cast object of type 'System.Int32' to type 'System.Single'.
   at IEC61850_simulatorServer2.ModbusSlave.Write(Dictionary`2 data, Byte slaveId) in /Users/songyinpei/jobs/IEC61850-simulatorServer2/Protocol/ModbusSlave.cs:line 199 

2025-12-30 17:12:55,200 [12] WARN  IEC61850_simulatorServer2.ModbusSlave [199] - Scale apply failed for yc9: System.InvalidCastException: Unable to cast object of type 'System.Int32' to type 'System.Single'.
   at IEC61850_simulatorServer2.ModbusSlave.Write(Dictionary`2 data, Byte slaveId) in /Users/songyinpei/jobs/IEC61850-simulatorServer2/Protocol/ModbusSlave.cs:line 199 

2025-12-30 17:12:55,227 [12] WARN  IEC61850_simulatorServer2.ModbusSlave [199] - Scale apply failed for yc11: System.InvalidCastException: Unable to cast object of type 'System.Int32' to type 'System.Single'.
   at IEC61850_simulatorServer2.ModbusSlave.Write(Dictionary`2 data, Byte slaveId) in /Users/songyinpei/jobs/IEC61850-simulatorServer2/Protocol/ModbusSlave.cs:line 199 

2025-12-30 17:12:55,255 [12] WARN  IEC61850_simulatorServer2.ModbusSlave [199] - Scale apply failed for yc10: System.InvalidCastException: Unable to cast object of type 'System.Int32' to type 'System.Single'.
   at IEC61850_simulatorServer2.ModbusSlave.Write(Dictionary`2 data, Byte slaveId) in /Users/songyinpei/jobs/IEC61850-simulatorServer2/Protocol/ModbusSlave.cs:line 199 

2025-12-30 17:12:55,258 [12] WARN  IEC61850_simulatorServer2.ModbusSlave [199] - Scale apply failed for yc12: System.InvalidCastException: Unable to cast object of type 'System.Int32' to type 'System.Single'.
   at IEC61850_simulatorServer2.ModbusSlave.Write(Dictionary`2 data, Byte slaveId) in /Users/songyinpei/jobs/IEC61850-simulatorServer2/Protocol/ModbusSlave.cs:line 199 

2025-12-30 17:12:55,261 [12] WARN  IEC61850_simulatorServer2.ModbusSlave [199] - Scale apply failed for yc20: System.InvalidCastException: Unable to cast object of type 'System.Int32' to type 'System.Single'.
   at IEC61850_simulatorServer2.ModbusSlave.Write(Dictionary`2 data, Byte slaveId) in /Users/songyinpei/jobs/IEC61850-simulatorServer2/Protocol/ModbusSlave.cs:line 199 

2025-12-30 17:12:55,287 [12] WARN  IEC61850_simulatorServer2.ModbusSlave [199] - Scale apply failed for yc21: System.InvalidCastException: Unable to cast object of type 'System.Int32' to type 'System.Single'.
   at IEC61850_simulatorServer2.ModbusSlave.Write(Dictionary`2 data, Byte slaveId) in /Users/songyinpei/jobs/IEC61850-simulatorServer2/Protocol/ModbusSlave.cs:line 199 

2025-12-30 17:12:55,310 [12] WARN  IEC61850_simulatorServer2.ModbusSlave [199] - Scale apply failed for yc22: System.InvalidCastException: Unable to cast object of type 'System.Int32' to type 'System.Single'.
   at IEC61850_simulatorServer2.ModbusSlave.Write(Dictionary`2 data, Byte slaveId) in /Users/songyinpei/jobs/IEC61850-simulatorServer2/Protocol/ModbusSlave.cs:line 199 

2025-12-30 17:12:55,362 [12] WARN  IEC61850_simulatorServer2.ModbusSlave [199] - Scale apply failed for yc23: System.InvalidCastException: Unable to cast object of type 'System.Int32' to type 'System.Single'.
   at IEC61850_simulatorServer2.ModbusSlave.Write(Dictionary`2 data, Byte slaveId) in /Users/songyinpei/jobs/IEC61850-simulatorServer2/Protocol/ModbusSlave.cs:line 199 

2025-12-30 17:12:55,390 [12] WARN  IEC61850_simulatorServer2.ModbusSlave [199] - Scale apply failed for yc24: System.InvalidCastException: Unable to cast object of type 'System.Int32' to type 'System.Single'.
   at IEC61850_simulatorServer2.ModbusSlave.Write(Dictionary`2 data, Byte slaveId) in /Users/songyinpei/jobs/IEC61850-simulatorServer2/Protocol/ModbusSlave.cs:line 199 

2025-12-30 17:12:55,419 [12] WARN  IEC61850_simulatorServer2.ModbusSlave [199] - Scale apply failed for yc25: System.InvalidCastException: Unable to cast object of type 'System.Int32' to type 'System.Single'.
   at IEC61850_simulatorServer2.ModbusSlave.Write(Dictionary`2 data, Byte slaveId) in /Users/songyinpei/jobs/IEC61850-simulatorServer2/Protocol/ModbusSlave.cs:line 199 

2025-12-30 17:12:55,449 [12] WARN  IEC61850_simulatorServer2.ModbusSlave [199] - Scale apply failed for yc26: System.InvalidCastException: Unable to cast object of type 'System.Int32' to type 'System.Single'.
   at IEC61850_simulatorServer2.ModbusSlave.Write(Dictionary`2 data, Byte slaveId) in /Users/songyinpei/jobs/IEC61850-simulatorServer2/Protocol/ModbusSlave.cs:line 199 

2025-12-30 17:12:55,477 [12] WARN  IEC61850_simulatorServer2.ModbusSlave [199] - Scale apply failed for yc27: System.InvalidCastException: Unable to cast object of type 'System.Int32' to type 'System.Single'.
   at IEC61850_simulatorServer2.ModbusSlave.Write(Dictionary`2 data, Byte slaveId) in /Users/songyinpei/jobs/IEC61850-simulatorServer2/Protocol/ModbusSlave.cs:line 199 

2025-12-30 17:12:55,504 [12] WARN  IEC61850_simulatorServer2.ModbusSlave [199] - Scale apply failed for yc28: System.InvalidCastException: Unable to cast object of type 'System.Int32' to type 'System.Single'.
   at IEC61850_simulatorServer2.ModbusSlave.Write(Dictionary`2 data, Byte slaveId) in /Users/songyinpei/jobs/IEC61850-simulatorServer2/Protocol/ModbusSlave.cs:line 199 

2025-12-30 17:12:55,533 [12] WARN  IEC61850_simulatorServer2.ModbusSlave [199] - Scale apply failed for yc29: System.InvalidCastException: Unable to cast object of type 'System.Int32' to type 'System.Single'.
   at IEC61850_simulatorServer2.ModbusSlave.Write(Dictionary`2 data, Byte slaveId) in /Users/songyinpei/jobs/IEC61850-simulatorServer2/Protocol/ModbusSlave.cs:line 199 

2025-12-30 17:12:55,587 [12] WARN  IEC61850_simulatorServer2.ModbusSlave [199] - Scale apply failed for yc30: System.InvalidCastException: Unable to cast object of type 'System.Int32' to type 'System.Single'.
   at IEC61850_simulatorServer2.ModbusSlave.Write(Dictionary`2 data, Byte slaveId) in /Users/songyinpei/jobs/IEC61850-simulatorServer2/Protocol/ModbusSlave.cs:line 199 

2025-12-30 17:12:55,617 [12] WARN  IEC61850_simulatorServer2.ModbusSlave [199] - Scale apply failed for yc31: System.InvalidCastException: Unable to cast object of type 'System.Int32' to type 'System.Single'.
   at IEC61850_simulatorServer2.ModbusSlave.Write(Dictionary`2 data, Byte slaveId) in /Users/songyinpei/jobs/IEC61850-simulatorServer2/Protocol/ModbusSlave.cs:line 199 

2025-12-30 17:12:55,673 [12] WARN  IEC61850_simulatorServer2.ModbusSlave [199] - Scale apply failed for yc34: System.InvalidCastException: Unable to cast object of type 'System.Int32' to type 'System.Single'.
   at IEC61850_simulatorServer2.ModbusSlave.Write(Dictionary`2 data, Byte slaveId) in /Users/songyinpei/jobs/IEC61850-simulatorServer2/Protocol/ModbusSlave.cs:line 199 

2025-12-30 17:12:55,707 [12] WARN  IEC61850_simulatorServer2.ModbusSlave [199] - Scale apply failed for yc35: System.InvalidCastException: Unable to cast object of type 'System.Int32' to type 'System.Single'.
   at IEC61850_simulatorServer2.ModbusSlave.Write(Dictionary`2 data, Byte slaveId) in /Users/songyinpei/jobs/IEC61850-simulatorServer2/Protocol/ModbusSlave.cs:line 199 

2025-12-30 17:12:55,750 [12] WARN  IEC61850_simulatorServer2.ModbusSlave [199] - Scale apply failed for yc32: System.InvalidCastException: Unable to cast object of type 'System.Int32' to type 'System.Single'.
   at IEC61850_simulatorServer2.ModbusSlave.Write(Dictionary`2 data, Byte slaveId) in /Users/songyinpei/jobs/IEC61850-simulatorServer2/Protocol/ModbusSlave.cs:line 199 

2025-12-30 17:12:55,804 [12] WARN  IEC61850_simulatorServer2.ModbusSlave [199] - Scale apply failed for yc33: System.InvalidCastException: Unable to cast object of type 'System.Int32' to type 'System.Single'.
   at IEC61850_simulatorServer2.ModbusSlave.Write(Dictionary`2 data, Byte slaveId) in /Users/songyinpei/jobs/IEC61850-simulatorServer2/Protocol/ModbusSlave.cs:line 199 

2025-12-30 17:12:55,857 [12] WARN  IEC61850_simulatorServer2.ModbusSlave [199] - Scale apply failed for yc36: System.InvalidCastException: Unable to cast object of type 'System.Int32' to type 'System.Single'.
   at IEC61850_simulatorServer2.ModbusSlave.Write(Dictionary`2 data, Byte slaveId) in /Users/songyinpei/jobs/IEC61850-simulatorServer2/Protocol/ModbusSlave.cs:line 199 

2025-12-30 17:12:55,914 [12] WARN  IEC61850_simulatorServer2.ModbusSlave [199] - Scale apply failed for yc37: System.InvalidCastException: Unable to cast object of type 'System.Int32' to type 'System.Single'.
   at IEC61850_simulatorServer2.ModbusSlave.Write(Dictionary`2 data, Byte slaveId) in /Users/songyinpei/jobs/IEC61850-simulatorServer2/Protocol/ModbusSlave.cs:line 199 

2025-12-30 17:12:55,970 [12] WARN  IEC61850_simulatorServer2.ModbusSlave [199] - Scale apply failed for yc43: System.InvalidCastException: Unable to cast object of type 'System.Int32' to type 'System.Single'.
   at IEC61850_simulatorServer2.ModbusSlave.Write(Dictionary`2 data, Byte slaveId) in /Users/songyinpei/jobs/IEC61850-simulatorServer2/Protocol/ModbusSlave.cs:line 199 

2025-12-30 17:12:56,025 [12] WARN  IEC61850_simulatorServer2.ModbusSlave [199] - Scale apply failed for yc53: System.InvalidCastException: Unable to cast object of type 'System.Int32' to type 'System.Single'.
   at IEC61850_simulatorServer2.ModbusSlave.Write(Dictionary`2 data, Byte slaveId) in /Users/songyinpei/jobs/IEC61850-simulatorServer2/Protocol/ModbusSlave.cs:line 199 

2025-12-30 17:12:56,083 [12] WARN  IEC61850_simulatorServer2.ModbusSlave [199] - Scale apply failed for yc45: System.InvalidCastException: Unable to cast object of type 'System.Int32' to type 'System.Single'.
   at IEC61850_simulatorServer2.ModbusSlave.Write(Dictionary`2 data, Byte slaveId) in /Users/songyinpei/jobs/IEC61850-simulatorServer2/Protocol/ModbusSlave.cs:line 199 

2025-12-30 17:12:56,249 [15] WARN  IEC61850_simulatorServer2.ModbusSlave [199] - Scale apply failed for param2: System.InvalidCastException: Unable to cast object of type 'System.Int32' to type 'System.Single'.
   at IEC61850_simulatorServer2.ModbusSlave.Write(Dictionary`2 data, Byte slaveId) in /Users/songyinpei/jobs/IEC61850-simulatorServer2/Protocol/ModbusSlave.cs:line 199 

2025-12-30 17:12:56,252 [15] WARN  IEC61850_simulatorServer2.ModbusSlave [199] - Scale apply failed for param3: System.InvalidCastException: Unable to cast object of type 'System.Int32' to type 'System.Single'.
   at IEC61850_simulatorServer2.ModbusSlave.Write(Dictionary`2 data, Byte slaveId) in /Users/songyinpei/jobs/IEC61850-simulatorServer2/Protocol/ModbusSlave.cs:line 199 

2025-12-30 17:12:56,254 [15] WARN  IEC61850_simulatorServer2.ModbusSlave [199] - Scale apply failed for param4: System.InvalidCastException: Unable to cast object of type 'System.Int32' to type 'System.Single'.
   at IEC61850_simulatorServer2.ModbusSlave.Write(Dictionary`2 data, Byte slaveId) in /Users/songyinpei/jobs/IEC61850-simulatorServer2/Protocol/ModbusSlave.cs:line 199 

2025-12-30 17:12:56,256 [15] WARN  IEC61850_simulatorServer2.ModbusSlave [199] - Scale apply failed for param8: System.InvalidCastException: Unable to cast object of type 'System.Int32' to type 'System.Single'.
   at IEC61850_simulatorServer2.ModbusSlave.Write(Dictionary`2 data, Byte slaveId) in /Users/songyinpei/jobs/IEC61850-simulatorServer2/Protocol/ModbusSlave.cs:line 199 

2025-12-30 17:12:56,281 [15] WARN  IEC61850_simulatorServer2.ModbusSlave [199] - Scale apply failed for param9: System.InvalidCastException: Unable to cast object of type 'System.Int32' to type 'System.Single'.
   at IEC61850_simulatorServer2.ModbusSlave.Write(Dictionary`2 data, Byte slaveId) in /Users/songyinpei/jobs/IEC61850-simulatorServer2/Protocol/ModbusSlave.cs:line 199 

2025-12-30 17:12:56,284 [15] WARN  IEC61850_simulatorServer2.ModbusSlave [199] - Scale apply failed for param10: System.InvalidCastException: Unable to cast object of type 'System.Int32' to type 'System.Single'.
   at IEC61850_simulatorServer2.ModbusSlave.Write(Dictionary`2 data, Byte slaveId) in /Users/songyinpei/jobs/IEC61850-simulatorServer2/Protocol/ModbusSlave.cs:line 199 

2025-12-30 17:12:56,286 [15] WARN  IEC61850_simulatorServer2.ModbusSlave [199] - Scale apply failed for param15: System.InvalidCastException: Unable to cast object of type 'System.Int32' to type 'System.Single'.
   at IEC61850_simulatorServer2.ModbusSlave.Write(Dictionary`2 data, Byte slaveId) in /Users/songyinpei/jobs/IEC61850-simulatorServer2/Protocol/ModbusSlave.cs:line 199 

2025-12-30 17:12:56,288 [15] WARN  IEC61850_simulatorServer2.ModbusSlave [199] - Scale apply failed for param16: System.InvalidCastException: Unable to cast object of type 'System.Int32' to type 'System.Single'.
   at IEC61850_simulatorServer2.ModbusSlave.Write(Dictionary`2 data, Byte slaveId) in /Users/songyinpei/jobs/IEC61850-simulatorServer2/Protocol/ModbusSlave.cs:line 199 

2025-12-30 17:12:56,293 [15] WARN  IEC61850_simulatorServer2.ModbusSlave [199] - Scale apply failed for param17: System.InvalidCastException: Unable to cast object of type 'System.Int32' to type 'System.Single'.
   at IEC61850_simulatorServer2.ModbusSlave.Write(Dictionary`2 data, Byte slaveId) in /Users/songyinpei/jobs/IEC61850-simulatorServer2/Protocol/ModbusSlave.cs:line 199 

2025-12-30 17:12:56,320 [15] WARN  IEC61850_simulatorServer2.ModbusSlave [199] - Scale apply failed for param18: System.InvalidCastException: Unable to cast object of type 'System.Int32' to type 'System.Single'.
   at IEC61850_simulatorServer2.ModbusSlave.Write(Dictionary`2 data, Byte slaveId) in /Users/songyinpei/jobs/IEC61850-simulatorServer2/Protocol/ModbusSlave.cs:line 199 

2025-12-30 17:12:56,322 [15] WARN  IEC61850_simulatorServer2.ModbusSlave [199] - Scale apply failed for param19: System.InvalidCastException: Unable to cast object of type 'System.Int32' to type 'System.Single'.
   at IEC61850_simulatorServer2.ModbusSlave.Write(Dictionary`2 data, Byte slaveId) in /Users/songyinpei/jobs/IEC61850-simulatorServer2/Protocol/ModbusSlave.cs:line 199 

2025-12-30 17:12:56,324 [15] WARN  IEC61850_simulatorServer2.ModbusSlave [199] - Scale apply failed for param20: System.InvalidCastException: Unable to cast object of type 'System.Int32' to type 'System.Single'.
   at IEC61850_simulatorServer2.ModbusSlave.Write(Dictionary`2 data, Byte slaveId) in /Users/songyinpei/jobs/IEC61850-simulatorServer2/Protocol/ModbusSlave.cs:line 199 

2025-12-30 17:12:56,348 [15] WARN  IEC61850_simulatorServer2.ModbusSlave [199] - Scale apply failed for param21: System.InvalidCastException: Unable to cast object of type 'System.Int32' to type 'System.Single'.
   at IEC61850_simulatorServer2.ModbusSlave.Write(Dictionary`2 data, Byte slaveId) in /Users/songyinpei/jobs/IEC61850-simulatorServer2/Protocol/ModbusSlave.cs:line 199 

2025-12-30 17:12:56,376 [15] WARN  IEC61850_simulatorServer2.ModbusSlave [199] - Scale apply failed for param31: System.InvalidCastException: Unable to cast object of type 'System.Int32' to type 'System.Single'.
   at IEC61850_simulatorServer2.ModbusSlave.Write(Dictionary`2 data, Byte slaveId) in /Users/songyinpei/jobs/IEC61850-simulatorServer2/Protocol/ModbusSlave.cs:line 199 

2025-12-30 17:12:56,404 [15] WARN  IEC61850_simulatorServer2.ModbusSlave [199] - Scale apply failed for param32: System.InvalidCastException: Unable to cast object of type 'System.Int32' to type 'System.Single'.
   at IEC61850_simulatorServer2.ModbusSlave.Write(Dictionary`2 data, Byte slaveId) in /Users/songyinpei/jobs/IEC61850-simulatorServer2/Protocol/ModbusSlave.cs:line 199 

2025-12-30 17:12:56,433 [15] WARN  IEC61850_simulatorServer2.ModbusSlave [199] - Scale apply failed for param33: System.InvalidCastException: Unable to cast object of type 'System.Int32' to type 'System.Single'.
   at IEC61850_simulatorServer2.ModbusSlave.Write(Dictionary`2 data, Byte slaveId) in /Users/songyinpei/jobs/IEC61850-simulatorServer2/Protocol/ModbusSlave.cs:line 199 

2025-12-30 17:12:56,436 [15] WARN  IEC61850_simulatorServer2.ModbusSlave [199] - Scale apply failed for param34: System.InvalidCastException: Unable to cast object of type 'System.Int32' to type 'System.Single'.
   at IEC61850_simulatorServer2.ModbusSlave.Write(Dictionary`2 data, Byte slaveId) in /Users/songyinpei/jobs/IEC61850-simulatorServer2/Protocol/ModbusSlave.cs:line 199 

2025-12-30 17:12:56,439 [15] WARN  IEC61850_simulatorServer2.ModbusSlave [199] - Scale apply failed for param35: System.InvalidCastException: Unable to cast object of type 'System.Int32' to type 'System.Single'.
   at IEC61850_simulatorServer2.ModbusSlave.Write(Dictionary`2 data, Byte slaveId) in /Users/songyinpei/jobs/IEC61850-simulatorServer2/Protocol/ModbusSlave.cs:line 199 

2025-12-30 17:12:56,492 [15] WARN  IEC61850_simulatorServer2.ModbusSlave [199] - Scale apply failed for param36: System.InvalidCastException: Unable to cast object of type 'System.Int32' to type 'System.Single'.
   at IEC61850_simulatorServer2.ModbusSlave.Write(Dictionary`2 data, Byte slaveId) in /Users/songyinpei/jobs/IEC61850-simulatorServer2/Protocol/ModbusSlave.cs:line 199 

2025-12-30 17:12:56,495 [15] WARN  IEC61850_simulatorServer2.ModbusSlave [199] - Scale apply failed for param39: System.InvalidCastException: Unable to cast object of type 'System.Int32' to type 'System.Single'.
   at IEC61850_simulatorServer2.ModbusSlave.Write(Dictionary`2 data, Byte slaveId) in /Users/songyinpei/jobs/IEC61850-simulatorServer2/Protocol/ModbusSlave.cs:line 199 

2025-12-30 17:12:56,547 [15] WARN  IEC61850_simulatorServer2.ModbusSlave [199] - Scale apply failed for param37: System.InvalidCastException: Unable to cast object of type 'System.Int32' to type 'System.Single'.
   at IEC61850_simulatorServer2.ModbusSlave.Write(Dictionary`2 data, Byte slaveId) in /Users/songyinpei/jobs/IEC61850-simulatorServer2/Protocol/ModbusSlave.cs:line 199 

2025-12-30 17:12:56,595 [15] WARN  IEC61850_simulatorServer2.ModbusSlave [199] - Scale apply failed for param38: System.InvalidCastException: Unable to cast object of type 'System.Int32' to type 'System.Single'.
   at IEC61850_simulatorServer2.ModbusSlave.Write(Dictionary`2 data, Byte slaveId) in /Users/songyinpei/jobs/IEC61850-simulatorServer2/Protocol/ModbusSlave.cs:line 199 

2025-12-30 17:12:56,626 [15] WARN  IEC61850_simulatorServer2.ModbusSlave [199] - Scale apply failed for param40: System.InvalidCastException: Unable to cast object of type 'System.Int32' to type 'System.Single'.
   at IEC61850_simulatorServer2.ModbusSlave.Write(Dictionary`2 data, Byte slaveId) in /Users/songyinpei/jobs/IEC61850-simulatorServer2/Protocol/ModbusSlave.cs:line 199 

2025-12-30 17:12:56,655 [15] WARN  IEC61850_simulatorServer2.ModbusSlave [199] - Scale apply failed for param41: System.InvalidCastException: Unable to cast object of type 'System.Int32' to type 'System.Single'.
   at IEC61850_simulatorServer2.ModbusSlave.Write(Dictionary`2 data, Byte slaveId) in /Users/songyinpei/jobs/IEC61850-simulatorServer2/Protocol/ModbusSlave.cs:line 199 

2025-12-30 17:12:56,711 [15] WARN  IEC61850_simulatorServer2.ModbusSlave [199] - Scale apply failed for param42: System.InvalidCastException: Unable to cast object of type 'System.Int32' to type 'System.Single'.
   at IEC61850_simulatorServer2.ModbusSlave.Write(Dictionary`2 data, Byte slaveId) in /Users/songyinpei/jobs/IEC61850-simulatorServer2/Protocol/ModbusSlave.cs:line 199 

2025-12-30 17:12:56,754 [15] WARN  IEC61850_simulatorServer2.ModbusSlave [199] - Scale apply failed for param43: System.InvalidCastException: Unable to cast object of type 'System.Int32' to type 'System.Single'.
   at IEC61850_simulatorServer2.ModbusSlave.Write(Dictionary`2 data, Byte slaveId) in /Users/songyinpei/jobs/IEC61850-simulatorServer2/Protocol/ModbusSlave.cs:line 199 

2025-12-30 17:12:56,787 [15] WARN  IEC61850_simulatorServer2.ModbusSlave [199] - Scale apply failed for param44: System.InvalidCastException: Unable to cast object of type 'System.Int32' to type 'System.Single'.
   at IEC61850_simulatorServer2.ModbusSlave.Write(Dictionary`2 data, Byte slaveId) in /Users/songyinpei/jobs/IEC61850-simulatorServer2/Protocol/ModbusSlave.cs:line 199 

2025-12-30 17:12:56,791 [15] WARN  IEC61850_simulatorServer2.ModbusSlave [199] - Scale apply failed for param45: System.InvalidCastException: Unable to cast object of type 'System.Int32' to type 'System.Single'.
   at IEC61850_simulatorServer2.ModbusSlave.Write(Dictionary`2 data, Byte slaveId) in /Users/songyinpei/jobs/IEC61850-simulatorServer2/Protocol/ModbusSlave.cs:line 199 

2025-12-30 17:12:56,846 [15] WARN  IEC61850_simulatorServer2.ModbusSlave [199] - Scale apply failed for param46: System.InvalidCastException: Unable to cast object of type 'System.Int32' to type 'System.Single'.
   at IEC61850_simulatorServer2.ModbusSlave.Write(Dictionary`2 data, Byte slaveId) in /Users/songyinpei/jobs/IEC61850-simulatorServer2/Protocol/ModbusSlave.cs:line 199 

2025-12-30 17:12:56,876 [15] WARN  IEC61850_simulatorServer2.ModbusSlave [199] - Scale apply failed for param47: System.InvalidCastException: Unable to cast object of type 'System.Int32' to type 'System.Single'.
   at IEC61850_simulatorServer2.ModbusSlave.Write(Dictionary`2 data, Byte slaveId) in /Users/songyinpei/jobs/IEC61850-simulatorServer2/Protocol/ModbusSlave.cs:line 199 

2025-12-30 17:12:56,883 [15] WARN  IEC61850_simulatorServer2.ModbusSlave [199] - Scale apply failed for param48: System.InvalidCastException: Unable to cast object of type 'System.Int32' to type 'System.Single'.
   at IEC61850_simulatorServer2.ModbusSlave.Write(Dictionary`2 data, Byte slaveId) in /Users/songyinpei/jobs/IEC61850-simulatorServer2/Protocol/ModbusSlave.cs:line 199 

2025-12-30 17:12:56,889 [15] WARN  IEC61850_simulatorServer2.ModbusSlave [199] - Scale apply failed for param49: System.InvalidCastException: Unable to cast object of type 'System.Int32' to type 'System.Single'.
   at IEC61850_simulatorServer2.ModbusSlave.Write(Dictionary`2 data, Byte slaveId) in /Users/songyinpei/jobs/IEC61850-simulatorServer2/Protocol/ModbusSlave.cs:line 199 

2025-12-30 17:12:57,282 [17] WARN  IEC61850_simulatorServer2.ModbusSlave [?] - Scale apply failed for yc0: System.InvalidCastException: Unable to cast object of type 'System.Int32' to type 'System.Single'.
   at IEC61850_simulatorServer2.ModbusSlave.Write(Dictionary`2 data, Byte slaveId) in /Users/songyinpei/jobs/IEC61850-simulatorServer2/Protocol/ModbusSlave.cs:line 199 

2025-12-30 17:12:57,284 [17] WARN  IEC61850_simulatorServer2.ModbusSlave [?] - Scale apply failed for yc1: System.InvalidCastException: Unable to cast object of type 'System.Int32' to type 'System.Single'.
   at IEC61850_simulatorServer2.ModbusSlave.Write(Dictionary`2 data, Byte slaveId) in /Users/songyinpei/jobs/IEC61850-simulatorServer2/Protocol/ModbusSlave.cs:line 199 

2025-12-30 17:12:57,286 [17] WARN  IEC61850_simulatorServer2.ModbusSlave [?] - Scale apply failed for yc2: System.InvalidCastException: Unable to cast object of type 'System.Int32' to type 'System.Single'.
   at IEC61850_simulatorServer2.ModbusSlave.Write(Dictionary`2 data, Byte slaveId) in /Users/songyinpei/jobs/IEC61850-simulatorServer2/Protocol/ModbusSlave.cs:line 199 

2025-12-30 17:12:57,287 [17] WARN  IEC61850_simulatorServer2.ModbusSlave [?] - Scale apply failed for yc3: System.InvalidCastException: Unable to cast object of type 'System.Int32' to type 'System.Single'.
   at IEC61850_simulatorServer2.ModbusSlave.Write(Dictionary`2 data, Byte slaveId) in /Users/songyinpei/jobs/IEC61850-simulatorServer2/Protocol/ModbusSlave.cs:line 199 

2025-12-30 17:12:57,289 [17] WARN  IEC61850_simulatorServer2.ModbusSlave [?] - Scale apply failed for yc5: System.InvalidCastException: Unable to cast object of type 'System.Int32' to type 'System.Single'.
   at IEC61850_simulatorServer2.ModbusSlave.Write(Dictionary`2 data, Byte slaveId) in /Users/songyinpei/jobs/IEC61850-simulatorServer2/Protocol/ModbusSlave.cs:line 199 

2025-12-30 17:12:57,291 [17] WARN  IEC61850_simulatorServer2.ModbusSlave [?] - Scale apply failed for yc6: System.InvalidCastException: Unable to cast object of type 'System.Int32' to type 'System.Single'.
   at IEC61850_simulatorServer2.ModbusSlave.Write(Dictionary`2 data, Byte slaveId) in /Users/songyinpei/jobs/IEC61850-simulatorServer2/Protocol/ModbusSlave.cs:line 199 

2025-12-30 17:12:57,293 [17] WARN  IEC61850_simulatorServer2.ModbusSlave [?] - Scale apply failed for yc4: System.InvalidCastException: Unable to cast object of type 'System.Int32' to type 'System.Single'.
   at IEC61850_simulatorServer2.ModbusSlave.Write(Dictionary`2 data, Byte slaveId) in /Users/songyinpei/jobs/IEC61850-simulatorServer2/Protocol/ModbusSlave.cs:line 199 

2025-12-30 17:12:57,295 [17] WARN  IEC61850_simulatorServer2.ModbusSlave [?] - Scale apply failed for yc7: System.InvalidCastException: Unable to cast object of type 'System.Int32' to type 'System.Single'.
   at IEC61850_simulatorServer2.ModbusSlave.Write(Dictionary`2 data, Byte slaveId) in /Users/songyinpei/jobs/IEC61850-simulatorServer2/Protocol/ModbusSlave.cs:line 199 

2025-12-30 17:12:57,296 [17] WARN  IEC61850_simulatorServer2.ModbusSlave [?] - Scale apply failed for yc8: System.InvalidCastException: Unable to cast object of type 'System.Int32' to type 'System.Single'.
   at IEC61850_simulatorServer2.ModbusSlave.Write(Dictionary`2 data, Byte slaveId) in /Users/songyinpei/jobs/IEC61850-simulatorServer2/Protocol/ModbusSlave.cs:line 199 

2025-12-30 17:12:57,298 [17] WARN  IEC61850_simulatorServer2.ModbusSlave [?] - Scale apply failed for yc9: System.InvalidCastException: Unable to cast object of type 'System.Int32' to type 'System.Single'.
   at IEC61850_simulatorServer2.ModbusSlave.Write(Dictionary`2 data, Byte slaveId) in /Users/songyinpei/jobs/IEC61850-simulatorServer2/Protocol/ModbusSlave.cs:line 199 

2025-12-30 17:12:57,320 [17] WARN  IEC61850_simulatorServer2.ModbusSlave [?] - Scale apply failed for yc10: System.InvalidCastException: Unable to cast object of type 'System.Int32' to type 'System.Single'.
   at IEC61850_simulatorServer2.ModbusSlave.Write(Dictionary`2 data, Byte slaveId) in /Users/songyinpei/jobs/IEC61850-simulatorServer2/Protocol/ModbusSlave.cs:line 199 

2025-12-30 17:12:57,322 [17] WARN  IEC61850_simulatorServer2.ModbusSlave [?] - Scale apply failed for yc11: System.InvalidCastException: Unable to cast object of type 'System.Int32' to type 'System.Single'.
   at IEC61850_simulatorServer2.ModbusSlave.Write(Dictionary`2 data, Byte slaveId) in /Users/songyinpei/jobs/IEC61850-simulatorServer2/Protocol/ModbusSlave.cs:line 199 

2025-12-30 17:12:57,370 [17] WARN  IEC61850_simulatorServer2.ModbusSlave [?] - Scale apply failed for yc12: System.InvalidCastException: Unable to cast object of type 'System.Int32' to type 'System.Single'.
   at IEC61850_simulatorServer2.ModbusSlave.Write(Dictionary`2 data, Byte slaveId) in /Users/songyinpei/jobs/IEC61850-simulatorServer2/Protocol/ModbusSlave.cs:line 199 

2025-12-30 17:12:57,398 [17] WARN  IEC61850_simulatorServer2.ModbusSlave [?] - Scale apply failed for yc13: System.InvalidCastException: Unable to cast object of type 'System.Int32' to type 'System.Single'.
   at IEC61850_simulatorServer2.ModbusSlave.Write(Dictionary`2 data, Byte slaveId) in /Users/songyinpei/jobs/IEC61850-simulatorServer2/Protocol/ModbusSlave.cs:line 199 

2025-12-30 17:12:57,424 [17] WARN  IEC61850_simulatorServer2.ModbusSlave [?] - Scale apply failed for yc14: System.InvalidCastException: Unable to cast object of type 'System.Int32' to type 'System.Single'.
   at IEC61850_simulatorServer2.ModbusSlave.Write(Dictionary`2 data, Byte slaveId) in /Users/songyinpei/jobs/IEC61850-simulatorServer2/Protocol/ModbusSlave.cs:line 199 

2025-12-30 17:12:57,427 [17] WARN  IEC61850_simulatorServer2.ModbusSlave [?] - Scale apply failed for yc15: System.InvalidCastException: Unable to cast object of type 'System.Int32' to type 'System.Single'.
   at IEC61850_simulatorServer2.ModbusSlave.Write(Dictionary`2 data, Byte slaveId) in /Users/songyinpei/jobs/IEC61850-simulatorServer2/Protocol/ModbusSlave.cs:line 199 

2025-12-30 17:12:57,475 [17] WARN  IEC61850_simulatorServer2.ModbusSlave [?] - Scale apply failed for yc16: System.InvalidCastException: Unable to cast object of type 'System.Int32' to type 'System.Single'.
   at IEC61850_simulatorServer2.ModbusSlave.Write(Dictionary`2 data, Byte slaveId) in /Users/songyinpei/jobs/IEC61850-simulatorServer2/Protocol/ModbusSlave.cs:line 199 

2025-12-30 17:12:57,529 [17] WARN  IEC61850_simulatorServer2.ModbusSlave [?] - Scale apply failed for yc17: System.InvalidCastException: Unable to cast object of type 'System.Int32' to type 'System.Single'.
   at IEC61850_simulatorServer2.ModbusSlave.Write(Dictionary`2 data, Byte slaveId) in /Users/songyinpei/jobs/IEC61850-simulatorServer2/Protocol/ModbusSlave.cs:line 199 

2025-12-30 17:12:57,558 [17] WARN  IEC61850_simulatorServer2.ModbusSlave [?] - Scale apply failed for yc18: System.InvalidCastException: Unable to cast object of type 'System.Int32' to type 'System.Single'.
   at IEC61850_simulatorServer2.ModbusSlave.Write(Dictionary`2 data, Byte slaveId) in /Users/songyinpei/jobs/IEC61850-simulatorServer2/Protocol/ModbusSlave.cs:line 199 

2025-12-30 17:12:57,592 [17] WARN  IEC61850_simulatorServer2.ModbusSlave [?] - Scale apply failed for yc19: System.InvalidCastException: Unable to cast object of type 'System.Int32' to type 'System.Single'.
   at IEC61850_simulatorServer2.ModbusSlave.Write(Dictionary`2 data, Byte slaveId) in /Users/songyinpei/jobs/IEC61850-simulatorServer2/Protocol/ModbusSlave.cs:line 199 

2025-12-30 17:12:57,619 [17] WARN  IEC61850_simulatorServer2.ModbusSlave [?] - Scale apply failed for yc21: System.InvalidCastException: Unable to cast object of type 'System.Int32' to type 'System.Single'.
   at IEC61850_simulatorServer2.ModbusSlave.Write(Dictionary`2 data, Byte slaveId) in /Users/songyinpei/jobs/IEC61850-simulatorServer2/Protocol/ModbusSlave.cs:line 199 

2025-12-30 17:12:57,648 [17] WARN  IEC61850_simulatorServer2.ModbusSlave [?] - Scale apply failed for yc20: System.InvalidCastException: Unable to cast object of type 'System.Int32' to type 'System.Single'.
   at IEC61850_simulatorServer2.ModbusSlave.Write(Dictionary`2 data, Byte slaveId) in /Users/songyinpei/jobs/IEC61850-simulatorServer2/Protocol/ModbusSlave.cs:line 199 

2025-12-30 17:12:58,977 [10] WARN  IEC61850_simulatorServer2.ModbusSlave [?] - Scale apply failed for param15: System.InvalidCastException: Unable to cast object of type 'System.UInt16' to type 'System.Single'.
   at IEC61850_simulatorServer2.ModbusSlave.Write(Dictionary`2 data, Byte slaveId) in /Users/songyinpei/jobs/IEC61850-simulatorServer2/Protocol/ModbusSlave.cs:line 199 

2025-12-30 17:12:58,979 [10] WARN  IEC61850_simulatorServer2.ModbusSlave [?] - Scale apply failed for param16: System.InvalidCastException: Unable to cast object of type 'System.UInt16' to type 'System.Single'.
   at IEC61850_simulatorServer2.ModbusSlave.Write(Dictionary`2 data, Byte slaveId) in /Users/songyinpei/jobs/IEC61850-simulatorServer2/Protocol/ModbusSlave.cs:line 199 

2025-12-30 17:12:58,981 [10] WARN  IEC61850_simulatorServer2.ModbusSlave [?] - Scale apply failed for param17: System.InvalidCastException: Unable to cast object of type 'System.UInt16' to type 'System.Single'.
   at IEC61850_simulatorServer2.ModbusSlave.Write(Dictionary`2 data, Byte slaveId) in /Users/songyinpei/jobs/IEC61850-simulatorServer2/Protocol/ModbusSlave.cs:line 199 

2025-12-30 17:12:58,983 [10] WARN  IEC61850_simulatorServer2.ModbusSlave [?] - Scale apply failed for param20: System.InvalidCastException: Unable to cast object of type 'System.UInt16' to type 'System.Single'.
   at IEC61850_simulatorServer2.ModbusSlave.Write(Dictionary`2 data, Byte slaveId) in /Users/songyinpei/jobs/IEC61850-simulatorServer2/Protocol/ModbusSlave.cs:line 199 

2025-12-30 17:12:58,985 [10] WARN  IEC61850_simulatorServer2.ModbusSlave [?] - Scale apply failed for param18: System.InvalidCastException: Unable to cast object of type 'System.UInt16' to type 'System.Single'.
   at IEC61850_simulatorServer2.ModbusSlave.Write(Dictionary`2 data, Byte slaveId) in /Users/songyinpei/jobs/IEC61850-simulatorServer2/Protocol/ModbusSlave.cs:line 199 

2025-12-30 17:12:58,987 [10] WARN  IEC61850_simulatorServer2.ModbusSlave [?] - Scale apply failed for param19: System.InvalidCastException: Unable to cast object of type 'System.UInt16' to type 'System.Single'.
   at IEC61850_simulatorServer2.ModbusSlave.Write(Dictionary`2 data, Byte slaveId) in /Users/songyinpei/jobs/IEC61850-simulatorServer2/Protocol/ModbusSlave.cs:line 199 

2025-12-30 17:12:58,989 [10] WARN  IEC61850_simulatorServer2.ModbusSlave [?] - Scale apply failed for param21: System.InvalidCastException: Unable to cast object of type 'System.UInt16' to type 'System.Single'.
   at IEC61850_simulatorServer2.ModbusSlave.Write(Dictionary`2 data, Byte slaveId) in /Users/songyinpei/jobs/IEC61850-simulatorServer2/Protocol/ModbusSlave.cs:line 199 

2025-12-30 17:12:58,991 [10] WARN  IEC61850_simulatorServer2.ModbusSlave [?] - Scale apply failed for param40: System.OverflowException: Value was either too large or too small for an Int32.
   at System.Convert.ToInt32(Double value)
   at System.Convert.ToInt16(Double value)
   at IEC61850_simulatorServer2.ModbusSlave.Write(Dictionary`2 data, Byte slaveId) in /Users/songyinpei/jobs/IEC61850-simulatorServer2/Protocol/ModbusSlave.cs:line 203 

2025-12-30 17:12:58,994 [10] WARN  IEC61850_simulatorServer2.ModbusSlave [?] - Scale apply failed for param49: System.InvalidCastException: Unable to cast object of type 'System.Boolean' to type 'System.Single'.
   at IEC61850_simulatorServer2.ModbusSlave.Write(Dictionary`2 data, Byte slaveId) in /Users/songyinpei/jobs/IEC61850-simulatorServer2/Protocol/ModbusSlave.cs:line 199 

2025-12-30 17:12:59,251 [15] WARN  IEC61850_simulatorServer2.ModbusSlave [?] - Scale apply failed for param19: System.InvalidCastException: Unable to cast object of type 'System.UInt16' to type 'System.Single'.
   at IEC61850_simulatorServer2.ModbusSlave.Write(Dictionary`2 data, Byte slaveId) in /Users/songyinpei/jobs/IEC61850-simulatorServer2/Protocol/ModbusSlave.cs:line 199 

2025-12-30 17:12:59,253 [15] WARN  IEC61850_simulatorServer2.ModbusSlave [?] - Scale apply failed for param15: System.InvalidCastException: Unable to cast object of type 'System.UInt16' to type 'System.Single'.
   at IEC61850_simulatorServer2.ModbusSlave.Write(Dictionary`2 data, Byte slaveId) in /Users/songyinpei/jobs/IEC61850-simulatorServer2/Protocol/ModbusSlave.cs:line 199 

2025-12-30 17:12:59,255 [15] WARN  IEC61850_simulatorServer2.ModbusSlave [?] - Scale apply failed for param16: System.InvalidCastException: Unable to cast object of type 'System.UInt16' to type 'System.Single'.
   at IEC61850_simulatorServer2.ModbusSlave.Write(Dictionary`2 data, Byte slaveId) in /Users/songyinpei/jobs/IEC61850-simulatorServer2/Protocol/ModbusSlave.cs:line 199 

2025-12-30 17:12:59,257 [15] WARN  IEC61850_simulatorServer2.ModbusSlave [?] - Scale apply failed for param17: System.InvalidCastException: Unable to cast object of type 'System.UInt16' to type 'System.Single'.
   at IEC61850_simulatorServer2.ModbusSlave.Write(Dictionary`2 data, Byte slaveId) in /Users/songyinpei/jobs/IEC61850-simulatorServer2/Protocol/ModbusSlave.cs:line 199 

2025-12-30 17:12:59,284 [15] WARN  IEC61850_simulatorServer2.ModbusSlave [?] - Scale apply failed for param21: System.InvalidCastException: Unable to cast object of type 'System.UInt16' to type 'System.Single'.
   at IEC61850_simulatorServer2.ModbusSlave.Write(Dictionary`2 data, Byte slaveId) in /Users/songyinpei/jobs/IEC61850-simulatorServer2/Protocol/ModbusSlave.cs:line 199 

2025-12-30 17:12:59,286 [15] WARN  IEC61850_simulatorServer2.ModbusSlave [?] - Scale apply failed for param20: System.InvalidCastException: Unable to cast object of type 'System.UInt16' to type 'System.Single'.
   at IEC61850_simulatorServer2.ModbusSlave.Write(Dictionary`2 data, Byte slaveId) in /Users/songyinpei/jobs/IEC61850-simulatorServer2/Protocol/ModbusSlave.cs:line 199 

2025-12-30 17:12:59,289 [15] WARN  IEC61850_simulatorServer2.ModbusSlave [?] - Scale apply failed for param18: System.InvalidCastException: Unable to cast object of type 'System.UInt16' to type 'System.Single'.
   at IEC61850_simulatorServer2.ModbusSlave.Write(Dictionary`2 data, Byte slaveId) in /Users/songyinpei/jobs/IEC61850-simulatorServer2/Protocol/ModbusSlave.cs:line 199 

2025-12-30 17:12:59,339 [15] WARN  IEC61850_simulatorServer2.ModbusSlave [?] - Scale apply failed for param40: System.OverflowException: Value was either too large or too small for an Int32.
   at System.Convert.ToInt32(Double value)
   at System.Convert.ToInt16(Double value)
   at IEC61850_simulatorServer2.ModbusSlave.Write(Dictionary`2 data, Byte slaveId) in /Users/songyinpei/jobs/IEC61850-simulatorServer2/Protocol/ModbusSlave.cs:line 203 

2025-12-30 17:12:59,367 [15] WARN  IEC61850_simulatorServer2.ModbusSlave [?] - Scale apply failed for param49: System.InvalidCastException: Unable to cast object of type 'System.Boolean' to type 'System.Single'.
   at IEC61850_simulatorServer2.ModbusSlave.Write(Dictionary`2 data, Byte slaveId) in /Users/songyinpei/jobs/IEC61850-simulatorServer2/Protocol/ModbusSlave.cs:line 199 

2025-12-30 17:13:47,100 [1] INFO  IEC61850_simulatorServer2.MainClass [34] - [Program] 应用启动，log4net 配置已尝试加载 

2025-12-30 17:13:48,547 [6] WARN  IEC61850_simulatorServer2.ModbusSlave [199] - Scale apply failed for yc6: System.InvalidCastException: Unable to cast object of type 'System.Int32' to type 'System.Single'.
   at IEC61850_simulatorServer2.ModbusSlave.Write(Dictionary`2 data, Byte slaveId) in /Users/songyinpei/jobs/IEC61850-simulatorServer2/Protocol/ModbusSlave.cs:line 199 

2025-12-30 17:13:48,552 [6] WARN  IEC61850_simulatorServer2.ModbusSlave [199] - Scale apply failed for yc7: System.InvalidCastException: Unable to cast object of type 'System.Int32' to type 'System.Single'.
   at IEC61850_simulatorServer2.ModbusSlave.Write(Dictionary`2 data, Byte slaveId) in /Users/songyinpei/jobs/IEC61850-simulatorServer2/Protocol/ModbusSlave.cs:line 199 

2025-12-30 17:13:48,554 [6] WARN  IEC61850_simulatorServer2.ModbusSlave [199] - Scale apply failed for yc8: System.InvalidCastException: Unable to cast object of type 'System.Int32' to type 'System.Single'.
   at IEC61850_simulatorServer2.ModbusSlave.Write(Dictionary`2 data, Byte slaveId) in /Users/songyinpei/jobs/IEC61850-simulatorServer2/Protocol/ModbusSlave.cs:line 199 

2025-12-30 17:13:48,556 [6] WARN  IEC61850_simulatorServer2.ModbusSlave [199] - Scale apply failed for yc9: System.InvalidCastException: Unable to cast object of type 'System.Int32' to type 'System.Single'.
   at IEC61850_simulatorServer2.ModbusSlave.Write(Dictionary`2 data, Byte slaveId) in /Users/songyinpei/jobs/IEC61850-simulatorServer2/Protocol/ModbusSlave.cs:line 199 

2025-12-30 17:13:48,558 [6] WARN  IEC61850_simulatorServer2.ModbusSlave [199] - Scale apply failed for yc10: System.InvalidCastException: Unable to cast object of type 'System.Int32' to type 'System.Single'.
   at IEC61850_simulatorServer2.ModbusSlave.Write(Dictionary`2 data, Byte slaveId) in /Users/songyinpei/jobs/IEC61850-simulatorServer2/Protocol/ModbusSlave.cs:line 199 

2025-12-30 17:13:48,561 [6] WARN  IEC61850_simulatorServer2.ModbusSlave [199] - Scale apply failed for yc11: System.InvalidCastException: Unable to cast object of type 'System.Int32' to type 'System.Single'.
   at IEC61850_simulatorServer2.ModbusSlave.Write(Dictionary`2 data, Byte slaveId) in /Users/songyinpei/jobs/IEC61850-simulatorServer2/Protocol/ModbusSlave.cs:line 199 

2025-12-30 17:13:48,563 [6] WARN  IEC61850_simulatorServer2.ModbusSlave [199] - Scale apply failed for yc12: System.InvalidCastException: Unable to cast object of type 'System.Int32' to type 'System.Single'.
   at IEC61850_simulatorServer2.ModbusSlave.Write(Dictionary`2 data, Byte slaveId) in /Users/songyinpei/jobs/IEC61850-simulatorServer2/Protocol/ModbusSlave.cs:line 199 

2025-12-30 17:13:48,565 [6] WARN  IEC61850_simulatorServer2.ModbusSlave [199] - Scale apply failed for yc20: System.InvalidCastException: Unable to cast object of type 'System.Int32' to type 'System.Single'.
   at IEC61850_simulatorServer2.ModbusSlave.Write(Dictionary`2 data, Byte slaveId) in /Users/songyinpei/jobs/IEC61850-simulatorServer2/Protocol/ModbusSlave.cs:line 199 

2025-12-30 17:13:48,568 [6] WARN  IEC61850_simulatorServer2.ModbusSlave [199] - Scale apply failed for yc21: System.InvalidCastException: Unable to cast object of type 'System.Int32' to type 'System.Single'.
   at IEC61850_simulatorServer2.ModbusSlave.Write(Dictionary`2 data, Byte slaveId) in /Users/songyinpei/jobs/IEC61850-simulatorServer2/Protocol/ModbusSlave.cs:line 199 

2025-12-30 17:13:48,571 [6] WARN  IEC61850_simulatorServer2.ModbusSlave [199] - Scale apply failed for yc22: System.InvalidCastException: Unable to cast object of type 'System.Int32' to type 'System.Single'.
   at IEC61850_simulatorServer2.ModbusSlave.Write(Dictionary`2 data, Byte slaveId) in /Users/songyinpei/jobs/IEC61850-simulatorServer2/Protocol/ModbusSlave.cs:line 199 

2025-12-30 17:13:48,573 [6] WARN  IEC61850_simulatorServer2.ModbusSlave [199] - Scale apply failed for yc23: System.InvalidCastException: Unable to cast object of type 'System.Int32' to type 'System.Single'.
   at IEC61850_simulatorServer2.ModbusSlave.Write(Dictionary`2 data, Byte slaveId) in /Users/songyinpei/jobs/IEC61850-simulatorServer2/Protocol/ModbusSlave.cs:line 199 

2025-12-30 17:13:48,575 [6] WARN  IEC61850_simulatorServer2.ModbusSlave [199] - Scale apply failed for yc24: System.InvalidCastException: Unable to cast object of type 'System.Int32' to type 'System.Single'.
   at IEC61850_simulatorServer2.ModbusSlave.Write(Dictionary`2 data, Byte slaveId) in /Users/songyinpei/jobs/IEC61850-simulatorServer2/Protocol/ModbusSlave.cs:line 199 

2025-12-30 17:13:48,577 [6] WARN  IEC61850_simulatorServer2.ModbusSlave [199] - Scale apply failed for yc25: System.InvalidCastException: Unable to cast object of type 'System.Int32' to type 'System.Single'.
   at IEC61850_simulatorServer2.ModbusSlave.Write(Dictionary`2 data, Byte slaveId) in /Users/songyinpei/jobs/IEC61850-simulatorServer2/Protocol/ModbusSlave.cs:line 199 

2025-12-30 17:13:48,579 [6] WARN  IEC61850_simulatorServer2.ModbusSlave [199] - Scale apply failed for yc26: System.InvalidCastException: Unable to cast object of type 'System.Int32' to type 'System.Single'.
   at IEC61850_simulatorServer2.ModbusSlave.Write(Dictionary`2 data, Byte slaveId) in /Users/songyinpei/jobs/IEC61850-simulatorServer2/Protocol/ModbusSlave.cs:line 199 

2025-12-30 17:13:48,606 [6] WARN  IEC61850_simulatorServer2.ModbusSlave [199] - Scale apply failed for yc27: System.InvalidCastException: Unable to cast object of type 'System.Int32' to type 'System.Single'.
   at IEC61850_simulatorServer2.ModbusSlave.Write(Dictionary`2 data, Byte slaveId) in /Users/songyinpei/jobs/IEC61850-simulatorServer2/Protocol/ModbusSlave.cs:line 199 

2025-12-30 17:13:48,609 [6] WARN  IEC61850_simulatorServer2.ModbusSlave [199] - Scale apply failed for yc28: System.InvalidCastException: Unable to cast object of type 'System.Int32' to type 'System.Single'.
   at IEC61850_simulatorServer2.ModbusSlave.Write(Dictionary`2 data, Byte slaveId) in /Users/songyinpei/jobs/IEC61850-simulatorServer2/Protocol/ModbusSlave.cs:line 199 

2025-12-30 17:13:48,611 [6] WARN  IEC61850_simulatorServer2.ModbusSlave [199] - Scale apply failed for yc29: System.InvalidCastException: Unable to cast object of type 'System.Int32' to type 'System.Single'.
   at IEC61850_simulatorServer2.ModbusSlave.Write(Dictionary`2 data, Byte slaveId) in /Users/songyinpei/jobs/IEC61850-simulatorServer2/Protocol/ModbusSlave.cs:line 199 

2025-12-30 17:13:48,613 [6] WARN  IEC61850_simulatorServer2.ModbusSlave [199] - Scale apply failed for yc30: System.InvalidCastException: Unable to cast object of type 'System.Int32' to type 'System.Single'.
   at IEC61850_simulatorServer2.ModbusSlave.Write(Dictionary`2 data, Byte slaveId) in /Users/songyinpei/jobs/IEC61850-simulatorServer2/Protocol/ModbusSlave.cs:line 199 

2025-12-30 17:13:48,615 [6] WARN  IEC61850_simulatorServer2.ModbusSlave [199] - Scale apply failed for yc31: System.InvalidCastException: Unable to cast object of type 'System.Int32' to type 'System.Single'.
   at IEC61850_simulatorServer2.ModbusSlave.Write(Dictionary`2 data, Byte slaveId) in /Users/songyinpei/jobs/IEC61850-simulatorServer2/Protocol/ModbusSlave.cs:line 199 

2025-12-30 17:13:48,617 [6] WARN  IEC61850_simulatorServer2.ModbusSlave [199] - Scale apply failed for yc32: System.InvalidCastException: Unable to cast object of type 'System.Int32' to type 'System.Single'.
   at IEC61850_simulatorServer2.ModbusSlave.Write(Dictionary`2 data, Byte slaveId) in /Users/songyinpei/jobs/IEC61850-simulatorServer2/Protocol/ModbusSlave.cs:line 199 

2025-12-30 17:13:48,619 [6] WARN  IEC61850_simulatorServer2.ModbusSlave [199] - Scale apply failed for yc34: System.InvalidCastException: Unable to cast object of type 'System.Int32' to type 'System.Single'.
   at IEC61850_simulatorServer2.ModbusSlave.Write(Dictionary`2 data, Byte slaveId) in /Users/songyinpei/jobs/IEC61850-simulatorServer2/Protocol/ModbusSlave.cs:line 199 

2025-12-30 17:13:48,621 [6] WARN  IEC61850_simulatorServer2.ModbusSlave [199] - Scale apply failed for yc33: System.InvalidCastException: Unable to cast object of type 'System.Int32' to type 'System.Single'.
   at IEC61850_simulatorServer2.ModbusSlave.Write(Dictionary`2 data, Byte slaveId) in /Users/songyinpei/jobs/IEC61850-simulatorServer2/Protocol/ModbusSlave.cs:line 199 

2025-12-30 17:13:48,623 [6] WARN  IEC61850_simulatorServer2.ModbusSlave [199] - Scale apply failed for yc35: System.InvalidCastException: Unable to cast object of type 'System.Int32' to type 'System.Single'.
   at IEC61850_simulatorServer2.ModbusSlave.Write(Dictionary`2 data, Byte slaveId) in /Users/songyinpei/jobs/IEC61850-simulatorServer2/Protocol/ModbusSlave.cs:line 199 

2025-12-30 17:13:48,625 [6] WARN  IEC61850_simulatorServer2.ModbusSlave [199] - Scale apply failed for yc36: System.InvalidCastException: Unable to cast object of type 'System.Int32' to type 'System.Single'.
   at IEC61850_simulatorServer2.ModbusSlave.Write(Dictionary`2 data, Byte slaveId) in /Users/songyinpei/jobs/IEC61850-simulatorServer2/Protocol/ModbusSlave.cs:line 199 

2025-12-30 17:13:48,627 [6] WARN  IEC61850_simulatorServer2.ModbusSlave [199] - Scale apply failed for yc37: System.InvalidCastException: Unable to cast object of type 'System.Int32' to type 'System.Single'.
   at IEC61850_simulatorServer2.ModbusSlave.Write(Dictionary`2 data, Byte slaveId) in /Users/songyinpei/jobs/IEC61850-simulatorServer2/Protocol/ModbusSlave.cs:line 199 

2025-12-30 17:13:48,629 [6] WARN  IEC61850_simulatorServer2.ModbusSlave [199] - Scale apply failed for yc43: System.InvalidCastException: Unable to cast object of type 'System.Int32' to type 'System.Single'.
   at IEC61850_simulatorServer2.ModbusSlave.Write(Dictionary`2 data, Byte slaveId) in /Users/songyinpei/jobs/IEC61850-simulatorServer2/Protocol/ModbusSlave.cs:line 199 

2025-12-30 17:13:48,632 [6] WARN  IEC61850_simulatorServer2.ModbusSlave [199] - Scale apply failed for yc53: System.InvalidCastException: Unable to cast object of type 'System.Int32' to type 'System.Single'.
   at IEC61850_simulatorServer2.ModbusSlave.Write(Dictionary`2 data, Byte slaveId) in /Users/songyinpei/jobs/IEC61850-simulatorServer2/Protocol/ModbusSlave.cs:line 199 

2025-12-30 17:13:48,634 [6] WARN  IEC61850_simulatorServer2.ModbusSlave [199] - Scale apply failed for yc45: System.InvalidCastException: Unable to cast object of type 'System.Int32' to type 'System.Single'.
   at IEC61850_simulatorServer2.ModbusSlave.Write(Dictionary`2 data, Byte slaveId) in /Users/songyinpei/jobs/IEC61850-simulatorServer2/Protocol/ModbusSlave.cs:line 199 

2025-12-30 17:13:49,572 [10] WARN  IEC61850_simulatorServer2.ModbusSlave [199] - Scale apply failed for param2: System.InvalidCastException: Unable to cast object of type 'System.Int32' to type 'System.Single'.
   at IEC61850_simulatorServer2.ModbusSlave.Write(Dictionary`2 data, Byte slaveId) in /Users/songyinpei/jobs/IEC61850-simulatorServer2/Protocol/ModbusSlave.cs:line 199 

2025-12-30 17:13:49,575 [10] WARN  IEC61850_simulatorServer2.ModbusSlave [199] - Scale apply failed for param3: System.InvalidCastException: Unable to cast object of type 'System.Int32' to type 'System.Single'.
   at IEC61850_simulatorServer2.ModbusSlave.Write(Dictionary`2 data, Byte slaveId) in /Users/songyinpei/jobs/IEC61850-simulatorServer2/Protocol/ModbusSlave.cs:line 199 

2025-12-30 17:13:49,598 [10] WARN  IEC61850_simulatorServer2.ModbusSlave [199] - Scale apply failed for param4: System.InvalidCastException: Unable to cast object of type 'System.Int32' to type 'System.Single'.
   at IEC61850_simulatorServer2.ModbusSlave.Write(Dictionary`2 data, Byte slaveId) in /Users/songyinpei/jobs/IEC61850-simulatorServer2/Protocol/ModbusSlave.cs:line 199 

2025-12-30 17:13:49,600 [10] WARN  IEC61850_simulatorServer2.ModbusSlave [199] - Scale apply failed for param8: System.InvalidCastException: Unable to cast object of type 'System.Int32' to type 'System.Single'.
   at IEC61850_simulatorServer2.ModbusSlave.Write(Dictionary`2 data, Byte slaveId) in /Users/songyinpei/jobs/IEC61850-simulatorServer2/Protocol/ModbusSlave.cs:line 199 

2025-12-30 17:13:49,602 [10] WARN  IEC61850_simulatorServer2.ModbusSlave [199] - Scale apply failed for param9: System.InvalidCastException: Unable to cast object of type 'System.Int32' to type 'System.Single'.
   at IEC61850_simulatorServer2.ModbusSlave.Write(Dictionary`2 data, Byte slaveId) in /Users/songyinpei/jobs/IEC61850-simulatorServer2/Protocol/ModbusSlave.cs:line 199 

2025-12-30 17:13:49,604 [10] WARN  IEC61850_simulatorServer2.ModbusSlave [199] - Scale apply failed for param10: System.InvalidCastException: Unable to cast object of type 'System.Int32' to type 'System.Single'.
   at IEC61850_simulatorServer2.ModbusSlave.Write(Dictionary`2 data, Byte slaveId) in /Users/songyinpei/jobs/IEC61850-simulatorServer2/Protocol/ModbusSlave.cs:line 199 

2025-12-30 17:13:49,606 [10] WARN  IEC61850_simulatorServer2.ModbusSlave [199] - Scale apply failed for param15: System.InvalidCastException: Unable to cast object of type 'System.Int32' to type 'System.Single'.
   at IEC61850_simulatorServer2.ModbusSlave.Write(Dictionary`2 data, Byte slaveId) in /Users/songyinpei/jobs/IEC61850-simulatorServer2/Protocol/ModbusSlave.cs:line 199 

2025-12-30 17:13:49,630 [10] WARN  IEC61850_simulatorServer2.ModbusSlave [199] - Scale apply failed for param16: System.InvalidCastException: Unable to cast object of type 'System.Int32' to type 'System.Single'.
   at IEC61850_simulatorServer2.ModbusSlave.Write(Dictionary`2 data, Byte slaveId) in /Users/songyinpei/jobs/IEC61850-simulatorServer2/Protocol/ModbusSlave.cs:line 199 

2025-12-30 17:13:49,632 [10] WARN  IEC61850_simulatorServer2.ModbusSlave [199] - Scale apply failed for param17: System.InvalidCastException: Unable to cast object of type 'System.Int32' to type 'System.Single'.
   at IEC61850_simulatorServer2.ModbusSlave.Write(Dictionary`2 data, Byte slaveId) in /Users/songyinpei/jobs/IEC61850-simulatorServer2/Protocol/ModbusSlave.cs:line 199 

2025-12-30 17:13:49,635 [10] WARN  IEC61850_simulatorServer2.ModbusSlave [199] - Scale apply failed for param18: System.InvalidCastException: Unable to cast object of type 'System.Int32' to type 'System.Single'.
   at IEC61850_simulatorServer2.ModbusSlave.Write(Dictionary`2 data, Byte slaveId) in /Users/songyinpei/jobs/IEC61850-simulatorServer2/Protocol/ModbusSlave.cs:line 199 

2025-12-30 17:13:49,636 [10] WARN  IEC61850_simulatorServer2.ModbusSlave [199] - Scale apply failed for param19: System.InvalidCastException: Unable to cast object of type 'System.Int32' to type 'System.Single'.
   at IEC61850_simulatorServer2.ModbusSlave.Write(Dictionary`2 data, Byte slaveId) in /Users/songyinpei/jobs/IEC61850-simulatorServer2/Protocol/ModbusSlave.cs:line 199 

2025-12-30 17:13:49,638 [10] WARN  IEC61850_simulatorServer2.ModbusSlave [199] - Scale apply failed for param20: System.InvalidCastException: Unable to cast object of type 'System.Int32' to type 'System.Single'.
   at IEC61850_simulatorServer2.ModbusSlave.Write(Dictionary`2 data, Byte slaveId) in /Users/songyinpei/jobs/IEC61850-simulatorServer2/Protocol/ModbusSlave.cs:line 199 

2025-12-30 17:13:49,640 [10] WARN  IEC61850_simulatorServer2.ModbusSlave [199] - Scale apply failed for param21: System.InvalidCastException: Unable to cast object of type 'System.Int32' to type 'System.Single'.
   at IEC61850_simulatorServer2.ModbusSlave.Write(Dictionary`2 data, Byte slaveId) in /Users/songyinpei/jobs/IEC61850-simulatorServer2/Protocol/ModbusSlave.cs:line 199 

2025-12-30 17:13:49,666 [10] WARN  IEC61850_simulatorServer2.ModbusSlave [199] - Scale apply failed for param31: System.InvalidCastException: Unable to cast object of type 'System.Int32' to type 'System.Single'.
   at IEC61850_simulatorServer2.ModbusSlave.Write(Dictionary`2 data, Byte slaveId) in /Users/songyinpei/jobs/IEC61850-simulatorServer2/Protocol/ModbusSlave.cs:line 199 

2025-12-30 17:13:59,193 [10] WARN  IEC61850_simulatorServer2.ModbusSlave [199] - Scale apply failed for param32: System.InvalidCastException: Unable to cast object of type 'System.Int32' to type 'System.Single'.
   at IEC61850_simulatorServer2.ModbusSlave.Write(Dictionary`2 data, Byte slaveId) in /Users/songyinpei/jobs/IEC61850-simulatorServer2/Protocol/ModbusSlave.cs:line 199 

2025-12-30 17:13:59,217 [10] WARN  IEC61850_simulatorServer2.ModbusSlave [199] - Scale apply failed for param33: System.InvalidCastException: Unable to cast object of type 'System.Int32' to type 'System.Single'.
   at IEC61850_simulatorServer2.ModbusSlave.Write(Dictionary`2 data, Byte slaveId) in /Users/songyinpei/jobs/IEC61850-simulatorServer2/Protocol/ModbusSlave.cs:line 199 

2025-12-30 17:13:59,268 [10] WARN  IEC61850_simulatorServer2.ModbusSlave [199] - Scale apply failed for param34: System.InvalidCastException: Unable to cast object of type 'System.Int32' to type 'System.Single'.
   at IEC61850_simulatorServer2.ModbusSlave.Write(Dictionary`2 data, Byte slaveId) in /Users/songyinpei/jobs/IEC61850-simulatorServer2/Protocol/ModbusSlave.cs:line 199 

2025-12-30 17:13:59,318 [10] WARN  IEC61850_simulatorServer2.ModbusSlave [199] - Scale apply failed for param35: System.InvalidCastException: Unable to cast object of type 'System.Int32' to type 'System.Single'.
   at IEC61850_simulatorServer2.ModbusSlave.Write(Dictionary`2 data, Byte slaveId) in /Users/songyinpei/jobs/IEC61850-simulatorServer2/Protocol/ModbusSlave.cs:line 199 

2025-12-30 17:13:59,346 [10] WARN  IEC61850_simulatorServer2.ModbusSlave [199] - Scale apply failed for param36: System.InvalidCastException: Unable to cast object of type 'System.Int32' to type 'System.Single'.
   at IEC61850_simulatorServer2.ModbusSlave.Write(Dictionary`2 data, Byte slaveId) in /Users/songyinpei/jobs/IEC61850-simulatorServer2/Protocol/ModbusSlave.cs:line 199 

2025-12-30 17:13:59,400 [10] WARN  IEC61850_simulatorServer2.ModbusSlave [199] - Scale apply failed for param37: System.InvalidCastException: Unable to cast object of type 'System.Int32' to type 'System.Single'.
   at IEC61850_simulatorServer2.ModbusSlave.Write(Dictionary`2 data, Byte slaveId) in /Users/songyinpei/jobs/IEC61850-simulatorServer2/Protocol/ModbusSlave.cs:line 199 

2025-12-30 17:13:59,430 [10] WARN  IEC61850_simulatorServer2.ModbusSlave [199] - Scale apply failed for param39: System.InvalidCastException: Unable to cast object of type 'System.Int32' to type 'System.Single'.
   at IEC61850_simulatorServer2.ModbusSlave.Write(Dictionary`2 data, Byte slaveId) in /Users/songyinpei/jobs/IEC61850-simulatorServer2/Protocol/ModbusSlave.cs:line 199 

2025-12-30 17:13:59,481 [10] WARN  IEC61850_simulatorServer2.ModbusSlave [199] - Scale apply failed for param38: System.InvalidCastException: Unable to cast object of type 'System.Int32' to type 'System.Single'.
   at IEC61850_simulatorServer2.ModbusSlave.Write(Dictionary`2 data, Byte slaveId) in /Users/songyinpei/jobs/IEC61850-simulatorServer2/Protocol/ModbusSlave.cs:line 199 

2025-12-30 17:13:59,485 [10] WARN  IEC61850_simulatorServer2.ModbusSlave [199] - Scale apply failed for param40: System.InvalidCastException: Unable to cast object of type 'System.Int32' to type 'System.Single'.
   at IEC61850_simulatorServer2.ModbusSlave.Write(Dictionary`2 data, Byte slaveId) in /Users/songyinpei/jobs/IEC61850-simulatorServer2/Protocol/ModbusSlave.cs:line 199 

2025-12-30 17:13:59,509 [10] WARN  IEC61850_simulatorServer2.ModbusSlave [199] - Scale apply failed for param41: System.InvalidCastException: Unable to cast object of type 'System.Int32' to type 'System.Single'.
   at IEC61850_simulatorServer2.ModbusSlave.Write(Dictionary`2 data, Byte slaveId) in /Users/songyinpei/jobs/IEC61850-simulatorServer2/Protocol/ModbusSlave.cs:line 199 

2025-12-30 17:13:59,562 [10] WARN  IEC61850_simulatorServer2.ModbusSlave [199] - Scale apply failed for param42: System.InvalidCastException: Unable to cast object of type 'System.Int32' to type 'System.Single'.
   at IEC61850_simulatorServer2.ModbusSlave.Write(Dictionary`2 data, Byte slaveId) in /Users/songyinpei/jobs/IEC61850-simulatorServer2/Protocol/ModbusSlave.cs:line 199 

2025-12-30 17:13:59,617 [10] WARN  IEC61850_simulatorServer2.ModbusSlave [199] - Scale apply failed for param43: System.InvalidCastException: Unable to cast object of type 'System.Int32' to type 'System.Single'.
   at IEC61850_simulatorServer2.ModbusSlave.Write(Dictionary`2 data, Byte slaveId) in /Users/songyinpei/jobs/IEC61850-simulatorServer2/Protocol/ModbusSlave.cs:line 199 

2025-12-30 17:13:59,649 [10] WARN  IEC61850_simulatorServer2.ModbusSlave [199] - Scale apply failed for param44: System.InvalidCastException: Unable to cast object of type 'System.Int32' to type 'System.Single'.
   at IEC61850_simulatorServer2.ModbusSlave.Write(Dictionary`2 data, Byte slaveId) in /Users/songyinpei/jobs/IEC61850-simulatorServer2/Protocol/ModbusSlave.cs:line 199 

2025-12-30 17:13:59,677 [10] WARN  IEC61850_simulatorServer2.ModbusSlave [199] - Scale apply failed for param45: System.InvalidCastException: Unable to cast object of type 'System.Int32' to type 'System.Single'.
   at IEC61850_simulatorServer2.ModbusSlave.Write(Dictionary`2 data, Byte slaveId) in /Users/songyinpei/jobs/IEC61850-simulatorServer2/Protocol/ModbusSlave.cs:line 199 

2025-12-30 17:13:59,707 [10] WARN  IEC61850_simulatorServer2.ModbusSlave [199] - Scale apply failed for param46: System.InvalidCastException: Unable to cast object of type 'System.Int32' to type 'System.Single'.
   at IEC61850_simulatorServer2.ModbusSlave.Write(Dictionary`2 data, Byte slaveId) in /Users/songyinpei/jobs/IEC61850-simulatorServer2/Protocol/ModbusSlave.cs:line 199 

2025-12-30 17:13:59,761 [10] WARN  IEC61850_simulatorServer2.ModbusSlave [199] - Scale apply failed for param47: System.InvalidCastException: Unable to cast object of type 'System.Int32' to type 'System.Single'.
   at IEC61850_simulatorServer2.ModbusSlave.Write(Dictionary`2 data, Byte slaveId) in /Users/songyinpei/jobs/IEC61850-simulatorServer2/Protocol/ModbusSlave.cs:line 199 

2025-12-30 17:13:59,812 [10] WARN  IEC61850_simulatorServer2.ModbusSlave [199] - Scale apply failed for param49: System.InvalidCastException: Unable to cast object of type 'System.Int32' to type 'System.Single'.
   at IEC61850_simulatorServer2.ModbusSlave.Write(Dictionary`2 data, Byte slaveId) in /Users/songyinpei/jobs/IEC61850-simulatorServer2/Protocol/ModbusSlave.cs:line 199 

2025-12-30 17:13:59,841 [10] WARN  IEC61850_simulatorServer2.ModbusSlave [199] - Scale apply failed for param48: System.InvalidCastException: Unable to cast object of type 'System.Int32' to type 'System.Single'.
   at IEC61850_simulatorServer2.ModbusSlave.Write(Dictionary`2 data, Byte slaveId) in /Users/songyinpei/jobs/IEC61850-simulatorServer2/Protocol/ModbusSlave.cs:line 199 

2025-12-30 17:14:00,432 [12] WARN  IEC61850_simulatorServer2.ModbusSlave [199] - Scale apply failed for yc6: System.InvalidCastException: Unable to cast object of type 'System.Int32' to type 'System.Single'.
   at IEC61850_simulatorServer2.ModbusSlave.Write(Dictionary`2 data, Byte slaveId) in /Users/songyinpei/jobs/IEC61850-simulatorServer2/Protocol/ModbusSlave.cs:line 199 

2025-12-30 17:14:00,458 [12] WARN  IEC61850_simulatorServer2.ModbusSlave [199] - Scale apply failed for yc7: System.InvalidCastException: Unable to cast object of type 'System.Int32' to type 'System.Single'.
   at IEC61850_simulatorServer2.ModbusSlave.Write(Dictionary`2 data, Byte slaveId) in /Users/songyinpei/jobs/IEC61850-simulatorServer2/Protocol/ModbusSlave.cs:line 199 

2025-12-30 17:14:00,485 [12] WARN  IEC61850_simulatorServer2.ModbusSlave [199] - Scale apply failed for yc8: System.InvalidCastException: Unable to cast object of type 'System.Int32' to type 'System.Single'.
   at IEC61850_simulatorServer2.ModbusSlave.Write(Dictionary`2 data, Byte slaveId) in /Users/songyinpei/jobs/IEC61850-simulatorServer2/Protocol/ModbusSlave.cs:line 199 

2025-12-30 17:14:00,539 [12] WARN  IEC61850_simulatorServer2.ModbusSlave [199] - Scale apply failed for yc9: System.InvalidCastException: Unable to cast object of type 'System.Int32' to type 'System.Single'.
   at IEC61850_simulatorServer2.ModbusSlave.Write(Dictionary`2 data, Byte slaveId) in /Users/songyinpei/jobs/IEC61850-simulatorServer2/Protocol/ModbusSlave.cs:line 199 

2025-12-30 17:14:00,590 [12] WARN  IEC61850_simulatorServer2.ModbusSlave [199] - Scale apply failed for yc11: System.InvalidCastException: Unable to cast object of type 'System.Int32' to type 'System.Single'.
   at IEC61850_simulatorServer2.ModbusSlave.Write(Dictionary`2 data, Byte slaveId) in /Users/songyinpei/jobs/IEC61850-simulatorServer2/Protocol/ModbusSlave.cs:line 199 

2025-12-30 17:14:00,618 [12] WARN  IEC61850_simulatorServer2.ModbusSlave [199] - Scale apply failed for yc10: System.InvalidCastException: Unable to cast object of type 'System.Int32' to type 'System.Single'.
   at IEC61850_simulatorServer2.ModbusSlave.Write(Dictionary`2 data, Byte slaveId) in /Users/songyinpei/jobs/IEC61850-simulatorServer2/Protocol/ModbusSlave.cs:line 199 

2025-12-30 17:14:00,646 [12] WARN  IEC61850_simulatorServer2.ModbusSlave [199] - Scale apply failed for yc12: System.InvalidCastException: Unable to cast object of type 'System.Int32' to type 'System.Single'.
   at IEC61850_simulatorServer2.ModbusSlave.Write(Dictionary`2 data, Byte slaveId) in /Users/songyinpei/jobs/IEC61850-simulatorServer2/Protocol/ModbusSlave.cs:line 199 

2025-12-30 17:14:00,676 [12] WARN  IEC61850_simulatorServer2.ModbusSlave [199] - Scale apply failed for yc20: System.InvalidCastException: Unable to cast object of type 'System.Int32' to type 'System.Single'.
   at IEC61850_simulatorServer2.ModbusSlave.Write(Dictionary`2 data, Byte slaveId) in /Users/songyinpei/jobs/IEC61850-simulatorServer2/Protocol/ModbusSlave.cs:line 199 

2025-12-30 17:14:00,706 [12] WARN  IEC61850_simulatorServer2.ModbusSlave [199] - Scale apply failed for yc21: System.InvalidCastException: Unable to cast object of type 'System.Int32' to type 'System.Single'.
   at IEC61850_simulatorServer2.ModbusSlave.Write(Dictionary`2 data, Byte slaveId) in /Users/songyinpei/jobs/IEC61850-simulatorServer2/Protocol/ModbusSlave.cs:line 199 

2025-12-30 17:14:00,735 [12] WARN  IEC61850_simulatorServer2.ModbusSlave [199] - Scale apply failed for yc22: System.InvalidCastException: Unable to cast object of type 'System.Int32' to type 'System.Single'.
   at IEC61850_simulatorServer2.ModbusSlave.Write(Dictionary`2 data, Byte slaveId) in /Users/songyinpei/jobs/IEC61850-simulatorServer2/Protocol/ModbusSlave.cs:line 199 

2025-12-30 17:14:00,788 [12] WARN  IEC61850_simulatorServer2.ModbusSlave [199] - Scale apply failed for yc23: System.InvalidCastException: Unable to cast object of type 'System.Int32' to type 'System.Single'.
   at IEC61850_simulatorServer2.ModbusSlave.Write(Dictionary`2 data, Byte slaveId) in /Users/songyinpei/jobs/IEC61850-simulatorServer2/Protocol/ModbusSlave.cs:line 199 

2025-12-30 17:14:00,818 [12] WARN  IEC61850_simulatorServer2.ModbusSlave [199] - Scale apply failed for yc24: System.InvalidCastException: Unable to cast object of type 'System.Int32' to type 'System.Single'.
   at IEC61850_simulatorServer2.ModbusSlave.Write(Dictionary`2 data, Byte slaveId) in /Users/songyinpei/jobs/IEC61850-simulatorServer2/Protocol/ModbusSlave.cs:line 199 

2025-12-30 17:14:00,850 [12] WARN  IEC61850_simulatorServer2.ModbusSlave [199] - Scale apply failed for yc25: System.InvalidCastException: Unable to cast object of type 'System.Int32' to type 'System.Single'.
   at IEC61850_simulatorServer2.ModbusSlave.Write(Dictionary`2 data, Byte slaveId) in /Users/songyinpei/jobs/IEC61850-simulatorServer2/Protocol/ModbusSlave.cs:line 199 

2025-12-30 17:14:00,890 [12] WARN  IEC61850_simulatorServer2.ModbusSlave [199] - Scale apply failed for yc26: System.InvalidCastException: Unable to cast object of type 'System.Int32' to type 'System.Single'.
   at IEC61850_simulatorServer2.ModbusSlave.Write(Dictionary`2 data, Byte slaveId) in /Users/songyinpei/jobs/IEC61850-simulatorServer2/Protocol/ModbusSlave.cs:line 199 

2025-12-30 17:14:00,944 [12] WARN  IEC61850_simulatorServer2.ModbusSlave [199] - Scale apply failed for yc27: System.InvalidCastException: Unable to cast object of type 'System.Int32' to type 'System.Single'.
   at IEC61850_simulatorServer2.ModbusSlave.Write(Dictionary`2 data, Byte slaveId) in /Users/songyinpei/jobs/IEC61850-simulatorServer2/Protocol/ModbusSlave.cs:line 199 

2025-12-30 17:14:01,004 [12] WARN  IEC61850_simulatorServer2.ModbusSlave [199] - Scale apply failed for yc28: System.InvalidCastException: Unable to cast object of type 'System.Int32' to type 'System.Single'.
   at IEC61850_simulatorServer2.ModbusSlave.Write(Dictionary`2 data, Byte slaveId) in /Users/songyinpei/jobs/IEC61850-simulatorServer2/Protocol/ModbusSlave.cs:line 199 

2025-12-30 17:14:01,014 [12] WARN  IEC61850_simulatorServer2.ModbusSlave [199] - Scale apply failed for yc29: System.InvalidCastException: Unable to cast object of type 'System.Int32' to type 'System.Single'.
   at IEC61850_simulatorServer2.ModbusSlave.Write(Dictionary`2 data, Byte slaveId) in /Users/songyinpei/jobs/IEC61850-simulatorServer2/Protocol/ModbusSlave.cs:line 199 

2025-12-30 17:14:01,045 [12] WARN  IEC61850_simulatorServer2.ModbusSlave [199] - Scale apply failed for yc30: System.InvalidCastException: Unable to cast object of type 'System.Int32' to type 'System.Single'.
   at IEC61850_simulatorServer2.ModbusSlave.Write(Dictionary`2 data, Byte slaveId) in /Users/songyinpei/jobs/IEC61850-simulatorServer2/Protocol/ModbusSlave.cs:line 199 

2025-12-30 17:14:01,097 [12] WARN  IEC61850_simulatorServer2.ModbusSlave [199] - Scale apply failed for yc31: System.InvalidCastException: Unable to cast object of type 'System.Int32' to type 'System.Single'.
   at IEC61850_simulatorServer2.ModbusSlave.Write(Dictionary`2 data, Byte slaveId) in /Users/songyinpei/jobs/IEC61850-simulatorServer2/Protocol/ModbusSlave.cs:line 199 

2025-12-30 17:14:01,153 [12] WARN  IEC61850_simulatorServer2.ModbusSlave [199] - Scale apply failed for yc34: System.InvalidCastException: Unable to cast object of type 'System.Int32' to type 'System.Single'.
   at IEC61850_simulatorServer2.ModbusSlave.Write(Dictionary`2 data, Byte slaveId) in /Users/songyinpei/jobs/IEC61850-simulatorServer2/Protocol/ModbusSlave.cs:line 199 

2025-12-30 17:14:01,192 [12] WARN  IEC61850_simulatorServer2.ModbusSlave [199] - Scale apply failed for yc35: System.InvalidCastException: Unable to cast object of type 'System.Int32' to type 'System.Single'.
   at IEC61850_simulatorServer2.ModbusSlave.Write(Dictionary`2 data, Byte slaveId) in /Users/songyinpei/jobs/IEC61850-simulatorServer2/Protocol/ModbusSlave.cs:line 199 

2025-12-30 17:14:01,220 [12] WARN  IEC61850_simulatorServer2.ModbusSlave [199] - Scale apply failed for yc32: System.InvalidCastException: Unable to cast object of type 'System.Int32' to type 'System.Single'.
   at IEC61850_simulatorServer2.ModbusSlave.Write(Dictionary`2 data, Byte slaveId) in /Users/songyinpei/jobs/IEC61850-simulatorServer2/Protocol/ModbusSlave.cs:line 199 

2025-12-30 17:14:01,275 [12] WARN  IEC61850_simulatorServer2.ModbusSlave [199] - Scale apply failed for yc33: System.InvalidCastException: Unable to cast object of type 'System.Int32' to type 'System.Single'.
   at IEC61850_simulatorServer2.ModbusSlave.Write(Dictionary`2 data, Byte slaveId) in /Users/songyinpei/jobs/IEC61850-simulatorServer2/Protocol/ModbusSlave.cs:line 199 

2025-12-30 17:14:01,307 [12] WARN  IEC61850_simulatorServer2.ModbusSlave [199] - Scale apply failed for yc36: System.InvalidCastException: Unable to cast object of type 'System.Int32' to type 'System.Single'.
   at IEC61850_simulatorServer2.ModbusSlave.Write(Dictionary`2 data, Byte slaveId) in /Users/songyinpei/jobs/IEC61850-simulatorServer2/Protocol/ModbusSlave.cs:line 199 

2025-12-30 17:14:01,313 [12] WARN  IEC61850_simulatorServer2.ModbusSlave [199] - Scale apply failed for yc37: System.InvalidCastException: Unable to cast object of type 'System.Int32' to type 'System.Single'.
   at IEC61850_simulatorServer2.ModbusSlave.Write(Dictionary`2 data, Byte slaveId) in /Users/songyinpei/jobs/IEC61850-simulatorServer2/Protocol/ModbusSlave.cs:line 199 

2025-12-30 17:14:01,343 [12] WARN  IEC61850_simulatorServer2.ModbusSlave [199] - Scale apply failed for yc43: System.InvalidCastException: Unable to cast object of type 'System.Int32' to type 'System.Single'.
   at IEC61850_simulatorServer2.ModbusSlave.Write(Dictionary`2 data, Byte slaveId) in /Users/songyinpei/jobs/IEC61850-simulatorServer2/Protocol/ModbusSlave.cs:line 199 

2025-12-30 17:14:01,375 [12] WARN  IEC61850_simulatorServer2.ModbusSlave [199] - Scale apply failed for yc53: System.InvalidCastException: Unable to cast object of type 'System.Int32' to type 'System.Single'.
   at IEC61850_simulatorServer2.ModbusSlave.Write(Dictionary`2 data, Byte slaveId) in /Users/songyinpei/jobs/IEC61850-simulatorServer2/Protocol/ModbusSlave.cs:line 199 

2025-12-30 17:14:01,430 [12] WARN  IEC61850_simulatorServer2.ModbusSlave [199] - Scale apply failed for yc45: System.InvalidCastException: Unable to cast object of type 'System.Int32' to type 'System.Single'.
   at IEC61850_simulatorServer2.ModbusSlave.Write(Dictionary`2 data, Byte slaveId) in /Users/songyinpei/jobs/IEC61850-simulatorServer2/Protocol/ModbusSlave.cs:line 199 

2025-12-30 17:14:01,519 [15] WARN  IEC61850_simulatorServer2.ModbusSlave [199] - Scale apply failed for param2: System.InvalidCastException: Unable to cast object of type 'System.Int32' to type 'System.Single'.
   at IEC61850_simulatorServer2.ModbusSlave.Write(Dictionary`2 data, Byte slaveId) in /Users/songyinpei/jobs/IEC61850-simulatorServer2/Protocol/ModbusSlave.cs:line 199 

2025-12-30 17:14:01,547 [15] WARN  IEC61850_simulatorServer2.ModbusSlave [199] - Scale apply failed for param3: System.InvalidCastException: Unable to cast object of type 'System.Int32' to type 'System.Single'.
   at IEC61850_simulatorServer2.ModbusSlave.Write(Dictionary`2 data, Byte slaveId) in /Users/songyinpei/jobs/IEC61850-simulatorServer2/Protocol/ModbusSlave.cs:line 199 

2025-12-30 17:14:01,549 [15] WARN  IEC61850_simulatorServer2.ModbusSlave [199] - Scale apply failed for param4: System.InvalidCastException: Unable to cast object of type 'System.Int32' to type 'System.Single'.
   at IEC61850_simulatorServer2.ModbusSlave.Write(Dictionary`2 data, Byte slaveId) in /Users/songyinpei/jobs/IEC61850-simulatorServer2/Protocol/ModbusSlave.cs:line 199 

2025-12-30 17:14:01,552 [15] WARN  IEC61850_simulatorServer2.ModbusSlave [199] - Scale apply failed for param8: System.InvalidCastException: Unable to cast object of type 'System.Int32' to type 'System.Single'.
   at IEC61850_simulatorServer2.ModbusSlave.Write(Dictionary`2 data, Byte slaveId) in /Users/songyinpei/jobs/IEC61850-simulatorServer2/Protocol/ModbusSlave.cs:line 199 

2025-12-30 17:14:01,555 [15] WARN  IEC61850_simulatorServer2.ModbusSlave [199] - Scale apply failed for param10: System.InvalidCastException: Unable to cast object of type 'System.Int32' to type 'System.Single'.
   at IEC61850_simulatorServer2.ModbusSlave.Write(Dictionary`2 data, Byte slaveId) in /Users/songyinpei/jobs/IEC61850-simulatorServer2/Protocol/ModbusSlave.cs:line 199 

2025-12-30 17:14:01,557 [15] WARN  IEC61850_simulatorServer2.ModbusSlave [199] - Scale apply failed for param9: System.InvalidCastException: Unable to cast object of type 'System.Int32' to type 'System.Single'.
   at IEC61850_simulatorServer2.ModbusSlave.Write(Dictionary`2 data, Byte slaveId) in /Users/songyinpei/jobs/IEC61850-simulatorServer2/Protocol/ModbusSlave.cs:line 199 

2025-12-30 17:14:01,560 [15] WARN  IEC61850_simulatorServer2.ModbusSlave [199] - Scale apply failed for param15: System.InvalidCastException: Unable to cast object of type 'System.Int32' to type 'System.Single'.
   at IEC61850_simulatorServer2.ModbusSlave.Write(Dictionary`2 data, Byte slaveId) in /Users/songyinpei/jobs/IEC61850-simulatorServer2/Protocol/ModbusSlave.cs:line 199 

2025-12-30 17:14:01,563 [15] WARN  IEC61850_simulatorServer2.ModbusSlave [199] - Scale apply failed for param16: System.InvalidCastException: Unable to cast object of type 'System.Int32' to type 'System.Single'.
   at IEC61850_simulatorServer2.ModbusSlave.Write(Dictionary`2 data, Byte slaveId) in /Users/songyinpei/jobs/IEC61850-simulatorServer2/Protocol/ModbusSlave.cs:line 199 

2025-12-30 17:14:01,565 [15] WARN  IEC61850_simulatorServer2.ModbusSlave [199] - Scale apply failed for param17: System.InvalidCastException: Unable to cast object of type 'System.Int32' to type 'System.Single'.
   at IEC61850_simulatorServer2.ModbusSlave.Write(Dictionary`2 data, Byte slaveId) in /Users/songyinpei/jobs/IEC61850-simulatorServer2/Protocol/ModbusSlave.cs:line 199 

2025-12-30 17:14:01,567 [15] WARN  IEC61850_simulatorServer2.ModbusSlave [199] - Scale apply failed for param18: System.InvalidCastException: Unable to cast object of type 'System.Int32' to type 'System.Single'.
   at IEC61850_simulatorServer2.ModbusSlave.Write(Dictionary`2 data, Byte slaveId) in /Users/songyinpei/jobs/IEC61850-simulatorServer2/Protocol/ModbusSlave.cs:line 199 

2025-12-30 17:14:01,569 [15] WARN  IEC61850_simulatorServer2.ModbusSlave [199] - Scale apply failed for param19: System.InvalidCastException: Unable to cast object of type 'System.Int32' to type 'System.Single'.
   at IEC61850_simulatorServer2.ModbusSlave.Write(Dictionary`2 data, Byte slaveId) in /Users/songyinpei/jobs/IEC61850-simulatorServer2/Protocol/ModbusSlave.cs:line 199 

2025-12-30 17:14:01,572 [15] WARN  IEC61850_simulatorServer2.ModbusSlave [199] - Scale apply failed for param20: System.InvalidCastException: Unable to cast object of type 'System.Int32' to type 'System.Single'.
   at IEC61850_simulatorServer2.ModbusSlave.Write(Dictionary`2 data, Byte slaveId) in /Users/songyinpei/jobs/IEC61850-simulatorServer2/Protocol/ModbusSlave.cs:line 199 

2025-12-30 17:14:01,599 [15] WARN  IEC61850_simulatorServer2.ModbusSlave [199] - Scale apply failed for param21: System.InvalidCastException: Unable to cast object of type 'System.Int32' to type 'System.Single'.
   at IEC61850_simulatorServer2.ModbusSlave.Write(Dictionary`2 data, Byte slaveId) in /Users/songyinpei/jobs/IEC61850-simulatorServer2/Protocol/ModbusSlave.cs:line 199 

2025-12-30 17:14:01,602 [15] WARN  IEC61850_simulatorServer2.ModbusSlave [199] - Scale apply failed for param31: System.InvalidCastException: Unable to cast object of type 'System.Int32' to type 'System.Single'.
   at IEC61850_simulatorServer2.ModbusSlave.Write(Dictionary`2 data, Byte slaveId) in /Users/songyinpei/jobs/IEC61850-simulatorServer2/Protocol/ModbusSlave.cs:line 199 

2025-12-30 17:14:01,629 [15] WARN  IEC61850_simulatorServer2.ModbusSlave [199] - Scale apply failed for param32: System.InvalidCastException: Unable to cast object of type 'System.Int32' to type 'System.Single'.
   at IEC61850_simulatorServer2.ModbusSlave.Write(Dictionary`2 data, Byte slaveId) in /Users/songyinpei/jobs/IEC61850-simulatorServer2/Protocol/ModbusSlave.cs:line 199 

2025-12-30 17:14:01,632 [15] WARN  IEC61850_simulatorServer2.ModbusSlave [199] - Scale apply failed for param33: System.InvalidCastException: Unable to cast object of type 'System.Int32' to type 'System.Single'.
   at IEC61850_simulatorServer2.ModbusSlave.Write(Dictionary`2 data, Byte slaveId) in /Users/songyinpei/jobs/IEC61850-simulatorServer2/Protocol/ModbusSlave.cs:line 199 

2025-12-30 17:14:01,634 [15] WARN  IEC61850_simulatorServer2.ModbusSlave [199] - Scale apply failed for param34: System.InvalidCastException: Unable to cast object of type 'System.Int32' to type 'System.Single'.
   at IEC61850_simulatorServer2.ModbusSlave.Write(Dictionary`2 data, Byte slaveId) in /Users/songyinpei/jobs/IEC61850-simulatorServer2/Protocol/ModbusSlave.cs:line 199 

2025-12-30 17:14:01,657 [15] WARN  IEC61850_simulatorServer2.ModbusSlave [199] - Scale apply failed for param35: System.InvalidCastException: Unable to cast object of type 'System.Int32' to type 'System.Single'.
   at IEC61850_simulatorServer2.ModbusSlave.Write(Dictionary`2 data, Byte slaveId) in /Users/songyinpei/jobs/IEC61850-simulatorServer2/Protocol/ModbusSlave.cs:line 199 

2025-12-30 17:14:01,660 [15] WARN  IEC61850_simulatorServer2.ModbusSlave [199] - Scale apply failed for param36: System.InvalidCastException: Unable to cast object of type 'System.Int32' to type 'System.Single'.
   at IEC61850_simulatorServer2.ModbusSlave.Write(Dictionary`2 data, Byte slaveId) in /Users/songyinpei/jobs/IEC61850-simulatorServer2/Protocol/ModbusSlave.cs:line 199 

2025-12-30 17:14:01,683 [15] WARN  IEC61850_simulatorServer2.ModbusSlave [199] - Scale apply failed for param39: System.InvalidCastException: Unable to cast object of type 'System.Int32' to type 'System.Single'.
   at IEC61850_simulatorServer2.ModbusSlave.Write(Dictionary`2 data, Byte slaveId) in /Users/songyinpei/jobs/IEC61850-simulatorServer2/Protocol/ModbusSlave.cs:line 199 

2025-12-30 17:14:01,708 [15] WARN  IEC61850_simulatorServer2.ModbusSlave [199] - Scale apply failed for param37: System.InvalidCastException: Unable to cast object of type 'System.Int32' to type 'System.Single'.
   at IEC61850_simulatorServer2.ModbusSlave.Write(Dictionary`2 data, Byte slaveId) in /Users/songyinpei/jobs/IEC61850-simulatorServer2/Protocol/ModbusSlave.cs:line 199 

2025-12-30 17:14:01,736 [15] WARN  IEC61850_simulatorServer2.ModbusSlave [199] - Scale apply failed for param38: System.InvalidCastException: Unable to cast object of type 'System.Int32' to type 'System.Single'.
   at IEC61850_simulatorServer2.ModbusSlave.Write(Dictionary`2 data, Byte slaveId) in /Users/songyinpei/jobs/IEC61850-simulatorServer2/Protocol/ModbusSlave.cs:line 199 

2025-12-30 17:14:01,787 [15] WARN  IEC61850_simulatorServer2.ModbusSlave [199] - Scale apply failed for param40: System.InvalidCastException: Unable to cast object of type 'System.Int32' to type 'System.Single'.
   at IEC61850_simulatorServer2.ModbusSlave.Write(Dictionary`2 data, Byte slaveId) in /Users/songyinpei/jobs/IEC61850-simulatorServer2/Protocol/ModbusSlave.cs:line 199 

2025-12-30 17:14:01,820 [15] WARN  IEC61850_simulatorServer2.ModbusSlave [199] - Scale apply failed for param41: System.InvalidCastException: Unable to cast object of type 'System.Int32' to type 'System.Single'.
   at IEC61850_simulatorServer2.ModbusSlave.Write(Dictionary`2 data, Byte slaveId) in /Users/songyinpei/jobs/IEC61850-simulatorServer2/Protocol/ModbusSlave.cs:line 199 

2025-12-30 17:14:01,849 [15] WARN  IEC61850_simulatorServer2.ModbusSlave [199] - Scale apply failed for param42: System.InvalidCastException: Unable to cast object of type 'System.Int32' to type 'System.Single'.
   at IEC61850_simulatorServer2.ModbusSlave.Write(Dictionary`2 data, Byte slaveId) in /Users/songyinpei/jobs/IEC61850-simulatorServer2/Protocol/ModbusSlave.cs:line 199 

2025-12-30 17:14:01,876 [15] WARN  IEC61850_simulatorServer2.ModbusSlave [199] - Scale apply failed for param43: System.InvalidCastException: Unable to cast object of type 'System.Int32' to type 'System.Single'.
   at IEC61850_simulatorServer2.ModbusSlave.Write(Dictionary`2 data, Byte slaveId) in /Users/songyinpei/jobs/IEC61850-simulatorServer2/Protocol/ModbusSlave.cs:line 199 

2025-12-30 17:14:01,932 [15] WARN  IEC61850_simulatorServer2.ModbusSlave [199] - Scale apply failed for param44: System.InvalidCastException: Unable to cast object of type 'System.Int32' to type 'System.Single'.
   at IEC61850_simulatorServer2.ModbusSlave.Write(Dictionary`2 data, Byte slaveId) in /Users/songyinpei/jobs/IEC61850-simulatorServer2/Protocol/ModbusSlave.cs:line 199 

2025-12-30 17:14:01,986 [15] WARN  IEC61850_simulatorServer2.ModbusSlave [199] - Scale apply failed for param45: System.InvalidCastException: Unable to cast object of type 'System.Int32' to type 'System.Single'.
   at IEC61850_simulatorServer2.ModbusSlave.Write(Dictionary`2 data, Byte slaveId) in /Users/songyinpei/jobs/IEC61850-simulatorServer2/Protocol/ModbusSlave.cs:line 199 

2025-12-30 17:14:02,030 [15] WARN  IEC61850_simulatorServer2.ModbusSlave [199] - Scale apply failed for param46: System.InvalidCastException: Unable to cast object of type 'System.Int32' to type 'System.Single'.
   at IEC61850_simulatorServer2.ModbusSlave.Write(Dictionary`2 data, Byte slaveId) in /Users/songyinpei/jobs/IEC61850-simulatorServer2/Protocol/ModbusSlave.cs:line 199 

2025-12-30 17:14:02,036 [15] WARN  IEC61850_simulatorServer2.ModbusSlave [199] - Scale apply failed for param47: System.InvalidCastException: Unable to cast object of type 'System.Int32' to type 'System.Single'.
   at IEC61850_simulatorServer2.ModbusSlave.Write(Dictionary`2 data, Byte slaveId) in /Users/songyinpei/jobs/IEC61850-simulatorServer2/Protocol/ModbusSlave.cs:line 199 

2025-12-30 17:14:02,087 [15] WARN  IEC61850_simulatorServer2.ModbusSlave [199] - Scale apply failed for param48: System.InvalidCastException: Unable to cast object of type 'System.Int32' to type 'System.Single'.
   at IEC61850_simulatorServer2.ModbusSlave.Write(Dictionary`2 data, Byte slaveId) in /Users/songyinpei/jobs/IEC61850-simulatorServer2/Protocol/ModbusSlave.cs:line 199 

2025-12-30 17:14:02,118 [15] WARN  IEC61850_simulatorServer2.ModbusSlave [199] - Scale apply failed for param49: System.InvalidCastException: Unable to cast object of type 'System.Int32' to type 'System.Single'.
   at IEC61850_simulatorServer2.ModbusSlave.Write(Dictionary`2 data, Byte slaveId) in /Users/songyinpei/jobs/IEC61850-simulatorServer2/Protocol/ModbusSlave.cs:line 199 

2025-12-30 17:14:02,608 [17] WARN  IEC61850_simulatorServer2.ModbusSlave [?] - Scale apply failed for yc0: System.InvalidCastException: Unable to cast object of type 'System.Int32' to type 'System.Single'.
   at IEC61850_simulatorServer2.ModbusSlave.Write(Dictionary`2 data, Byte slaveId) in /Users/songyinpei/jobs/IEC61850-simulatorServer2/Protocol/ModbusSlave.cs:line 199 

2025-12-30 17:14:02,610 [17] WARN  IEC61850_simulatorServer2.ModbusSlave [?] - Scale apply failed for yc1: System.InvalidCastException: Unable to cast object of type 'System.Int32' to type 'System.Single'.
   at IEC61850_simulatorServer2.ModbusSlave.Write(Dictionary`2 data, Byte slaveId) in /Users/songyinpei/jobs/IEC61850-simulatorServer2/Protocol/ModbusSlave.cs:line 199 

2025-12-30 17:14:02,613 [17] WARN  IEC61850_simulatorServer2.ModbusSlave [?] - Scale apply failed for yc2: System.InvalidCastException: Unable to cast object of type 'System.Int32' to type 'System.Single'.
   at IEC61850_simulatorServer2.ModbusSlave.Write(Dictionary`2 data, Byte slaveId) in /Users/songyinpei/jobs/IEC61850-simulatorServer2/Protocol/ModbusSlave.cs:line 199 

2025-12-30 17:14:02,615 [17] WARN  IEC61850_simulatorServer2.ModbusSlave [?] - Scale apply failed for yc3: System.InvalidCastException: Unable to cast object of type 'System.Int32' to type 'System.Single'.
   at IEC61850_simulatorServer2.ModbusSlave.Write(Dictionary`2 data, Byte slaveId) in /Users/songyinpei/jobs/IEC61850-simulatorServer2/Protocol/ModbusSlave.cs:line 199 

2025-12-30 17:14:02,617 [17] WARN  IEC61850_simulatorServer2.ModbusSlave [?] - Scale apply failed for yc5: System.InvalidCastException: Unable to cast object of type 'System.Int32' to type 'System.Single'.
   at IEC61850_simulatorServer2.ModbusSlave.Write(Dictionary`2 data, Byte slaveId) in /Users/songyinpei/jobs/IEC61850-simulatorServer2/Protocol/ModbusSlave.cs:line 199 

2025-12-30 17:14:02,644 [17] WARN  IEC61850_simulatorServer2.ModbusSlave [?] - Scale apply failed for yc4: System.InvalidCastException: Unable to cast object of type 'System.Int32' to type 'System.Single'.
   at IEC61850_simulatorServer2.ModbusSlave.Write(Dictionary`2 data, Byte slaveId) in /Users/songyinpei/jobs/IEC61850-simulatorServer2/Protocol/ModbusSlave.cs:line 199 

2025-12-30 17:14:02,672 [17] WARN  IEC61850_simulatorServer2.ModbusSlave [?] - Scale apply failed for yc6: System.InvalidCastException: Unable to cast object of type 'System.Int32' to type 'System.Single'.
   at IEC61850_simulatorServer2.ModbusSlave.Write(Dictionary`2 data, Byte slaveId) in /Users/songyinpei/jobs/IEC61850-simulatorServer2/Protocol/ModbusSlave.cs:line 199 

2025-12-30 17:14:02,720 [17] WARN  IEC61850_simulatorServer2.ModbusSlave [?] - Scale apply failed for yc7: System.InvalidCastException: Unable to cast object of type 'System.Int32' to type 'System.Single'.
   at IEC61850_simulatorServer2.ModbusSlave.Write(Dictionary`2 data, Byte slaveId) in /Users/songyinpei/jobs/IEC61850-simulatorServer2/Protocol/ModbusSlave.cs:line 199 

2025-12-30 17:14:02,772 [17] WARN  IEC61850_simulatorServer2.ModbusSlave [?] - Scale apply failed for yc8: System.InvalidCastException: Unable to cast object of type 'System.Int32' to type 'System.Single'.
   at IEC61850_simulatorServer2.ModbusSlave.Write(Dictionary`2 data, Byte slaveId) in /Users/songyinpei/jobs/IEC61850-simulatorServer2/Protocol/ModbusSlave.cs:line 199 

2025-12-30 17:14:02,825 [17] WARN  IEC61850_simulatorServer2.ModbusSlave [?] - Scale apply failed for yc9: System.InvalidCastException: Unable to cast object of type 'System.Int32' to type 'System.Single'.
   at IEC61850_simulatorServer2.ModbusSlave.Write(Dictionary`2 data, Byte slaveId) in /Users/songyinpei/jobs/IEC61850-simulatorServer2/Protocol/ModbusSlave.cs:line 199 

2025-12-30 17:14:02,878 [17] WARN  IEC61850_simulatorServer2.ModbusSlave [?] - Scale apply failed for yc10: System.InvalidCastException: Unable to cast object of type 'System.Int32' to type 'System.Single'.
   at IEC61850_simulatorServer2.ModbusSlave.Write(Dictionary`2 data, Byte slaveId) in /Users/songyinpei/jobs/IEC61850-simulatorServer2/Protocol/ModbusSlave.cs:line 199 

2025-12-30 17:14:02,908 [17] WARN  IEC61850_simulatorServer2.ModbusSlave [?] - Scale apply failed for yc11: System.InvalidCastException: Unable to cast object of type 'System.Int32' to type 'System.Single'.
   at IEC61850_simulatorServer2.ModbusSlave.Write(Dictionary`2 data, Byte slaveId) in /Users/songyinpei/jobs/IEC61850-simulatorServer2/Protocol/ModbusSlave.cs:line 199 

2025-12-30 17:14:02,963 [17] WARN  IEC61850_simulatorServer2.ModbusSlave [?] - Scale apply failed for yc12: System.InvalidCastException: Unable to cast object of type 'System.Int32' to type 'System.Single'.
   at IEC61850_simulatorServer2.ModbusSlave.Write(Dictionary`2 data, Byte slaveId) in /Users/songyinpei/jobs/IEC61850-simulatorServer2/Protocol/ModbusSlave.cs:line 199 

2025-12-30 17:14:02,995 [17] WARN  IEC61850_simulatorServer2.ModbusSlave [?] - Scale apply failed for yc13: System.InvalidCastException: Unable to cast object of type 'System.Int32' to type 'System.Single'.
   at IEC61850_simulatorServer2.ModbusSlave.Write(Dictionary`2 data, Byte slaveId) in /Users/songyinpei/jobs/IEC61850-simulatorServer2/Protocol/ModbusSlave.cs:line 199 

2025-12-30 17:14:03,032 [17] WARN  IEC61850_simulatorServer2.ModbusSlave [?] - Scale apply failed for yc14: System.InvalidCastException: Unable to cast object of type 'System.Int32' to type 'System.Single'.
   at IEC61850_simulatorServer2.ModbusSlave.Write(Dictionary`2 data, Byte slaveId) in /Users/songyinpei/jobs/IEC61850-simulatorServer2/Protocol/ModbusSlave.cs:line 199 

2025-12-30 17:14:03,065 [17] WARN  IEC61850_simulatorServer2.ModbusSlave [?] - Scale apply failed for yc15: System.InvalidCastException: Unable to cast object of type 'System.Int32' to type 'System.Single'.
   at IEC61850_simulatorServer2.ModbusSlave.Write(Dictionary`2 data, Byte slaveId) in /Users/songyinpei/jobs/IEC61850-simulatorServer2/Protocol/ModbusSlave.cs:line 199 

2025-12-30 17:14:03,096 [17] WARN  IEC61850_simulatorServer2.ModbusSlave [?] - Scale apply failed for yc16: System.InvalidCastException: Unable to cast object of type 'System.Int32' to type 'System.Single'.
   at IEC61850_simulatorServer2.ModbusSlave.Write(Dictionary`2 data, Byte slaveId) in /Users/songyinpei/jobs/IEC61850-simulatorServer2/Protocol/ModbusSlave.cs:line 199 

2025-12-30 17:14:03,126 [17] WARN  IEC61850_simulatorServer2.ModbusSlave [?] - Scale apply failed for yc17: System.InvalidCastException: Unable to cast object of type 'System.Int32' to type 'System.Single'.
   at IEC61850_simulatorServer2.ModbusSlave.Write(Dictionary`2 data, Byte slaveId) in /Users/songyinpei/jobs/IEC61850-simulatorServer2/Protocol/ModbusSlave.cs:line 199 

2025-12-30 17:14:03,159 [17] WARN  IEC61850_simulatorServer2.ModbusSlave [?] - Scale apply failed for yc18: System.InvalidCastException: Unable to cast object of type 'System.Int32' to type 'System.Single'.
   at IEC61850_simulatorServer2.ModbusSlave.Write(Dictionary`2 data, Byte slaveId) in /Users/songyinpei/jobs/IEC61850-simulatorServer2/Protocol/ModbusSlave.cs:line 199 

2025-12-30 17:14:03,219 [17] WARN  IEC61850_simulatorServer2.ModbusSlave [?] - Scale apply failed for yc19: System.InvalidCastException: Unable to cast object of type 'System.Int32' to type 'System.Single'.
   at IEC61850_simulatorServer2.ModbusSlave.Write(Dictionary`2 data, Byte slaveId) in /Users/songyinpei/jobs/IEC61850-simulatorServer2/Protocol/ModbusSlave.cs:line 199 

2025-12-30 17:14:03,268 [17] WARN  IEC61850_simulatorServer2.ModbusSlave [?] - Scale apply failed for yc21: System.InvalidCastException: Unable to cast object of type 'System.Int32' to type 'System.Single'.
   at IEC61850_simulatorServer2.ModbusSlave.Write(Dictionary`2 data, Byte slaveId) in /Users/songyinpei/jobs/IEC61850-simulatorServer2/Protocol/ModbusSlave.cs:line 199 

2025-12-30 17:14:03,303 [17] WARN  IEC61850_simulatorServer2.ModbusSlave [?] - Scale apply failed for yc20: System.InvalidCastException: Unable to cast object of type 'System.Int32' to type 'System.Single'.
   at IEC61850_simulatorServer2.ModbusSlave.Write(Dictionary`2 data, Byte slaveId) in /Users/songyinpei/jobs/IEC61850-simulatorServer2/Protocol/ModbusSlave.cs:line 199 

2025-12-30 17:14:03,883 [10] WARN  IEC61850_simulatorServer2.ModbusSlave [?] - Scale apply failed for param15: System.InvalidCastException: Unable to cast object of type 'System.UInt16' to type 'System.Single'.
   at IEC61850_simulatorServer2.ModbusSlave.Write(Dictionary`2 data, Byte slaveId) in /Users/songyinpei/jobs/IEC61850-simulatorServer2/Protocol/ModbusSlave.cs:line 199 

2025-12-30 17:14:03,885 [10] WARN  IEC61850_simulatorServer2.ModbusSlave [?] - Scale apply failed for param16: System.InvalidCastException: Unable to cast object of type 'System.UInt16' to type 'System.Single'.
   at IEC61850_simulatorServer2.ModbusSlave.Write(Dictionary`2 data, Byte slaveId) in /Users/songyinpei/jobs/IEC61850-simulatorServer2/Protocol/ModbusSlave.cs:line 199 

2025-12-30 17:14:03,887 [10] WARN  IEC61850_simulatorServer2.ModbusSlave [?] - Scale apply failed for param17: System.InvalidCastException: Unable to cast object of type 'System.UInt16' to type 'System.Single'.
   at IEC61850_simulatorServer2.ModbusSlave.Write(Dictionary`2 data, Byte slaveId) in /Users/songyinpei/jobs/IEC61850-simulatorServer2/Protocol/ModbusSlave.cs:line 199 

2025-12-30 17:14:03,889 [10] WARN  IEC61850_simulatorServer2.ModbusSlave [?] - Scale apply failed for param19: System.InvalidCastException: Unable to cast object of type 'System.UInt16' to type 'System.Single'.
   at IEC61850_simulatorServer2.ModbusSlave.Write(Dictionary`2 data, Byte slaveId) in /Users/songyinpei/jobs/IEC61850-simulatorServer2/Protocol/ModbusSlave.cs:line 199 

2025-12-30 17:14:03,916 [10] WARN  IEC61850_simulatorServer2.ModbusSlave [?] - Scale apply failed for param18: System.InvalidCastException: Unable to cast object of type 'System.UInt16' to type 'System.Single'.
   at IEC61850_simulatorServer2.ModbusSlave.Write(Dictionary`2 data, Byte slaveId) in /Users/songyinpei/jobs/IEC61850-simulatorServer2/Protocol/ModbusSlave.cs:line 199 

2025-12-30 17:14:03,966 [10] WARN  IEC61850_simulatorServer2.ModbusSlave [?] - Scale apply failed for param20: System.InvalidCastException: Unable to cast object of type 'System.UInt16' to type 'System.Single'.
   at IEC61850_simulatorServer2.ModbusSlave.Write(Dictionary`2 data, Byte slaveId) in /Users/songyinpei/jobs/IEC61850-simulatorServer2/Protocol/ModbusSlave.cs:line 199 

2025-12-30 17:14:04,018 [10] WARN  IEC61850_simulatorServer2.ModbusSlave [?] - Scale apply failed for param21: System.InvalidCastException: Unable to cast object of type 'System.UInt16' to type 'System.Single'.
   at IEC61850_simulatorServer2.ModbusSlave.Write(Dictionary`2 data, Byte slaveId) in /Users/songyinpei/jobs/IEC61850-simulatorServer2/Protocol/ModbusSlave.cs:line 199 

2025-12-30 17:14:04,070 [10] WARN  IEC61850_simulatorServer2.ModbusSlave [?] - Scale apply failed for param40: System.OverflowException: Value was either too large or too small for an Int32.
   at System.Convert.ToInt32(Double value)
   at System.Convert.ToInt16(Double value)
   at IEC61850_simulatorServer2.ModbusSlave.Write(Dictionary`2 data, Byte slaveId) in /Users/songyinpei/jobs/IEC61850-simulatorServer2/Protocol/ModbusSlave.cs:line 203 

2025-12-30 17:14:04,128 [10] WARN  IEC61850_simulatorServer2.ModbusSlave [?] - Scale apply failed for param49: System.InvalidCastException: Unable to cast object of type 'System.Boolean' to type 'System.Single'.
   at IEC61850_simulatorServer2.ModbusSlave.Write(Dictionary`2 data, Byte slaveId) in /Users/songyinpei/jobs/IEC61850-simulatorServer2/Protocol/ModbusSlave.cs:line 199 

2025-12-30 17:14:04,521 [15] WARN  IEC61850_simulatorServer2.ModbusSlave [?] - Scale apply failed for param15: System.InvalidCastException: Unable to cast object of type 'System.UInt16' to type 'System.Single'.
   at IEC61850_simulatorServer2.ModbusSlave.Write(Dictionary`2 data, Byte slaveId) in /Users/songyinpei/jobs/IEC61850-simulatorServer2/Protocol/ModbusSlave.cs:line 199 

2025-12-30 17:14:04,523 [15] WARN  IEC61850_simulatorServer2.ModbusSlave [?] - Scale apply failed for param19: System.InvalidCastException: Unable to cast object of type 'System.UInt16' to type 'System.Single'.
   at IEC61850_simulatorServer2.ModbusSlave.Write(Dictionary`2 data, Byte slaveId) in /Users/songyinpei/jobs/IEC61850-simulatorServer2/Protocol/ModbusSlave.cs:line 199 

2025-12-30 17:14:04,525 [15] WARN  IEC61850_simulatorServer2.ModbusSlave [?] - Scale apply failed for param20: System.InvalidCastException: Unable to cast object of type 'System.UInt16' to type 'System.Single'.
   at IEC61850_simulatorServer2.ModbusSlave.Write(Dictionary`2 data, Byte slaveId) in /Users/songyinpei/jobs/IEC61850-simulatorServer2/Protocol/ModbusSlave.cs:line 199 

2025-12-30 17:14:04,527 [15] WARN  IEC61850_simulatorServer2.ModbusSlave [?] - Scale apply failed for param16: System.InvalidCastException: Unable to cast object of type 'System.UInt16' to type 'System.Single'.
   at IEC61850_simulatorServer2.ModbusSlave.Write(Dictionary`2 data, Byte slaveId) in /Users/songyinpei/jobs/IEC61850-simulatorServer2/Protocol/ModbusSlave.cs:line 199 

2025-12-30 17:14:04,529 [15] WARN  IEC61850_simulatorServer2.ModbusSlave [?] - Scale apply failed for param17: System.InvalidCastException: Unable to cast object of type 'System.UInt16' to type 'System.Single'.
   at IEC61850_simulatorServer2.ModbusSlave.Write(Dictionary`2 data, Byte slaveId) in /Users/songyinpei/jobs/IEC61850-simulatorServer2/Protocol/ModbusSlave.cs:line 199 

2025-12-30 17:14:04,552 [15] WARN  IEC61850_simulatorServer2.ModbusSlave [?] - Scale apply failed for param21: System.InvalidCastException: Unable to cast object of type 'System.UInt16' to type 'System.Single'.
   at IEC61850_simulatorServer2.ModbusSlave.Write(Dictionary`2 data, Byte slaveId) in /Users/songyinpei/jobs/IEC61850-simulatorServer2/Protocol/ModbusSlave.cs:line 199 

2025-12-30 17:14:04,579 [15] WARN  IEC61850_simulatorServer2.ModbusSlave [?] - Scale apply failed for param18: System.InvalidCastException: Unable to cast object of type 'System.UInt16' to type 'System.Single'.
   at IEC61850_simulatorServer2.ModbusSlave.Write(Dictionary`2 data, Byte slaveId) in /Users/songyinpei/jobs/IEC61850-simulatorServer2/Protocol/ModbusSlave.cs:line 199 

2025-12-30 17:14:04,582 [15] WARN  IEC61850_simulatorServer2.ModbusSlave [?] - Scale apply failed for param40: System.OverflowException: Value was either too large or too small for an Int32.
   at System.Convert.ToInt32(Double value)
   at System.Convert.ToInt16(Double value)
   at IEC61850_simulatorServer2.ModbusSlave.Write(Dictionary`2 data, Byte slaveId) in /Users/songyinpei/jobs/IEC61850-simulatorServer2/Protocol/ModbusSlave.cs:line 203 

2025-12-30 17:14:04,609 [15] WARN  IEC61850_simulatorServer2.ModbusSlave [?] - Scale apply failed for param49: System.InvalidCastException: Unable to cast object of type 'System.Boolean' to type 'System.Single'.
   at IEC61850_simulatorServer2.ModbusSlave.Write(Dictionary`2 data, Byte slaveId) in /Users/songyinpei/jobs/IEC61850-simulatorServer2/Protocol/ModbusSlave.cs:line 199 

2025-12-30 17:14:59,275 [1] INFO  IEC61850_simulatorServer2.MainClass [34] - [Program] 应用启动，log4net 配置已尝试加载 

2025-12-30 17:15:00,779 [6] WARN  IEC61850_simulatorServer2.ModbusSlave [199] - Scale apply failed for yc6: System.InvalidCastException: Unable to cast object of type 'System.Int32' to type 'System.Single'.
   at IEC61850_simulatorServer2.ModbusSlave.Write(Dictionary`2 data, Byte slaveId) in /Users/songyinpei/jobs/IEC61850-simulatorServer2/Protocol/ModbusSlave.cs:line 199 

2025-12-30 17:15:00,784 [6] WARN  IEC61850_simulatorServer2.ModbusSlave [199] - Scale apply failed for yc7: System.InvalidCastException: Unable to cast object of type 'System.Int32' to type 'System.Single'.
   at IEC61850_simulatorServer2.ModbusSlave.Write(Dictionary`2 data, Byte slaveId) in /Users/songyinpei/jobs/IEC61850-simulatorServer2/Protocol/ModbusSlave.cs:line 199 

2025-12-30 17:15:00,787 [6] WARN  IEC61850_simulatorServer2.ModbusSlave [199] - Scale apply failed for yc8: System.InvalidCastException: Unable to cast object of type 'System.Int32' to type 'System.Single'.
   at IEC61850_simulatorServer2.ModbusSlave.Write(Dictionary`2 data, Byte slaveId) in /Users/songyinpei/jobs/IEC61850-simulatorServer2/Protocol/ModbusSlave.cs:line 199 

2025-12-30 17:15:00,789 [6] WARN  IEC61850_simulatorServer2.ModbusSlave [199] - Scale apply failed for yc9: System.InvalidCastException: Unable to cast object of type 'System.Int32' to type 'System.Single'.
   at IEC61850_simulatorServer2.ModbusSlave.Write(Dictionary`2 data, Byte slaveId) in /Users/songyinpei/jobs/IEC61850-simulatorServer2/Protocol/ModbusSlave.cs:line 199 

2025-12-30 17:15:00,792 [6] WARN  IEC61850_simulatorServer2.ModbusSlave [199] - Scale apply failed for yc11: System.InvalidCastException: Unable to cast object of type 'System.Int32' to type 'System.Single'.
   at IEC61850_simulatorServer2.ModbusSlave.Write(Dictionary`2 data, Byte slaveId) in /Users/songyinpei/jobs/IEC61850-simulatorServer2/Protocol/ModbusSlave.cs:line 199 

2025-12-30 17:15:00,819 [6] WARN  IEC61850_simulatorServer2.ModbusSlave [199] - Scale apply failed for yc10: System.InvalidCastException: Unable to cast object of type 'System.Int32' to type 'System.Single'.
   at IEC61850_simulatorServer2.ModbusSlave.Write(Dictionary`2 data, Byte slaveId) in /Users/songyinpei/jobs/IEC61850-simulatorServer2/Protocol/ModbusSlave.cs:line 199 

2025-12-30 17:15:00,821 [6] WARN  IEC61850_simulatorServer2.ModbusSlave [199] - Scale apply failed for yc12: System.InvalidCastException: Unable to cast object of type 'System.Int32' to type 'System.Single'.
   at IEC61850_simulatorServer2.ModbusSlave.Write(Dictionary`2 data, Byte slaveId) in /Users/songyinpei/jobs/IEC61850-simulatorServer2/Protocol/ModbusSlave.cs:line 199 

2025-12-30 17:15:00,824 [6] WARN  IEC61850_simulatorServer2.ModbusSlave [199] - Scale apply failed for yc20: System.InvalidCastException: Unable to cast object of type 'System.Int32' to type 'System.Single'.
   at IEC61850_simulatorServer2.ModbusSlave.Write(Dictionary`2 data, Byte slaveId) in /Users/songyinpei/jobs/IEC61850-simulatorServer2/Protocol/ModbusSlave.cs:line 199 

2025-12-30 17:15:00,826 [6] WARN  IEC61850_simulatorServer2.ModbusSlave [199] - Scale apply failed for yc21: System.InvalidCastException: Unable to cast object of type 'System.Int32' to type 'System.Single'.
   at IEC61850_simulatorServer2.ModbusSlave.Write(Dictionary`2 data, Byte slaveId) in /Users/songyinpei/jobs/IEC61850-simulatorServer2/Protocol/ModbusSlave.cs:line 199 

2025-12-30 17:15:00,828 [6] WARN  IEC61850_simulatorServer2.ModbusSlave [199] - Scale apply failed for yc22: System.InvalidCastException: Unable to cast object of type 'System.Int32' to type 'System.Single'.
   at IEC61850_simulatorServer2.ModbusSlave.Write(Dictionary`2 data, Byte slaveId) in /Users/songyinpei/jobs/IEC61850-simulatorServer2/Protocol/ModbusSlave.cs:line 199 

2025-12-30 17:15:00,830 [6] WARN  IEC61850_simulatorServer2.ModbusSlave [199] - Scale apply failed for yc23: System.InvalidCastException: Unable to cast object of type 'System.Int32' to type 'System.Single'.
   at IEC61850_simulatorServer2.ModbusSlave.Write(Dictionary`2 data, Byte slaveId) in /Users/songyinpei/jobs/IEC61850-simulatorServer2/Protocol/ModbusSlave.cs:line 199 

2025-12-30 17:15:00,832 [6] WARN  IEC61850_simulatorServer2.ModbusSlave [199] - Scale apply failed for yc24: System.InvalidCastException: Unable to cast object of type 'System.Int32' to type 'System.Single'.
   at IEC61850_simulatorServer2.ModbusSlave.Write(Dictionary`2 data, Byte slaveId) in /Users/songyinpei/jobs/IEC61850-simulatorServer2/Protocol/ModbusSlave.cs:line 199 

2025-12-30 17:15:00,834 [6] WARN  IEC61850_simulatorServer2.ModbusSlave [199] - Scale apply failed for yc25: System.InvalidCastException: Unable to cast object of type 'System.Int32' to type 'System.Single'.
   at IEC61850_simulatorServer2.ModbusSlave.Write(Dictionary`2 data, Byte slaveId) in /Users/songyinpei/jobs/IEC61850-simulatorServer2/Protocol/ModbusSlave.cs:line 199 

2025-12-30 17:15:00,836 [6] WARN  IEC61850_simulatorServer2.ModbusSlave [199] - Scale apply failed for yc26: System.InvalidCastException: Unable to cast object of type 'System.Int32' to type 'System.Single'.
   at IEC61850_simulatorServer2.ModbusSlave.Write(Dictionary`2 data, Byte slaveId) in /Users/songyinpei/jobs/IEC61850-simulatorServer2/Protocol/ModbusSlave.cs:line 199 

2025-12-30 17:15:00,838 [6] WARN  IEC61850_simulatorServer2.ModbusSlave [199] - Scale apply failed for yc27: System.InvalidCastException: Unable to cast object of type 'System.Int32' to type 'System.Single'.
   at IEC61850_simulatorServer2.ModbusSlave.Write(Dictionary`2 data, Byte slaveId) in /Users/songyinpei/jobs/IEC61850-simulatorServer2/Protocol/ModbusSlave.cs:line 199 

2025-12-30 17:15:00,841 [6] WARN  IEC61850_simulatorServer2.ModbusSlave [199] - Scale apply failed for yc28: System.InvalidCastException: Unable to cast object of type 'System.Int32' to type 'System.Single'.
   at IEC61850_simulatorServer2.ModbusSlave.Write(Dictionary`2 data, Byte slaveId) in /Users/songyinpei/jobs/IEC61850-simulatorServer2/Protocol/ModbusSlave.cs:line 199 

2025-12-30 17:15:00,843 [6] WARN  IEC61850_simulatorServer2.ModbusSlave [199] - Scale apply failed for yc29: System.InvalidCastException: Unable to cast object of type 'System.Int32' to type 'System.Single'.
   at IEC61850_simulatorServer2.ModbusSlave.Write(Dictionary`2 data, Byte slaveId) in /Users/songyinpei/jobs/IEC61850-simulatorServer2/Protocol/ModbusSlave.cs:line 199 

2025-12-30 17:15:00,845 [6] WARN  IEC61850_simulatorServer2.ModbusSlave [199] - Scale apply failed for yc30: System.InvalidCastException: Unable to cast object of type 'System.Int32' to type 'System.Single'.
   at IEC61850_simulatorServer2.ModbusSlave.Write(Dictionary`2 data, Byte slaveId) in /Users/songyinpei/jobs/IEC61850-simulatorServer2/Protocol/ModbusSlave.cs:line 199 

2025-12-30 17:15:00,847 [6] WARN  IEC61850_simulatorServer2.ModbusSlave [199] - Scale apply failed for yc31: System.InvalidCastException: Unable to cast object of type 'System.Int32' to type 'System.Single'.
   at IEC61850_simulatorServer2.ModbusSlave.Write(Dictionary`2 data, Byte slaveId) in /Users/songyinpei/jobs/IEC61850-simulatorServer2/Protocol/ModbusSlave.cs:line 199 

2025-12-30 17:15:00,849 [6] WARN  IEC61850_simulatorServer2.ModbusSlave [199] - Scale apply failed for yc34: System.InvalidCastException: Unable to cast object of type 'System.Int32' to type 'System.Single'.
   at IEC61850_simulatorServer2.ModbusSlave.Write(Dictionary`2 data, Byte slaveId) in /Users/songyinpei/jobs/IEC61850-simulatorServer2/Protocol/ModbusSlave.cs:line 199 

2025-12-30 17:15:00,901 [6] WARN  IEC61850_simulatorServer2.ModbusSlave [199] - Scale apply failed for yc32: System.InvalidCastException: Unable to cast object of type 'System.Int32' to type 'System.Single'.
   at IEC61850_simulatorServer2.ModbusSlave.Write(Dictionary`2 data, Byte slaveId) in /Users/songyinpei/jobs/IEC61850-simulatorServer2/Protocol/ModbusSlave.cs:line 199 

2025-12-30 17:15:00,904 [6] WARN  IEC61850_simulatorServer2.ModbusSlave [199] - Scale apply failed for yc33: System.InvalidCastException: Unable to cast object of type 'System.Int32' to type 'System.Single'.
   at IEC61850_simulatorServer2.ModbusSlave.Write(Dictionary`2 data, Byte slaveId) in /Users/songyinpei/jobs/IEC61850-simulatorServer2/Protocol/ModbusSlave.cs:line 199 

2025-12-30 17:15:00,937 [6] WARN  IEC61850_simulatorServer2.ModbusSlave [199] - Scale apply failed for yc35: System.InvalidCastException: Unable to cast object of type 'System.Int32' to type 'System.Single'.
   at IEC61850_simulatorServer2.ModbusSlave.Write(Dictionary`2 data, Byte slaveId) in /Users/songyinpei/jobs/IEC61850-simulatorServer2/Protocol/ModbusSlave.cs:line 199 

2025-12-30 17:15:00,965 [6] WARN  IEC61850_simulatorServer2.ModbusSlave [199] - Scale apply failed for yc36: System.InvalidCastException: Unable to cast object of type 'System.Int32' to type 'System.Single'.
   at IEC61850_simulatorServer2.ModbusSlave.Write(Dictionary`2 data, Byte slaveId) in /Users/songyinpei/jobs/IEC61850-simulatorServer2/Protocol/ModbusSlave.cs:line 199 

2025-12-30 17:15:01,018 [6] WARN  IEC61850_simulatorServer2.ModbusSlave [199] - Scale apply failed for yc37: System.InvalidCastException: Unable to cast object of type 'System.Int32' to type 'System.Single'.
   at IEC61850_simulatorServer2.ModbusSlave.Write(Dictionary`2 data, Byte slaveId) in /Users/songyinpei/jobs/IEC61850-simulatorServer2/Protocol/ModbusSlave.cs:line 199 

2025-12-30 17:15:01,046 [6] WARN  IEC61850_simulatorServer2.ModbusSlave [199] - Scale apply failed for yc43: System.InvalidCastException: Unable to cast object of type 'System.Int32' to type 'System.Single'.
   at IEC61850_simulatorServer2.ModbusSlave.Write(Dictionary`2 data, Byte slaveId) in /Users/songyinpei/jobs/IEC61850-simulatorServer2/Protocol/ModbusSlave.cs:line 199 

2025-12-30 17:15:01,090 [6] WARN  IEC61850_simulatorServer2.ModbusSlave [199] - Scale apply failed for yc45: System.InvalidCastException: Unable to cast object of type 'System.Int32' to type 'System.Single'.
   at IEC61850_simulatorServer2.ModbusSlave.Write(Dictionary`2 data, Byte slaveId) in /Users/songyinpei/jobs/IEC61850-simulatorServer2/Protocol/ModbusSlave.cs:line 199 

2025-12-30 17:15:01,140 [6] WARN  IEC61850_simulatorServer2.ModbusSlave [199] - Scale apply failed for yc53: System.InvalidCastException: Unable to cast object of type 'System.Int32' to type 'System.Single'.
   at IEC61850_simulatorServer2.ModbusSlave.Write(Dictionary`2 data, Byte slaveId) in /Users/songyinpei/jobs/IEC61850-simulatorServer2/Protocol/ModbusSlave.cs:line 199 

2025-12-30 17:15:01,758 [10] WARN  IEC61850_simulatorServer2.ModbusSlave [199] - Scale apply failed for param2: System.InvalidCastException: Unable to cast object of type 'System.Int32' to type 'System.Single'.
   at IEC61850_simulatorServer2.ModbusSlave.Write(Dictionary`2 data, Byte slaveId) in /Users/songyinpei/jobs/IEC61850-simulatorServer2/Protocol/ModbusSlave.cs:line 199 

2025-12-30 17:15:01,760 [10] WARN  IEC61850_simulatorServer2.ModbusSlave [199] - Scale apply failed for param3: System.InvalidCastException: Unable to cast object of type 'System.Int32' to type 'System.Single'.
   at IEC61850_simulatorServer2.ModbusSlave.Write(Dictionary`2 data, Byte slaveId) in /Users/songyinpei/jobs/IEC61850-simulatorServer2/Protocol/ModbusSlave.cs:line 199 

2025-12-30 17:15:01,762 [10] WARN  IEC61850_simulatorServer2.ModbusSlave [199] - Scale apply failed for param4: System.InvalidCastException: Unable to cast object of type 'System.Int32' to type 'System.Single'.
   at IEC61850_simulatorServer2.ModbusSlave.Write(Dictionary`2 data, Byte slaveId) in /Users/songyinpei/jobs/IEC61850-simulatorServer2/Protocol/ModbusSlave.cs:line 199 

2025-12-30 17:15:01,790 [10] WARN  IEC61850_simulatorServer2.ModbusSlave [199] - Scale apply failed for param8: System.InvalidCastException: Unable to cast object of type 'System.Int32' to type 'System.Single'.
   at IEC61850_simulatorServer2.ModbusSlave.Write(Dictionary`2 data, Byte slaveId) in /Users/songyinpei/jobs/IEC61850-simulatorServer2/Protocol/ModbusSlave.cs:line 199 

2025-12-30 17:15:01,794 [10] WARN  IEC61850_simulatorServer2.ModbusSlave [199] - Scale apply failed for param9: System.InvalidCastException: Unable to cast object of type 'System.Int32' to type 'System.Single'.
   at IEC61850_simulatorServer2.ModbusSlave.Write(Dictionary`2 data, Byte slaveId) in /Users/songyinpei/jobs/IEC61850-simulatorServer2/Protocol/ModbusSlave.cs:line 199 

2025-12-30 17:15:01,797 [10] WARN  IEC61850_simulatorServer2.ModbusSlave [199] - Scale apply failed for param10: System.InvalidCastException: Unable to cast object of type 'System.Int32' to type 'System.Single'.
   at IEC61850_simulatorServer2.ModbusSlave.Write(Dictionary`2 data, Byte slaveId) in /Users/songyinpei/jobs/IEC61850-simulatorServer2/Protocol/ModbusSlave.cs:line 199 

2025-12-30 17:15:01,799 [10] WARN  IEC61850_simulatorServer2.ModbusSlave [199] - Scale apply failed for param15: System.InvalidCastException: Unable to cast object of type 'System.Int32' to type 'System.Single'.
   at IEC61850_simulatorServer2.ModbusSlave.Write(Dictionary`2 data, Byte slaveId) in /Users/songyinpei/jobs/IEC61850-simulatorServer2/Protocol/ModbusSlave.cs:line 199 

2025-12-30 17:15:01,800 [10] WARN  IEC61850_simulatorServer2.ModbusSlave [199] - Scale apply failed for param16: System.InvalidCastException: Unable to cast object of type 'System.Int32' to type 'System.Single'.
   at IEC61850_simulatorServer2.ModbusSlave.Write(Dictionary`2 data, Byte slaveId) in /Users/songyinpei/jobs/IEC61850-simulatorServer2/Protocol/ModbusSlave.cs:line 199 

2025-12-30 17:15:01,802 [10] WARN  IEC61850_simulatorServer2.ModbusSlave [199] - Scale apply failed for param17: System.InvalidCastException: Unable to cast object of type 'System.Int32' to type 'System.Single'.
   at IEC61850_simulatorServer2.ModbusSlave.Write(Dictionary`2 data, Byte slaveId) in /Users/songyinpei/jobs/IEC61850-simulatorServer2/Protocol/ModbusSlave.cs:line 199 

2025-12-30 17:15:01,829 [10] WARN  IEC61850_simulatorServer2.ModbusSlave [199] - Scale apply failed for param18: System.InvalidCastException: Unable to cast object of type 'System.Int32' to type 'System.Single'.
   at IEC61850_simulatorServer2.ModbusSlave.Write(Dictionary`2 data, Byte slaveId) in /Users/songyinpei/jobs/IEC61850-simulatorServer2/Protocol/ModbusSlave.cs:line 199 

2025-12-30 17:15:01,832 [10] WARN  IEC61850_simulatorServer2.ModbusSlave [199] - Scale apply failed for param19: System.InvalidCastException: Unable to cast object of type 'System.Int32' to type 'System.Single'.
   at IEC61850_simulatorServer2.ModbusSlave.Write(Dictionary`2 data, Byte slaveId) in /Users/songyinpei/jobs/IEC61850-simulatorServer2/Protocol/ModbusSlave.cs:line 199 

2025-12-30 17:15:01,857 [10] WARN  IEC61850_simulatorServer2.ModbusSlave [199] - Scale apply failed for param20: System.InvalidCastException: Unable to cast object of type 'System.Int32' to type 'System.Single'.
   at IEC61850_simulatorServer2.ModbusSlave.Write(Dictionary`2 data, Byte slaveId) in /Users/songyinpei/jobs/IEC61850-simulatorServer2/Protocol/ModbusSlave.cs:line 199 

2025-12-30 17:15:01,860 [10] WARN  IEC61850_simulatorServer2.ModbusSlave [199] - Scale apply failed for param21: System.InvalidCastException: Unable to cast object of type 'System.Int32' to type 'System.Single'.
   at IEC61850_simulatorServer2.ModbusSlave.Write(Dictionary`2 data, Byte slaveId) in /Users/songyinpei/jobs/IEC61850-simulatorServer2/Protocol/ModbusSlave.cs:line 199 

2025-12-30 17:15:01,862 [10] WARN  IEC61850_simulatorServer2.ModbusSlave [199] - Scale apply failed for param31: System.InvalidCastException: Unable to cast object of type 'System.Int32' to type 'System.Single'.
   at IEC61850_simulatorServer2.ModbusSlave.Write(Dictionary`2 data, Byte slaveId) in /Users/songyinpei/jobs/IEC61850-simulatorServer2/Protocol/ModbusSlave.cs:line 199 

2025-12-30 17:15:01,864 [10] WARN  IEC61850_simulatorServer2.ModbusSlave [199] - Scale apply failed for param32: System.InvalidCastException: Unable to cast object of type 'System.Int32' to type 'System.Single'.
   at IEC61850_simulatorServer2.ModbusSlave.Write(Dictionary`2 data, Byte slaveId) in /Users/songyinpei/jobs/IEC61850-simulatorServer2/Protocol/ModbusSlave.cs:line 199 

2025-12-30 17:15:01,866 [10] WARN  IEC61850_simulatorServer2.ModbusSlave [199] - Scale apply failed for param33: System.InvalidCastException: Unable to cast object of type 'System.Int32' to type 'System.Single'.
   at IEC61850_simulatorServer2.ModbusSlave.Write(Dictionary`2 data, Byte slaveId) in /Users/songyinpei/jobs/IEC61850-simulatorServer2/Protocol/ModbusSlave.cs:line 199 

2025-12-30 17:15:01,890 [10] WARN  IEC61850_simulatorServer2.ModbusSlave [199] - Scale apply failed for param34: System.InvalidCastException: Unable to cast object of type 'System.Int32' to type 'System.Single'.
   at IEC61850_simulatorServer2.ModbusSlave.Write(Dictionary`2 data, Byte slaveId) in /Users/songyinpei/jobs/IEC61850-simulatorServer2/Protocol/ModbusSlave.cs:line 199 

2025-12-30 17:15:01,893 [10] WARN  IEC61850_simulatorServer2.ModbusSlave [199] - Scale apply failed for param35: System.InvalidCastException: Unable to cast object of type 'System.Int32' to type 'System.Single'.
   at IEC61850_simulatorServer2.ModbusSlave.Write(Dictionary`2 data, Byte slaveId) in /Users/songyinpei/jobs/IEC61850-simulatorServer2/Protocol/ModbusSlave.cs:line 199 

2025-12-30 17:15:01,945 [10] WARN  IEC61850_simulatorServer2.ModbusSlave [199] - Scale apply failed for param36: System.InvalidCastException: Unable to cast object of type 'System.Int32' to type 'System.Single'.
   at IEC61850_simulatorServer2.ModbusSlave.Write(Dictionary`2 data, Byte slaveId) in /Users/songyinpei/jobs/IEC61850-simulatorServer2/Protocol/ModbusSlave.cs:line 199 

2025-12-30 17:15:01,998 [10] WARN  IEC61850_simulatorServer2.ModbusSlave [199] - Scale apply failed for param37: System.InvalidCastException: Unable to cast object of type 'System.Int32' to type 'System.Single'.
   at IEC61850_simulatorServer2.ModbusSlave.Write(Dictionary`2 data, Byte slaveId) in /Users/songyinpei/jobs/IEC61850-simulatorServer2/Protocol/ModbusSlave.cs:line 199 

2025-12-30 17:15:02,050 [10] WARN  IEC61850_simulatorServer2.ModbusSlave [199] - Scale apply failed for param38: System.InvalidCastException: Unable to cast object of type 'System.Int32' to type 'System.Single'.
   at IEC61850_simulatorServer2.ModbusSlave.Write(Dictionary`2 data, Byte slaveId) in /Users/songyinpei/jobs/IEC61850-simulatorServer2/Protocol/ModbusSlave.cs:line 199 

2025-12-30 17:15:02,098 [10] WARN  IEC61850_simulatorServer2.ModbusSlave [199] - Scale apply failed for param39: System.InvalidCastException: Unable to cast object of type 'System.Int32' to type 'System.Single'.
   at IEC61850_simulatorServer2.ModbusSlave.Write(Dictionary`2 data, Byte slaveId) in /Users/songyinpei/jobs/IEC61850-simulatorServer2/Protocol/ModbusSlave.cs:line 199 

2025-12-30 17:15:02,128 [10] WARN  IEC61850_simulatorServer2.ModbusSlave [199] - Scale apply failed for param40: System.InvalidCastException: Unable to cast object of type 'System.Int32' to type 'System.Single'.
   at IEC61850_simulatorServer2.ModbusSlave.Write(Dictionary`2 data, Byte slaveId) in /Users/songyinpei/jobs/IEC61850-simulatorServer2/Protocol/ModbusSlave.cs:line 199 

2025-12-30 17:15:02,156 [10] WARN  IEC61850_simulatorServer2.ModbusSlave [199] - Scale apply failed for param41: System.InvalidCastException: Unable to cast object of type 'System.Int32' to type 'System.Single'.
   at IEC61850_simulatorServer2.ModbusSlave.Write(Dictionary`2 data, Byte slaveId) in /Users/songyinpei/jobs/IEC61850-simulatorServer2/Protocol/ModbusSlave.cs:line 199 

2025-12-30 17:15:02,206 [10] WARN  IEC61850_simulatorServer2.ModbusSlave [199] - Scale apply failed for param42: System.InvalidCastException: Unable to cast object of type 'System.Int32' to type 'System.Single'.
   at IEC61850_simulatorServer2.ModbusSlave.Write(Dictionary`2 data, Byte slaveId) in /Users/songyinpei/jobs/IEC61850-simulatorServer2/Protocol/ModbusSlave.cs:line 199 

2025-12-30 17:15:02,235 [10] WARN  IEC61850_simulatorServer2.ModbusSlave [199] - Scale apply failed for param43: System.InvalidCastException: Unable to cast object of type 'System.Int32' to type 'System.Single'.
   at IEC61850_simulatorServer2.ModbusSlave.Write(Dictionary`2 data, Byte slaveId) in /Users/songyinpei/jobs/IEC61850-simulatorServer2/Protocol/ModbusSlave.cs:line 199 

2025-12-30 17:15:02,261 [10] WARN  IEC61850_simulatorServer2.ModbusSlave [199] - Scale apply failed for param44: System.InvalidCastException: Unable to cast object of type 'System.Int32' to type 'System.Single'.
   at IEC61850_simulatorServer2.ModbusSlave.Write(Dictionary`2 data, Byte slaveId) in /Users/songyinpei/jobs/IEC61850-simulatorServer2/Protocol/ModbusSlave.cs:line 199 

2025-12-30 17:15:02,314 [10] WARN  IEC61850_simulatorServer2.ModbusSlave [199] - Scale apply failed for param45: System.InvalidCastException: Unable to cast object of type 'System.Int32' to type 'System.Single'.
   at IEC61850_simulatorServer2.ModbusSlave.Write(Dictionary`2 data, Byte slaveId) in /Users/songyinpei/jobs/IEC61850-simulatorServer2/Protocol/ModbusSlave.cs:line 199 

2025-12-30 17:15:02,341 [10] WARN  IEC61850_simulatorServer2.ModbusSlave [199] - Scale apply failed for param46: System.InvalidCastException: Unable to cast object of type 'System.Int32' to type 'System.Single'.
   at IEC61850_simulatorServer2.ModbusSlave.Write(Dictionary`2 data, Byte slaveId) in /Users/songyinpei/jobs/IEC61850-simulatorServer2/Protocol/ModbusSlave.cs:line 199 

2025-12-30 17:15:02,370 [10] WARN  IEC61850_simulatorServer2.ModbusSlave [199] - Scale apply failed for param47: System.InvalidCastException: Unable to cast object of type 'System.Int32' to type 'System.Single'.
   at IEC61850_simulatorServer2.ModbusSlave.Write(Dictionary`2 data, Byte slaveId) in /Users/songyinpei/jobs/IEC61850-simulatorServer2/Protocol/ModbusSlave.cs:line 199 

2025-12-30 17:15:02,415 [10] WARN  IEC61850_simulatorServer2.ModbusSlave [199] - Scale apply failed for param48: System.InvalidCastException: Unable to cast object of type 'System.Int32' to type 'System.Single'.
   at IEC61850_simulatorServer2.ModbusSlave.Write(Dictionary`2 data, Byte slaveId) in /Users/songyinpei/jobs/IEC61850-simulatorServer2/Protocol/ModbusSlave.cs:line 199 

2025-12-30 17:15:02,445 [10] WARN  IEC61850_simulatorServer2.ModbusSlave [199] - Scale apply failed for param49: System.InvalidCastException: Unable to cast object of type 'System.Int32' to type 'System.Single'.
   at IEC61850_simulatorServer2.ModbusSlave.Write(Dictionary`2 data, Byte slaveId) in /Users/songyinpei/jobs/IEC61850-simulatorServer2/Protocol/ModbusSlave.cs:line 199 

2025-12-30 17:15:03,134 [12] WARN  IEC61850_simulatorServer2.ModbusSlave [199] - Scale apply failed for yc6: System.InvalidCastException: Unable to cast object of type 'System.Int32' to type 'System.Single'.
   at IEC61850_simulatorServer2.ModbusSlave.Write(Dictionary`2 data, Byte slaveId) in /Users/songyinpei/jobs/IEC61850-simulatorServer2/Protocol/ModbusSlave.cs:line 199 

2025-12-30 17:15:03,137 [12] WARN  IEC61850_simulatorServer2.ModbusSlave [199] - Scale apply failed for yc7: System.InvalidCastException: Unable to cast object of type 'System.Int32' to type 'System.Single'.
   at IEC61850_simulatorServer2.ModbusSlave.Write(Dictionary`2 data, Byte slaveId) in /Users/songyinpei/jobs/IEC61850-simulatorServer2/Protocol/ModbusSlave.cs:line 199 

2025-12-30 17:15:03,139 [12] WARN  IEC61850_simulatorServer2.ModbusSlave [199] - Scale apply failed for yc8: System.InvalidCastException: Unable to cast object of type 'System.Int32' to type 'System.Single'.
   at IEC61850_simulatorServer2.ModbusSlave.Write(Dictionary`2 data, Byte slaveId) in /Users/songyinpei/jobs/IEC61850-simulatorServer2/Protocol/ModbusSlave.cs:line 199 

2025-12-30 17:15:03,142 [12] WARN  IEC61850_simulatorServer2.ModbusSlave [199] - Scale apply failed for yc9: System.InvalidCastException: Unable to cast object of type 'System.Int32' to type 'System.Single'.
   at IEC61850_simulatorServer2.ModbusSlave.Write(Dictionary`2 data, Byte slaveId) in /Users/songyinpei/jobs/IEC61850-simulatorServer2/Protocol/ModbusSlave.cs:line 199 

2025-12-30 17:15:03,169 [12] WARN  IEC61850_simulatorServer2.ModbusSlave [199] - Scale apply failed for yc11: System.InvalidCastException: Unable to cast object of type 'System.Int32' to type 'System.Single'.
   at IEC61850_simulatorServer2.ModbusSlave.Write(Dictionary`2 data, Byte slaveId) in /Users/songyinpei/jobs/IEC61850-simulatorServer2/Protocol/ModbusSlave.cs:line 199 

2025-12-30 17:15:03,194 [12] WARN  IEC61850_simulatorServer2.ModbusSlave [199] - Scale apply failed for yc10: System.InvalidCastException: Unable to cast object of type 'System.Int32' to type 'System.Single'.
   at IEC61850_simulatorServer2.ModbusSlave.Write(Dictionary`2 data, Byte slaveId) in /Users/songyinpei/jobs/IEC61850-simulatorServer2/Protocol/ModbusSlave.cs:line 199 

2025-12-30 17:15:03,218 [12] WARN  IEC61850_simulatorServer2.ModbusSlave [199] - Scale apply failed for yc12: System.InvalidCastException: Unable to cast object of type 'System.Int32' to type 'System.Single'.
   at IEC61850_simulatorServer2.ModbusSlave.Write(Dictionary`2 data, Byte slaveId) in /Users/songyinpei/jobs/IEC61850-simulatorServer2/Protocol/ModbusSlave.cs:line 199 

2025-12-30 17:15:03,221 [12] WARN  IEC61850_simulatorServer2.ModbusSlave [199] - Scale apply failed for yc20: System.InvalidCastException: Unable to cast object of type 'System.Int32' to type 'System.Single'.
   at IEC61850_simulatorServer2.ModbusSlave.Write(Dictionary`2 data, Byte slaveId) in /Users/songyinpei/jobs/IEC61850-simulatorServer2/Protocol/ModbusSlave.cs:line 199 

2025-12-30 17:15:03,250 [12] WARN  IEC61850_simulatorServer2.ModbusSlave [199] - Scale apply failed for yc21: System.InvalidCastException: Unable to cast object of type 'System.Int32' to type 'System.Single'.
   at IEC61850_simulatorServer2.ModbusSlave.Write(Dictionary`2 data, Byte slaveId) in /Users/songyinpei/jobs/IEC61850-simulatorServer2/Protocol/ModbusSlave.cs:line 199 

2025-12-30 17:15:03,277 [12] WARN  IEC61850_simulatorServer2.ModbusSlave [199] - Scale apply failed for yc22: System.InvalidCastException: Unable to cast object of type 'System.Int32' to type 'System.Single'.
   at IEC61850_simulatorServer2.ModbusSlave.Write(Dictionary`2 data, Byte slaveId) in /Users/songyinpei/jobs/IEC61850-simulatorServer2/Protocol/ModbusSlave.cs:line 199 

2025-12-30 17:15:03,303 [12] WARN  IEC61850_simulatorServer2.ModbusSlave [199] - Scale apply failed for yc23: System.InvalidCastException: Unable to cast object of type 'System.Int32' to type 'System.Single'.
   at IEC61850_simulatorServer2.ModbusSlave.Write(Dictionary`2 data, Byte slaveId) in /Users/songyinpei/jobs/IEC61850-simulatorServer2/Protocol/ModbusSlave.cs:line 199 

2025-12-30 17:15:03,332 [12] WARN  IEC61850_simulatorServer2.ModbusSlave [199] - Scale apply failed for yc24: System.InvalidCastException: Unable to cast object of type 'System.Int32' to type 'System.Single'.
   at IEC61850_simulatorServer2.ModbusSlave.Write(Dictionary`2 data, Byte slaveId) in /Users/songyinpei/jobs/IEC61850-simulatorServer2/Protocol/ModbusSlave.cs:line 199 

2025-12-30 17:15:03,386 [12] WARN  IEC61850_simulatorServer2.ModbusSlave [199] - Scale apply failed for yc25: System.InvalidCastException: Unable to cast object of type 'System.Int32' to type 'System.Single'.
   at IEC61850_simulatorServer2.ModbusSlave.Write(Dictionary`2 data, Byte slaveId) in /Users/songyinpei/jobs/IEC61850-simulatorServer2/Protocol/ModbusSlave.cs:line 199 

2025-12-30 17:15:03,445 [12] WARN  IEC61850_simulatorServer2.ModbusSlave [199] - Scale apply failed for yc26: System.InvalidCastException: Unable to cast object of type 'System.Int32' to type 'System.Single'.
   at IEC61850_simulatorServer2.ModbusSlave.Write(Dictionary`2 data, Byte slaveId) in /Users/songyinpei/jobs/IEC61850-simulatorServer2/Protocol/ModbusSlave.cs:line 199 

2025-12-30 17:15:03,501 [12] WARN  IEC61850_simulatorServer2.ModbusSlave [199] - Scale apply failed for yc27: System.InvalidCastException: Unable to cast object of type 'System.Int32' to type 'System.Single'.
   at IEC61850_simulatorServer2.ModbusSlave.Write(Dictionary`2 data, Byte slaveId) in /Users/songyinpei/jobs/IEC61850-simulatorServer2/Protocol/ModbusSlave.cs:line 199 

2025-12-30 17:15:03,540 [12] WARN  IEC61850_simulatorServer2.ModbusSlave [199] - Scale apply failed for yc28: System.InvalidCastException: Unable to cast object of type 'System.Int32' to type 'System.Single'.
   at IEC61850_simulatorServer2.ModbusSlave.Write(Dictionary`2 data, Byte slaveId) in /Users/songyinpei/jobs/IEC61850-simulatorServer2/Protocol/ModbusSlave.cs:line 199 

2025-12-30 17:15:03,553 [12] WARN  IEC61850_simulatorServer2.ModbusSlave [199] - Scale apply failed for yc29: System.InvalidCastException: Unable to cast object of type 'System.Int32' to type 'System.Single'.
   at IEC61850_simulatorServer2.ModbusSlave.Write(Dictionary`2 data, Byte slaveId) in /Users/songyinpei/jobs/IEC61850-simulatorServer2/Protocol/ModbusSlave.cs:line 199 

2025-12-30 17:15:03,578 [12] WARN  IEC61850_simulatorServer2.ModbusSlave [199] - Scale apply failed for yc30: System.InvalidCastException: Unable to cast object of type 'System.Int32' to type 'System.Single'.
   at IEC61850_simulatorServer2.ModbusSlave.Write(Dictionary`2 data, Byte slaveId) in /Users/songyinpei/jobs/IEC61850-simulatorServer2/Protocol/ModbusSlave.cs:line 199 

2025-12-30 17:15:03,633 [12] WARN  IEC61850_simulatorServer2.ModbusSlave [199] - Scale apply failed for yc31: System.InvalidCastException: Unable to cast object of type 'System.Int32' to type 'System.Single'.
   at IEC61850_simulatorServer2.ModbusSlave.Write(Dictionary`2 data, Byte slaveId) in /Users/songyinpei/jobs/IEC61850-simulatorServer2/Protocol/ModbusSlave.cs:line 199 

2025-12-30 17:15:03,662 [12] WARN  IEC61850_simulatorServer2.ModbusSlave [199] - Scale apply failed for yc32: System.InvalidCastException: Unable to cast object of type 'System.Int32' to type 'System.Single'.
   at IEC61850_simulatorServer2.ModbusSlave.Write(Dictionary`2 data, Byte slaveId) in /Users/songyinpei/jobs/IEC61850-simulatorServer2/Protocol/ModbusSlave.cs:line 199 

2025-12-30 17:15:03,666 [12] WARN  IEC61850_simulatorServer2.ModbusSlave [199] - Scale apply failed for yc34: System.InvalidCastException: Unable to cast object of type 'System.Int32' to type 'System.Single'.
   at IEC61850_simulatorServer2.ModbusSlave.Write(Dictionary`2 data, Byte slaveId) in /Users/songyinpei/jobs/IEC61850-simulatorServer2/Protocol/ModbusSlave.cs:line 199 

2025-12-30 17:15:03,669 [12] WARN  IEC61850_simulatorServer2.ModbusSlave [199] - Scale apply failed for yc35: System.InvalidCastException: Unable to cast object of type 'System.Int32' to type 'System.Single'.
   at IEC61850_simulatorServer2.ModbusSlave.Write(Dictionary`2 data, Byte slaveId) in /Users/songyinpei/jobs/IEC61850-simulatorServer2/Protocol/ModbusSlave.cs:line 199 

2025-12-30 17:15:03,697 [12] WARN  IEC61850_simulatorServer2.ModbusSlave [199] - Scale apply failed for yc33: System.InvalidCastException: Unable to cast object of type 'System.Int32' to type 'System.Single'.
   at IEC61850_simulatorServer2.ModbusSlave.Write(Dictionary`2 data, Byte slaveId) in /Users/songyinpei/jobs/IEC61850-simulatorServer2/Protocol/ModbusSlave.cs:line 199 

2025-12-30 17:15:03,700 [12] WARN  IEC61850_simulatorServer2.ModbusSlave [199] - Scale apply failed for yc36: System.InvalidCastException: Unable to cast object of type 'System.Int32' to type 'System.Single'.
   at IEC61850_simulatorServer2.ModbusSlave.Write(Dictionary`2 data, Byte slaveId) in /Users/songyinpei/jobs/IEC61850-simulatorServer2/Protocol/ModbusSlave.cs:line 199 

2025-12-30 17:15:03,704 [12] WARN  IEC61850_simulatorServer2.ModbusSlave [199] - Scale apply failed for yc37: System.InvalidCastException: Unable to cast object of type 'System.Int32' to type 'System.Single'.
   at IEC61850_simulatorServer2.ModbusSlave.Write(Dictionary`2 data, Byte slaveId) in /Users/songyinpei/jobs/IEC61850-simulatorServer2/Protocol/ModbusSlave.cs:line 199 

2025-12-30 17:15:03,757 [12] WARN  IEC61850_simulatorServer2.ModbusSlave [199] - Scale apply failed for yc43: System.InvalidCastException: Unable to cast object of type 'System.Int32' to type 'System.Single'.
   at IEC61850_simulatorServer2.ModbusSlave.Write(Dictionary`2 data, Byte slaveId) in /Users/songyinpei/jobs/IEC61850-simulatorServer2/Protocol/ModbusSlave.cs:line 199 

2025-12-30 17:15:03,807 [12] WARN  IEC61850_simulatorServer2.ModbusSlave [199] - Scale apply failed for yc53: System.InvalidCastException: Unable to cast object of type 'System.Int32' to type 'System.Single'.
   at IEC61850_simulatorServer2.ModbusSlave.Write(Dictionary`2 data, Byte slaveId) in /Users/songyinpei/jobs/IEC61850-simulatorServer2/Protocol/ModbusSlave.cs:line 199 

2025-12-30 17:15:03,841 [12] WARN  IEC61850_simulatorServer2.ModbusSlave [199] - Scale apply failed for yc45: System.InvalidCastException: Unable to cast object of type 'System.Int32' to type 'System.Single'.
   at IEC61850_simulatorServer2.ModbusSlave.Write(Dictionary`2 data, Byte slaveId) in /Users/songyinpei/jobs/IEC61850-simulatorServer2/Protocol/ModbusSlave.cs:line 199 

2025-12-30 17:15:04,170 [15] WARN  IEC61850_simulatorServer2.ModbusSlave [199] - Scale apply failed for param2: System.InvalidCastException: Unable to cast object of type 'System.Int32' to type 'System.Single'.
   at IEC61850_simulatorServer2.ModbusSlave.Write(Dictionary`2 data, Byte slaveId) in /Users/songyinpei/jobs/IEC61850-simulatorServer2/Protocol/ModbusSlave.cs:line 199 

2025-12-30 17:15:04,193 [15] WARN  IEC61850_simulatorServer2.ModbusSlave [199] - Scale apply failed for param3: System.InvalidCastException: Unable to cast object of type 'System.Int32' to type 'System.Single'.
   at IEC61850_simulatorServer2.ModbusSlave.Write(Dictionary`2 data, Byte slaveId) in /Users/songyinpei/jobs/IEC61850-simulatorServer2/Protocol/ModbusSlave.cs:line 199 

2025-12-30 17:15:04,195 [15] WARN  IEC61850_simulatorServer2.ModbusSlave [199] - Scale apply failed for param4: System.InvalidCastException: Unable to cast object of type 'System.Int32' to type 'System.Single'.
   at IEC61850_simulatorServer2.ModbusSlave.Write(Dictionary`2 data, Byte slaveId) in /Users/songyinpei/jobs/IEC61850-simulatorServer2/Protocol/ModbusSlave.cs:line 199 

2025-12-30 17:15:04,197 [15] WARN  IEC61850_simulatorServer2.ModbusSlave [199] - Scale apply failed for param8: System.InvalidCastException: Unable to cast object of type 'System.Int32' to type 'System.Single'.
   at IEC61850_simulatorServer2.ModbusSlave.Write(Dictionary`2 data, Byte slaveId) in /Users/songyinpei/jobs/IEC61850-simulatorServer2/Protocol/ModbusSlave.cs:line 199 

2025-12-30 17:15:04,199 [15] WARN  IEC61850_simulatorServer2.ModbusSlave [199] - Scale apply failed for param10: System.InvalidCastException: Unable to cast object of type 'System.Int32' to type 'System.Single'.
   at IEC61850_simulatorServer2.ModbusSlave.Write(Dictionary`2 data, Byte slaveId) in /Users/songyinpei/jobs/IEC61850-simulatorServer2/Protocol/ModbusSlave.cs:line 199 

2025-12-30 17:15:04,201 [15] WARN  IEC61850_simulatorServer2.ModbusSlave [199] - Scale apply failed for param9: System.InvalidCastException: Unable to cast object of type 'System.Int32' to type 'System.Single'.
   at IEC61850_simulatorServer2.ModbusSlave.Write(Dictionary`2 data, Byte slaveId) in /Users/songyinpei/jobs/IEC61850-simulatorServer2/Protocol/ModbusSlave.cs:line 199 

2025-12-30 17:15:04,203 [15] WARN  IEC61850_simulatorServer2.ModbusSlave [199] - Scale apply failed for param15: System.InvalidCastException: Unable to cast object of type 'System.Int32' to type 'System.Single'.
   at IEC61850_simulatorServer2.ModbusSlave.Write(Dictionary`2 data, Byte slaveId) in /Users/songyinpei/jobs/IEC61850-simulatorServer2/Protocol/ModbusSlave.cs:line 199 

2025-12-30 17:15:04,205 [15] WARN  IEC61850_simulatorServer2.ModbusSlave [199] - Scale apply failed for param16: System.InvalidCastException: Unable to cast object of type 'System.Int32' to type 'System.Single'.
   at IEC61850_simulatorServer2.ModbusSlave.Write(Dictionary`2 data, Byte slaveId) in /Users/songyinpei/jobs/IEC61850-simulatorServer2/Protocol/ModbusSlave.cs:line 199 

2025-12-30 17:15:04,207 [15] WARN  IEC61850_simulatorServer2.ModbusSlave [199] - Scale apply failed for param17: System.InvalidCastException: Unable to cast object of type 'System.Int32' to type 'System.Single'.
   at IEC61850_simulatorServer2.ModbusSlave.Write(Dictionary`2 data, Byte slaveId) in /Users/songyinpei/jobs/IEC61850-simulatorServer2/Protocol/ModbusSlave.cs:line 199 

2025-12-30 17:15:04,209 [15] WARN  IEC61850_simulatorServer2.ModbusSlave [199] - Scale apply failed for param18: System.InvalidCastException: Unable to cast object of type 'System.Int32' to type 'System.Single'.
   at IEC61850_simulatorServer2.ModbusSlave.Write(Dictionary`2 data, Byte slaveId) in /Users/songyinpei/jobs/IEC61850-simulatorServer2/Protocol/ModbusSlave.cs:line 199 

2025-12-30 17:15:04,211 [15] WARN  IEC61850_simulatorServer2.ModbusSlave [199] - Scale apply failed for param19: System.InvalidCastException: Unable to cast object of type 'System.Int32' to type 'System.Single'.
   at IEC61850_simulatorServer2.ModbusSlave.Write(Dictionary`2 data, Byte slaveId) in /Users/songyinpei/jobs/IEC61850-simulatorServer2/Protocol/ModbusSlave.cs:line 199 

2025-12-30 17:15:04,213 [15] WARN  IEC61850_simulatorServer2.ModbusSlave [199] - Scale apply failed for param20: System.InvalidCastException: Unable to cast object of type 'System.Int32' to type 'System.Single'.
   at IEC61850_simulatorServer2.ModbusSlave.Write(Dictionary`2 data, Byte slaveId) in /Users/songyinpei/jobs/IEC61850-simulatorServer2/Protocol/ModbusSlave.cs:line 199 

2025-12-30 17:15:04,215 [15] WARN  IEC61850_simulatorServer2.ModbusSlave [199] - Scale apply failed for param21: System.InvalidCastException: Unable to cast object of type 'System.Int32' to type 'System.Single'.
   at IEC61850_simulatorServer2.ModbusSlave.Write(Dictionary`2 data, Byte slaveId) in /Users/songyinpei/jobs/IEC61850-simulatorServer2/Protocol/ModbusSlave.cs:line 199 

2025-12-30 17:15:04,217 [15] WARN  IEC61850_simulatorServer2.ModbusSlave [199] - Scale apply failed for param31: System.InvalidCastException: Unable to cast object of type 'System.Int32' to type 'System.Single'.
   at IEC61850_simulatorServer2.ModbusSlave.Write(Dictionary`2 data, Byte slaveId) in /Users/songyinpei/jobs/IEC61850-simulatorServer2/Protocol/ModbusSlave.cs:line 199 

2025-12-30 17:15:04,242 [15] WARN  IEC61850_simulatorServer2.ModbusSlave [199] - Scale apply failed for param32: System.InvalidCastException: Unable to cast object of type 'System.Int32' to type 'System.Single'.
   at IEC61850_simulatorServer2.ModbusSlave.Write(Dictionary`2 data, Byte slaveId) in /Users/songyinpei/jobs/IEC61850-simulatorServer2/Protocol/ModbusSlave.cs:line 199 

2025-12-30 17:15:04,244 [15] WARN  IEC61850_simulatorServer2.ModbusSlave [199] - Scale apply failed for param33: System.InvalidCastException: Unable to cast object of type 'System.Int32' to type 'System.Single'.
   at IEC61850_simulatorServer2.ModbusSlave.Write(Dictionary`2 data, Byte slaveId) in /Users/songyinpei/jobs/IEC61850-simulatorServer2/Protocol/ModbusSlave.cs:line 199 

2025-12-30 17:15:04,246 [15] WARN  IEC61850_simulatorServer2.ModbusSlave [199] - Scale apply failed for param34: System.InvalidCastException: Unable to cast object of type 'System.Int32' to type 'System.Single'.
   at IEC61850_simulatorServer2.ModbusSlave.Write(Dictionary`2 data, Byte slaveId) in /Users/songyinpei/jobs/IEC61850-simulatorServer2/Protocol/ModbusSlave.cs:line 199 

2025-12-30 17:15:04,248 [15] WARN  IEC61850_simulatorServer2.ModbusSlave [199] - Scale apply failed for param35: System.InvalidCastException: Unable to cast object of type 'System.Int32' to type 'System.Single'.
   at IEC61850_simulatorServer2.ModbusSlave.Write(Dictionary`2 data, Byte slaveId) in /Users/songyinpei/jobs/IEC61850-simulatorServer2/Protocol/ModbusSlave.cs:line 199 

2025-12-30 17:15:04,271 [15] WARN  IEC61850_simulatorServer2.ModbusSlave [199] - Scale apply failed for param36: System.InvalidCastException: Unable to cast object of type 'System.Int32' to type 'System.Single'.
   at IEC61850_simulatorServer2.ModbusSlave.Write(Dictionary`2 data, Byte slaveId) in /Users/songyinpei/jobs/IEC61850-simulatorServer2/Protocol/ModbusSlave.cs:line 199 

2025-12-30 17:15:04,273 [15] WARN  IEC61850_simulatorServer2.ModbusSlave [199] - Scale apply failed for param37: System.InvalidCastException: Unable to cast object of type 'System.Int32' to type 'System.Single'.
   at IEC61850_simulatorServer2.ModbusSlave.Write(Dictionary`2 data, Byte slaveId) in /Users/songyinpei/jobs/IEC61850-simulatorServer2/Protocol/ModbusSlave.cs:line 199 

2025-12-30 17:15:04,280 [15] WARN  IEC61850_simulatorServer2.ModbusSlave [199] - Scale apply failed for param39: System.InvalidCastException: Unable to cast object of type 'System.Int32' to type 'System.Single'.
   at IEC61850_simulatorServer2.ModbusSlave.Write(Dictionary`2 data, Byte slaveId) in /Users/songyinpei/jobs/IEC61850-simulatorServer2/Protocol/ModbusSlave.cs:line 199 

2025-12-30 17:15:04,282 [15] WARN  IEC61850_simulatorServer2.ModbusSlave [199] - Scale apply failed for param40: System.InvalidCastException: Unable to cast object of type 'System.Int32' to type 'System.Single'.
   at IEC61850_simulatorServer2.ModbusSlave.Write(Dictionary`2 data, Byte slaveId) in /Users/songyinpei/jobs/IEC61850-simulatorServer2/Protocol/ModbusSlave.cs:line 199 

2025-12-30 17:15:04,284 [15] WARN  IEC61850_simulatorServer2.ModbusSlave [199] - Scale apply failed for param38: System.InvalidCastException: Unable to cast object of type 'System.Int32' to type 'System.Single'.
   at IEC61850_simulatorServer2.ModbusSlave.Write(Dictionary`2 data, Byte slaveId) in /Users/songyinpei/jobs/IEC61850-simulatorServer2/Protocol/ModbusSlave.cs:line 199 

2025-12-30 17:15:04,310 [15] WARN  IEC61850_simulatorServer2.ModbusSlave [199] - Scale apply failed for param41: System.InvalidCastException: Unable to cast object of type 'System.Int32' to type 'System.Single'.
   at IEC61850_simulatorServer2.ModbusSlave.Write(Dictionary`2 data, Byte slaveId) in /Users/songyinpei/jobs/IEC61850-simulatorServer2/Protocol/ModbusSlave.cs:line 199 

2025-12-30 17:15:04,312 [15] WARN  IEC61850_simulatorServer2.ModbusSlave [199] - Scale apply failed for param42: System.InvalidCastException: Unable to cast object of type 'System.Int32' to type 'System.Single'.
   at IEC61850_simulatorServer2.ModbusSlave.Write(Dictionary`2 data, Byte slaveId) in /Users/songyinpei/jobs/IEC61850-simulatorServer2/Protocol/ModbusSlave.cs:line 199 

2025-12-30 17:15:04,340 [15] WARN  IEC61850_simulatorServer2.ModbusSlave [199] - Scale apply failed for param43: System.InvalidCastException: Unable to cast object of type 'System.Int32' to type 'System.Single'.
   at IEC61850_simulatorServer2.ModbusSlave.Write(Dictionary`2 data, Byte slaveId) in /Users/songyinpei/jobs/IEC61850-simulatorServer2/Protocol/ModbusSlave.cs:line 199 

2025-12-30 17:15:04,390 [15] WARN  IEC61850_simulatorServer2.ModbusSlave [199] - Scale apply failed for param44: System.InvalidCastException: Unable to cast object of type 'System.Int32' to type 'System.Single'.
   at IEC61850_simulatorServer2.ModbusSlave.Write(Dictionary`2 data, Byte slaveId) in /Users/songyinpei/jobs/IEC61850-simulatorServer2/Protocol/ModbusSlave.cs:line 199 

2025-12-30 17:15:04,393 [15] WARN  IEC61850_simulatorServer2.ModbusSlave [199] - Scale apply failed for param45: System.InvalidCastException: Unable to cast object of type 'System.Int32' to type 'System.Single'.
   at IEC61850_simulatorServer2.ModbusSlave.Write(Dictionary`2 data, Byte slaveId) in /Users/songyinpei/jobs/IEC61850-simulatorServer2/Protocol/ModbusSlave.cs:line 199 

2025-12-30 17:15:04,422 [15] WARN  IEC61850_simulatorServer2.ModbusSlave [199] - Scale apply failed for param46: System.InvalidCastException: Unable to cast object of type 'System.Int32' to type 'System.Single'.
   at IEC61850_simulatorServer2.ModbusSlave.Write(Dictionary`2 data, Byte slaveId) in /Users/songyinpei/jobs/IEC61850-simulatorServer2/Protocol/ModbusSlave.cs:line 199 

2025-12-30 17:15:04,425 [15] WARN  IEC61850_simulatorServer2.ModbusSlave [199] - Scale apply failed for param47: System.InvalidCastException: Unable to cast object of type 'System.Int32' to type 'System.Single'.
   at IEC61850_simulatorServer2.ModbusSlave.Write(Dictionary`2 data, Byte slaveId) in /Users/songyinpei/jobs/IEC61850-simulatorServer2/Protocol/ModbusSlave.cs:line 199 

2025-12-30 17:15:04,478 [15] WARN  IEC61850_simulatorServer2.ModbusSlave [199] - Scale apply failed for param49: System.InvalidCastException: Unable to cast object of type 'System.Int32' to type 'System.Single'.
   at IEC61850_simulatorServer2.ModbusSlave.Write(Dictionary`2 data, Byte slaveId) in /Users/songyinpei/jobs/IEC61850-simulatorServer2/Protocol/ModbusSlave.cs:line 199 

2025-12-30 17:15:04,533 [15] WARN  IEC61850_simulatorServer2.ModbusSlave [199] - Scale apply failed for param48: System.InvalidCastException: Unable to cast object of type 'System.Int32' to type 'System.Single'.
   at IEC61850_simulatorServer2.ModbusSlave.Write(Dictionary`2 data, Byte slaveId) in /Users/songyinpei/jobs/IEC61850-simulatorServer2/Protocol/ModbusSlave.cs:line 199 

2025-12-30 17:15:05,205 [17] WARN  IEC61850_simulatorServer2.ModbusSlave [?] - Scale apply failed for yc0: System.InvalidCastException: Unable to cast object of type 'System.Int32' to type 'System.Single'.
   at IEC61850_simulatorServer2.ModbusSlave.Write(Dictionary`2 data, Byte slaveId) in /Users/songyinpei/jobs/IEC61850-simulatorServer2/Protocol/ModbusSlave.cs:line 199 

2025-12-30 17:15:05,207 [17] WARN  IEC61850_simulatorServer2.ModbusSlave [?] - Scale apply failed for yc1: System.InvalidCastException: Unable to cast object of type 'System.Int32' to type 'System.Single'.
   at IEC61850_simulatorServer2.ModbusSlave.Write(Dictionary`2 data, Byte slaveId) in /Users/songyinpei/jobs/IEC61850-simulatorServer2/Protocol/ModbusSlave.cs:line 199 

2025-12-30 17:15:05,209 [17] WARN  IEC61850_simulatorServer2.ModbusSlave [?] - Scale apply failed for yc2: System.InvalidCastException: Unable to cast object of type 'System.Int32' to type 'System.Single'.
   at IEC61850_simulatorServer2.ModbusSlave.Write(Dictionary`2 data, Byte slaveId) in /Users/songyinpei/jobs/IEC61850-simulatorServer2/Protocol/ModbusSlave.cs:line 199 

2025-12-30 17:15:05,211 [17] WARN  IEC61850_simulatorServer2.ModbusSlave [?] - Scale apply failed for yc3: System.InvalidCastException: Unable to cast object of type 'System.Int32' to type 'System.Single'.
   at IEC61850_simulatorServer2.ModbusSlave.Write(Dictionary`2 data, Byte slaveId) in /Users/songyinpei/jobs/IEC61850-simulatorServer2/Protocol/ModbusSlave.cs:line 199 

2025-12-30 17:15:05,238 [17] WARN  IEC61850_simulatorServer2.ModbusSlave [?] - Scale apply failed for yc4: System.InvalidCastException: Unable to cast object of type 'System.Int32' to type 'System.Single'.
   at IEC61850_simulatorServer2.ModbusSlave.Write(Dictionary`2 data, Byte slaveId) in /Users/songyinpei/jobs/IEC61850-simulatorServer2/Protocol/ModbusSlave.cs:line 199 

2025-12-30 17:15:05,240 [17] WARN  IEC61850_simulatorServer2.ModbusSlave [?] - Scale apply failed for yc5: System.InvalidCastException: Unable to cast object of type 'System.Int32' to type 'System.Single'.
   at IEC61850_simulatorServer2.ModbusSlave.Write(Dictionary`2 data, Byte slaveId) in /Users/songyinpei/jobs/IEC61850-simulatorServer2/Protocol/ModbusSlave.cs:line 199 

2025-12-30 17:15:05,242 [17] WARN  IEC61850_simulatorServer2.ModbusSlave [?] - Scale apply failed for yc6: System.InvalidCastException: Unable to cast object of type 'System.Int32' to type 'System.Single'.
   at IEC61850_simulatorServer2.ModbusSlave.Write(Dictionary`2 data, Byte slaveId) in /Users/songyinpei/jobs/IEC61850-simulatorServer2/Protocol/ModbusSlave.cs:line 199 

2025-12-30 17:15:05,244 [17] WARN  IEC61850_simulatorServer2.ModbusSlave [?] - Scale apply failed for yc7: System.InvalidCastException: Unable to cast object of type 'System.Int32' to type 'System.Single'.
   at IEC61850_simulatorServer2.ModbusSlave.Write(Dictionary`2 data, Byte slaveId) in /Users/songyinpei/jobs/IEC61850-simulatorServer2/Protocol/ModbusSlave.cs:line 199 

2025-12-30 17:15:05,246 [17] WARN  IEC61850_simulatorServer2.ModbusSlave [?] - Scale apply failed for yc8: System.InvalidCastException: Unable to cast object of type 'System.Int32' to type 'System.Single'.
   at IEC61850_simulatorServer2.ModbusSlave.Write(Dictionary`2 data, Byte slaveId) in /Users/songyinpei/jobs/IEC61850-simulatorServer2/Protocol/ModbusSlave.cs:line 199 

2025-12-30 17:15:05,248 [17] WARN  IEC61850_simulatorServer2.ModbusSlave [?] - Scale apply failed for yc9: System.InvalidCastException: Unable to cast object of type 'System.Int32' to type 'System.Single'.
   at IEC61850_simulatorServer2.ModbusSlave.Write(Dictionary`2 data, Byte slaveId) in /Users/songyinpei/jobs/IEC61850-simulatorServer2/Protocol/ModbusSlave.cs:line 199 

2025-12-30 17:15:05,250 [17] WARN  IEC61850_simulatorServer2.ModbusSlave [?] - Scale apply failed for yc10: System.InvalidCastException: Unable to cast object of type 'System.Int32' to type 'System.Single'.
   at IEC61850_simulatorServer2.ModbusSlave.Write(Dictionary`2 data, Byte slaveId) in /Users/songyinpei/jobs/IEC61850-simulatorServer2/Protocol/ModbusSlave.cs:line 199 

2025-12-30 17:15:05,252 [17] WARN  IEC61850_simulatorServer2.ModbusSlave [?] - Scale apply failed for yc11: System.InvalidCastException: Unable to cast object of type 'System.Int32' to type 'System.Single'.
   at IEC61850_simulatorServer2.ModbusSlave.Write(Dictionary`2 data, Byte slaveId) in /Users/songyinpei/jobs/IEC61850-simulatorServer2/Protocol/ModbusSlave.cs:line 199 

2025-12-30 17:15:05,276 [17] WARN  IEC61850_simulatorServer2.ModbusSlave [?] - Scale apply failed for yc12: System.InvalidCastException: Unable to cast object of type 'System.Int32' to type 'System.Single'.
   at IEC61850_simulatorServer2.ModbusSlave.Write(Dictionary`2 data, Byte slaveId) in /Users/songyinpei/jobs/IEC61850-simulatorServer2/Protocol/ModbusSlave.cs:line 199 

2025-12-30 17:15:05,278 [17] WARN  IEC61850_simulatorServer2.ModbusSlave [?] - Scale apply failed for yc13: System.InvalidCastException: Unable to cast object of type 'System.Int32' to type 'System.Single'.
   at IEC61850_simulatorServer2.ModbusSlave.Write(Dictionary`2 data, Byte slaveId) in /Users/songyinpei/jobs/IEC61850-simulatorServer2/Protocol/ModbusSlave.cs:line 199 

2025-12-30 17:15:05,328 [17] WARN  IEC61850_simulatorServer2.ModbusSlave [?] - Scale apply failed for yc14: System.InvalidCastException: Unable to cast object of type 'System.Int32' to type 'System.Single'.
   at IEC61850_simulatorServer2.ModbusSlave.Write(Dictionary`2 data, Byte slaveId) in /Users/songyinpei/jobs/IEC61850-simulatorServer2/Protocol/ModbusSlave.cs:line 199 

2025-12-30 17:15:05,331 [17] WARN  IEC61850_simulatorServer2.ModbusSlave [?] - Scale apply failed for yc15: System.InvalidCastException: Unable to cast object of type 'System.Int32' to type 'System.Single'.
   at IEC61850_simulatorServer2.ModbusSlave.Write(Dictionary`2 data, Byte slaveId) in /Users/songyinpei/jobs/IEC61850-simulatorServer2/Protocol/ModbusSlave.cs:line 199 

2025-12-30 17:15:05,358 [17] WARN  IEC61850_simulatorServer2.ModbusSlave [?] - Scale apply failed for yc16: System.InvalidCastException: Unable to cast object of type 'System.Int32' to type 'System.Single'.
   at IEC61850_simulatorServer2.ModbusSlave.Write(Dictionary`2 data, Byte slaveId) in /Users/songyinpei/jobs/IEC61850-simulatorServer2/Protocol/ModbusSlave.cs:line 199 

2025-12-30 17:15:05,402 [17] WARN  IEC61850_simulatorServer2.ModbusSlave [?] - Scale apply failed for yc17: System.InvalidCastException: Unable to cast object of type 'System.Int32' to type 'System.Single'.
   at IEC61850_simulatorServer2.ModbusSlave.Write(Dictionary`2 data, Byte slaveId) in /Users/songyinpei/jobs/IEC61850-simulatorServer2/Protocol/ModbusSlave.cs:line 199 

2025-12-30 17:15:05,427 [17] WARN  IEC61850_simulatorServer2.ModbusSlave [?] - Scale apply failed for yc18: System.InvalidCastException: Unable to cast object of type 'System.Int32' to type 'System.Single'.
   at IEC61850_simulatorServer2.ModbusSlave.Write(Dictionary`2 data, Byte slaveId) in /Users/songyinpei/jobs/IEC61850-simulatorServer2/Protocol/ModbusSlave.cs:line 199 

2025-12-30 17:15:05,477 [17] WARN  IEC61850_simulatorServer2.ModbusSlave [?] - Scale apply failed for yc19: System.InvalidCastException: Unable to cast object of type 'System.Int32' to type 'System.Single'.
   at IEC61850_simulatorServer2.ModbusSlave.Write(Dictionary`2 data, Byte slaveId) in /Users/songyinpei/jobs/IEC61850-simulatorServer2/Protocol/ModbusSlave.cs:line 199 

2025-12-30 17:15:05,505 [17] WARN  IEC61850_simulatorServer2.ModbusSlave [?] - Scale apply failed for yc20: System.InvalidCastException: Unable to cast object of type 'System.Int32' to type 'System.Single'.
   at IEC61850_simulatorServer2.ModbusSlave.Write(Dictionary`2 data, Byte slaveId) in /Users/songyinpei/jobs/IEC61850-simulatorServer2/Protocol/ModbusSlave.cs:line 199 

2025-12-30 17:15:05,534 [17] WARN  IEC61850_simulatorServer2.ModbusSlave [?] - Scale apply failed for yc21: System.InvalidCastException: Unable to cast object of type 'System.Int32' to type 'System.Single'.
   at IEC61850_simulatorServer2.ModbusSlave.Write(Dictionary`2 data, Byte slaveId) in /Users/songyinpei/jobs/IEC61850-simulatorServer2/Protocol/ModbusSlave.cs:line 199 

2025-12-30 17:15:06,787 [10] WARN  IEC61850_simulatorServer2.ModbusSlave [?] - Scale apply failed for param15: System.InvalidCastException: Unable to cast object of type 'System.UInt16' to type 'System.Single'.
   at IEC61850_simulatorServer2.ModbusSlave.Write(Dictionary`2 data, Byte slaveId) in /Users/songyinpei/jobs/IEC61850-simulatorServer2/Protocol/ModbusSlave.cs:line 199 

2025-12-30 17:15:06,838 [10] WARN  IEC61850_simulatorServer2.ModbusSlave [?] - Scale apply failed for param16: System.InvalidCastException: Unable to cast object of type 'System.UInt16' to type 'System.Single'.
   at IEC61850_simulatorServer2.ModbusSlave.Write(Dictionary`2 data, Byte slaveId) in /Users/songyinpei/jobs/IEC61850-simulatorServer2/Protocol/ModbusSlave.cs:line 199 

2025-12-30 17:15:06,893 [10] WARN  IEC61850_simulatorServer2.ModbusSlave [?] - Scale apply failed for param19: System.InvalidCastException: Unable to cast object of type 'System.UInt16' to type 'System.Single'.
   at IEC61850_simulatorServer2.ModbusSlave.Write(Dictionary`2 data, Byte slaveId) in /Users/songyinpei/jobs/IEC61850-simulatorServer2/Protocol/ModbusSlave.cs:line 199 

2025-12-30 17:15:06,942 [10] WARN  IEC61850_simulatorServer2.ModbusSlave [?] - Scale apply failed for param17: System.InvalidCastException: Unable to cast object of type 'System.UInt16' to type 'System.Single'.
   at IEC61850_simulatorServer2.ModbusSlave.Write(Dictionary`2 data, Byte slaveId) in /Users/songyinpei/jobs/IEC61850-simulatorServer2/Protocol/ModbusSlave.cs:line 199 

2025-12-30 17:15:06,970 [10] WARN  IEC61850_simulatorServer2.ModbusSlave [?] - Scale apply failed for param20: System.InvalidCastException: Unable to cast object of type 'System.UInt16' to type 'System.Single'.
   at IEC61850_simulatorServer2.ModbusSlave.Write(Dictionary`2 data, Byte slaveId) in /Users/songyinpei/jobs/IEC61850-simulatorServer2/Protocol/ModbusSlave.cs:line 199 

2025-12-30 17:15:06,994 [10] WARN  IEC61850_simulatorServer2.ModbusSlave [?] - Scale apply failed for param21: System.InvalidCastException: Unable to cast object of type 'System.UInt16' to type 'System.Single'.
   at IEC61850_simulatorServer2.ModbusSlave.Write(Dictionary`2 data, Byte slaveId) in /Users/songyinpei/jobs/IEC61850-simulatorServer2/Protocol/ModbusSlave.cs:line 199 

2025-12-30 17:15:07,048 [10] WARN  IEC61850_simulatorServer2.ModbusSlave [?] - Scale apply failed for param18: System.InvalidCastException: Unable to cast object of type 'System.UInt16' to type 'System.Single'.
   at IEC61850_simulatorServer2.ModbusSlave.Write(Dictionary`2 data, Byte slaveId) in /Users/songyinpei/jobs/IEC61850-simulatorServer2/Protocol/ModbusSlave.cs:line 199 

2025-12-30 17:15:07,074 [10] WARN  IEC61850_simulatorServer2.ModbusSlave [?] - Scale apply failed for param40: System.OverflowException: Value was either too large or too small for an Int32.
   at System.Convert.ToInt32(Double value)
   at System.Convert.ToInt16(Double value)
   at IEC61850_simulatorServer2.ModbusSlave.Write(Dictionary`2 data, Byte slaveId) in /Users/songyinpei/jobs/IEC61850-simulatorServer2/Protocol/ModbusSlave.cs:line 203 

2025-12-30 17:15:07,104 [10] WARN  IEC61850_simulatorServer2.ModbusSlave [?] - Scale apply failed for param49: System.InvalidCastException: Unable to cast object of type 'System.Boolean' to type 'System.Single'.
   at IEC61850_simulatorServer2.ModbusSlave.Write(Dictionary`2 data, Byte slaveId) in /Users/songyinpei/jobs/IEC61850-simulatorServer2/Protocol/ModbusSlave.cs:line 199 

2025-12-30 17:15:07,172 [15] WARN  IEC61850_simulatorServer2.ModbusSlave [?] - Scale apply failed for param15: System.InvalidCastException: Unable to cast object of type 'System.UInt16' to type 'System.Single'.
   at IEC61850_simulatorServer2.ModbusSlave.Write(Dictionary`2 data, Byte slaveId) in /Users/songyinpei/jobs/IEC61850-simulatorServer2/Protocol/ModbusSlave.cs:line 199 

2025-12-30 17:15:07,174 [15] WARN  IEC61850_simulatorServer2.ModbusSlave [?] - Scale apply failed for param16: System.InvalidCastException: Unable to cast object of type 'System.UInt16' to type 'System.Single'.
   at IEC61850_simulatorServer2.ModbusSlave.Write(Dictionary`2 data, Byte slaveId) in /Users/songyinpei/jobs/IEC61850-simulatorServer2/Protocol/ModbusSlave.cs:line 199 

2025-12-30 17:15:07,177 [15] WARN  IEC61850_simulatorServer2.ModbusSlave [?] - Scale apply failed for param17: System.InvalidCastException: Unable to cast object of type 'System.UInt16' to type 'System.Single'.
   at IEC61850_simulatorServer2.ModbusSlave.Write(Dictionary`2 data, Byte slaveId) in /Users/songyinpei/jobs/IEC61850-simulatorServer2/Protocol/ModbusSlave.cs:line 199 

2025-12-30 17:15:07,199 [15] WARN  IEC61850_simulatorServer2.ModbusSlave [?] - Scale apply failed for param18: System.InvalidCastException: Unable to cast object of type 'System.UInt16' to type 'System.Single'.
   at IEC61850_simulatorServer2.ModbusSlave.Write(Dictionary`2 data, Byte slaveId) in /Users/songyinpei/jobs/IEC61850-simulatorServer2/Protocol/ModbusSlave.cs:line 199 

2025-12-30 17:15:07,202 [15] WARN  IEC61850_simulatorServer2.ModbusSlave [?] - Scale apply failed for param19: System.InvalidCastException: Unable to cast object of type 'System.UInt16' to type 'System.Single'.
   at IEC61850_simulatorServer2.ModbusSlave.Write(Dictionary`2 data, Byte slaveId) in /Users/songyinpei/jobs/IEC61850-simulatorServer2/Protocol/ModbusSlave.cs:line 199 

2025-12-30 17:15:07,204 [15] WARN  IEC61850_simulatorServer2.ModbusSlave [?] - Scale apply failed for param20: System.InvalidCastException: Unable to cast object of type 'System.UInt16' to type 'System.Single'.
   at IEC61850_simulatorServer2.ModbusSlave.Write(Dictionary`2 data, Byte slaveId) in /Users/songyinpei/jobs/IEC61850-simulatorServer2/Protocol/ModbusSlave.cs:line 199 

2025-12-30 17:15:07,206 [15] WARN  IEC61850_simulatorServer2.ModbusSlave [?] - Scale apply failed for param21: System.InvalidCastException: Unable to cast object of type 'System.UInt16' to type 'System.Single'.
   at IEC61850_simulatorServer2.ModbusSlave.Write(Dictionary`2 data, Byte slaveId) in /Users/songyinpei/jobs/IEC61850-simulatorServer2/Protocol/ModbusSlave.cs:line 199 

2025-12-30 17:15:07,208 [15] WARN  IEC61850_simulatorServer2.ModbusSlave [?] - Scale apply failed for param40: System.OverflowException: Value was either too large or too small for an Int32.
   at System.Convert.ToInt32(Double value)
   at System.Convert.ToInt16(Double value)
   at IEC61850_simulatorServer2.ModbusSlave.Write(Dictionary`2 data, Byte slaveId) in /Users/songyinpei/jobs/IEC61850-simulatorServer2/Protocol/ModbusSlave.cs:line 203 

2025-12-30 17:15:07,210 [15] WARN  IEC61850_simulatorServer2.ModbusSlave [?] - Scale apply failed for param49: System.InvalidCastException: Unable to cast object of type 'System.Boolean' to type 'System.Single'.
   at IEC61850_simulatorServer2.ModbusSlave.Write(Dictionary`2 data, Byte slaveId) in /Users/songyinpei/jobs/IEC61850-simulatorServer2/Protocol/ModbusSlave.cs:line 199 

2025-12-30 17:15:22,683 [1] INFO  IEC61850_simulatorServer2.MainClass [34] - [Program] 应用启动，log4net 配置已尝试加载 

2025-12-30 17:15:24,061 [6] WARN  IEC61850_simulatorServer2.ModbusSlave [199] - Scale apply failed for yc6: System.InvalidCastException: Unable to cast object of type 'System.Int32' to type 'System.Single'.
   at IEC61850_simulatorServer2.ModbusSlave.Write(Dictionary`2 data, Byte slaveId) in /Users/songyinpei/jobs/IEC61850-simulatorServer2/Protocol/ModbusSlave.cs:line 199 

2025-12-30 17:15:24,065 [6] WARN  IEC61850_simulatorServer2.ModbusSlave [199] - Scale apply failed for yc7: System.InvalidCastException: Unable to cast object of type 'System.Int32' to type 'System.Single'.
   at IEC61850_simulatorServer2.ModbusSlave.Write(Dictionary`2 data, Byte slaveId) in /Users/songyinpei/jobs/IEC61850-simulatorServer2/Protocol/ModbusSlave.cs:line 199 

2025-12-30 17:15:24,068 [6] WARN  IEC61850_simulatorServer2.ModbusSlave [199] - Scale apply failed for yc8: System.InvalidCastException: Unable to cast object of type 'System.Int32' to type 'System.Single'.
   at IEC61850_simulatorServer2.ModbusSlave.Write(Dictionary`2 data, Byte slaveId) in /Users/songyinpei/jobs/IEC61850-simulatorServer2/Protocol/ModbusSlave.cs:line 199 

2025-12-30 17:15:24,070 [6] WARN  IEC61850_simulatorServer2.ModbusSlave [199] - Scale apply failed for yc9: System.InvalidCastException: Unable to cast object of type 'System.Int32' to type 'System.Single'.
   at IEC61850_simulatorServer2.ModbusSlave.Write(Dictionary`2 data, Byte slaveId) in /Users/songyinpei/jobs/IEC61850-simulatorServer2/Protocol/ModbusSlave.cs:line 199 

2025-12-30 17:15:24,072 [6] WARN  IEC61850_simulatorServer2.ModbusSlave [199] - Scale apply failed for yc10: System.InvalidCastException: Unable to cast object of type 'System.Int32' to type 'System.Single'.
   at IEC61850_simulatorServer2.ModbusSlave.Write(Dictionary`2 data, Byte slaveId) in /Users/songyinpei/jobs/IEC61850-simulatorServer2/Protocol/ModbusSlave.cs:line 199 

2025-12-30 17:15:24,075 [6] WARN  IEC61850_simulatorServer2.ModbusSlave [199] - Scale apply failed for yc11: System.InvalidCastException: Unable to cast object of type 'System.Int32' to type 'System.Single'.
   at IEC61850_simulatorServer2.ModbusSlave.Write(Dictionary`2 data, Byte slaveId) in /Users/songyinpei/jobs/IEC61850-simulatorServer2/Protocol/ModbusSlave.cs:line 199 

2025-12-30 17:15:24,077 [6] WARN  IEC61850_simulatorServer2.ModbusSlave [199] - Scale apply failed for yc12: System.InvalidCastException: Unable to cast object of type 'System.Int32' to type 'System.Single'.
   at IEC61850_simulatorServer2.ModbusSlave.Write(Dictionary`2 data, Byte slaveId) in /Users/songyinpei/jobs/IEC61850-simulatorServer2/Protocol/ModbusSlave.cs:line 199 

2025-12-30 17:15:24,079 [6] WARN  IEC61850_simulatorServer2.ModbusSlave [199] - Scale apply failed for yc20: System.InvalidCastException: Unable to cast object of type 'System.Int32' to type 'System.Single'.
   at IEC61850_simulatorServer2.ModbusSlave.Write(Dictionary`2 data, Byte slaveId) in /Users/songyinpei/jobs/IEC61850-simulatorServer2/Protocol/ModbusSlave.cs:line 199 

2025-12-30 17:15:24,081 [6] WARN  IEC61850_simulatorServer2.ModbusSlave [199] - Scale apply failed for yc21: System.InvalidCastException: Unable to cast object of type 'System.Int32' to type 'System.Single'.
   at IEC61850_simulatorServer2.ModbusSlave.Write(Dictionary`2 data, Byte slaveId) in /Users/songyinpei/jobs/IEC61850-simulatorServer2/Protocol/ModbusSlave.cs:line 199 

2025-12-30 17:15:24,083 [6] WARN  IEC61850_simulatorServer2.ModbusSlave [199] - Scale apply failed for yc22: System.InvalidCastException: Unable to cast object of type 'System.Int32' to type 'System.Single'.
   at IEC61850_simulatorServer2.ModbusSlave.Write(Dictionary`2 data, Byte slaveId) in /Users/songyinpei/jobs/IEC61850-simulatorServer2/Protocol/ModbusSlave.cs:line 199 

2025-12-30 17:15:24,084 [6] WARN  IEC61850_simulatorServer2.ModbusSlave [199] - Scale apply failed for yc23: System.InvalidCastException: Unable to cast object of type 'System.Int32' to type 'System.Single'.
   at IEC61850_simulatorServer2.ModbusSlave.Write(Dictionary`2 data, Byte slaveId) in /Users/songyinpei/jobs/IEC61850-simulatorServer2/Protocol/ModbusSlave.cs:line 199 

2025-12-30 17:15:24,086 [6] WARN  IEC61850_simulatorServer2.ModbusSlave [199] - Scale apply failed for yc24: System.InvalidCastException: Unable to cast object of type 'System.Int32' to type 'System.Single'.
   at IEC61850_simulatorServer2.ModbusSlave.Write(Dictionary`2 data, Byte slaveId) in /Users/songyinpei/jobs/IEC61850-simulatorServer2/Protocol/ModbusSlave.cs:line 199 

2025-12-30 17:15:24,088 [6] WARN  IEC61850_simulatorServer2.ModbusSlave [199] - Scale apply failed for yc25: System.InvalidCastException: Unable to cast object of type 'System.Int32' to type 'System.Single'.
   at IEC61850_simulatorServer2.ModbusSlave.Write(Dictionary`2 data, Byte slaveId) in /Users/songyinpei/jobs/IEC61850-simulatorServer2/Protocol/ModbusSlave.cs:line 199 

2025-12-30 17:15:24,090 [6] WARN  IEC61850_simulatorServer2.ModbusSlave [199] - Scale apply failed for yc26: System.InvalidCastException: Unable to cast object of type 'System.Int32' to type 'System.Single'.
   at IEC61850_simulatorServer2.ModbusSlave.Write(Dictionary`2 data, Byte slaveId) in /Users/songyinpei/jobs/IEC61850-simulatorServer2/Protocol/ModbusSlave.cs:line 199 

2025-12-30 17:15:24,092 [6] WARN  IEC61850_simulatorServer2.ModbusSlave [199] - Scale apply failed for yc27: System.InvalidCastException: Unable to cast object of type 'System.Int32' to type 'System.Single'.
   at IEC61850_simulatorServer2.ModbusSlave.Write(Dictionary`2 data, Byte slaveId) in /Users/songyinpei/jobs/IEC61850-simulatorServer2/Protocol/ModbusSlave.cs:line 199 

2025-12-30 17:15:24,094 [6] WARN  IEC61850_simulatorServer2.ModbusSlave [199] - Scale apply failed for yc28: System.InvalidCastException: Unable to cast object of type 'System.Int32' to type 'System.Single'.
   at IEC61850_simulatorServer2.ModbusSlave.Write(Dictionary`2 data, Byte slaveId) in /Users/songyinpei/jobs/IEC61850-simulatorServer2/Protocol/ModbusSlave.cs:line 199 

2025-12-30 17:15:24,096 [6] WARN  IEC61850_simulatorServer2.ModbusSlave [199] - Scale apply failed for yc29: System.InvalidCastException: Unable to cast object of type 'System.Int32' to type 'System.Single'.
   at IEC61850_simulatorServer2.ModbusSlave.Write(Dictionary`2 data, Byte slaveId) in /Users/songyinpei/jobs/IEC61850-simulatorServer2/Protocol/ModbusSlave.cs:line 199 

2025-12-30 17:15:24,098 [6] WARN  IEC61850_simulatorServer2.ModbusSlave [199] - Scale apply failed for yc30: System.InvalidCastException: Unable to cast object of type 'System.Int32' to type 'System.Single'.
   at IEC61850_simulatorServer2.ModbusSlave.Write(Dictionary`2 data, Byte slaveId) in /Users/songyinpei/jobs/IEC61850-simulatorServer2/Protocol/ModbusSlave.cs:line 199 

2025-12-30 17:15:24,100 [6] WARN  IEC61850_simulatorServer2.ModbusSlave [199] - Scale apply failed for yc31: System.InvalidCastException: Unable to cast object of type 'System.Int32' to type 'System.Single'.
   at IEC61850_simulatorServer2.ModbusSlave.Write(Dictionary`2 data, Byte slaveId) in /Users/songyinpei/jobs/IEC61850-simulatorServer2/Protocol/ModbusSlave.cs:line 199 

2025-12-30 17:15:24,102 [6] WARN  IEC61850_simulatorServer2.ModbusSlave [199] - Scale apply failed for yc32: System.InvalidCastException: Unable to cast object of type 'System.Int32' to type 'System.Single'.
   at IEC61850_simulatorServer2.ModbusSlave.Write(Dictionary`2 data, Byte slaveId) in /Users/songyinpei/jobs/IEC61850-simulatorServer2/Protocol/ModbusSlave.cs:line 199 

2025-12-30 17:15:24,105 [6] WARN  IEC61850_simulatorServer2.ModbusSlave [199] - Scale apply failed for yc33: System.InvalidCastException: Unable to cast object of type 'System.Int32' to type 'System.Single'.
   at IEC61850_simulatorServer2.ModbusSlave.Write(Dictionary`2 data, Byte slaveId) in /Users/songyinpei/jobs/IEC61850-simulatorServer2/Protocol/ModbusSlave.cs:line 199 

2025-12-30 17:15:24,107 [6] WARN  IEC61850_simulatorServer2.ModbusSlave [199] - Scale apply failed for yc34: System.InvalidCastException: Unable to cast object of type 'System.Int32' to type 'System.Single'.
   at IEC61850_simulatorServer2.ModbusSlave.Write(Dictionary`2 data, Byte slaveId) in /Users/songyinpei/jobs/IEC61850-simulatorServer2/Protocol/ModbusSlave.cs:line 199 

2025-12-30 17:15:24,109 [6] WARN  IEC61850_simulatorServer2.ModbusSlave [199] - Scale apply failed for yc35: System.InvalidCastException: Unable to cast object of type 'System.Int32' to type 'System.Single'.
   at IEC61850_simulatorServer2.ModbusSlave.Write(Dictionary`2 data, Byte slaveId) in /Users/songyinpei/jobs/IEC61850-simulatorServer2/Protocol/ModbusSlave.cs:line 199 

2025-12-30 17:15:24,111 [6] WARN  IEC61850_simulatorServer2.ModbusSlave [199] - Scale apply failed for yc36: System.InvalidCastException: Unable to cast object of type 'System.Int32' to type 'System.Single'.
   at IEC61850_simulatorServer2.ModbusSlave.Write(Dictionary`2 data, Byte slaveId) in /Users/songyinpei/jobs/IEC61850-simulatorServer2/Protocol/ModbusSlave.cs:line 199 

2025-12-30 17:15:24,113 [6] WARN  IEC61850_simulatorServer2.ModbusSlave [199] - Scale apply failed for yc37: System.InvalidCastException: Unable to cast object of type 'System.Int32' to type 'System.Single'.
   at IEC61850_simulatorServer2.ModbusSlave.Write(Dictionary`2 data, Byte slaveId) in /Users/songyinpei/jobs/IEC61850-simulatorServer2/Protocol/ModbusSlave.cs:line 199 

2025-12-30 17:15:24,115 [6] WARN  IEC61850_simulatorServer2.ModbusSlave [199] - Scale apply failed for yc43: System.InvalidCastException: Unable to cast object of type 'System.Int32' to type 'System.Single'.
   at IEC61850_simulatorServer2.ModbusSlave.Write(Dictionary`2 data, Byte slaveId) in /Users/songyinpei/jobs/IEC61850-simulatorServer2/Protocol/ModbusSlave.cs:line 199 

2025-12-30 17:15:24,117 [6] WARN  IEC61850_simulatorServer2.ModbusSlave [199] - Scale apply failed for yc45: System.InvalidCastException: Unable to cast object of type 'System.Int32' to type 'System.Single'.
   at IEC61850_simulatorServer2.ModbusSlave.Write(Dictionary`2 data, Byte slaveId) in /Users/songyinpei/jobs/IEC61850-simulatorServer2/Protocol/ModbusSlave.cs:line 199 

2025-12-30 17:15:24,119 [6] WARN  IEC61850_simulatorServer2.ModbusSlave [199] - Scale apply failed for yc53: System.InvalidCastException: Unable to cast object of type 'System.Int32' to type 'System.Single'.
   at IEC61850_simulatorServer2.ModbusSlave.Write(Dictionary`2 data, Byte slaveId) in /Users/songyinpei/jobs/IEC61850-simulatorServer2/Protocol/ModbusSlave.cs:line 199 

2025-12-30 17:15:25,057 [10] WARN  IEC61850_simulatorServer2.ModbusSlave [199] - Scale apply failed for param2: System.InvalidCastException: Unable to cast object of type 'System.Int32' to type 'System.Single'.
   at IEC61850_simulatorServer2.ModbusSlave.Write(Dictionary`2 data, Byte slaveId) in /Users/songyinpei/jobs/IEC61850-simulatorServer2/Protocol/ModbusSlave.cs:line 199 

2025-12-30 17:15:25,059 [10] WARN  IEC61850_simulatorServer2.ModbusSlave [199] - Scale apply failed for param3: System.InvalidCastException: Unable to cast object of type 'System.Int32' to type 'System.Single'.
   at IEC61850_simulatorServer2.ModbusSlave.Write(Dictionary`2 data, Byte slaveId) in /Users/songyinpei/jobs/IEC61850-simulatorServer2/Protocol/ModbusSlave.cs:line 199 

2025-12-30 17:15:25,063 [10] WARN  IEC61850_simulatorServer2.ModbusSlave [199] - Scale apply failed for param4: System.InvalidCastException: Unable to cast object of type 'System.Int32' to type 'System.Single'.
   at IEC61850_simulatorServer2.ModbusSlave.Write(Dictionary`2 data, Byte slaveId) in /Users/songyinpei/jobs/IEC61850-simulatorServer2/Protocol/ModbusSlave.cs:line 199 

2025-12-30 17:15:25,065 [10] WARN  IEC61850_simulatorServer2.ModbusSlave [199] - Scale apply failed for param8: System.InvalidCastException: Unable to cast object of type 'System.Int32' to type 'System.Single'.
   at IEC61850_simulatorServer2.ModbusSlave.Write(Dictionary`2 data, Byte slaveId) in /Users/songyinpei/jobs/IEC61850-simulatorServer2/Protocol/ModbusSlave.cs:line 199 

2025-12-30 17:15:25,067 [10] WARN  IEC61850_simulatorServer2.ModbusSlave [199] - Scale apply failed for param9: System.InvalidCastException: Unable to cast object of type 'System.Int32' to type 'System.Single'.
   at IEC61850_simulatorServer2.ModbusSlave.Write(Dictionary`2 data, Byte slaveId) in /Users/songyinpei/jobs/IEC61850-simulatorServer2/Protocol/ModbusSlave.cs:line 199 

2025-12-30 17:15:25,094 [10] WARN  IEC61850_simulatorServer2.ModbusSlave [199] - Scale apply failed for param10: System.InvalidCastException: Unable to cast object of type 'System.Int32' to type 'System.Single'.
   at IEC61850_simulatorServer2.ModbusSlave.Write(Dictionary`2 data, Byte slaveId) in /Users/songyinpei/jobs/IEC61850-simulatorServer2/Protocol/ModbusSlave.cs:line 199 

2025-12-30 17:15:25,096 [10] WARN  IEC61850_simulatorServer2.ModbusSlave [199] - Scale apply failed for param15: System.InvalidCastException: Unable to cast object of type 'System.Int32' to type 'System.Single'.
   at IEC61850_simulatorServer2.ModbusSlave.Write(Dictionary`2 data, Byte slaveId) in /Users/songyinpei/jobs/IEC61850-simulatorServer2/Protocol/ModbusSlave.cs:line 199 

2025-12-30 17:15:25,098 [10] WARN  IEC61850_simulatorServer2.ModbusSlave [199] - Scale apply failed for param16: System.InvalidCastException: Unable to cast object of type 'System.Int32' to type 'System.Single'.
   at IEC61850_simulatorServer2.ModbusSlave.Write(Dictionary`2 data, Byte slaveId) in /Users/songyinpei/jobs/IEC61850-simulatorServer2/Protocol/ModbusSlave.cs:line 199 

2025-12-30 17:15:25,100 [10] WARN  IEC61850_simulatorServer2.ModbusSlave [199] - Scale apply failed for param17: System.InvalidCastException: Unable to cast object of type 'System.Int32' to type 'System.Single'.
   at IEC61850_simulatorServer2.ModbusSlave.Write(Dictionary`2 data, Byte slaveId) in /Users/songyinpei/jobs/IEC61850-simulatorServer2/Protocol/ModbusSlave.cs:line 199 

2025-12-30 17:15:25,102 [10] WARN  IEC61850_simulatorServer2.ModbusSlave [199] - Scale apply failed for param18: System.InvalidCastException: Unable to cast object of type 'System.Int32' to type 'System.Single'.
   at IEC61850_simulatorServer2.ModbusSlave.Write(Dictionary`2 data, Byte slaveId) in /Users/songyinpei/jobs/IEC61850-simulatorServer2/Protocol/ModbusSlave.cs:line 199 

2025-12-30 17:15:25,103 [10] WARN  IEC61850_simulatorServer2.ModbusSlave [199] - Scale apply failed for param19: System.InvalidCastException: Unable to cast object of type 'System.Int32' to type 'System.Single'.
   at IEC61850_simulatorServer2.ModbusSlave.Write(Dictionary`2 data, Byte slaveId) in /Users/songyinpei/jobs/IEC61850-simulatorServer2/Protocol/ModbusSlave.cs:line 199 

2025-12-30 17:15:25,105 [10] WARN  IEC61850_simulatorServer2.ModbusSlave [199] - Scale apply failed for param20: System.InvalidCastException: Unable to cast object of type 'System.Int32' to type 'System.Single'.
   at IEC61850_simulatorServer2.ModbusSlave.Write(Dictionary`2 data, Byte slaveId) in /Users/songyinpei/jobs/IEC61850-simulatorServer2/Protocol/ModbusSlave.cs:line 199 

2025-12-30 17:15:25,107 [10] WARN  IEC61850_simulatorServer2.ModbusSlave [199] - Scale apply failed for param21: System.InvalidCastException: Unable to cast object of type 'System.Int32' to type 'System.Single'.
   at IEC61850_simulatorServer2.ModbusSlave.Write(Dictionary`2 data, Byte slaveId) in /Users/songyinpei/jobs/IEC61850-simulatorServer2/Protocol/ModbusSlave.cs:line 199 

2025-12-30 17:15:25,109 [10] WARN  IEC61850_simulatorServer2.ModbusSlave [199] - Scale apply failed for param31: System.InvalidCastException: Unable to cast object of type 'System.Int32' to type 'System.Single'.
   at IEC61850_simulatorServer2.ModbusSlave.Write(Dictionary`2 data, Byte slaveId) in /Users/songyinpei/jobs/IEC61850-simulatorServer2/Protocol/ModbusSlave.cs:line 199 

2025-12-30 17:15:25,111 [10] WARN  IEC61850_simulatorServer2.ModbusSlave [199] - Scale apply failed for param32: System.InvalidCastException: Unable to cast object of type 'System.Int32' to type 'System.Single'.
   at IEC61850_simulatorServer2.ModbusSlave.Write(Dictionary`2 data, Byte slaveId) in /Users/songyinpei/jobs/IEC61850-simulatorServer2/Protocol/ModbusSlave.cs:line 199 

2025-12-30 17:15:25,113 [10] WARN  IEC61850_simulatorServer2.ModbusSlave [199] - Scale apply failed for param33: System.InvalidCastException: Unable to cast object of type 'System.Int32' to type 'System.Single'.
   at IEC61850_simulatorServer2.ModbusSlave.Write(Dictionary`2 data, Byte slaveId) in /Users/songyinpei/jobs/IEC61850-simulatorServer2/Protocol/ModbusSlave.cs:line 199 

2025-12-30 17:15:25,117 [10] WARN  IEC61850_simulatorServer2.ModbusSlave [199] - Scale apply failed for param34: System.InvalidCastException: Unable to cast object of type 'System.Int32' to type 'System.Single'.
   at IEC61850_simulatorServer2.ModbusSlave.Write(Dictionary`2 data, Byte slaveId) in /Users/songyinpei/jobs/IEC61850-simulatorServer2/Protocol/ModbusSlave.cs:line 199 

2025-12-30 17:15:25,119 [10] WARN  IEC61850_simulatorServer2.ModbusSlave [199] - Scale apply failed for param35: System.InvalidCastException: Unable to cast object of type 'System.Int32' to type 'System.Single'.
   at IEC61850_simulatorServer2.ModbusSlave.Write(Dictionary`2 data, Byte slaveId) in /Users/songyinpei/jobs/IEC61850-simulatorServer2/Protocol/ModbusSlave.cs:line 199 

2025-12-30 17:15:25,121 [10] WARN  IEC61850_simulatorServer2.ModbusSlave [199] - Scale apply failed for param36: System.InvalidCastException: Unable to cast object of type 'System.Int32' to type 'System.Single'.
   at IEC61850_simulatorServer2.ModbusSlave.Write(Dictionary`2 data, Byte slaveId) in /Users/songyinpei/jobs/IEC61850-simulatorServer2/Protocol/ModbusSlave.cs:line 199 

2025-12-30 17:15:25,122 [10] WARN  IEC61850_simulatorServer2.ModbusSlave [199] - Scale apply failed for param37: System.InvalidCastException: Unable to cast object of type 'System.Int32' to type 'System.Single'.
   at IEC61850_simulatorServer2.ModbusSlave.Write(Dictionary`2 data, Byte slaveId) in /Users/songyinpei/jobs/IEC61850-simulatorServer2/Protocol/ModbusSlave.cs:line 199 

2025-12-30 17:15:25,124 [10] WARN  IEC61850_simulatorServer2.ModbusSlave [199] - Scale apply failed for param39: System.InvalidCastException: Unable to cast object of type 'System.Int32' to type 'System.Single'.
   at IEC61850_simulatorServer2.ModbusSlave.Write(Dictionary`2 data, Byte slaveId) in /Users/songyinpei/jobs/IEC61850-simulatorServer2/Protocol/ModbusSlave.cs:line 199 

2025-12-30 17:15:25,126 [10] WARN  IEC61850_simulatorServer2.ModbusSlave [199] - Scale apply failed for param38: System.InvalidCastException: Unable to cast object of type 'System.Int32' to type 'System.Single'.
   at IEC61850_simulatorServer2.ModbusSlave.Write(Dictionary`2 data, Byte slaveId) in /Users/songyinpei/jobs/IEC61850-simulatorServer2/Protocol/ModbusSlave.cs:line 199 

2025-12-30 17:15:25,128 [10] WARN  IEC61850_simulatorServer2.ModbusSlave [199] - Scale apply failed for param40: System.InvalidCastException: Unable to cast object of type 'System.Int32' to type 'System.Single'.
   at IEC61850_simulatorServer2.ModbusSlave.Write(Dictionary`2 data, Byte slaveId) in /Users/songyinpei/jobs/IEC61850-simulatorServer2/Protocol/ModbusSlave.cs:line 199 

2025-12-30 17:15:25,176 [10] WARN  IEC61850_simulatorServer2.ModbusSlave [199] - Scale apply failed for param41: System.InvalidCastException: Unable to cast object of type 'System.Int32' to type 'System.Single'.
   at IEC61850_simulatorServer2.ModbusSlave.Write(Dictionary`2 data, Byte slaveId) in /Users/songyinpei/jobs/IEC61850-simulatorServer2/Protocol/ModbusSlave.cs:line 199 

2025-12-30 17:15:25,178 [10] WARN  IEC61850_simulatorServer2.ModbusSlave [199] - Scale apply failed for param42: System.InvalidCastException: Unable to cast object of type 'System.Int32' to type 'System.Single'.
   at IEC61850_simulatorServer2.ModbusSlave.Write(Dictionary`2 data, Byte slaveId) in /Users/songyinpei/jobs/IEC61850-simulatorServer2/Protocol/ModbusSlave.cs:line 199 

2025-12-30 17:15:25,206 [10] WARN  IEC61850_simulatorServer2.ModbusSlave [199] - Scale apply failed for param43: System.InvalidCastException: Unable to cast object of type 'System.Int32' to type 'System.Single'.
   at IEC61850_simulatorServer2.ModbusSlave.Write(Dictionary`2 data, Byte slaveId) in /Users/songyinpei/jobs/IEC61850-simulatorServer2/Protocol/ModbusSlave.cs:line 199 

2025-12-30 17:15:25,234 [10] WARN  IEC61850_simulatorServer2.ModbusSlave [199] - Scale apply failed for param44: System.InvalidCastException: Unable to cast object of type 'System.Int32' to type 'System.Single'.
   at IEC61850_simulatorServer2.ModbusSlave.Write(Dictionary`2 data, Byte slaveId) in /Users/songyinpei/jobs/IEC61850-simulatorServer2/Protocol/ModbusSlave.cs:line 199 

2025-12-30 17:15:25,286 [10] WARN  IEC61850_simulatorServer2.ModbusSlave [199] - Scale apply failed for param45: System.InvalidCastException: Unable to cast object of type 'System.Int32' to type 'System.Single'.
   at IEC61850_simulatorServer2.ModbusSlave.Write(Dictionary`2 data, Byte slaveId) in /Users/songyinpei/jobs/IEC61850-simulatorServer2/Protocol/ModbusSlave.cs:line 199 

2025-12-30 17:15:25,312 [10] WARN  IEC61850_simulatorServer2.ModbusSlave [199] - Scale apply failed for param46: System.InvalidCastException: Unable to cast object of type 'System.Int32' to type 'System.Single'.
   at IEC61850_simulatorServer2.ModbusSlave.Write(Dictionary`2 data, Byte slaveId) in /Users/songyinpei/jobs/IEC61850-simulatorServer2/Protocol/ModbusSlave.cs:line 199 

2025-12-30 17:15:25,337 [10] WARN  IEC61850_simulatorServer2.ModbusSlave [199] - Scale apply failed for param47: System.InvalidCastException: Unable to cast object of type 'System.Int32' to type 'System.Single'.
   at IEC61850_simulatorServer2.ModbusSlave.Write(Dictionary`2 data, Byte slaveId) in /Users/songyinpei/jobs/IEC61850-simulatorServer2/Protocol/ModbusSlave.cs:line 199 

2025-12-30 17:15:25,363 [10] WARN  IEC61850_simulatorServer2.ModbusSlave [199] - Scale apply failed for param49: System.InvalidCastException: Unable to cast object of type 'System.Int32' to type 'System.Single'.
   at IEC61850_simulatorServer2.ModbusSlave.Write(Dictionary`2 data, Byte slaveId) in /Users/songyinpei/jobs/IEC61850-simulatorServer2/Protocol/ModbusSlave.cs:line 199 

2025-12-30 17:15:25,410 [10] WARN  IEC61850_simulatorServer2.ModbusSlave [199] - Scale apply failed for param48: System.InvalidCastException: Unable to cast object of type 'System.Int32' to type 'System.Single'.
   at IEC61850_simulatorServer2.ModbusSlave.Write(Dictionary`2 data, Byte slaveId) in /Users/songyinpei/jobs/IEC61850-simulatorServer2/Protocol/ModbusSlave.cs:line 199 

2025-12-30 17:15:26,263 [12] WARN  IEC61850_simulatorServer2.ModbusSlave [199] - Scale apply failed for yc6: System.InvalidCastException: Unable to cast object of type 'System.Int32' to type 'System.Single'.
   at IEC61850_simulatorServer2.ModbusSlave.Write(Dictionary`2 data, Byte slaveId) in /Users/songyinpei/jobs/IEC61850-simulatorServer2/Protocol/ModbusSlave.cs:line 199 

2025-12-30 17:15:26,315 [12] WARN  IEC61850_simulatorServer2.ModbusSlave [199] - Scale apply failed for yc7: System.InvalidCastException: Unable to cast object of type 'System.Int32' to type 'System.Single'.
   at IEC61850_simulatorServer2.ModbusSlave.Write(Dictionary`2 data, Byte slaveId) in /Users/songyinpei/jobs/IEC61850-simulatorServer2/Protocol/ModbusSlave.cs:line 199 

2025-12-30 17:15:26,338 [12] WARN  IEC61850_simulatorServer2.ModbusSlave [199] - Scale apply failed for yc8: System.InvalidCastException: Unable to cast object of type 'System.Int32' to type 'System.Single'.
   at IEC61850_simulatorServer2.ModbusSlave.Write(Dictionary`2 data, Byte slaveId) in /Users/songyinpei/jobs/IEC61850-simulatorServer2/Protocol/ModbusSlave.cs:line 199 

2025-12-30 17:15:26,340 [12] WARN  IEC61850_simulatorServer2.ModbusSlave [199] - Scale apply failed for yc9: System.InvalidCastException: Unable to cast object of type 'System.Int32' to type 'System.Single'.
   at IEC61850_simulatorServer2.ModbusSlave.Write(Dictionary`2 data, Byte slaveId) in /Users/songyinpei/jobs/IEC61850-simulatorServer2/Protocol/ModbusSlave.cs:line 199 

2025-12-30 17:15:26,342 [12] WARN  IEC61850_simulatorServer2.ModbusSlave [199] - Scale apply failed for yc10: System.InvalidCastException: Unable to cast object of type 'System.Int32' to type 'System.Single'.
   at IEC61850_simulatorServer2.ModbusSlave.Write(Dictionary`2 data, Byte slaveId) in /Users/songyinpei/jobs/IEC61850-simulatorServer2/Protocol/ModbusSlave.cs:line 199 

2025-12-30 17:15:26,372 [12] WARN  IEC61850_simulatorServer2.ModbusSlave [199] - Scale apply failed for yc11: System.InvalidCastException: Unable to cast object of type 'System.Int32' to type 'System.Single'.
   at IEC61850_simulatorServer2.ModbusSlave.Write(Dictionary`2 data, Byte slaveId) in /Users/songyinpei/jobs/IEC61850-simulatorServer2/Protocol/ModbusSlave.cs:line 199 

2025-12-30 17:15:26,397 [12] WARN  IEC61850_simulatorServer2.ModbusSlave [199] - Scale apply failed for yc12: System.InvalidCastException: Unable to cast object of type 'System.Int32' to type 'System.Single'.
   at IEC61850_simulatorServer2.ModbusSlave.Write(Dictionary`2 data, Byte slaveId) in /Users/songyinpei/jobs/IEC61850-simulatorServer2/Protocol/ModbusSlave.cs:line 199 

2025-12-30 17:15:26,425 [12] WARN  IEC61850_simulatorServer2.ModbusSlave [199] - Scale apply failed for yc20: System.InvalidCastException: Unable to cast object of type 'System.Int32' to type 'System.Single'.
   at IEC61850_simulatorServer2.ModbusSlave.Write(Dictionary`2 data, Byte slaveId) in /Users/songyinpei/jobs/IEC61850-simulatorServer2/Protocol/ModbusSlave.cs:line 199 

2025-12-30 17:15:26,475 [12] WARN  IEC61850_simulatorServer2.ModbusSlave [199] - Scale apply failed for yc21: System.InvalidCastException: Unable to cast object of type 'System.Int32' to type 'System.Single'.
   at IEC61850_simulatorServer2.ModbusSlave.Write(Dictionary`2 data, Byte slaveId) in /Users/songyinpei/jobs/IEC61850-simulatorServer2/Protocol/ModbusSlave.cs:line 199 

2025-12-30 17:15:26,503 [12] WARN  IEC61850_simulatorServer2.ModbusSlave [199] - Scale apply failed for yc22: System.InvalidCastException: Unable to cast object of type 'System.Int32' to type 'System.Single'.
   at IEC61850_simulatorServer2.ModbusSlave.Write(Dictionary`2 data, Byte slaveId) in /Users/songyinpei/jobs/IEC61850-simulatorServer2/Protocol/ModbusSlave.cs:line 199 

2025-12-30 17:15:26,507 [12] WARN  IEC61850_simulatorServer2.ModbusSlave [199] - Scale apply failed for yc23: System.InvalidCastException: Unable to cast object of type 'System.Int32' to type 'System.Single'.
   at IEC61850_simulatorServer2.ModbusSlave.Write(Dictionary`2 data, Byte slaveId) in /Users/songyinpei/jobs/IEC61850-simulatorServer2/Protocol/ModbusSlave.cs:line 199 

2025-12-30 17:15:26,530 [12] WARN  IEC61850_simulatorServer2.ModbusSlave [199] - Scale apply failed for yc24: System.InvalidCastException: Unable to cast object of type 'System.Int32' to type 'System.Single'.
   at IEC61850_simulatorServer2.ModbusSlave.Write(Dictionary`2 data, Byte slaveId) in /Users/songyinpei/jobs/IEC61850-simulatorServer2/Protocol/ModbusSlave.cs:line 199 

2025-12-30 17:15:26,583 [12] WARN  IEC61850_simulatorServer2.ModbusSlave [199] - Scale apply failed for yc25: System.InvalidCastException: Unable to cast object of type 'System.Int32' to type 'System.Single'.
   at IEC61850_simulatorServer2.ModbusSlave.Write(Dictionary`2 data, Byte slaveId) in /Users/songyinpei/jobs/IEC61850-simulatorServer2/Protocol/ModbusSlave.cs:line 199 

2025-12-30 17:15:26,611 [12] WARN  IEC61850_simulatorServer2.ModbusSlave [199] - Scale apply failed for yc26: System.InvalidCastException: Unable to cast object of type 'System.Int32' to type 'System.Single'.
   at IEC61850_simulatorServer2.ModbusSlave.Write(Dictionary`2 data, Byte slaveId) in /Users/songyinpei/jobs/IEC61850-simulatorServer2/Protocol/ModbusSlave.cs:line 199 

2025-12-30 17:15:26,615 [12] WARN  IEC61850_simulatorServer2.ModbusSlave [199] - Scale apply failed for yc27: System.InvalidCastException: Unable to cast object of type 'System.Int32' to type 'System.Single'.
   at IEC61850_simulatorServer2.ModbusSlave.Write(Dictionary`2 data, Byte slaveId) in /Users/songyinpei/jobs/IEC61850-simulatorServer2/Protocol/ModbusSlave.cs:line 199 

2025-12-30 17:15:26,621 [12] WARN  IEC61850_simulatorServer2.ModbusSlave [199] - Scale apply failed for yc28: System.InvalidCastException: Unable to cast object of type 'System.Int32' to type 'System.Single'.
   at IEC61850_simulatorServer2.ModbusSlave.Write(Dictionary`2 data, Byte slaveId) in /Users/songyinpei/jobs/IEC61850-simulatorServer2/Protocol/ModbusSlave.cs:line 199 

2025-12-30 17:15:26,647 [12] WARN  IEC61850_simulatorServer2.ModbusSlave [199] - Scale apply failed for yc29: System.InvalidCastException: Unable to cast object of type 'System.Int32' to type 'System.Single'.
   at IEC61850_simulatorServer2.ModbusSlave.Write(Dictionary`2 data, Byte slaveId) in /Users/songyinpei/jobs/IEC61850-simulatorServer2/Protocol/ModbusSlave.cs:line 199 

2025-12-30 17:15:26,700 [12] WARN  IEC61850_simulatorServer2.ModbusSlave [199] - Scale apply failed for yc30: System.InvalidCastException: Unable to cast object of type 'System.Int32' to type 'System.Single'.
   at IEC61850_simulatorServer2.ModbusSlave.Write(Dictionary`2 data, Byte slaveId) in /Users/songyinpei/jobs/IEC61850-simulatorServer2/Protocol/ModbusSlave.cs:line 199 

2025-12-30 17:15:26,753 [12] WARN  IEC61850_simulatorServer2.ModbusSlave [199] - Scale apply failed for yc31: System.InvalidCastException: Unable to cast object of type 'System.Int32' to type 'System.Single'.
   at IEC61850_simulatorServer2.ModbusSlave.Write(Dictionary`2 data, Byte slaveId) in /Users/songyinpei/jobs/IEC61850-simulatorServer2/Protocol/ModbusSlave.cs:line 199 

2025-12-30 17:15:26,779 [12] WARN  IEC61850_simulatorServer2.ModbusSlave [199] - Scale apply failed for yc32: System.InvalidCastException: Unable to cast object of type 'System.Int32' to type 'System.Single'.
   at IEC61850_simulatorServer2.ModbusSlave.Write(Dictionary`2 data, Byte slaveId) in /Users/songyinpei/jobs/IEC61850-simulatorServer2/Protocol/ModbusSlave.cs:line 199 

2025-12-30 17:15:26,836 [12] WARN  IEC61850_simulatorServer2.ModbusSlave [199] - Scale apply failed for yc34: System.InvalidCastException: Unable to cast object of type 'System.Int32' to type 'System.Single'.
   at IEC61850_simulatorServer2.ModbusSlave.Write(Dictionary`2 data, Byte slaveId) in /Users/songyinpei/jobs/IEC61850-simulatorServer2/Protocol/ModbusSlave.cs:line 199 

2025-12-30 17:15:26,850 [12] WARN  IEC61850_simulatorServer2.ModbusSlave [199] - Scale apply failed for yc35: System.InvalidCastException: Unable to cast object of type 'System.Int32' to type 'System.Single'.
   at IEC61850_simulatorServer2.ModbusSlave.Write(Dictionary`2 data, Byte slaveId) in /Users/songyinpei/jobs/IEC61850-simulatorServer2/Protocol/ModbusSlave.cs:line 199 

2025-12-30 17:15:26,880 [12] WARN  IEC61850_simulatorServer2.ModbusSlave [199] - Scale apply failed for yc33: System.InvalidCastException: Unable to cast object of type 'System.Int32' to type 'System.Single'.
   at IEC61850_simulatorServer2.ModbusSlave.Write(Dictionary`2 data, Byte slaveId) in /Users/songyinpei/jobs/IEC61850-simulatorServer2/Protocol/ModbusSlave.cs:line 199 

2025-12-30 17:15:26,909 [12] WARN  IEC61850_simulatorServer2.ModbusSlave [199] - Scale apply failed for yc36: System.InvalidCastException: Unable to cast object of type 'System.Int32' to type 'System.Single'.
   at IEC61850_simulatorServer2.ModbusSlave.Write(Dictionary`2 data, Byte slaveId) in /Users/songyinpei/jobs/IEC61850-simulatorServer2/Protocol/ModbusSlave.cs:line 199 

2025-12-30 17:15:26,913 [12] WARN  IEC61850_simulatorServer2.ModbusSlave [199] - Scale apply failed for yc37: System.InvalidCastException: Unable to cast object of type 'System.Int32' to type 'System.Single'.
   at IEC61850_simulatorServer2.ModbusSlave.Write(Dictionary`2 data, Byte slaveId) in /Users/songyinpei/jobs/IEC61850-simulatorServer2/Protocol/ModbusSlave.cs:line 199 

2025-12-30 17:15:26,936 [12] WARN  IEC61850_simulatorServer2.ModbusSlave [199] - Scale apply failed for yc43: System.InvalidCastException: Unable to cast object of type 'System.Int32' to type 'System.Single'.
   at IEC61850_simulatorServer2.ModbusSlave.Write(Dictionary`2 data, Byte slaveId) in /Users/songyinpei/jobs/IEC61850-simulatorServer2/Protocol/ModbusSlave.cs:line 199 

2025-12-30 17:15:26,987 [12] WARN  IEC61850_simulatorServer2.ModbusSlave [199] - Scale apply failed for yc53: System.InvalidCastException: Unable to cast object of type 'System.Int32' to type 'System.Single'.
   at IEC61850_simulatorServer2.ModbusSlave.Write(Dictionary`2 data, Byte slaveId) in /Users/songyinpei/jobs/IEC61850-simulatorServer2/Protocol/ModbusSlave.cs:line 199 

2025-12-30 17:15:26,990 [12] WARN  IEC61850_simulatorServer2.ModbusSlave [199] - Scale apply failed for yc45: System.InvalidCastException: Unable to cast object of type 'System.Int32' to type 'System.Single'.
   at IEC61850_simulatorServer2.ModbusSlave.Write(Dictionary`2 data, Byte slaveId) in /Users/songyinpei/jobs/IEC61850-simulatorServer2/Protocol/ModbusSlave.cs:line 199 

2025-12-30 17:15:27,391 [15] WARN  IEC61850_simulatorServer2.ModbusSlave [199] - Scale apply failed for param2: System.InvalidCastException: Unable to cast object of type 'System.Int32' to type 'System.Single'.
   at IEC61850_simulatorServer2.ModbusSlave.Write(Dictionary`2 data, Byte slaveId) in /Users/songyinpei/jobs/IEC61850-simulatorServer2/Protocol/ModbusSlave.cs:line 199 

2025-12-30 17:15:27,414 [15] WARN  IEC61850_simulatorServer2.ModbusSlave [199] - Scale apply failed for param3: System.InvalidCastException: Unable to cast object of type 'System.Int32' to type 'System.Single'.
   at IEC61850_simulatorServer2.ModbusSlave.Write(Dictionary`2 data, Byte slaveId) in /Users/songyinpei/jobs/IEC61850-simulatorServer2/Protocol/ModbusSlave.cs:line 199 

2025-12-30 17:15:27,416 [15] WARN  IEC61850_simulatorServer2.ModbusSlave [199] - Scale apply failed for param4: System.InvalidCastException: Unable to cast object of type 'System.Int32' to type 'System.Single'.
   at IEC61850_simulatorServer2.ModbusSlave.Write(Dictionary`2 data, Byte slaveId) in /Users/songyinpei/jobs/IEC61850-simulatorServer2/Protocol/ModbusSlave.cs:line 199 

2025-12-30 17:15:27,419 [15] WARN  IEC61850_simulatorServer2.ModbusSlave [199] - Scale apply failed for param8: System.InvalidCastException: Unable to cast object of type 'System.Int32' to type 'System.Single'.
   at IEC61850_simulatorServer2.ModbusSlave.Write(Dictionary`2 data, Byte slaveId) in /Users/songyinpei/jobs/IEC61850-simulatorServer2/Protocol/ModbusSlave.cs:line 199 

2025-12-30 17:15:27,421 [15] WARN  IEC61850_simulatorServer2.ModbusSlave [199] - Scale apply failed for param9: System.InvalidCastException: Unable to cast object of type 'System.Int32' to type 'System.Single'.
   at IEC61850_simulatorServer2.ModbusSlave.Write(Dictionary`2 data, Byte slaveId) in /Users/songyinpei/jobs/IEC61850-simulatorServer2/Protocol/ModbusSlave.cs:line 199 

2025-12-30 17:15:27,423 [15] WARN  IEC61850_simulatorServer2.ModbusSlave [199] - Scale apply failed for param10: System.InvalidCastException: Unable to cast object of type 'System.Int32' to type 'System.Single'.
   at IEC61850_simulatorServer2.ModbusSlave.Write(Dictionary`2 data, Byte slaveId) in /Users/songyinpei/jobs/IEC61850-simulatorServer2/Protocol/ModbusSlave.cs:line 199 

2025-12-30 17:15:27,447 [15] WARN  IEC61850_simulatorServer2.ModbusSlave [199] - Scale apply failed for param15: System.InvalidCastException: Unable to cast object of type 'System.Int32' to type 'System.Single'.
   at IEC61850_simulatorServer2.ModbusSlave.Write(Dictionary`2 data, Byte slaveId) in /Users/songyinpei/jobs/IEC61850-simulatorServer2/Protocol/ModbusSlave.cs:line 199 

2025-12-30 17:15:27,495 [15] WARN  IEC61850_simulatorServer2.ModbusSlave [199] - Scale apply failed for param16: System.InvalidCastException: Unable to cast object of type 'System.Int32' to type 'System.Single'.
   at IEC61850_simulatorServer2.ModbusSlave.Write(Dictionary`2 data, Byte slaveId) in /Users/songyinpei/jobs/IEC61850-simulatorServer2/Protocol/ModbusSlave.cs:line 199 

2025-12-30 17:15:27,523 [15] WARN  IEC61850_simulatorServer2.ModbusSlave [199] - Scale apply failed for param17: System.InvalidCastException: Unable to cast object of type 'System.Int32' to type 'System.Single'.
   at IEC61850_simulatorServer2.ModbusSlave.Write(Dictionary`2 data, Byte slaveId) in /Users/songyinpei/jobs/IEC61850-simulatorServer2/Protocol/ModbusSlave.cs:line 199 

2025-12-30 17:15:27,546 [15] WARN  IEC61850_simulatorServer2.ModbusSlave [199] - Scale apply failed for param18: System.InvalidCastException: Unable to cast object of type 'System.Int32' to type 'System.Single'.
   at IEC61850_simulatorServer2.ModbusSlave.Write(Dictionary`2 data, Byte slaveId) in /Users/songyinpei/jobs/IEC61850-simulatorServer2/Protocol/ModbusSlave.cs:line 199 

2025-12-30 17:15:27,551 [15] WARN  IEC61850_simulatorServer2.ModbusSlave [199] - Scale apply failed for param19: System.InvalidCastException: Unable to cast object of type 'System.Int32' to type 'System.Single'.
   at IEC61850_simulatorServer2.ModbusSlave.Write(Dictionary`2 data, Byte slaveId) in /Users/songyinpei/jobs/IEC61850-simulatorServer2/Protocol/ModbusSlave.cs:line 199 

2025-12-30 17:15:27,599 [15] WARN  IEC61850_simulatorServer2.ModbusSlave [199] - Scale apply failed for param20: System.InvalidCastException: Unable to cast object of type 'System.Int32' to type 'System.Single'.
   at IEC61850_simulatorServer2.ModbusSlave.Write(Dictionary`2 data, Byte slaveId) in /Users/songyinpei/jobs/IEC61850-simulatorServer2/Protocol/ModbusSlave.cs:line 199 

2025-12-30 17:15:27,625 [15] WARN  IEC61850_simulatorServer2.ModbusSlave [199] - Scale apply failed for param21: System.InvalidCastException: Unable to cast object of type 'System.Int32' to type 'System.Single'.
   at IEC61850_simulatorServer2.ModbusSlave.Write(Dictionary`2 data, Byte slaveId) in /Users/songyinpei/jobs/IEC61850-simulatorServer2/Protocol/ModbusSlave.cs:line 199 

2025-12-30 17:15:27,628 [15] WARN  IEC61850_simulatorServer2.ModbusSlave [199] - Scale apply failed for param31: System.InvalidCastException: Unable to cast object of type 'System.Int32' to type 'System.Single'.
   at IEC61850_simulatorServer2.ModbusSlave.Write(Dictionary`2 data, Byte slaveId) in /Users/songyinpei/jobs/IEC61850-simulatorServer2/Protocol/ModbusSlave.cs:line 199 

2025-12-30 17:15:27,680 [15] WARN  IEC61850_simulatorServer2.ModbusSlave [199] - Scale apply failed for param32: System.InvalidCastException: Unable to cast object of type 'System.Int32' to type 'System.Single'.
   at IEC61850_simulatorServer2.ModbusSlave.Write(Dictionary`2 data, Byte slaveId) in /Users/songyinpei/jobs/IEC61850-simulatorServer2/Protocol/ModbusSlave.cs:line 199 

2025-12-30 17:15:27,707 [15] WARN  IEC61850_simulatorServer2.ModbusSlave [199] - Scale apply failed for param33: System.InvalidCastException: Unable to cast object of type 'System.Int32' to type 'System.Single'.
   at IEC61850_simulatorServer2.ModbusSlave.Write(Dictionary`2 data, Byte slaveId) in /Users/songyinpei/jobs/IEC61850-simulatorServer2/Protocol/ModbusSlave.cs:line 199 

2025-12-30 17:15:27,711 [15] WARN  IEC61850_simulatorServer2.ModbusSlave [199] - Scale apply failed for param34: System.InvalidCastException: Unable to cast object of type 'System.Int32' to type 'System.Single'.
   at IEC61850_simulatorServer2.ModbusSlave.Write(Dictionary`2 data, Byte slaveId) in /Users/songyinpei/jobs/IEC61850-simulatorServer2/Protocol/ModbusSlave.cs:line 199 

2025-12-30 17:15:27,739 [15] WARN  IEC61850_simulatorServer2.ModbusSlave [199] - Scale apply failed for param35: System.InvalidCastException: Unable to cast object of type 'System.Int32' to type 'System.Single'.
   at IEC61850_simulatorServer2.ModbusSlave.Write(Dictionary`2 data, Byte slaveId) in /Users/songyinpei/jobs/IEC61850-simulatorServer2/Protocol/ModbusSlave.cs:line 199 

2025-12-30 17:15:27,768 [15] WARN  IEC61850_simulatorServer2.ModbusSlave [199] - Scale apply failed for param36: System.InvalidCastException: Unable to cast object of type 'System.Int32' to type 'System.Single'.
   at IEC61850_simulatorServer2.ModbusSlave.Write(Dictionary`2 data, Byte slaveId) in /Users/songyinpei/jobs/IEC61850-simulatorServer2/Protocol/ModbusSlave.cs:line 199 

2025-12-30 17:15:27,822 [15] WARN  IEC61850_simulatorServer2.ModbusSlave [199] - Scale apply failed for param37: System.InvalidCastException: Unable to cast object of type 'System.Int32' to type 'System.Single'.
   at IEC61850_simulatorServer2.ModbusSlave.Write(Dictionary`2 data, Byte slaveId) in /Users/songyinpei/jobs/IEC61850-simulatorServer2/Protocol/ModbusSlave.cs:line 199 

2025-12-30 17:15:27,849 [15] WARN  IEC61850_simulatorServer2.ModbusSlave [199] - Scale apply failed for param38: System.InvalidCastException: Unable to cast object of type 'System.Int32' to type 'System.Single'.
   at IEC61850_simulatorServer2.ModbusSlave.Write(Dictionary`2 data, Byte slaveId) in /Users/songyinpei/jobs/IEC61850-simulatorServer2/Protocol/ModbusSlave.cs:line 199 

2025-12-30 17:15:27,878 [15] WARN  IEC61850_simulatorServer2.ModbusSlave [199] - Scale apply failed for param39: System.InvalidCastException: Unable to cast object of type 'System.Int32' to type 'System.Single'.
   at IEC61850_simulatorServer2.ModbusSlave.Write(Dictionary`2 data, Byte slaveId) in /Users/songyinpei/jobs/IEC61850-simulatorServer2/Protocol/ModbusSlave.cs:line 199 

2025-12-30 17:15:27,907 [15] WARN  IEC61850_simulatorServer2.ModbusSlave [199] - Scale apply failed for param40: System.InvalidCastException: Unable to cast object of type 'System.Int32' to type 'System.Single'.
   at IEC61850_simulatorServer2.ModbusSlave.Write(Dictionary`2 data, Byte slaveId) in /Users/songyinpei/jobs/IEC61850-simulatorServer2/Protocol/ModbusSlave.cs:line 199 

2025-12-30 17:15:27,957 [15] WARN  IEC61850_simulatorServer2.ModbusSlave [199] - Scale apply failed for param41: System.InvalidCastException: Unable to cast object of type 'System.Int32' to type 'System.Single'.
   at IEC61850_simulatorServer2.ModbusSlave.Write(Dictionary`2 data, Byte slaveId) in /Users/songyinpei/jobs/IEC61850-simulatorServer2/Protocol/ModbusSlave.cs:line 199 

2025-12-30 17:15:27,987 [15] WARN  IEC61850_simulatorServer2.ModbusSlave [199] - Scale apply failed for param42: System.InvalidCastException: Unable to cast object of type 'System.Int32' to type 'System.Single'.
   at IEC61850_simulatorServer2.ModbusSlave.Write(Dictionary`2 data, Byte slaveId) in /Users/songyinpei/jobs/IEC61850-simulatorServer2/Protocol/ModbusSlave.cs:line 199 

2025-12-30 17:15:28,014 [15] WARN  IEC61850_simulatorServer2.ModbusSlave [199] - Scale apply failed for param43: System.InvalidCastException: Unable to cast object of type 'System.Int32' to type 'System.Single'.
   at IEC61850_simulatorServer2.ModbusSlave.Write(Dictionary`2 data, Byte slaveId) in /Users/songyinpei/jobs/IEC61850-simulatorServer2/Protocol/ModbusSlave.cs:line 199 

2025-12-30 17:15:28,063 [15] WARN  IEC61850_simulatorServer2.ModbusSlave [199] - Scale apply failed for param44: System.InvalidCastException: Unable to cast object of type 'System.Int32' to type 'System.Single'.
   at IEC61850_simulatorServer2.ModbusSlave.Write(Dictionary`2 data, Byte slaveId) in /Users/songyinpei/jobs/IEC61850-simulatorServer2/Protocol/ModbusSlave.cs:line 199 

2025-12-30 17:15:28,068 [15] WARN  IEC61850_simulatorServer2.ModbusSlave [199] - Scale apply failed for param45: System.InvalidCastException: Unable to cast object of type 'System.Int32' to type 'System.Single'.
   at IEC61850_simulatorServer2.ModbusSlave.Write(Dictionary`2 data, Byte slaveId) in /Users/songyinpei/jobs/IEC61850-simulatorServer2/Protocol/ModbusSlave.cs:line 199 

2025-12-30 17:15:28,097 [15] WARN  IEC61850_simulatorServer2.ModbusSlave [199] - Scale apply failed for param46: System.InvalidCastException: Unable to cast object of type 'System.Int32' to type 'System.Single'.
   at IEC61850_simulatorServer2.ModbusSlave.Write(Dictionary`2 data, Byte slaveId) in /Users/songyinpei/jobs/IEC61850-simulatorServer2/Protocol/ModbusSlave.cs:line 199 

2025-12-30 17:15:28,149 [15] WARN  IEC61850_simulatorServer2.ModbusSlave [199] - Scale apply failed for param49: System.InvalidCastException: Unable to cast object of type 'System.Int32' to type 'System.Single'.
   at IEC61850_simulatorServer2.ModbusSlave.Write(Dictionary`2 data, Byte slaveId) in /Users/songyinpei/jobs/IEC61850-simulatorServer2/Protocol/ModbusSlave.cs:line 199 

2025-12-30 17:15:28,154 [15] WARN  IEC61850_simulatorServer2.ModbusSlave [199] - Scale apply failed for param47: System.InvalidCastException: Unable to cast object of type 'System.Int32' to type 'System.Single'.
   at IEC61850_simulatorServer2.ModbusSlave.Write(Dictionary`2 data, Byte slaveId) in /Users/songyinpei/jobs/IEC61850-simulatorServer2/Protocol/ModbusSlave.cs:line 199 

2025-12-30 17:15:28,180 [15] WARN  IEC61850_simulatorServer2.ModbusSlave [199] - Scale apply failed for param48: System.InvalidCastException: Unable to cast object of type 'System.Int32' to type 'System.Single'.
   at IEC61850_simulatorServer2.ModbusSlave.Write(Dictionary`2 data, Byte slaveId) in /Users/songyinpei/jobs/IEC61850-simulatorServer2/Protocol/ModbusSlave.cs:line 199 

2025-12-30 17:15:28,445 [17] WARN  IEC61850_simulatorServer2.ModbusSlave [?] - Scale apply failed for yc0: System.InvalidCastException: Unable to cast object of type 'System.Int32' to type 'System.Single'.
   at IEC61850_simulatorServer2.ModbusSlave.Write(Dictionary`2 data, Byte slaveId) in /Users/songyinpei/jobs/IEC61850-simulatorServer2/Protocol/ModbusSlave.cs:line 199 

2025-12-30 17:15:28,447 [17] WARN  IEC61850_simulatorServer2.ModbusSlave [?] - Scale apply failed for yc1: System.InvalidCastException: Unable to cast object of type 'System.Int32' to type 'System.Single'.
   at IEC61850_simulatorServer2.ModbusSlave.Write(Dictionary`2 data, Byte slaveId) in /Users/songyinpei/jobs/IEC61850-simulatorServer2/Protocol/ModbusSlave.cs:line 199 

2025-12-30 17:15:28,449 [17] WARN  IEC61850_simulatorServer2.ModbusSlave [?] - Scale apply failed for yc2: System.InvalidCastException: Unable to cast object of type 'System.Int32' to type 'System.Single'.
   at IEC61850_simulatorServer2.ModbusSlave.Write(Dictionary`2 data, Byte slaveId) in /Users/songyinpei/jobs/IEC61850-simulatorServer2/Protocol/ModbusSlave.cs:line 199 

2025-12-30 17:15:28,451 [17] WARN  IEC61850_simulatorServer2.ModbusSlave [?] - Scale apply failed for yc3: System.InvalidCastException: Unable to cast object of type 'System.Int32' to type 'System.Single'.
   at IEC61850_simulatorServer2.ModbusSlave.Write(Dictionary`2 data, Byte slaveId) in /Users/songyinpei/jobs/IEC61850-simulatorServer2/Protocol/ModbusSlave.cs:line 199 

2025-12-30 17:15:28,453 [17] WARN  IEC61850_simulatorServer2.ModbusSlave [?] - Scale apply failed for yc4: System.InvalidCastException: Unable to cast object of type 'System.Int32' to type 'System.Single'.
   at IEC61850_simulatorServer2.ModbusSlave.Write(Dictionary`2 data, Byte slaveId) in /Users/songyinpei/jobs/IEC61850-simulatorServer2/Protocol/ModbusSlave.cs:line 199 

2025-12-30 17:15:28,455 [17] WARN  IEC61850_simulatorServer2.ModbusSlave [?] - Scale apply failed for yc5: System.InvalidCastException: Unable to cast object of type 'System.Int32' to type 'System.Single'.
   at IEC61850_simulatorServer2.ModbusSlave.Write(Dictionary`2 data, Byte slaveId) in /Users/songyinpei/jobs/IEC61850-simulatorServer2/Protocol/ModbusSlave.cs:line 199 

2025-12-30 17:15:28,457 [17] WARN  IEC61850_simulatorServer2.ModbusSlave [?] - Scale apply failed for yc6: System.InvalidCastException: Unable to cast object of type 'System.Int32' to type 'System.Single'.
   at IEC61850_simulatorServer2.ModbusSlave.Write(Dictionary`2 data, Byte slaveId) in /Users/songyinpei/jobs/IEC61850-simulatorServer2/Protocol/ModbusSlave.cs:line 199 

2025-12-30 17:15:28,459 [17] WARN  IEC61850_simulatorServer2.ModbusSlave [?] - Scale apply failed for yc7: System.InvalidCastException: Unable to cast object of type 'System.Int32' to type 'System.Single'.
   at IEC61850_simulatorServer2.ModbusSlave.Write(Dictionary`2 data, Byte slaveId) in /Users/songyinpei/jobs/IEC61850-simulatorServer2/Protocol/ModbusSlave.cs:line 199 

2025-12-30 17:15:28,461 [17] WARN  IEC61850_simulatorServer2.ModbusSlave [?] - Scale apply failed for yc8: System.InvalidCastException: Unable to cast object of type 'System.Int32' to type 'System.Single'.
   at IEC61850_simulatorServer2.ModbusSlave.Write(Dictionary`2 data, Byte slaveId) in /Users/songyinpei/jobs/IEC61850-simulatorServer2/Protocol/ModbusSlave.cs:line 199 

2025-12-30 17:15:28,463 [17] WARN  IEC61850_simulatorServer2.ModbusSlave [?] - Scale apply failed for yc9: System.InvalidCastException: Unable to cast object of type 'System.Int32' to type 'System.Single'.
   at IEC61850_simulatorServer2.ModbusSlave.Write(Dictionary`2 data, Byte slaveId) in /Users/songyinpei/jobs/IEC61850-simulatorServer2/Protocol/ModbusSlave.cs:line 199 

2025-12-30 17:15:28,464 [17] WARN  IEC61850_simulatorServer2.ModbusSlave [?] - Scale apply failed for yc10: System.InvalidCastException: Unable to cast object of type 'System.Int32' to type 'System.Single'.
   at IEC61850_simulatorServer2.ModbusSlave.Write(Dictionary`2 data, Byte slaveId) in /Users/songyinpei/jobs/IEC61850-simulatorServer2/Protocol/ModbusSlave.cs:line 199 

2025-12-30 17:15:28,491 [17] WARN  IEC61850_simulatorServer2.ModbusSlave [?] - Scale apply failed for yc11: System.InvalidCastException: Unable to cast object of type 'System.Int32' to type 'System.Single'.
   at IEC61850_simulatorServer2.ModbusSlave.Write(Dictionary`2 data, Byte slaveId) in /Users/songyinpei/jobs/IEC61850-simulatorServer2/Protocol/ModbusSlave.cs:line 199 

2025-12-30 17:15:28,518 [17] WARN  IEC61850_simulatorServer2.ModbusSlave [?] - Scale apply failed for yc12: System.InvalidCastException: Unable to cast object of type 'System.Int32' to type 'System.Single'.
   at IEC61850_simulatorServer2.ModbusSlave.Write(Dictionary`2 data, Byte slaveId) in /Users/songyinpei/jobs/IEC61850-simulatorServer2/Protocol/ModbusSlave.cs:line 199 

2025-12-30 17:15:28,545 [17] WARN  IEC61850_simulatorServer2.ModbusSlave [?] - Scale apply failed for yc13: System.InvalidCastException: Unable to cast object of type 'System.Int32' to type 'System.Single'.
   at IEC61850_simulatorServer2.ModbusSlave.Write(Dictionary`2 data, Byte slaveId) in /Users/songyinpei/jobs/IEC61850-simulatorServer2/Protocol/ModbusSlave.cs:line 199 

2025-12-30 17:15:28,548 [17] WARN  IEC61850_simulatorServer2.ModbusSlave [?] - Scale apply failed for yc14: System.InvalidCastException: Unable to cast object of type 'System.Int32' to type 'System.Single'.
   at IEC61850_simulatorServer2.ModbusSlave.Write(Dictionary`2 data, Byte slaveId) in /Users/songyinpei/jobs/IEC61850-simulatorServer2/Protocol/ModbusSlave.cs:line 199 

2025-12-30 17:15:28,571 [17] WARN  IEC61850_simulatorServer2.ModbusSlave [?] - Scale apply failed for yc15: System.InvalidCastException: Unable to cast object of type 'System.Int32' to type 'System.Single'.
   at IEC61850_simulatorServer2.ModbusSlave.Write(Dictionary`2 data, Byte slaveId) in /Users/songyinpei/jobs/IEC61850-simulatorServer2/Protocol/ModbusSlave.cs:line 199 

2025-12-30 17:15:28,596 [17] WARN  IEC61850_simulatorServer2.ModbusSlave [?] - Scale apply failed for yc16: System.InvalidCastException: Unable to cast object of type 'System.Int32' to type 'System.Single'.
   at IEC61850_simulatorServer2.ModbusSlave.Write(Dictionary`2 data, Byte slaveId) in /Users/songyinpei/jobs/IEC61850-simulatorServer2/Protocol/ModbusSlave.cs:line 199 

2025-12-30 17:15:28,601 [17] WARN  IEC61850_simulatorServer2.ModbusSlave [?] - Scale apply failed for yc17: System.InvalidCastException: Unable to cast object of type 'System.Int32' to type 'System.Single'.
   at IEC61850_simulatorServer2.ModbusSlave.Write(Dictionary`2 data, Byte slaveId) in /Users/songyinpei/jobs/IEC61850-simulatorServer2/Protocol/ModbusSlave.cs:line 199 

2025-12-30 17:15:28,629 [17] WARN  IEC61850_simulatorServer2.ModbusSlave [?] - Scale apply failed for yc21: System.InvalidCastException: Unable to cast object of type 'System.Int32' to type 'System.Single'.
   at IEC61850_simulatorServer2.ModbusSlave.Write(Dictionary`2 data, Byte slaveId) in /Users/songyinpei/jobs/IEC61850-simulatorServer2/Protocol/ModbusSlave.cs:line 199 

2025-12-30 17:15:28,653 [17] WARN  IEC61850_simulatorServer2.ModbusSlave [?] - Scale apply failed for yc18: System.InvalidCastException: Unable to cast object of type 'System.Int32' to type 'System.Single'.
   at IEC61850_simulatorServer2.ModbusSlave.Write(Dictionary`2 data, Byte slaveId) in /Users/songyinpei/jobs/IEC61850-simulatorServer2/Protocol/ModbusSlave.cs:line 199 

2025-12-30 17:15:28,705 [17] WARN  IEC61850_simulatorServer2.ModbusSlave [?] - Scale apply failed for yc19: System.InvalidCastException: Unable to cast object of type 'System.Int32' to type 'System.Single'.
   at IEC61850_simulatorServer2.ModbusSlave.Write(Dictionary`2 data, Byte slaveId) in /Users/songyinpei/jobs/IEC61850-simulatorServer2/Protocol/ModbusSlave.cs:line 199 

2025-12-30 17:15:28,757 [17] WARN  IEC61850_simulatorServer2.ModbusSlave [?] - Scale apply failed for yc20: System.InvalidCastException: Unable to cast object of type 'System.Int32' to type 'System.Single'.
   at IEC61850_simulatorServer2.ModbusSlave.Write(Dictionary`2 data, Byte slaveId) in /Users/songyinpei/jobs/IEC61850-simulatorServer2/Protocol/ModbusSlave.cs:line 199 

2025-12-30 17:15:30,069 [10] WARN  IEC61850_simulatorServer2.ModbusSlave [?] - Scale apply failed for param15: System.InvalidCastException: Unable to cast object of type 'System.UInt16' to type 'System.Single'.
   at IEC61850_simulatorServer2.ModbusSlave.Write(Dictionary`2 data, Byte slaveId) in /Users/songyinpei/jobs/IEC61850-simulatorServer2/Protocol/ModbusSlave.cs:line 199 

2025-12-30 17:15:30,071 [10] WARN  IEC61850_simulatorServer2.ModbusSlave [?] - Scale apply failed for param17: System.InvalidCastException: Unable to cast object of type 'System.UInt16' to type 'System.Single'.
   at IEC61850_simulatorServer2.ModbusSlave.Write(Dictionary`2 data, Byte slaveId) in /Users/songyinpei/jobs/IEC61850-simulatorServer2/Protocol/ModbusSlave.cs:line 199 

2025-12-30 17:15:30,073 [10] WARN  IEC61850_simulatorServer2.ModbusSlave [?] - Scale apply failed for param18: System.InvalidCastException: Unable to cast object of type 'System.UInt16' to type 'System.Single'.
   at IEC61850_simulatorServer2.ModbusSlave.Write(Dictionary`2 data, Byte slaveId) in /Users/songyinpei/jobs/IEC61850-simulatorServer2/Protocol/ModbusSlave.cs:line 199 

2025-12-30 17:15:30,075 [10] WARN  IEC61850_simulatorServer2.ModbusSlave [?] - Scale apply failed for param19: System.InvalidCastException: Unable to cast object of type 'System.UInt16' to type 'System.Single'.
   at IEC61850_simulatorServer2.ModbusSlave.Write(Dictionary`2 data, Byte slaveId) in /Users/songyinpei/jobs/IEC61850-simulatorServer2/Protocol/ModbusSlave.cs:line 199 

2025-12-30 17:15:30,077 [10] WARN  IEC61850_simulatorServer2.ModbusSlave [?] - Scale apply failed for param16: System.InvalidCastException: Unable to cast object of type 'System.UInt16' to type 'System.Single'.
   at IEC61850_simulatorServer2.ModbusSlave.Write(Dictionary`2 data, Byte slaveId) in /Users/songyinpei/jobs/IEC61850-simulatorServer2/Protocol/ModbusSlave.cs:line 199 

2025-12-30 17:15:30,079 [10] WARN  IEC61850_simulatorServer2.ModbusSlave [?] - Scale apply failed for param21: System.InvalidCastException: Unable to cast object of type 'System.UInt16' to type 'System.Single'.
   at IEC61850_simulatorServer2.ModbusSlave.Write(Dictionary`2 data, Byte slaveId) in /Users/songyinpei/jobs/IEC61850-simulatorServer2/Protocol/ModbusSlave.cs:line 199 

2025-12-30 17:15:30,081 [10] WARN  IEC61850_simulatorServer2.ModbusSlave [?] - Scale apply failed for param20: System.InvalidCastException: Unable to cast object of type 'System.UInt16' to type 'System.Single'.
   at IEC61850_simulatorServer2.ModbusSlave.Write(Dictionary`2 data, Byte slaveId) in /Users/songyinpei/jobs/IEC61850-simulatorServer2/Protocol/ModbusSlave.cs:line 199 

2025-12-30 17:15:30,084 [10] WARN  IEC61850_simulatorServer2.ModbusSlave [?] - Scale apply failed for param40: System.OverflowException: Value was either too large or too small for an Int32.
   at System.Convert.ToInt32(Double value)
   at System.Convert.ToInt16(Double value)
   at IEC61850_simulatorServer2.ModbusSlave.Write(Dictionary`2 data, Byte slaveId) in /Users/songyinpei/jobs/IEC61850-simulatorServer2/Protocol/ModbusSlave.cs:line 203 

2025-12-30 17:15:30,086 [10] WARN  IEC61850_simulatorServer2.ModbusSlave [?] - Scale apply failed for param49: System.InvalidCastException: Unable to cast object of type 'System.Boolean' to type 'System.Single'.
   at IEC61850_simulatorServer2.ModbusSlave.Write(Dictionary`2 data, Byte slaveId) in /Users/songyinpei/jobs/IEC61850-simulatorServer2/Protocol/ModbusSlave.cs:line 199 

2025-12-30 17:15:30,396 [15] WARN  IEC61850_simulatorServer2.ModbusSlave [?] - Scale apply failed for param15: System.InvalidCastException: Unable to cast object of type 'System.UInt16' to type 'System.Single'.
   at IEC61850_simulatorServer2.ModbusSlave.Write(Dictionary`2 data, Byte slaveId) in /Users/songyinpei/jobs/IEC61850-simulatorServer2/Protocol/ModbusSlave.cs:line 199 

2025-12-30 17:15:30,419 [15] WARN  IEC61850_simulatorServer2.ModbusSlave [?] - Scale apply failed for param16: System.InvalidCastException: Unable to cast object of type 'System.UInt16' to type 'System.Single'.
   at IEC61850_simulatorServer2.ModbusSlave.Write(Dictionary`2 data, Byte slaveId) in /Users/songyinpei/jobs/IEC61850-simulatorServer2/Protocol/ModbusSlave.cs:line 199 

2025-12-30 17:15:30,421 [15] WARN  IEC61850_simulatorServer2.ModbusSlave [?] - Scale apply failed for param19: System.InvalidCastException: Unable to cast object of type 'System.UInt16' to type 'System.Single'.
   at IEC61850_simulatorServer2.ModbusSlave.Write(Dictionary`2 data, Byte slaveId) in /Users/songyinpei/jobs/IEC61850-simulatorServer2/Protocol/ModbusSlave.cs:line 199 

2025-12-30 17:15:30,423 [15] WARN  IEC61850_simulatorServer2.ModbusSlave [?] - Scale apply failed for param17: System.InvalidCastException: Unable to cast object of type 'System.UInt16' to type 'System.Single'.
   at IEC61850_simulatorServer2.ModbusSlave.Write(Dictionary`2 data, Byte slaveId) in /Users/songyinpei/jobs/IEC61850-simulatorServer2/Protocol/ModbusSlave.cs:line 199 

2025-12-30 17:15:30,425 [15] WARN  IEC61850_simulatorServer2.ModbusSlave [?] - Scale apply failed for param18: System.InvalidCastException: Unable to cast object of type 'System.UInt16' to type 'System.Single'.
   at IEC61850_simulatorServer2.ModbusSlave.Write(Dictionary`2 data, Byte slaveId) in /Users/songyinpei/jobs/IEC61850-simulatorServer2/Protocol/ModbusSlave.cs:line 199 

2025-12-30 17:15:30,447 [15] WARN  IEC61850_simulatorServer2.ModbusSlave [?] - Scale apply failed for param20: System.InvalidCastException: Unable to cast object of type 'System.UInt16' to type 'System.Single'.
   at IEC61850_simulatorServer2.ModbusSlave.Write(Dictionary`2 data, Byte slaveId) in /Users/songyinpei/jobs/IEC61850-simulatorServer2/Protocol/ModbusSlave.cs:line 199 

2025-12-30 17:15:30,450 [15] WARN  IEC61850_simulatorServer2.ModbusSlave [?] - Scale apply failed for param21: System.InvalidCastException: Unable to cast object of type 'System.UInt16' to type 'System.Single'.
   at IEC61850_simulatorServer2.ModbusSlave.Write(Dictionary`2 data, Byte slaveId) in /Users/songyinpei/jobs/IEC61850-simulatorServer2/Protocol/ModbusSlave.cs:line 199 

2025-12-30 17:15:30,477 [15] WARN  IEC61850_simulatorServer2.ModbusSlave [?] - Scale apply failed for param40: System.OverflowException: Value was either too large or too small for an Int32.
   at System.Convert.ToInt32(Double value)
   at System.Convert.ToInt16(Double value)
   at IEC61850_simulatorServer2.ModbusSlave.Write(Dictionary`2 data, Byte slaveId) in /Users/songyinpei/jobs/IEC61850-simulatorServer2/Protocol/ModbusSlave.cs:line 203 

2025-12-30 17:15:30,480 [15] WARN  IEC61850_simulatorServer2.ModbusSlave [?] - Scale apply failed for param49: System.InvalidCastException: Unable to cast object of type 'System.Boolean' to type 'System.Single'.
   at IEC61850_simulatorServer2.ModbusSlave.Write(Dictionary`2 data, Byte slaveId) in /Users/songyinpei/jobs/IEC61850-simulatorServer2/Protocol/ModbusSlave.cs:line 199 
