
2025-12-04 08:17:19,644 [1] INFO  IEC61850_simulatorServer2.MainClass [37] - [Program] 应用启动，log4net 配置已尝试加载 

2025-12-04 08:17:22,071 [1] INFO  IEC61850_simulatorServer2.ModbusSimServer [109] - Device Connected, DeviceName : ModbusSimServer 

2025-12-04 08:17:22,072 [1] INFO  IEC61850_simulatorServer2.ModbusSimServer [144] - Started worker for modelType=4, count=7689 

2025-12-04 08:17:22,074 [1] INFO  IEC61850_simulatorServer2.ModbusSimServer [144] - Started worker for modelType=3, count=6 

2025-12-04 08:17:22,100 [12] INFO  IEC61850_simulatorServer2.ModbusSimServer [237] - Worker 3 loop running with 6 entries. 

2025-12-04 08:17:22,100 [11] INFO  IEC61850_simulatorServer2.ModbusSimServer [237] - Worker 4 loop running with 7689 entries. 

2025-12-04 08:17:22,100 [1] INFO  IEC61850_simulatorServer2.ModbusSimServer [146] - All modelType workers started. 

2025-12-04 08:17:32,376 [12] ERROR IEC61850_simulatorServer2.ModbusSimServer [328] - Worker 3 write error 
System.IndexOutOfRangeException: Index was outside the bounds of the array.
   at IEC61850_simulatorServer2.Common.ConverByteOrder(Byte[] original, String order) in /Users/songyinpei/jobs/old/LargeScale-EMS/LocalEMS/IEC61850-simulatorServer2/Common.cs:line 219
   at IEC61850_simulatorServer2.ModbusWirter.Write(Dictionary`2 data) in /Users/songyinpei/jobs/old/LargeScale-EMS/LocalEMS/IEC61850-simulatorServer2/ModbusWirter.cs:line 232
   at IEC61850_simulatorServer2.ModbusSimServer.ModelWorkerLoop(String modelType, List`1 entries) in /Users/songyinpei/jobs/old/LargeScale-EMS/LocalEMS/IEC61850-simulatorServer2/ModbusSimServer.cs:line 328

2025-12-04 08:19:40,782 [1] INFO  IEC61850_simulatorServer2.MainClass [37] - [Program] 应用启动，log4net 配置已尝试加载 

2025-12-04 08:19:43,168 [1] INFO  IEC61850_simulatorServer2.ModbusSimServer [109] - Device Connected, DeviceName : ModbusSimServer 

2025-12-04 08:19:43,169 [1] INFO  IEC61850_simulatorServer2.ModbusSimServer [144] - Started worker for modelType=4, count=7689 

2025-12-04 08:19:43,171 [1] INFO  IEC61850_simulatorServer2.ModbusSimServer [144] - Started worker for modelType=3, count=6 

2025-12-04 08:19:43,173 [1] INFO  IEC61850_simulatorServer2.ModbusSimServer [146] - All modelType workers started. 

2025-12-04 08:19:43,174 [12] INFO  IEC61850_simulatorServer2.ModbusSimServer [237] - Worker 3 loop running with 6 entries. 

2025-12-04 08:19:43,174 [11] INFO  IEC61850_simulatorServer2.ModbusSimServer [237] - Worker 4 loop running with 7689 entries. 

2025-12-04 08:19:45,232 [1] INFO  IEC61850_simulatorServer2.ModbusSimServer [109] - Device Connected, DeviceName : ModbusSimServer 

2025-12-04 08:19:45,233 [1] INFO  IEC61850_simulatorServer2.ModbusSimServer [144] - Started worker for modelType=4, count=7689 

2025-12-04 08:19:45,261 [13] INFO  IEC61850_simulatorServer2.ModbusSimServer [237] - Worker 4 loop running with 7689 entries. 

2025-12-04 08:19:45,262 [1] INFO  IEC61850_simulatorServer2.ModbusSimServer [144] - Started worker for modelType=3, count=6 

2025-12-04 08:19:45,265 [1] INFO  IEC61850_simulatorServer2.ModbusSimServer [146] - All modelType workers started. 

2025-12-04 08:19:45,265 [14] INFO  IEC61850_simulatorServer2.ModbusSimServer [237] - Worker 3 loop running with 6 entries. 

2025-12-04 08:19:47,282 [1] INFO  IEC61850_simulatorServer2.ModbusSimServer [109] - Device Connected, DeviceName : ModbusSimServer 

2025-12-04 08:19:47,283 [1] INFO  IEC61850_simulatorServer2.ModbusSimServer [144] - Started worker for modelType=4, count=138 

2025-12-04 08:19:47,310 [15] INFO  IEC61850_simulatorServer2.ModbusSimServer [237] - Worker 4 loop running with 138 entries. 

2025-12-04 08:19:47,313 [1] INFO  IEC61850_simulatorServer2.ModbusSimServer [144] - Started worker for modelType=2, count=10 

2025-12-04 08:19:47,314 [16] INFO  IEC61850_simulatorServer2.ModbusSimServer [237] - Worker 2 loop running with 10 entries. 

2025-12-04 08:19:47,315 [1] INFO  IEC61850_simulatorServer2.ModbusSimServer [144] - Started worker for modelType=3, count=1 

2025-12-04 08:19:47,317 [17] INFO  IEC61850_simulatorServer2.ModbusSimServer [237] - Worker 3 loop running with 1 entries. 

2025-12-04 08:19:47,317 [1] INFO  IEC61850_simulatorServer2.ModbusSimServer [144] - Started worker for modelType=5, count=1 

2025-12-04 08:19:47,320 [1] INFO  IEC61850_simulatorServer2.ModbusSimServer [146] - All modelType workers started. 

2025-12-04 08:19:47,319 [18] INFO  IEC61850_simulatorServer2.ModbusSimServer [237] - Worker 5 loop running with 1 entries. 

2025-12-04 08:21:10,486 [1] INFO  IEC61850_simulatorServer2.MainClass [37] - [Program] 应用启动，log4net 配置已尝试加载 

2025-12-04 08:21:12,887 [1] INFO  IEC61850_simulatorServer2.ModbusSimServer [109] - Device Connected, DeviceName : ModbusSimServer 

2025-12-04 08:21:12,888 [1] INFO  IEC61850_simulatorServer2.ModbusSimServer [144] - Started worker for modelType=4, count=7689 

2025-12-04 08:21:12,890 [1] INFO  IEC61850_simulatorServer2.ModbusSimServer [144] - Started worker for modelType=3, count=6 

2025-12-04 08:21:12,892 [1] INFO  IEC61850_simulatorServer2.ModbusSimServer [146] - All modelType workers started. 

2025-12-04 08:21:12,893 [12] INFO  IEC61850_simulatorServer2.ModbusSimServer [237] - Worker 3 loop running with 6 entries. 

2025-12-04 08:21:12,893 [11] INFO  IEC61850_simulatorServer2.ModbusSimServer [237] - Worker 4 loop running with 7689 entries. 

2025-12-04 08:26:19,766 [1] INFO  IEC61850_simulatorServer2.ModbusSimServer [109] - Device Connected, DeviceName : ModbusSimServer 

2025-12-04 08:26:19,772 [1] INFO  IEC61850_simulatorServer2.ModbusSimServer [144] - Started worker for modelType=4, count=7689 

2025-12-04 08:26:20,837 [9] INFO  IEC61850_simulatorServer2.ModbusSimServer [237] - Worker 4 loop running with 7689 entries. 

2025-12-04 08:26:20,839 [1] INFO  IEC61850_simulatorServer2.ModbusSimServer [144] - Started worker for modelType=3, count=6 

2025-12-04 08:26:21,580 [1] INFO  IEC61850_simulatorServer2.ModbusSimServer [146] - All modelType workers started. 

2025-12-04 08:26:21,584 [8] INFO  IEC61850_simulatorServer2.ModbusSimServer [237] - Worker 3 loop running with 6 entries. 

2025-12-04 08:29:39,697 [1] INFO  IEC61850_simulatorServer2.MainClass [37] - [Program] 应用启动，log4net 配置已尝试加载 

2025-12-04 08:29:42,114 [1] INFO  IEC61850_simulatorServer2.ModbusSimServer [109] - Device Connected, DeviceName : ModbusSimServer 

2025-12-04 08:29:42,115 [1] INFO  IEC61850_simulatorServer2.ModbusSimServer [144] - Started worker for modelType=4, count=7689 

2025-12-04 08:29:42,117 [1] INFO  IEC61850_simulatorServer2.ModbusSimServer [144] - Started worker for modelType=3, count=6 

2025-12-04 08:29:42,119 [1] INFO  IEC61850_simulatorServer2.ModbusSimServer [146] - All modelType workers started. 

2025-12-04 08:29:42,120 [12] INFO  IEC61850_simulatorServer2.ModbusSimServer [237] - Worker 3 loop running with 6 entries. 

2025-12-04 08:29:42,120 [11] INFO  IEC61850_simulatorServer2.ModbusSimServer [237] - Worker 4 loop running with 7689 entries. 

2025-12-04 08:30:08,269 [1] INFO  IEC61850_simulatorServer2.ModbusSimServer [109] - Device Connected, DeviceName : ModbusSimServer 

2025-12-04 08:30:08,270 [1] INFO  IEC61850_simulatorServer2.ModbusSimServer [144] - Started worker for modelType=4, count=7689 

2025-12-04 08:30:08,272 [13] INFO  IEC61850_simulatorServer2.ModbusSimServer [237] - Worker 4 loop running with 7689 entries. 

2025-12-04 08:30:08,272 [1] INFO  IEC61850_simulatorServer2.ModbusSimServer [144] - Started worker for modelType=3, count=6 

2025-12-04 08:30:08,299 [1] INFO  IEC61850_simulatorServer2.ModbusSimServer [146] - All modelType workers started. 

2025-12-04 08:30:08,299 [14] INFO  IEC61850_simulatorServer2.ModbusSimServer [237] - Worker 3 loop running with 6 entries. 

2025-12-04 08:30:14,616 [1] INFO  IEC61850_simulatorServer2.MainClass [37] - [Program] 应用启动，log4net 配置已尝试加载 

2025-12-04 08:30:17,006 [1] INFO  IEC61850_simulatorServer2.ModbusSimServer [109] - Device Connected, DeviceName : ModbusSimServer 

2025-12-04 08:30:17,007 [1] INFO  IEC61850_simulatorServer2.ModbusSimServer [144] - Started worker for modelType=4, count=7689 

2025-12-04 08:30:17,010 [1] INFO  IEC61850_simulatorServer2.ModbusSimServer [144] - Started worker for modelType=3, count=6 

2025-12-04 08:30:17,011 [1] INFO  IEC61850_simulatorServer2.ModbusSimServer [146] - All modelType workers started. 

2025-12-04 08:30:17,012 [11] INFO  IEC61850_simulatorServer2.ModbusSimServer [237] - Worker 4 loop running with 7689 entries. 

2025-12-04 08:30:17,012 [12] INFO  IEC61850_simulatorServer2.ModbusSimServer [237] - Worker 3 loop running with 6 entries. 

2025-12-04 08:30:19,058 [1] INFO  IEC61850_simulatorServer2.ModbusSimServer [109] - Device Connected, DeviceName : ModbusSimServer 

2025-12-04 08:30:19,060 [1] INFO  IEC61850_simulatorServer2.ModbusSimServer [144] - Started worker for modelType=4, count=7689 

2025-12-04 08:30:19,063 [13] INFO  IEC61850_simulatorServer2.ModbusSimServer [237] - Worker 4 loop running with 7689 entries. 

2025-12-04 08:30:19,063 [1] INFO  IEC61850_simulatorServer2.ModbusSimServer [144] - Started worker for modelType=3, count=6 

2025-12-04 08:30:19,065 [14] INFO  IEC61850_simulatorServer2.ModbusSimServer [237] - Worker 3 loop running with 6 entries. 

2025-12-04 08:30:19,066 [1] INFO  IEC61850_simulatorServer2.ModbusSimServer [146] - All modelType workers started. 

2025-12-04 08:30:21,080 [1] INFO  IEC61850_simulatorServer2.ModbusSimServer [109] - Device Connected, DeviceName : ModbusSimServer 

2025-12-04 08:30:21,081 [1] INFO  IEC61850_simulatorServer2.ModbusSimServer [144] - Started worker for modelType=4, count=138 

2025-12-04 08:30:21,083 [15] INFO  IEC61850_simulatorServer2.ModbusSimServer [237] - Worker 4 loop running with 138 entries. 

2025-12-04 08:30:21,083 [1] INFO  IEC61850_simulatorServer2.ModbusSimServer [144] - Started worker for modelType=2, count=10 

2025-12-04 08:30:21,084 [16] INFO  IEC61850_simulatorServer2.ModbusSimServer [237] - Worker 2 loop running with 10 entries. 

2025-12-04 08:30:21,085 [1] INFO  IEC61850_simulatorServer2.ModbusSimServer [144] - Started worker for modelType=3, count=1 

2025-12-04 08:30:21,111 [17] INFO  IEC61850_simulatorServer2.ModbusSimServer [237] - Worker 3 loop running with 1 entries. 

2025-12-04 08:30:21,111 [1] INFO  IEC61850_simulatorServer2.ModbusSimServer [144] - Started worker for modelType=5, count=1 

2025-12-04 08:30:21,140 [1] INFO  IEC61850_simulatorServer2.ModbusSimServer [146] - All modelType workers started. 

2025-12-04 08:30:21,137 [18] INFO  IEC61850_simulatorServer2.ModbusSimServer [237] - Worker 5 loop running with 1 entries. 

2025-12-04 08:36:13,402 [1] INFO  IEC61850_simulatorServer2.MainClass [37] - [Program] 应用启动，log4net 配置已尝试加载 

2025-12-04 08:36:15,520 [1] INFO  IEC61850_simulatorServer2.ModbusSimServer [109] - Device Connected, DeviceName : ModbusSimServer 

2025-12-04 08:36:15,521 [1] INFO  IEC61850_simulatorServer2.ModbusSimServer [144] - Started worker for modelType=4, count=7689 

2025-12-04 08:36:15,521 [1] INFO  IEC61850_simulatorServer2.ModbusSimServer [144] - Started worker for modelType=3, count=6 

2025-12-04 08:36:15,522 [1] INFO  IEC61850_simulatorServer2.ModbusSimServer [146] - All modelType workers started. 

2025-12-04 08:36:15,522 [6] INFO  IEC61850_simulatorServer2.ModbusSimServer [237] - Worker 4 loop running with 7689 entries. 

2025-12-04 08:36:15,522 [7] INFO  IEC61850_simulatorServer2.ModbusSimServer [237] - Worker 3 loop running with 6 entries. 

2025-12-04 08:36:17,575 [1] INFO  IEC61850_simulatorServer2.ModbusSimServer [109] - Device Connected, DeviceName : ModbusSimServer 

2025-12-04 08:36:17,577 [1] INFO  IEC61850_simulatorServer2.ModbusSimServer [144] - Started worker for modelType=4, count=7689 

2025-12-04 08:36:17,577 [8] INFO  IEC61850_simulatorServer2.ModbusSimServer [237] - Worker 4 loop running with 7689 entries. 

2025-12-04 08:36:17,578 [1] INFO  IEC61850_simulatorServer2.ModbusSimServer [144] - Started worker for modelType=3, count=6 

2025-12-04 08:36:17,578 [1] INFO  IEC61850_simulatorServer2.ModbusSimServer [146] - All modelType workers started. 

2025-12-04 08:36:17,578 [9] INFO  IEC61850_simulatorServer2.ModbusSimServer [237] - Worker 3 loop running with 6 entries. 

2025-12-04 08:36:19,600 [1] INFO  IEC61850_simulatorServer2.ModbusSimServer [109] - Device Connected, DeviceName : ModbusSimServer 

2025-12-04 08:36:19,602 [1] INFO  IEC61850_simulatorServer2.ModbusSimServer [144] - Started worker for modelType=4, count=138 

2025-12-04 08:36:19,602 [11] INFO  IEC61850_simulatorServer2.ModbusSimServer [237] - Worker 4 loop running with 138 entries. 

2025-12-04 08:36:19,602 [1] INFO  IEC61850_simulatorServer2.ModbusSimServer [144] - Started worker for modelType=2, count=10 

2025-12-04 08:36:19,602 [12] INFO  IEC61850_simulatorServer2.ModbusSimServer [237] - Worker 2 loop running with 10 entries. 

2025-12-04 08:36:19,616 [1] INFO  IEC61850_simulatorServer2.ModbusSimServer [144] - Started worker for modelType=3, count=1 

2025-12-04 08:36:19,616 [13] INFO  IEC61850_simulatorServer2.ModbusSimServer [237] - Worker 3 loop running with 1 entries. 

2025-12-04 08:36:19,616 [14] INFO  IEC61850_simulatorServer2.ModbusSimServer [237] - Worker 5 loop running with 1 entries. 

2025-12-04 08:36:19,616 [1] INFO  IEC61850_simulatorServer2.ModbusSimServer [144] - Started worker for modelType=5, count=1 

2025-12-04 08:36:19,617 [1] INFO  IEC61850_simulatorServer2.ModbusSimServer [146] - All modelType workers started. 

2025-12-04 08:36:22,628 [8] ERROR IEC61850_simulatorServer2.ModbusSimServer [306] - Worker 4 loop error 
System.InvalidOperationException: Collection was modified; enumeration operation may not execute.
   at System.Collections.Generic.Dictionary`2.KeyCollection.Enumerator.MoveNext()
   at IEC61850_simulatorServer2.EssSimModelApi.ObjectPathResolver.GetDictionaryValue(Object target, String key) in /Users/songyinpei/jobs/old/LargeScale-EMS/LocalEMS/IEC61850-simulatorServer2/EssSimModelApi/ObjectPathResolver.cs:line 275
   at IEC61850_simulatorServer2.EssSimModelApi.ObjectPathResolver.GetIndexedPropertyValue(Object target, String propName, Int32 index) in /Users/songyinpei/jobs/old/LargeScale-EMS/LocalEMS/IEC61850-simulatorServer2/EssSimModelApi/ObjectPathResolver.cs:line 94
   at IEC61850_simulatorServer2.EssSimModelApi.ObjectPathResolver.GetValue(Object target, String path) in /Users/songyinpei/jobs/old/LargeScale-EMS/LocalEMS/IEC61850-simulatorServer2/EssSimModelApi/ObjectPathResolver.cs:line 56
   at IEC61850_simulatorServer2.SimServer.GetExtIfVariableVal(String arg1) in /Users/songyinpei/jobs/old/LargeScale-EMS/LocalEMS/IEC61850-simulatorServer2/IedSimServer.cs:line 261
   at IEC61850_simulatorServer2.ModbusSimServer.GetModelValueStub(MapEntry entry) in /Users/songyinpei/jobs/old/LargeScale-EMS/LocalEMS/IEC61850-simulatorServer2/ModbusSimServer.cs:line 416
   at IEC61850_simulatorServer2.ModbusSimServer.ModelWorkerLoop(String modelType, List`1 entries) in /Users/songyinpei/jobs/old/LargeScale-EMS/LocalEMS/IEC61850-simulatorServer2/ModbusSimServer.cs:line 306

2025-12-04 08:42:42,094 [1] INFO  IEC61850_simulatorServer2.MainClass [37] - [Program] 应用启动，log4net 配置已尝试加载 

2025-12-04 08:42:44,206 [1] INFO  IEC61850_simulatorServer2.TCPCommunicator [30] - [Program] 应用启动，log4net 配置已尝试加载 

2025-12-04 08:42:44,211 [1] INFO  IEC61850_simulatorServer2.ModbusSimServer [109] - Device Connected, DeviceName : ModbusSimServer 

2025-12-04 08:42:44,211 [1] INFO  IEC61850_simulatorServer2.ModbusSimServer [144] - Started worker for modelType=4, count=7689 

2025-12-04 08:42:44,211 [1] INFO  IEC61850_simulatorServer2.ModbusSimServer [144] - Started worker for modelType=3, count=6 

2025-12-04 08:42:44,211 [1] INFO  IEC61850_simulatorServer2.ModbusSimServer [146] - All modelType workers started. 

2025-12-04 08:42:44,212 [6] INFO  IEC61850_simulatorServer2.ModbusSimServer [237] - Worker 4 loop running with 7689 entries. 

2025-12-04 08:42:44,212 [7] INFO  IEC61850_simulatorServer2.ModbusSimServer [237] - Worker 3 loop running with 6 entries. 

2025-12-04 08:42:46,255 [1] INFO  IEC61850_simulatorServer2.TCPCommunicator [30] - [Program] 应用启动，log4net 配置已尝试加载 

2025-12-04 08:42:46,255 [1] INFO  IEC61850_simulatorServer2.ModbusSimServer [109] - Device Connected, DeviceName : ModbusSimServer 

2025-12-04 08:42:46,255 [1] INFO  IEC61850_simulatorServer2.ModbusSimServer [144] - Started worker for modelType=4, count=7689 

2025-12-04 08:42:46,255 [8] INFO  IEC61850_simulatorServer2.ModbusSimServer [237] - Worker 4 loop running with 7689 entries. 

2025-12-04 08:42:46,256 [1] INFO  IEC61850_simulatorServer2.ModbusSimServer [144] - Started worker for modelType=3, count=6 

2025-12-04 08:42:46,256 [1] INFO  IEC61850_simulatorServer2.ModbusSimServer [146] - All modelType workers started. 

2025-12-04 08:42:46,256 [9] INFO  IEC61850_simulatorServer2.ModbusSimServer [237] - Worker 3 loop running with 6 entries. 

2025-12-04 08:42:48,272 [1] INFO  IEC61850_simulatorServer2.TCPCommunicator [30] - [Program] 应用启动，log4net 配置已尝试加载 

2025-12-04 08:42:48,273 [1] INFO  IEC61850_simulatorServer2.ModbusSimServer [109] - Device Connected, DeviceName : ModbusSimServer 

2025-12-04 08:42:48,273 [1] INFO  IEC61850_simulatorServer2.ModbusSimServer [144] - Started worker for modelType=4, count=138 

2025-12-04 08:42:48,273 [11] INFO  IEC61850_simulatorServer2.ModbusSimServer [237] - Worker 4 loop running with 138 entries. 

2025-12-04 08:42:48,273 [1] INFO  IEC61850_simulatorServer2.ModbusSimServer [144] - Started worker for modelType=2, count=10 

2025-12-04 08:42:48,273 [12] INFO  IEC61850_simulatorServer2.ModbusSimServer [237] - Worker 2 loop running with 10 entries. 

2025-12-04 08:42:48,273 [1] INFO  IEC61850_simulatorServer2.ModbusSimServer [144] - Started worker for modelType=3, count=1 

2025-12-04 08:42:48,273 [13] INFO  IEC61850_simulatorServer2.ModbusSimServer [237] - Worker 3 loop running with 1 entries. 

2025-12-04 08:42:48,274 [1] INFO  IEC61850_simulatorServer2.ModbusSimServer [144] - Started worker for modelType=5, count=1 

2025-12-04 08:42:48,274 [14] INFO  IEC61850_simulatorServer2.ModbusSimServer [237] - Worker 5 loop running with 1 entries. 

2025-12-04 08:42:48,274 [1] INFO  IEC61850_simulatorServer2.ModbusSimServer [146] - All modelType workers started. 

2025-12-04 08:42:51,282 [8] ERROR IEC61850_simulatorServer2.ModbusSimServer [306] - Worker 4 loop error 
System.InvalidOperationException: Collection was modified; enumeration operation may not execute.
   at System.Collections.Generic.Dictionary`2.KeyCollection.Enumerator.MoveNext()
   at IEC61850_simulatorServer2.EssSimModelApi.ObjectPathResolver.GetDictionaryValue(Object target, String key) in /Users/songyinpei/jobs/old/LargeScale-EMS/LocalEMS/IEC61850-simulatorServer2/EssSimModelApi/ObjectPathResolver.cs:line 275
   at IEC61850_simulatorServer2.EssSimModelApi.ObjectPathResolver.GetIndexedPropertyValue(Object target, String propName, Int32 index) in /Users/songyinpei/jobs/old/LargeScale-EMS/LocalEMS/IEC61850-simulatorServer2/EssSimModelApi/ObjectPathResolver.cs:line 94
   at IEC61850_simulatorServer2.EssSimModelApi.ObjectPathResolver.GetValue(Object target, String path) in /Users/songyinpei/jobs/old/LargeScale-EMS/LocalEMS/IEC61850-simulatorServer2/EssSimModelApi/ObjectPathResolver.cs:line 56
   at IEC61850_simulatorServer2.SimServer.GetExtIfVariableVal(String arg1) in /Users/songyinpei/jobs/old/LargeScale-EMS/LocalEMS/IEC61850-simulatorServer2/IedSimServer.cs:line 261
   at IEC61850_simulatorServer2.ModbusSimServer.GetModelValueStub(MapEntry entry) in /Users/songyinpei/jobs/old/LargeScale-EMS/LocalEMS/IEC61850-simulatorServer2/ModbusSimServer.cs:line 416
   at IEC61850_simulatorServer2.ModbusSimServer.ModelWorkerLoop(String modelType, List`1 entries) in /Users/songyinpei/jobs/old/LargeScale-EMS/LocalEMS/IEC61850-simulatorServer2/ModbusSimServer.cs:line 306

2025-12-04 08:43:11,440 [1] INFO  IEC61850_simulatorServer2.MainClass [37] - [Program] 应用启动，log4net 配置已尝试加载 

2025-12-04 08:43:13,571 [1] INFO  IEC61850_simulatorServer2.ModbusSimServer [109] - Device Connected, DeviceName : ModbusSimServer 

2025-12-04 08:43:13,572 [1] INFO  IEC61850_simulatorServer2.ModbusSimServer [144] - Started worker for modelType=4, count=7689 

2025-12-04 08:43:13,573 [1] INFO  IEC61850_simulatorServer2.ModbusSimServer [144] - Started worker for modelType=3, count=6 

2025-12-04 08:43:13,573 [1] INFO  IEC61850_simulatorServer2.ModbusSimServer [146] - All modelType workers started. 

2025-12-04 08:43:13,573 [6] INFO  IEC61850_simulatorServer2.ModbusSimServer [237] - Worker 4 loop running with 7689 entries. 

2025-12-04 08:43:13,573 [7] INFO  IEC61850_simulatorServer2.ModbusSimServer [237] - Worker 3 loop running with 6 entries. 

2025-12-04 08:43:15,621 [1] INFO  IEC61850_simulatorServer2.ModbusSimServer [109] - Device Connected, DeviceName : ModbusSimServer 

2025-12-04 08:43:15,622 [1] INFO  IEC61850_simulatorServer2.ModbusSimServer [144] - Started worker for modelType=4, count=7689 

2025-12-04 08:43:15,622 [8] INFO  IEC61850_simulatorServer2.ModbusSimServer [237] - Worker 4 loop running with 7689 entries. 

2025-12-04 08:43:15,622 [1] INFO  IEC61850_simulatorServer2.ModbusSimServer [144] - Started worker for modelType=3, count=6 

2025-12-04 08:43:15,622 [1] INFO  IEC61850_simulatorServer2.ModbusSimServer [146] - All modelType workers started. 

2025-12-04 08:43:15,622 [9] INFO  IEC61850_simulatorServer2.ModbusSimServer [237] - Worker 3 loop running with 6 entries. 

2025-12-04 08:43:17,632 [1] INFO  IEC61850_simulatorServer2.ModbusSimServer [109] - Device Connected, DeviceName : ModbusSimServer 

2025-12-04 08:43:17,633 [1] INFO  IEC61850_simulatorServer2.ModbusSimServer [144] - Started worker for modelType=4, count=138 

2025-12-04 08:43:17,633 [10] INFO  IEC61850_simulatorServer2.ModbusSimServer [237] - Worker 4 loop running with 138 entries. 

2025-12-04 08:43:17,633 [1] INFO  IEC61850_simulatorServer2.ModbusSimServer [144] - Started worker for modelType=2, count=10 

2025-12-04 08:43:17,633 [11] INFO  IEC61850_simulatorServer2.ModbusSimServer [237] - Worker 2 loop running with 10 entries. 

2025-12-04 08:43:17,634 [1] INFO  IEC61850_simulatorServer2.ModbusSimServer [144] - Started worker for modelType=3, count=1 

2025-12-04 08:43:17,634 [12] INFO  IEC61850_simulatorServer2.ModbusSimServer [237] - Worker 3 loop running with 1 entries. 

2025-12-04 08:43:17,634 [1] INFO  IEC61850_simulatorServer2.ModbusSimServer [144] - Started worker for modelType=5, count=1 

2025-12-04 08:43:17,634 [13] INFO  IEC61850_simulatorServer2.ModbusSimServer [237] - Worker 5 loop running with 1 entries. 

2025-12-04 08:43:17,634 [1] INFO  IEC61850_simulatorServer2.ModbusSimServer [146] - All modelType workers started. 

2025-12-04 08:47:10,226 [1] INFO  IEC61850_simulatorServer2.MainClass [37] - [Program] 应用启动，log4net 配置已尝试加载 

2025-12-04 08:47:12,357 [1] INFO  IEC61850_simulatorServer2.ModbusSimServer [109] - Device Connected, DeviceName : ModbusSimServer 

2025-12-04 08:47:12,358 [1] INFO  IEC61850_simulatorServer2.ModbusSimServer [144] - Started worker for modelType=4, count=7689 

2025-12-04 08:47:12,358 [1] INFO  IEC61850_simulatorServer2.ModbusSimServer [144] - Started worker for modelType=3, count=6 

2025-12-04 08:47:12,358 [1] INFO  IEC61850_simulatorServer2.ModbusSimServer [146] - All modelType workers started. 

2025-12-04 08:47:12,358 [6] INFO  IEC61850_simulatorServer2.ModbusSimServer [237] - Worker 4 loop running with 7689 entries. 

2025-12-04 08:47:12,358 [7] INFO  IEC61850_simulatorServer2.ModbusSimServer [237] - Worker 3 loop running with 6 entries. 

2025-12-04 08:47:14,400 [1] INFO  IEC61850_simulatorServer2.ModbusSimServer [109] - Device Connected, DeviceName : ModbusSimServer 

2025-12-04 08:47:14,401 [1] INFO  IEC61850_simulatorServer2.ModbusSimServer [144] - Started worker for modelType=4, count=7689 

2025-12-04 08:47:14,401 [8] INFO  IEC61850_simulatorServer2.ModbusSimServer [237] - Worker 4 loop running with 7689 entries. 

2025-12-04 08:47:14,401 [1] INFO  IEC61850_simulatorServer2.ModbusSimServer [144] - Started worker for modelType=3, count=6 

2025-12-04 08:47:14,402 [1] INFO  IEC61850_simulatorServer2.ModbusSimServer [146] - All modelType workers started. 

2025-12-04 08:47:14,401 [9] INFO  IEC61850_simulatorServer2.ModbusSimServer [237] - Worker 3 loop running with 6 entries. 

2025-12-04 08:47:16,414 [1] INFO  IEC61850_simulatorServer2.ModbusSimServer [109] - Device Connected, DeviceName : ModbusSimServer 

2025-12-04 08:47:16,414 [1] INFO  IEC61850_simulatorServer2.ModbusSimServer [144] - Started worker for modelType=4, count=138 

2025-12-04 08:47:16,414 [11] INFO  IEC61850_simulatorServer2.ModbusSimServer [237] - Worker 4 loop running with 138 entries. 

2025-12-04 08:47:16,415 [1] INFO  IEC61850_simulatorServer2.ModbusSimServer [144] - Started worker for modelType=2, count=10 

2025-12-04 08:47:16,415 [12] INFO  IEC61850_simulatorServer2.ModbusSimServer [237] - Worker 2 loop running with 10 entries. 

2025-12-04 08:47:16,415 [1] INFO  IEC61850_simulatorServer2.ModbusSimServer [144] - Started worker for modelType=3, count=1 

2025-12-04 08:47:16,415 [13] INFO  IEC61850_simulatorServer2.ModbusSimServer [237] - Worker 3 loop running with 1 entries. 

2025-12-04 08:47:16,415 [1] INFO  IEC61850_simulatorServer2.ModbusSimServer [144] - Started worker for modelType=5, count=1 

2025-12-04 08:47:16,415 [1] INFO  IEC61850_simulatorServer2.ModbusSimServer [146] - All modelType workers started. 

2025-12-04 08:47:16,415 [14] INFO  IEC61850_simulatorServer2.ModbusSimServer [237] - Worker 5 loop running with 1 entries. 

2025-12-04 08:47:19,427 [6] ERROR IEC61850_simulatorServer2.ModbusSimServer [306] - Worker 4 loop error 
System.InvalidOperationException: Collection was modified; enumeration operation may not execute.
   at System.Collections.Generic.Dictionary`2.KeyCollection.Enumerator.MoveNext()
   at IEC61850_simulatorServer2.EssSimModelApi.ObjectPathResolver.GetDictionaryValue(Object target, String key) in /Users/songyinpei/jobs/old/LargeScale-EMS/LocalEMS/IEC61850-simulatorServer2/EssSimModelApi/ObjectPathResolver.cs:line 275
   at IEC61850_simulatorServer2.EssSimModelApi.ObjectPathResolver.GetIndexedPropertyValue(Object target, String propName, Int32 index) in /Users/songyinpei/jobs/old/LargeScale-EMS/LocalEMS/IEC61850-simulatorServer2/EssSimModelApi/ObjectPathResolver.cs:line 94
   at IEC61850_simulatorServer2.EssSimModelApi.ObjectPathResolver.GetValue(Object target, String path) in /Users/songyinpei/jobs/old/LargeScale-EMS/LocalEMS/IEC61850-simulatorServer2/EssSimModelApi/ObjectPathResolver.cs:line 56
   at IEC61850_simulatorServer2.SimServer.GetExtIfVariableVal(String arg1) in /Users/songyinpei/jobs/old/LargeScale-EMS/LocalEMS/IEC61850-simulatorServer2/IedSimServer.cs:line 261
   at IEC61850_simulatorServer2.ModbusSimServer.GetModelValueStub(MapEntry entry) in /Users/songyinpei/jobs/old/LargeScale-EMS/LocalEMS/IEC61850-simulatorServer2/ModbusSimServer.cs:line 416
   at IEC61850_simulatorServer2.ModbusSimServer.ModelWorkerLoop(String modelType, List`1 entries) in /Users/songyinpei/jobs/old/LargeScale-EMS/LocalEMS/IEC61850-simulatorServer2/ModbusSimServer.cs:line 306

2025-12-04 08:49:50,650 [1] INFO  IEC61850_simulatorServer2.MainClass [37] - [Program] 应用启动，log4net 配置已尝试加载 

2025-12-04 08:49:52,775 [1] INFO  IEC61850_simulatorServer2.TCPCommunicator [30] - [Program] 应用启动，log4net 配置已尝试加载 

2025-12-04 08:49:52,783 [1] INFO  IEC61850_simulatorServer2.ModbusSimServer [109] - Device Connected, DeviceName : ModbusSimServer 

2025-12-04 08:49:52,784 [1] INFO  IEC61850_simulatorServer2.ModbusSimServer [144] - Started worker for modelType=4, count=7689 

2025-12-04 08:49:52,784 [1] INFO  IEC61850_simulatorServer2.ModbusSimServer [144] - Started worker for modelType=3, count=6 

2025-12-04 08:49:52,784 [1] INFO  IEC61850_simulatorServer2.ModbusSimServer [146] - All modelType workers started. 

2025-12-04 08:49:52,784 [6] INFO  IEC61850_simulatorServer2.ModbusSimServer [237] - Worker 4 loop running with 7689 entries. 

2025-12-04 08:49:52,785 [7] INFO  IEC61850_simulatorServer2.ModbusSimServer [237] - Worker 3 loop running with 6 entries. 

2025-12-04 08:49:54,833 [1] INFO  IEC61850_simulatorServer2.TCPCommunicator [30] - [Program] 应用启动，log4net 配置已尝试加载 

2025-12-04 08:49:54,834 [1] INFO  IEC61850_simulatorServer2.ModbusSimServer [109] - Device Connected, DeviceName : ModbusSimServer 

2025-12-04 08:49:54,835 [1] INFO  IEC61850_simulatorServer2.ModbusSimServer [144] - Started worker for modelType=4, count=7689 

2025-12-04 08:49:54,835 [8] INFO  IEC61850_simulatorServer2.ModbusSimServer [237] - Worker 4 loop running with 7689 entries. 

2025-12-04 08:49:54,835 [1] INFO  IEC61850_simulatorServer2.ModbusSimServer [144] - Started worker for modelType=3, count=6 

2025-12-04 08:49:54,836 [1] INFO  IEC61850_simulatorServer2.ModbusSimServer [146] - All modelType workers started. 

2025-12-04 08:49:54,835 [9] INFO  IEC61850_simulatorServer2.ModbusSimServer [237] - Worker 3 loop running with 6 entries. 

2025-12-04 08:49:56,848 [1] INFO  IEC61850_simulatorServer2.TCPCommunicator [30] - [Program] 应用启动，log4net 配置已尝试加载 

2025-12-04 08:49:56,849 [1] INFO  IEC61850_simulatorServer2.ModbusSimServer [109] - Device Connected, DeviceName : ModbusSimServer 

2025-12-04 08:49:56,849 [1] INFO  IEC61850_simulatorServer2.ModbusSimServer [144] - Started worker for modelType=4, count=138 

2025-12-04 08:49:56,849 [11] INFO  IEC61850_simulatorServer2.ModbusSimServer [237] - Worker 4 loop running with 138 entries. 

2025-12-04 08:49:56,849 [1] INFO  IEC61850_simulatorServer2.ModbusSimServer [144] - Started worker for modelType=2, count=10 

2025-12-04 08:49:56,849 [12] INFO  IEC61850_simulatorServer2.ModbusSimServer [237] - Worker 2 loop running with 10 entries. 

2025-12-04 08:49:56,850 [1] INFO  IEC61850_simulatorServer2.ModbusSimServer [144] - Started worker for modelType=3, count=1 

2025-12-04 08:49:56,850 [13] INFO  IEC61850_simulatorServer2.ModbusSimServer [237] - Worker 3 loop running with 1 entries. 

2025-12-04 08:49:56,850 [14] INFO  IEC61850_simulatorServer2.ModbusSimServer [237] - Worker 5 loop running with 1 entries. 

2025-12-04 08:49:56,850 [1] INFO  IEC61850_simulatorServer2.ModbusSimServer [144] - Started worker for modelType=5, count=1 

2025-12-04 08:49:56,850 [1] INFO  IEC61850_simulatorServer2.ModbusSimServer [146] - All modelType workers started. 

2025-12-04 08:49:59,861 [8] ERROR IEC61850_simulatorServer2.ModbusSimServer [306] - Worker 4 loop error 
System.InvalidOperationException: Collection was modified; enumeration operation may not execute.
   at System.Collections.Generic.Dictionary`2.KeyCollection.Enumerator.MoveNext()
   at IEC61850_simulatorServer2.EssSimModelApi.ObjectPathResolver.GetDictionaryValue(Object target, String key) in /Users/songyinpei/jobs/old/LargeScale-EMS/LocalEMS/IEC61850-simulatorServer2/EssSimModelApi/ObjectPathResolver.cs:line 275
   at IEC61850_simulatorServer2.EssSimModelApi.ObjectPathResolver.GetIndexedPropertyValue(Object target, String propName, Int32 index) in /Users/songyinpei/jobs/old/LargeScale-EMS/LocalEMS/IEC61850-simulatorServer2/EssSimModelApi/ObjectPathResolver.cs:line 94
   at IEC61850_simulatorServer2.EssSimModelApi.ObjectPathResolver.GetValue(Object target, String path) in /Users/songyinpei/jobs/old/LargeScale-EMS/LocalEMS/IEC61850-simulatorServer2/EssSimModelApi/ObjectPathResolver.cs:line 56
   at IEC61850_simulatorServer2.SimServer.GetExtIfVariableVal(String arg1) in /Users/songyinpei/jobs/old/LargeScale-EMS/LocalEMS/IEC61850-simulatorServer2/IedSimServer.cs:line 261
   at IEC61850_simulatorServer2.ModbusSimServer.GetModelValueStub(MapEntry entry) in /Users/songyinpei/jobs/old/LargeScale-EMS/LocalEMS/IEC61850-simulatorServer2/ModbusSimServer.cs:line 416
   at IEC61850_simulatorServer2.ModbusSimServer.ModelWorkerLoop(String modelType, List`1 entries) in /Users/songyinpei/jobs/old/LargeScale-EMS/LocalEMS/IEC61850-simulatorServer2/ModbusSimServer.cs:line 306

2025-12-04 08:52:47,252 [1] INFO  IEC61850_simulatorServer2.MainClass [37] - [Program] 应用启动，log4net 配置已尝试加载 

2025-12-04 08:52:49,383 [1] INFO  IEC61850_simulatorServer2.ModbusSimServer [109] - Device Connected, DeviceName : ModbusSimServer 

2025-12-04 08:52:49,385 [1] INFO  IEC61850_simulatorServer2.ModbusSimServer [144] - Started worker for modelType=4, count=7689 

2025-12-04 08:52:49,385 [1] INFO  IEC61850_simulatorServer2.ModbusSimServer [144] - Started worker for modelType=3, count=6 

2025-12-04 08:52:49,385 [1] INFO  IEC61850_simulatorServer2.ModbusSimServer [146] - All modelType workers started. 

2025-12-04 08:52:49,386 [7] INFO  IEC61850_simulatorServer2.ModbusSimServer [237] - Worker 3 loop running with 6 entries. 

2025-12-04 08:52:49,386 [6] INFO  IEC61850_simulatorServer2.ModbusSimServer [237] - Worker 4 loop running with 7689 entries. 

2025-12-04 08:52:51,443 [1] INFO  IEC61850_simulatorServer2.ModbusSimServer [109] - Device Connected, DeviceName : ModbusSimServer 

2025-12-04 08:52:51,444 [1] INFO  IEC61850_simulatorServer2.ModbusSimServer [144] - Started worker for modelType=4, count=7689 

2025-12-04 08:52:51,444 [8] INFO  IEC61850_simulatorServer2.ModbusSimServer [237] - Worker 4 loop running with 7689 entries. 

2025-12-04 08:52:51,445 [1] INFO  IEC61850_simulatorServer2.ModbusSimServer [144] - Started worker for modelType=3, count=6 

2025-12-04 08:52:51,445 [1] INFO  IEC61850_simulatorServer2.ModbusSimServer [146] - All modelType workers started. 

2025-12-04 08:52:51,445 [9] INFO  IEC61850_simulatorServer2.ModbusSimServer [237] - Worker 3 loop running with 6 entries. 

2025-12-04 08:52:53,463 [1] INFO  IEC61850_simulatorServer2.ModbusSimServer [109] - Device Connected, DeviceName : ModbusSimServer 

2025-12-04 08:52:53,464 [1] INFO  IEC61850_simulatorServer2.ModbusSimServer [144] - Started worker for modelType=4, count=138 

2025-12-04 08:52:53,464 [11] INFO  IEC61850_simulatorServer2.ModbusSimServer [237] - Worker 4 loop running with 138 entries. 

2025-12-04 08:52:53,464 [1] INFO  IEC61850_simulatorServer2.ModbusSimServer [144] - Started worker for modelType=2, count=10 

2025-12-04 08:52:53,464 [12] INFO  IEC61850_simulatorServer2.ModbusSimServer [237] - Worker 2 loop running with 10 entries. 

2025-12-04 08:52:53,464 [13] INFO  IEC61850_simulatorServer2.ModbusSimServer [237] - Worker 3 loop running with 1 entries. 

2025-12-04 08:52:53,464 [1] INFO  IEC61850_simulatorServer2.ModbusSimServer [144] - Started worker for modelType=3, count=1 

2025-12-04 08:52:53,465 [1] INFO  IEC61850_simulatorServer2.ModbusSimServer [144] - Started worker for modelType=5, count=1 

2025-12-04 08:52:53,465 [1] INFO  IEC61850_simulatorServer2.ModbusSimServer [146] - All modelType workers started. 

2025-12-04 08:52:53,465 [14] INFO  IEC61850_simulatorServer2.ModbusSimServer [237] - Worker 5 loop running with 1 entries. 

2025-12-04 09:04:57,137 [1] INFO  IEC61850_simulatorServer2.MainClass [37] - [Program] 应用启动，log4net 配置已尝试加载 

2025-12-04 09:04:59,608 [1] INFO  IEC61850_simulatorServer2.ModbusSimServer [109] - Device Connected, DeviceName : ModbusSimServer 

2025-12-04 09:04:59,609 [1] INFO  IEC61850_simulatorServer2.ModbusSimServer [144] - Started worker for modelType=4, count=7689 

2025-12-04 09:04:59,610 [1] INFO  IEC61850_simulatorServer2.ModbusSimServer [144] - Started worker for modelType=3, count=6 

2025-12-04 09:04:59,611 [7] INFO  IEC61850_simulatorServer2.ModbusSimServer [237] - Worker 3 loop running with 6 entries. 

2025-12-04 09:04:59,611 [6] INFO  IEC61850_simulatorServer2.ModbusSimServer [237] - Worker 4 loop running with 7689 entries. 

2025-12-04 09:04:59,611 [1] INFO  IEC61850_simulatorServer2.ModbusSimServer [146] - All modelType workers started. 

2025-12-04 09:05:33,849 [1] INFO  IEC61850_simulatorServer2.MainClass [37] - [Program] 应用启动，log4net 配置已尝试加载 

2025-12-04 09:05:36,295 [1] INFO  IEC61850_simulatorServer2.ModbusSimServer [109] - Device Connected, DeviceName : ModbusSimServer 

2025-12-04 09:05:36,295 [1] INFO  IEC61850_simulatorServer2.ModbusSimServer [144] - Started worker for modelType=4, count=7689 

2025-12-04 09:05:36,296 [1] INFO  IEC61850_simulatorServer2.ModbusSimServer [144] - Started worker for modelType=3, count=6 

2025-12-04 09:05:36,297 [1] INFO  IEC61850_simulatorServer2.ModbusSimServer [146] - All modelType workers started. 

2025-12-04 09:05:36,298 [7] INFO  IEC61850_simulatorServer2.ModbusSimServer [237] - Worker 3 loop running with 6 entries. 

2025-12-04 09:05:36,298 [6] INFO  IEC61850_simulatorServer2.ModbusSimServer [237] - Worker 4 loop running with 7689 entries. 

2025-12-04 09:08:11,725 [1] INFO  IEC61850_simulatorServer2.MainClass [37] - [Program] 应用启动，log4net 配置已尝试加载 

2025-12-04 09:08:14,234 [1] INFO  IEC61850_simulatorServer2.ModbusSimServer [109] - Device Connected, DeviceName : ModbusSimServer 

2025-12-04 09:08:14,234 [1] INFO  IEC61850_simulatorServer2.ModbusSimServer [144] - Started worker for modelType=4, count=7689 

2025-12-04 09:08:14,236 [1] INFO  IEC61850_simulatorServer2.ModbusSimServer [144] - Started worker for modelType=3, count=6 

2025-12-04 09:08:14,237 [1] INFO  IEC61850_simulatorServer2.ModbusSimServer [146] - All modelType workers started. 

2025-12-04 09:08:14,237 [6] INFO  IEC61850_simulatorServer2.ModbusSimServer [237] - Worker 4 loop running with 7689 entries. 

2025-12-04 09:08:14,237 [7] INFO  IEC61850_simulatorServer2.ModbusSimServer [237] - Worker 3 loop running with 6 entries. 

2025-12-04 09:09:27,194 [1] INFO  IEC61850_simulatorServer2.MainClass [37] - [Program] 应用启动，log4net 配置已尝试加载 

2025-12-04 09:09:29,690 [1] INFO  IEC61850_simulatorServer2.ModbusSimServer [109] - Device Connected, DeviceName : ModbusSimServer 

2025-12-04 09:09:29,691 [1] INFO  IEC61850_simulatorServer2.ModbusSimServer [144] - Started worker for modelType=4, count=7689 

2025-12-04 09:09:29,692 [1] INFO  IEC61850_simulatorServer2.ModbusSimServer [144] - Started worker for modelType=3, count=6 

2025-12-04 09:09:29,693 [1] INFO  IEC61850_simulatorServer2.ModbusSimServer [146] - All modelType workers started. 

2025-12-04 09:09:29,694 [6] INFO  IEC61850_simulatorServer2.ModbusSimServer [237] - Worker 4 loop running with 7689 entries. 

2025-12-04 09:09:29,694 [7] INFO  IEC61850_simulatorServer2.ModbusSimServer [237] - Worker 3 loop running with 6 entries. 

2025-12-04 09:10:59,525 [1] INFO  IEC61850_simulatorServer2.MainClass [37] - [Program] 应用启动，log4net 配置已尝试加载 

2025-12-04 09:11:02,100 [1] INFO  IEC61850_simulatorServer2.ModbusSimServer [109] - Device Connected, DeviceName : ModbusSimServer 

2025-12-04 09:11:02,101 [1] INFO  IEC61850_simulatorServer2.ModbusSimServer [144] - Started worker for modelType=4, count=7689 

2025-12-04 09:11:02,103 [1] INFO  IEC61850_simulatorServer2.ModbusSimServer [144] - Started worker for modelType=3, count=6 

2025-12-04 09:11:02,104 [1] INFO  IEC61850_simulatorServer2.ModbusSimServer [146] - All modelType workers started. 

2025-12-04 09:11:02,105 [6] INFO  IEC61850_simulatorServer2.ModbusSimServer [237] - Worker 4 loop running with 7689 entries. 

2025-12-04 09:11:02,105 [7] INFO  IEC61850_simulatorServer2.ModbusSimServer [237] - Worker 3 loop running with 6 entries. 

2025-12-04 09:11:55,499 [1] INFO  IEC61850_simulatorServer2.MainClass [37] - [Program] 应用启动，log4net 配置已尝试加载 

2025-12-04 09:11:57,897 [1] INFO  IEC61850_simulatorServer2.ModbusSimServer [109] - Device Connected, DeviceName : ModbusSimServer 

2025-12-04 09:11:57,898 [1] INFO  IEC61850_simulatorServer2.ModbusSimServer [144] - Started worker for modelType=4, count=7689 

2025-12-04 09:11:57,899 [1] INFO  IEC61850_simulatorServer2.ModbusSimServer [144] - Started worker for modelType=3, count=6 

2025-12-04 09:11:57,900 [1] INFO  IEC61850_simulatorServer2.ModbusSimServer [146] - All modelType workers started. 

2025-12-04 09:11:57,900 [11] INFO  IEC61850_simulatorServer2.ModbusSimServer [237] - Worker 4 loop running with 7689 entries. 

2025-12-04 09:11:57,900 [12] INFO  IEC61850_simulatorServer2.ModbusSimServer [237] - Worker 3 loop running with 6 entries. 

2025-12-04 09:33:01,991 [1] INFO  IEC61850_simulatorServer2.MainClass [37] - [Program] 应用启动，log4net 配置已尝试加载 

2025-12-04 09:33:04,346 [1] INFO  IEC61850_simulatorServer2.ModbusSimServer [108] - Device Connected, DeviceName : ModbusSimServer 

2025-12-04 09:33:04,347 [1] INFO  IEC61850_simulatorServer2.ModbusSimServer [143] - Started worker for modelType=4, count=7689 

2025-12-04 09:33:04,349 [1] INFO  IEC61850_simulatorServer2.ModbusSimServer [143] - Started worker for modelType=3, count=6 

2025-12-04 09:33:04,351 [1] INFO  IEC61850_simulatorServer2.ModbusSimServer [145] - All modelType workers started. 

2025-12-04 09:33:04,352 [11] INFO  IEC61850_simulatorServer2.ModbusSimServer [236] - Worker 4 loop running with 7689 entries. 

2025-12-04 09:33:04,352 [12] INFO  IEC61850_simulatorServer2.ModbusSimServer [236] - Worker 3 loop running with 6 entries. 

2025-12-04 09:33:20,407 [1] INFO  IEC61850_simulatorServer2.ModbusSimServer [108] - Device Connected, DeviceName : ModbusSimServer 

2025-12-04 09:33:20,483 [1] INFO  IEC61850_simulatorServer2.ModbusSimServer [143] - Started worker for modelType=4, count=7689 

2025-12-04 09:33:20,509 [13] INFO  IEC61850_simulatorServer2.ModbusSimServer [236] - Worker 4 loop running with 7689 entries. 

2025-12-04 09:33:20,512 [1] INFO  IEC61850_simulatorServer2.ModbusSimServer [143] - Started worker for modelType=3, count=6 

2025-12-04 09:33:20,564 [14] INFO  IEC61850_simulatorServer2.ModbusSimServer [236] - Worker 3 loop running with 6 entries. 

2025-12-04 09:33:20,592 [1] INFO  IEC61850_simulatorServer2.ModbusSimServer [145] - All modelType workers started. 

2025-12-04 09:33:27,022 [1] INFO  IEC61850_simulatorServer2.ModbusSimServer [108] - Device Connected, DeviceName : ModbusSimServer 

2025-12-04 09:33:27,128 [1] INFO  IEC61850_simulatorServer2.ModbusSimServer [143] - Started worker for modelType=4, count=138 

2025-12-04 09:33:27,128 [15] INFO  IEC61850_simulatorServer2.ModbusSimServer [236] - Worker 4 loop running with 138 entries. 

2025-12-04 09:33:27,208 [1] INFO  IEC61850_simulatorServer2.ModbusSimServer [143] - Started worker for modelType=2, count=10 

2025-12-04 09:33:27,208 [16] INFO  IEC61850_simulatorServer2.ModbusSimServer [236] - Worker 2 loop running with 10 entries. 

2025-12-04 09:33:27,339 [1] INFO  IEC61850_simulatorServer2.ModbusSimServer [143] - Started worker for modelType=3, count=1 

2025-12-04 09:33:27,391 [17] INFO  IEC61850_simulatorServer2.ModbusSimServer [236] - Worker 3 loop running with 1 entries. 

2025-12-04 09:33:27,520 [1] INFO  IEC61850_simulatorServer2.ModbusSimServer [143] - Started worker for modelType=5, count=1 

2025-12-04 09:33:27,654 [1] INFO  IEC61850_simulatorServer2.ModbusSimServer [145] - All modelType workers started. 

2025-12-04 09:33:27,571 [18] INFO  IEC61850_simulatorServer2.ModbusSimServer [236] - Worker 5 loop running with 1 entries. 

2025-12-04 09:41:43,097 [1] INFO  IEC61850_simulatorServer2.MainClass [37] - [Program] 应用启动，log4net 配置已尝试加载 

2025-12-04 09:41:45,520 [1] INFO  IEC61850_simulatorServer2.ModbusSimServer [108] - Device Connected, DeviceName : ModbusSimServer 

2025-12-04 09:41:45,521 [1] INFO  IEC61850_simulatorServer2.ModbusSimServer [143] - Started worker for modelType=4, count=7689 

2025-12-04 09:41:45,522 [1] INFO  IEC61850_simulatorServer2.ModbusSimServer [143] - Started worker for modelType=3, count=6 

2025-12-04 09:41:45,523 [6] INFO  IEC61850_simulatorServer2.ModbusSimServer [236] - Worker 4 loop running with 7689 entries. 

2025-12-04 09:41:45,523 [7] INFO  IEC61850_simulatorServer2.ModbusSimServer [236] - Worker 3 loop running with 6 entries. 

2025-12-04 09:41:45,524 [1] INFO  IEC61850_simulatorServer2.ModbusSimServer [145] - All modelType workers started. 

2025-12-04 09:42:37,503 [1] INFO  IEC61850_simulatorServer2.MainClass [37] - [Program] 应用启动，log4net 配置已尝试加载 

2025-12-04 09:42:39,889 [1] INFO  IEC61850_simulatorServer2.ModbusSimServer [108] - Device Connected, DeviceName : ModbusSimServer 

2025-12-04 09:42:39,890 [1] INFO  IEC61850_simulatorServer2.ModbusSimServer [143] - Started worker for modelType=4, count=7689 

2025-12-04 09:42:39,891 [1] INFO  IEC61850_simulatorServer2.ModbusSimServer [143] - Started worker for modelType=3, count=6 

2025-12-04 09:42:39,892 [1] INFO  IEC61850_simulatorServer2.ModbusSimServer [145] - All modelType workers started. 

2025-12-04 09:42:39,892 [6] INFO  IEC61850_simulatorServer2.ModbusSimServer [236] - Worker 4 loop running with 7689 entries. 

2025-12-04 09:42:39,892 [7] INFO  IEC61850_simulatorServer2.ModbusSimServer [236] - Worker 3 loop running with 6 entries. 

2025-12-04 09:42:42,728 [1] INFO  IEC61850_simulatorServer2.ModbusSimServer [108] - Device Connected, DeviceName : ModbusSimServer 

2025-12-04 09:42:42,755 [1] INFO  IEC61850_simulatorServer2.ModbusSimServer [143] - Started worker for modelType=4, count=7689 

2025-12-04 09:42:42,804 [8] INFO  IEC61850_simulatorServer2.ModbusSimServer [236] - Worker 4 loop running with 7689 entries. 

2025-12-04 09:42:42,805 [1] INFO  IEC61850_simulatorServer2.ModbusSimServer [143] - Started worker for modelType=3, count=6 

2025-12-04 09:42:42,857 [1] INFO  IEC61850_simulatorServer2.ModbusSimServer [145] - All modelType workers started. 

2025-12-04 09:42:42,857 [9] INFO  IEC61850_simulatorServer2.ModbusSimServer [236] - Worker 3 loop running with 6 entries. 

2025-12-04 09:59:55,150 [1] INFO  IEC61850_simulatorServer2.MainClass [37] - [Program] 应用启动，log4net 配置已尝试加载 

2025-12-04 09:59:57,656 [1] INFO  IEC61850_simulatorServer2.ModbusSimServer [108] - Device Connected, DeviceName : ModbusSimServer 

2025-12-04 09:59:57,657 [1] INFO  IEC61850_simulatorServer2.ModbusSimServer [143] - Started worker for modelType=4, count=7689 

2025-12-04 09:59:57,658 [1] INFO  IEC61850_simulatorServer2.ModbusSimServer [143] - Started worker for modelType=3, count=6 

2025-12-04 09:59:57,659 [1] INFO  IEC61850_simulatorServer2.ModbusSimServer [145] - All modelType workers started. 

2025-12-04 09:59:57,660 [7] INFO  IEC61850_simulatorServer2.ModbusSimServer [236] - Worker 3 loop running with 6 entries. 

2025-12-04 09:59:57,660 [6] INFO  IEC61850_simulatorServer2.ModbusSimServer [236] - Worker 4 loop running with 7689 entries. 

2025-12-04 10:00:00,472 [1] INFO  IEC61850_simulatorServer2.ModbusSimServer [108] - Device Connected, DeviceName : ModbusSimServer 

2025-12-04 10:00:00,501 [1] INFO  IEC61850_simulatorServer2.ModbusSimServer [143] - Started worker for modelType=4, count=7689 

2025-12-04 10:00:00,527 [8] INFO  IEC61850_simulatorServer2.ModbusSimServer [236] - Worker 4 loop running with 7689 entries. 

2025-12-04 10:00:00,554 [9] INFO  IEC61850_simulatorServer2.ModbusSimServer [236] - Worker 3 loop running with 6 entries. 

2025-12-04 10:00:00,528 [1] INFO  IEC61850_simulatorServer2.ModbusSimServer [143] - Started worker for modelType=3, count=6 

2025-12-04 10:00:00,581 [1] INFO  IEC61850_simulatorServer2.ModbusSimServer [145] - All modelType workers started. 

2025-12-04 10:00:02,972 [1] INFO  IEC61850_simulatorServer2.ModbusSimServer [108] - Device Connected, DeviceName : ModbusSimServer 

2025-12-04 10:00:03,113 [1] INFO  IEC61850_simulatorServer2.ModbusSimServer [143] - Started worker for modelType=4, count=138 

2025-12-04 10:00:03,140 [10] INFO  IEC61850_simulatorServer2.ModbusSimServer [236] - Worker 4 loop running with 138 entries. 

2025-12-04 10:00:03,230 [1] INFO  IEC61850_simulatorServer2.ModbusSimServer [143] - Started worker for modelType=2, count=10 

2025-12-04 10:00:03,308 [11] INFO  IEC61850_simulatorServer2.ModbusSimServer [236] - Worker 2 loop running with 10 entries. 

2025-12-04 10:00:03,389 [1] INFO  IEC61850_simulatorServer2.ModbusSimServer [143] - Started worker for modelType=3, count=1 

2025-12-04 10:00:03,520 [12] INFO  IEC61850_simulatorServer2.ModbusSimServer [236] - Worker 3 loop running with 1 entries. 

2025-12-04 10:00:03,576 [1] INFO  IEC61850_simulatorServer2.ModbusSimServer [143] - Started worker for modelType=5, count=1 

2025-12-04 10:00:03,684 [1] INFO  IEC61850_simulatorServer2.ModbusSimServer [145] - All modelType workers started. 

2025-12-04 10:00:03,630 [13] INFO  IEC61850_simulatorServer2.ModbusSimServer [236] - Worker 5 loop running with 1 entries. 

2025-12-04 10:01:11,287 [1] INFO  IEC61850_simulatorServer2.MainClass [37] - [Program] 应用启动，log4net 配置已尝试加载 

2025-12-04 10:01:43,704 [1] INFO  IEC61850_simulatorServer2.ModbusSimServer [108] - Device Connected, DeviceName : ModbusSimServer 

2025-12-04 10:01:43,717 [1] INFO  IEC61850_simulatorServer2.ModbusSimServer [143] - Started worker for modelType=4, count=7689 

2025-12-04 10:01:43,720 [1] INFO  IEC61850_simulatorServer2.ModbusSimServer [143] - Started worker for modelType=3, count=6 

2025-12-04 10:01:43,721 [1] INFO  IEC61850_simulatorServer2.ModbusSimServer [145] - All modelType workers started. 

2025-12-04 10:01:46,545 [6] INFO  IEC61850_simulatorServer2.ModbusSimServer [236] - Worker 4 loop running with 7689 entries. 

2025-12-04 10:01:46,572 [7] INFO  IEC61850_simulatorServer2.ModbusSimServer [236] - Worker 3 loop running with 6 entries. 

2025-12-04 10:02:24,380 [1] INFO  IEC61850_simulatorServer2.ModbusSimServer [108] - Device Connected, DeviceName : ModbusSimServer 

2025-12-04 10:03:14,564 [1] INFO  IEC61850_simulatorServer2.MainClass [37] - [Program] 应用启动，log4net 配置已尝试加载 

2025-12-04 10:08:24,791 [1] INFO  IEC61850_simulatorServer2.MainClass [37] - [Program] 应用启动，log4net 配置已尝试加载 

2025-12-04 10:08:28,128 [1] INFO  IEC61850_simulatorServer2.MainClass [37] - [Program] 应用启动，log4net 配置已尝试加载 

2025-12-04 10:08:58,406 [1] INFO  IEC61850_simulatorServer2.ModbusSimServer [108] - Device Connected, DeviceName : ModbusSimServer 

2025-12-04 10:09:11,221 [1] INFO  IEC61850_simulatorServer2.ModbusSimServer [143] - Started worker for modelType=4, count=7689 

2025-12-04 10:09:11,246 [1] INFO  IEC61850_simulatorServer2.ModbusSimServer [145] - All modelType workers started. 

2025-12-04 10:09:22,651 [6] INFO  IEC61850_simulatorServer2.ModbusSimServer [236] - Worker 4 loop running with 7689 entries. 

2025-12-04 10:09:25,569 [1] INFO  IEC61850_simulatorServer2.ModbusSimServer [108] - Device Connected, DeviceName : ModbusSimServer 

2025-12-04 10:09:25,597 [1] INFO  IEC61850_simulatorServer2.ModbusSimServer [143] - Started worker for modelType=4, count=7689 

2025-12-04 10:09:25,650 [1] INFO  IEC61850_simulatorServer2.ModbusSimServer [145] - All modelType workers started. 

2025-12-04 10:09:25,649 [7] INFO  IEC61850_simulatorServer2.ModbusSimServer [236] - Worker 4 loop running with 7689 entries. 

2025-12-04 10:09:27,847 [1] INFO  IEC61850_simulatorServer2.ModbusSimServer [108] - Device Connected, DeviceName : ModbusSimServer 

2025-12-04 10:09:27,880 [1] INFO  IEC61850_simulatorServer2.ModbusSimServer [143] - Started worker for modelType=4, count=147 

2025-12-04 10:09:27,968 [8] INFO  IEC61850_simulatorServer2.ModbusSimServer [236] - Worker 4 loop running with 147 entries. 

2025-12-04 10:09:28,059 [9] INFO  IEC61850_simulatorServer2.ModbusSimServer [236] - Worker 2 loop running with 5 entries. 

2025-12-04 10:09:28,002 [1] INFO  IEC61850_simulatorServer2.ModbusSimServer [143] - Started worker for modelType=2, count=5 

2025-12-04 10:09:28,144 [1] INFO  IEC61850_simulatorServer2.ModbusSimServer [145] - All modelType workers started. 

2025-12-04 10:09:32,560 [1] INFO  IEC61850_simulatorServer2.MainClass [37] - [Program] 应用启动，log4net 配置已尝试加载 

2025-12-04 10:09:34,977 [1] INFO  IEC61850_simulatorServer2.ModbusSimServer [108] - Device Connected, DeviceName : ModbusSimServer 

2025-12-04 10:09:34,978 [1] INFO  IEC61850_simulatorServer2.ModbusSimServer [143] - Started worker for modelType=4, count=7689 

2025-12-04 10:09:34,980 [1] INFO  IEC61850_simulatorServer2.ModbusSimServer [145] - All modelType workers started. 

2025-12-04 10:09:34,981 [6] INFO  IEC61850_simulatorServer2.ModbusSimServer [236] - Worker 4 loop running with 7689 entries. 

2025-12-04 10:09:37,672 [1] INFO  IEC61850_simulatorServer2.ModbusSimServer [108] - Device Connected, DeviceName : ModbusSimServer 

2025-12-04 10:09:37,722 [1] INFO  IEC61850_simulatorServer2.ModbusSimServer [143] - Started worker for modelType=4, count=7689 

2025-12-04 10:09:37,772 [1] INFO  IEC61850_simulatorServer2.ModbusSimServer [145] - All modelType workers started. 

2025-12-04 10:09:37,772 [7] INFO  IEC61850_simulatorServer2.ModbusSimServer [236] - Worker 4 loop running with 7689 entries. 

2025-12-04 10:09:40,163 [1] INFO  IEC61850_simulatorServer2.ModbusSimServer [108] - Device Connected, DeviceName : ModbusSimServer 

2025-12-04 10:09:40,198 [1] INFO  IEC61850_simulatorServer2.ModbusSimServer [143] - Started worker for modelType=4, count=147 

2025-12-04 10:09:40,252 [8] INFO  IEC61850_simulatorServer2.ModbusSimServer [236] - Worker 4 loop running with 147 entries. 

2025-12-04 10:09:40,281 [1] INFO  IEC61850_simulatorServer2.ModbusSimServer [143] - Started worker for modelType=2, count=5 

2025-12-04 10:09:40,373 [1] INFO  IEC61850_simulatorServer2.ModbusSimServer [145] - All modelType workers started. 

2025-12-04 10:09:40,314 [9] INFO  IEC61850_simulatorServer2.ModbusSimServer [236] - Worker 2 loop running with 5 entries. 

2025-12-04 10:13:08,489 [1] INFO  IEC61850_simulatorServer2.MainClass [37] - [Program] 应用启动，log4net 配置已尝试加载 

2025-12-04 10:13:10,887 [1] INFO  IEC61850_simulatorServer2.ModbusSimServer [108] - Device Connected, DeviceName : ModbusSimServer 

2025-12-04 10:13:10,888 [1] INFO  IEC61850_simulatorServer2.ModbusSimServer [143] - Started worker for modelType=4, count=7689 

2025-12-04 10:13:10,889 [1] INFO  IEC61850_simulatorServer2.ModbusSimServer [145] - All modelType workers started. 

2025-12-04 10:13:10,890 [6] INFO  IEC61850_simulatorServer2.ModbusSimServer [236] - Worker 4 loop running with 7689 entries. 

2025-12-04 10:13:22,844 [1] INFO  IEC61850_simulatorServer2.ModbusSimServer [108] - Device Connected, DeviceName : ModbusSimServer 

2025-12-04 10:13:22,873 [1] INFO  IEC61850_simulatorServer2.ModbusSimServer [143] - Started worker for modelType=4, count=7689 

2025-12-04 10:13:22,876 [1] INFO  IEC61850_simulatorServer2.ModbusSimServer [145] - All modelType workers started. 

2025-12-04 10:13:22,875 [7] INFO  IEC61850_simulatorServer2.ModbusSimServer [236] - Worker 4 loop running with 7689 entries. 

2025-12-04 10:13:26,942 [1] INFO  IEC61850_simulatorServer2.ModbusSimServer [108] - Device Connected, DeviceName : ModbusSimServer 

2025-12-04 10:13:27,048 [1] INFO  IEC61850_simulatorServer2.ModbusSimServer [143] - Started worker for modelType=4, count=147 

2025-12-04 10:13:27,101 [8] INFO  IEC61850_simulatorServer2.ModbusSimServer [236] - Worker 4 loop running with 147 entries. 

2025-12-04 10:13:27,183 [1] INFO  IEC61850_simulatorServer2.ModbusSimServer [143] - Started worker for modelType=2, count=5 

2025-12-04 10:13:27,265 [1] INFO  IEC61850_simulatorServer2.ModbusSimServer [145] - All modelType workers started. 

2025-12-04 10:13:27,210 [9] INFO  IEC61850_simulatorServer2.ModbusSimServer [236] - Worker 2 loop running with 5 entries. 

2025-12-04 10:16:30,089 [1] INFO  IEC61850_simulatorServer2.MainClass [37] - [Program] 应用启动，log4net 配置已尝试加载 

2025-12-04 10:16:32,482 [1] INFO  IEC61850_simulatorServer2.ModbusSimServer [108] - Device Connected, DeviceName : ModbusSimServer 

2025-12-04 10:16:32,482 [1] INFO  IEC61850_simulatorServer2.ModbusSimServer [143] - Started worker for modelType=4, count=7689 

2025-12-04 10:16:32,483 [1] INFO  IEC61850_simulatorServer2.ModbusSimServer [145] - All modelType workers started. 

2025-12-04 10:16:32,484 [6] INFO  IEC61850_simulatorServer2.ModbusSimServer [236] - Worker 4 loop running with 7689 entries. 

2025-12-04 10:16:35,323 [1] INFO  IEC61850_simulatorServer2.ModbusSimServer [108] - Device Connected, DeviceName : ModbusSimServer 

2025-12-04 10:16:35,377 [1] INFO  IEC61850_simulatorServer2.ModbusSimServer [143] - Started worker for modelType=4, count=7689 

2025-12-04 10:16:35,423 [7] INFO  IEC61850_simulatorServer2.ModbusSimServer [236] - Worker 4 loop running with 7689 entries. 

2025-12-04 10:16:35,450 [1] INFO  IEC61850_simulatorServer2.ModbusSimServer [145] - All modelType workers started. 

2025-12-04 10:16:37,883 [1] INFO  IEC61850_simulatorServer2.ModbusSimServer [108] - Device Connected, DeviceName : ModbusSimServer 

2025-12-04 10:16:37,963 [1] INFO  IEC61850_simulatorServer2.ModbusSimServer [143] - Started worker for modelType=4, count=147 

2025-12-04 10:16:38,045 [8] INFO  IEC61850_simulatorServer2.ModbusSimServer [236] - Worker 4 loop running with 147 entries. 

2025-12-04 10:16:38,046 [1] INFO  IEC61850_simulatorServer2.ModbusSimServer [143] - Started worker for modelType=2, count=5 

2025-12-04 10:16:38,075 [1] INFO  IEC61850_simulatorServer2.ModbusSimServer [145] - All modelType workers started. 

2025-12-04 10:16:38,102 [9] INFO  IEC61850_simulatorServer2.ModbusSimServer [236] - Worker 2 loop running with 5 entries. 

2025-12-04 10:17:31,611 [1] INFO  IEC61850_simulatorServer2.MainClass [37] - [Program] 应用启动，log4net 配置已尝试加载 

2025-12-04 10:17:34,008 [1] INFO  IEC61850_simulatorServer2.ModbusSimServer [108] - Device Connected, DeviceName : ModbusSimServer 

2025-12-04 10:17:34,009 [1] INFO  IEC61850_simulatorServer2.ModbusSimServer [143] - Started worker for modelType=4, count=7689 

2025-12-04 10:17:34,010 [1] INFO  IEC61850_simulatorServer2.ModbusSimServer [145] - All modelType workers started. 

2025-12-04 10:17:34,011 [6] INFO  IEC61850_simulatorServer2.ModbusSimServer [236] - Worker 4 loop running with 7689 entries. 

2025-12-04 10:17:36,790 [1] INFO  IEC61850_simulatorServer2.ModbusSimServer [108] - Device Connected, DeviceName : ModbusSimServer 

2025-12-04 10:17:36,819 [1] INFO  IEC61850_simulatorServer2.ModbusSimServer [143] - Started worker for modelType=4, count=7689 

2025-12-04 10:17:36,846 [1] INFO  IEC61850_simulatorServer2.ModbusSimServer [145] - All modelType workers started. 

2025-12-04 10:17:36,845 [7] INFO  IEC61850_simulatorServer2.ModbusSimServer [236] - Worker 4 loop running with 7689 entries. 

2025-12-04 10:17:39,341 [1] INFO  IEC61850_simulatorServer2.ModbusSimServer [108] - Device Connected, DeviceName : ModbusSimServer 

2025-12-04 10:17:39,379 [1] INFO  IEC61850_simulatorServer2.ModbusSimServer [143] - Started worker for modelType=4, count=147 

2025-12-04 10:17:39,458 [8] INFO  IEC61850_simulatorServer2.ModbusSimServer [236] - Worker 4 loop running with 147 entries. 

2025-12-04 10:17:39,512 [1] INFO  IEC61850_simulatorServer2.ModbusSimServer [143] - Started worker for modelType=2, count=5 

2025-12-04 10:17:39,534 [9] INFO  IEC61850_simulatorServer2.ModbusSimServer [236] - Worker 2 loop running with 5 entries. 

2025-12-04 10:17:39,664 [1] INFO  IEC61850_simulatorServer2.ModbusSimServer [145] - All modelType workers started. 

2025-12-04 10:18:14,811 [1] INFO  IEC61850_simulatorServer2.MainClass [37] - [Program] 应用启动，log4net 配置已尝试加载 

2025-12-04 10:18:17,194 [1] INFO  IEC61850_simulatorServer2.ModbusSimServer [110] - Device Connected, DeviceName : ModbusSimServer 

2025-12-04 10:18:17,195 [1] INFO  IEC61850_simulatorServer2.ModbusSimServer [145] - Started worker for modelType=4, count=7689 

2025-12-04 10:18:17,196 [1] INFO  IEC61850_simulatorServer2.ModbusSimServer [147] - All modelType workers started. 

2025-12-04 10:18:17,197 [6] INFO  IEC61850_simulatorServer2.ModbusSimServer [238] - Worker 4 loop running with 7689 entries. 

2025-12-04 10:18:19,259 [1] INFO  IEC61850_simulatorServer2.ModbusSimServer [110] - Device Connected, DeviceName : ModbusSimServer 

2025-12-04 10:18:19,262 [1] INFO  IEC61850_simulatorServer2.ModbusSimServer [145] - Started worker for modelType=4, count=147 

2025-12-04 10:18:19,314 [7] INFO  IEC61850_simulatorServer2.ModbusSimServer [238] - Worker 4 loop running with 147 entries. 

2025-12-04 10:18:19,341 [1] INFO  IEC61850_simulatorServer2.ModbusSimServer [145] - Started worker for modelType=2, count=5 

2025-12-04 10:18:19,395 [1] INFO  IEC61850_simulatorServer2.ModbusSimServer [147] - All modelType workers started. 

2025-12-04 10:18:19,367 [8] INFO  IEC61850_simulatorServer2.ModbusSimServer [238] - Worker 2 loop running with 5 entries. 

2025-12-04 10:18:47,661 [1] INFO  IEC61850_simulatorServer2.MainClass [37] - [Program] 应用启动，log4net 配置已尝试加载 

2025-12-04 10:18:50,046 [1] INFO  IEC61850_simulatorServer2.ModbusSimServer [110] - Device Connected, DeviceName : ModbusSimServer 

2025-12-04 10:18:50,047 [1] INFO  IEC61850_simulatorServer2.ModbusSimServer [145] - Started worker for modelType=4, count=7689 

2025-12-04 10:18:50,048 [1] INFO  IEC61850_simulatorServer2.ModbusSimServer [147] - All modelType workers started. 

2025-12-04 10:18:50,049 [6] INFO  IEC61850_simulatorServer2.ModbusSimServer [238] - Worker 4 loop running with 7689 entries. 

2025-12-04 10:18:52,135 [1] INFO  IEC61850_simulatorServer2.ModbusSimServer [110] - Device Connected, DeviceName : ModbusSimServer 

2025-12-04 10:18:52,139 [1] INFO  IEC61850_simulatorServer2.ModbusSimServer [145] - Started worker for modelType=4, count=147 

2025-12-04 10:18:52,191 [7] INFO  IEC61850_simulatorServer2.ModbusSimServer [238] - Worker 4 loop running with 147 entries. 

2025-12-04 10:18:52,191 [1] INFO  IEC61850_simulatorServer2.ModbusSimServer [145] - Started worker for modelType=2, count=5 

2025-12-04 10:18:52,247 [1] INFO  IEC61850_simulatorServer2.ModbusSimServer [147] - All modelType workers started. 

2025-12-04 10:18:52,244 [8] INFO  IEC61850_simulatorServer2.ModbusSimServer [238] - Worker 2 loop running with 5 entries. 

2025-12-04 10:19:06,806 [1] INFO  IEC61850_simulatorServer2.MainClass [37] - [Program] 应用启动，log4net 配置已尝试加载 

2025-12-04 10:19:09,196 [1] INFO  IEC61850_simulatorServer2.ModbusSimServer [110] - Device Connected, DeviceName : ModbusSimServer 

2025-12-04 10:19:09,197 [1] INFO  IEC61850_simulatorServer2.ModbusSimServer [145] - Started worker for modelType=4, count=7689 

2025-12-04 10:19:09,198 [1] INFO  IEC61850_simulatorServer2.ModbusSimServer [147] - All modelType workers started. 

2025-12-04 10:19:09,198 [6] INFO  IEC61850_simulatorServer2.ModbusSimServer [238] - Worker 4 loop running with 7689 entries. 

2025-12-04 10:19:11,259 [1] INFO  IEC61850_simulatorServer2.ModbusSimServer [110] - Device Connected, DeviceName : ModbusSimServer 

2025-12-04 10:19:11,263 [1] INFO  IEC61850_simulatorServer2.ModbusSimServer [145] - Started worker for modelType=4, count=147 

2025-12-04 10:19:11,310 [7] INFO  IEC61850_simulatorServer2.ModbusSimServer [238] - Worker 4 loop running with 147 entries. 

2025-12-04 10:19:11,312 [1] INFO  IEC61850_simulatorServer2.ModbusSimServer [145] - Started worker for modelType=2, count=5 

2025-12-04 10:19:11,364 [8] INFO  IEC61850_simulatorServer2.ModbusSimServer [238] - Worker 2 loop running with 5 entries. 

2025-12-04 10:19:11,392 [1] INFO  IEC61850_simulatorServer2.ModbusSimServer [147] - All modelType workers started. 

2025-12-04 10:19:46,436 [1] INFO  IEC61850_simulatorServer2.MainClass [37] - [Program] 应用启动，log4net 配置已尝试加载 

2025-12-04 10:19:48,860 [1] INFO  IEC61850_simulatorServer2.ModbusSimServer [110] - Device Connected, DeviceName : ModbusSimServer 

2025-12-04 10:19:48,861 [1] INFO  IEC61850_simulatorServer2.ModbusSimServer [145] - Started worker for modelType=4, count=7689 

2025-12-04 10:19:48,862 [1] INFO  IEC61850_simulatorServer2.ModbusSimServer [147] - All modelType workers started. 

2025-12-04 10:19:48,862 [6] INFO  IEC61850_simulatorServer2.ModbusSimServer [238] - Worker 4 loop running with 7689 entries. 

2025-12-04 10:19:50,899 [1] INFO  IEC61850_simulatorServer2.ModbusSimServer [110] - Device Connected, DeviceName : ModbusSimServer 

2025-12-04 10:19:50,926 [1] INFO  IEC61850_simulatorServer2.ModbusSimServer [145] - Started worker for modelType=4, count=147 

2025-12-04 10:19:50,976 [7] INFO  IEC61850_simulatorServer2.ModbusSimServer [238] - Worker 4 loop running with 147 entries. 

2025-12-04 10:19:50,978 [1] INFO  IEC61850_simulatorServer2.ModbusSimServer [145] - Started worker for modelType=2, count=5 

2025-12-04 10:19:51,026 [8] INFO  IEC61850_simulatorServer2.ModbusSimServer [238] - Worker 2 loop running with 5 entries. 

2025-12-04 10:19:51,029 [1] INFO  IEC61850_simulatorServer2.ModbusSimServer [147] - All modelType workers started. 

2025-12-04 10:20:22,132 [1] INFO  IEC61850_simulatorServer2.MainClass [37] - [Program] 应用启动，log4net 配置已尝试加载 

2025-12-04 10:20:24,540 [1] INFO  IEC61850_simulatorServer2.ModbusSimServer [110] - Device Connected, DeviceName : ModbusSimServer 

2025-12-04 10:20:24,541 [1] INFO  IEC61850_simulatorServer2.ModbusSimServer [145] - Started worker for modelType=4, count=7689 

2025-12-04 10:20:24,542 [1] INFO  IEC61850_simulatorServer2.ModbusSimServer [147] - All modelType workers started. 

2025-12-04 10:20:24,542 [6] INFO  IEC61850_simulatorServer2.ModbusSimServer [238] - Worker 4 loop running with 7689 entries. 

2025-12-04 10:20:26,625 [1] INFO  IEC61850_simulatorServer2.ModbusSimServer [110] - Device Connected, DeviceName : ModbusSimServer 

2025-12-04 10:20:26,653 [1] INFO  IEC61850_simulatorServer2.ModbusSimServer [145] - Started worker for modelType=4, count=147 

2025-12-04 10:20:26,677 [7] INFO  IEC61850_simulatorServer2.ModbusSimServer [238] - Worker 4 loop running with 147 entries. 

2025-12-04 10:20:26,680 [1] INFO  IEC61850_simulatorServer2.ModbusSimServer [145] - Started worker for modelType=2, count=5 

2025-12-04 10:20:26,706 [8] INFO  IEC61850_simulatorServer2.ModbusSimServer [238] - Worker 2 loop running with 5 entries. 

2025-12-04 10:20:26,710 [1] INFO  IEC61850_simulatorServer2.ModbusSimServer [147] - All modelType workers started. 

2025-12-04 10:22:01,730 [1] INFO  IEC61850_simulatorServer2.MainClass [37] - [Program] 应用启动，log4net 配置已尝试加载 

2025-12-04 10:22:04,125 [1] INFO  IEC61850_simulatorServer2.ModbusSimServer [110] - Device Connected, DeviceName : ModbusSimServer 

2025-12-04 10:22:04,126 [1] INFO  IEC61850_simulatorServer2.ModbusSimServer [145] - Started worker for modelType=4, count=7689 

2025-12-04 10:22:04,127 [1] INFO  IEC61850_simulatorServer2.ModbusSimServer [147] - All modelType workers started. 

2025-12-04 10:22:04,128 [6] INFO  IEC61850_simulatorServer2.ModbusSimServer [238] - Worker 4 loop running with 7689 entries. 

2025-12-04 10:22:06,164 [1] INFO  IEC61850_simulatorServer2.ModbusSimServer [110] - Device Connected, DeviceName : ModbusSimServer 

2025-12-04 10:22:06,193 [1] INFO  IEC61850_simulatorServer2.ModbusSimServer [145] - Started worker for modelType=4, count=147 

2025-12-04 10:22:06,240 [7] INFO  IEC61850_simulatorServer2.ModbusSimServer [238] - Worker 4 loop running with 147 entries. 

2025-12-04 10:22:06,241 [1] INFO  IEC61850_simulatorServer2.ModbusSimServer [145] - Started worker for modelType=2, count=5 

2025-12-04 10:22:06,291 [1] INFO  IEC61850_simulatorServer2.ModbusSimServer [147] - All modelType workers started. 

2025-12-04 10:22:06,290 [8] INFO  IEC61850_simulatorServer2.ModbusSimServer [238] - Worker 2 loop running with 5 entries. 

2025-12-04 10:22:27,329 [1] INFO  IEC61850_simulatorServer2.MainClass [37] - [Program] 应用启动，log4net 配置已尝试加载 

2025-12-04 10:22:29,769 [1] INFO  IEC61850_simulatorServer2.ModbusSimServer [110] - Device Connected, DeviceName : ModbusSimServer 

2025-12-04 10:22:29,770 [1] INFO  IEC61850_simulatorServer2.ModbusSimServer [136] - Started worker for modelType=4, count=7689 

2025-12-04 10:22:29,771 [1] INFO  IEC61850_simulatorServer2.ModbusSimServer [138] - All modelType workers started. 

2025-12-04 10:22:34,112 [6] INFO  IEC61850_simulatorServer2.ModbusSimServer [172] - Worker 4 loop running with 7689 entries. 

2025-12-04 10:22:38,134 [1] INFO  IEC61850_simulatorServer2.ModbusSimServer [110] - Device Connected, DeviceName : ModbusSimServer 

2025-12-04 10:22:38,134 [1] INFO  IEC61850_simulatorServer2.ModbusSimServer [136] - Started worker for modelType=4, count=147 

2025-12-04 10:22:38,158 [7] INFO  IEC61850_simulatorServer2.ModbusSimServer [172] - Worker 4 loop running with 147 entries. 

2025-12-04 10:22:38,158 [1] INFO  IEC61850_simulatorServer2.ModbusSimServer [136] - Started worker for modelType=2, count=5 

2025-12-04 10:22:38,184 [8] INFO  IEC61850_simulatorServer2.ModbusSimServer [172] - Worker 2 loop running with 5 entries. 

2025-12-04 10:22:38,185 [1] INFO  IEC61850_simulatorServer2.ModbusSimServer [138] - All modelType workers started. 

2025-12-04 10:26:06,353 [1] INFO  IEC61850_simulatorServer2.MainClass [37] - [Program] 应用启动，log4net 配置已尝试加载 

2025-12-04 10:26:08,699 [1] INFO  IEC61850_simulatorServer2.ModbusSimServer [110] - Device Connected, DeviceName : ModbusSimServer 

2025-12-04 10:26:08,700 [1] INFO  IEC61850_simulatorServer2.ModbusSimServer [136] - Started worker for modelType=4, count=7689 

2025-12-04 10:26:08,701 [1] INFO  IEC61850_simulatorServer2.ModbusSimServer [138] - All modelType workers started. 

2025-12-04 10:26:08,701 [6] INFO  IEC61850_simulatorServer2.ModbusSimServer [172] - Worker 4 loop running with 7689 entries. 

2025-12-04 10:26:22,614 [1] INFO  IEC61850_simulatorServer2.ModbusSimServer [110] - Device Connected, DeviceName : ModbusSimServer 

2025-12-04 10:26:22,614 [1] INFO  IEC61850_simulatorServer2.ModbusSimServer [136] - Started worker for modelType=4, count=147 

2025-12-04 10:26:22,640 [7] INFO  IEC61850_simulatorServer2.ModbusSimServer [172] - Worker 4 loop running with 147 entries. 

2025-12-04 10:26:22,686 [1] INFO  IEC61850_simulatorServer2.ModbusSimServer [136] - Started worker for modelType=2, count=5 

2025-12-04 10:26:22,740 [1] INFO  IEC61850_simulatorServer2.ModbusSimServer [138] - All modelType workers started. 

2025-12-04 10:26:22,712 [8] INFO  IEC61850_simulatorServer2.ModbusSimServer [172] - Worker 2 loop running with 5 entries. 

2025-12-04 10:29:13,522 [1] INFO  IEC61850_simulatorServer2.MainClass [37] - [Program] 应用启动，log4net 配置已尝试加载 

2025-12-04 10:29:15,931 [1] INFO  IEC61850_simulatorServer2.ModbusSimServer [110] - Device Connected, DeviceName : ModbusSimServer 

2025-12-04 10:29:15,931 [1] INFO  IEC61850_simulatorServer2.ModbusSimServer [136] - Started worker for modelType=4, count=7689 

2025-12-04 10:29:15,933 [1] INFO  IEC61850_simulatorServer2.ModbusSimServer [138] - All modelType workers started. 

2025-12-04 10:29:15,933 [6] INFO  IEC61850_simulatorServer2.ModbusSimServer [172] - Worker 4 loop running with 7689 entries. 

2025-12-04 10:29:17,993 [1] INFO  IEC61850_simulatorServer2.ModbusSimServer [110] - Device Connected, DeviceName : ModbusSimServer 

2025-12-04 10:29:17,997 [1] INFO  IEC61850_simulatorServer2.ModbusSimServer [136] - Started worker for modelType=4, count=147 

2025-12-04 10:29:18,044 [7] INFO  IEC61850_simulatorServer2.ModbusSimServer [172] - Worker 4 loop running with 147 entries. 

2025-12-04 10:29:18,070 [1] INFO  IEC61850_simulatorServer2.ModbusSimServer [136] - Started worker for modelType=2, count=5 

2025-12-04 10:29:18,072 [1] INFO  IEC61850_simulatorServer2.ModbusSimServer [138] - All modelType workers started. 

2025-12-04 10:29:18,070 [8] INFO  IEC61850_simulatorServer2.ModbusSimServer [172] - Worker 2 loop running with 5 entries. 

2025-12-04 10:29:50,649 [1] INFO  IEC61850_simulatorServer2.MainClass [37] - [Program] 应用启动，log4net 配置已尝试加载 

2025-12-04 10:29:53,047 [1] INFO  IEC61850_simulatorServer2.ModbusSimServer [110] - Device Connected, DeviceName : bms 

2025-12-04 10:29:53,048 [1] INFO  IEC61850_simulatorServer2.ModbusSimServer [136] - Started worker for modelType=4, count=7689 

2025-12-04 10:29:53,049 [1] INFO  IEC61850_simulatorServer2.ModbusSimServer [138] - All modelType workers started. 

2025-12-04 10:29:53,050 [6] INFO  IEC61850_simulatorServer2.ModbusSimServer [172] - Worker 4 loop running with 7689 entries. 

2025-12-04 10:29:58,617 [1] INFO  IEC61850_simulatorServer2.ModbusSimServer [110] - Device Connected, DeviceName : emu 

2025-12-04 10:29:58,618 [1] INFO  IEC61850_simulatorServer2.ModbusSimServer [136] - Started worker for modelType=4, count=147 

2025-12-04 10:29:58,670 [7] INFO  IEC61850_simulatorServer2.ModbusSimServer [172] - Worker 4 loop running with 147 entries. 

2025-12-04 10:29:58,670 [1] INFO  IEC61850_simulatorServer2.ModbusSimServer [136] - Started worker for modelType=2, count=5 

2025-12-04 10:29:58,695 [8] INFO  IEC61850_simulatorServer2.ModbusSimServer [172] - Worker 2 loop running with 5 entries. 

2025-12-04 10:29:58,746 [1] INFO  IEC61850_simulatorServer2.ModbusSimServer [138] - All modelType workers started. 

2025-12-04 10:39:58,370 [1] INFO  IEC61850_simulatorServer2.MainClass [37] - [Program] 应用启动，log4net 配置已尝试加载 

2025-12-04 10:40:00,744 [1] INFO  IEC61850_simulatorServer2.ModbusSimServer [110] - Device Connected, DeviceName : bms 

2025-12-04 10:40:00,745 [1] INFO  IEC61850_simulatorServer2.ModbusSimServer [136] - Started worker for modelType=4, count=7689 

2025-12-04 10:40:00,746 [1] INFO  IEC61850_simulatorServer2.ModbusSimServer [138] - All modelType workers started. 

2025-12-04 10:40:00,746 [6] INFO  IEC61850_simulatorServer2.ModbusSimServer [172] - Worker 4 loop running with 7689 entries. 

2025-12-04 10:40:08,132 [1] INFO  IEC61850_simulatorServer2.ModbusSimServer [110] - Device Connected, DeviceName : emu 

2025-12-04 10:40:08,132 [1] INFO  IEC61850_simulatorServer2.ModbusSimServer [136] - Started worker for modelType=4, count=147 

2025-12-04 10:40:08,158 [7] INFO  IEC61850_simulatorServer2.ModbusSimServer [172] - Worker 4 loop running with 147 entries. 

2025-12-04 10:40:08,159 [1] INFO  IEC61850_simulatorServer2.ModbusSimServer [136] - Started worker for modelType=2, count=5 

2025-12-04 10:40:08,184 [1] INFO  IEC61850_simulatorServer2.ModbusSimServer [138] - All modelType workers started. 

2025-12-04 10:40:08,184 [8] INFO  IEC61850_simulatorServer2.ModbusSimServer [172] - Worker 2 loop running with 5 entries. 

2025-12-04 10:40:11,241 [7] WARN  IEC61850_simulatorServer2.ModbusWirter [251] - Scale apply failed for yc14: System.OverflowException: Value was either too large or too small for an Int32.
   at System.Convert.ToInt32(Double value)
   at IEC61850_simulatorServer2.ModbusWirter.Write(Dictionary`2 data) in /Users/songyinpei/jobs/IEC61850-simulatorServer2/ModbusWirter.cs:line 251 

2025-12-04 10:40:11,294 [7] WARN  IEC61850_simulatorServer2.ModbusWirter [251] - Scale apply failed for yc59: System.OverflowException: Value was either too large or too small for an Int32.
   at System.Convert.ToInt32(Double value)
   at IEC61850_simulatorServer2.ModbusWirter.Write(Dictionary`2 data) in /Users/songyinpei/jobs/IEC61850-simulatorServer2/ModbusWirter.cs:line 251 

2025-12-04 10:40:11,339 [7] WARN  IEC61850_simulatorServer2.ModbusWirter [251] - Scale apply failed for yc110: System.OverflowException: Value was either too large or too small for an Int32.
   at System.Convert.ToInt32(Double value)
   at IEC61850_simulatorServer2.ModbusWirter.Write(Dictionary`2 data) in /Users/songyinpei/jobs/IEC61850-simulatorServer2/ModbusWirter.cs:line 251 

2025-12-04 10:40:11,391 [7] WARN  IEC61850_simulatorServer2.ModbusWirter [251] - Scale apply failed for yc152: System.OverflowException: Value was either too large or too small for an Int32.
   at System.Convert.ToInt32(Double value)
   at IEC61850_simulatorServer2.ModbusWirter.Write(Dictionary`2 data) in /Users/songyinpei/jobs/IEC61850-simulatorServer2/ModbusWirter.cs:line 251 

2025-12-04 10:41:29,469 [1] INFO  IEC61850_simulatorServer2.MainClass [37] - [Program] 应用启动，log4net 配置已尝试加载 

2025-12-04 10:41:31,889 [1] INFO  IEC61850_simulatorServer2.ModbusSimServer [110] - Device Connected, DeviceName : bms 

2025-12-04 10:41:31,890 [1] INFO  IEC61850_simulatorServer2.ModbusSimServer [136] - Started worker for modelType=4, count=7689 

2025-12-04 10:41:31,891 [1] INFO  IEC61850_simulatorServer2.ModbusSimServer [138] - All modelType workers started. 

2025-12-04 10:41:31,892 [6] INFO  IEC61850_simulatorServer2.ModbusSimServer [172] - Worker 4 loop running with 7689 entries. 

2025-12-04 10:42:05,589 [1] INFO  IEC61850_simulatorServer2.ModbusSimServer [110] - Device Connected, DeviceName : emu 

2025-12-04 10:42:05,613 [1] INFO  IEC61850_simulatorServer2.ModbusSimServer [136] - Started worker for modelType=4, count=147 

2025-12-04 10:42:05,635 [7] INFO  IEC61850_simulatorServer2.ModbusSimServer [172] - Worker 4 loop running with 147 entries. 

2025-12-04 10:42:05,684 [1] INFO  IEC61850_simulatorServer2.ModbusSimServer [136] - Started worker for modelType=2, count=5 

2025-12-04 10:42:05,684 [8] INFO  IEC61850_simulatorServer2.ModbusSimServer [172] - Worker 2 loop running with 5 entries. 

2025-12-04 10:42:05,709 [1] INFO  IEC61850_simulatorServer2.ModbusSimServer [138] - All modelType workers started. 

2025-12-04 10:42:14,165 [7] WARN  IEC61850_simulatorServer2.ModbusWirter [251] - Scale apply failed for yc14: System.OverflowException: Value was either too large or too small for an Int32.
   at System.Convert.ToInt32(Double value)
   at IEC61850_simulatorServer2.ModbusWirter.Write(Dictionary`2 data) in /Users/songyinpei/jobs/IEC61850-simulatorServer2/ModbusWirter.cs:line 251 

2025-12-04 10:42:15,666 [7] WARN  IEC61850_simulatorServer2.ModbusWirter [251] - Scale apply failed for yc59: System.OverflowException: Value was either too large or too small for an Int32.
   at System.Convert.ToInt32(Double value)
   at IEC61850_simulatorServer2.ModbusWirter.Write(Dictionary`2 data) in /Users/songyinpei/jobs/IEC61850-simulatorServer2/ModbusWirter.cs:line 251 

2025-12-04 10:42:16,598 [7] WARN  IEC61850_simulatorServer2.ModbusWirter [251] - Scale apply failed for yc110: System.OverflowException: Value was either too large or too small for an Int32.
   at System.Convert.ToInt32(Double value)
   at IEC61850_simulatorServer2.ModbusWirter.Write(Dictionary`2 data) in /Users/songyinpei/jobs/IEC61850-simulatorServer2/ModbusWirter.cs:line 251 

2025-12-04 10:42:17,835 [7] WARN  IEC61850_simulatorServer2.ModbusWirter [251] - Scale apply failed for yc152: System.OverflowException: Value was either too large or too small for an Int32.
   at System.Convert.ToInt32(Double value)
   at IEC61850_simulatorServer2.ModbusWirter.Write(Dictionary`2 data) in /Users/songyinpei/jobs/IEC61850-simulatorServer2/ModbusWirter.cs:line 251 

2025-12-04 10:44:36,005 [1] INFO  IEC61850_simulatorServer2.MainClass [37] - [Program] 应用启动，log4net 配置已尝试加载 

2025-12-04 10:44:38,482 [1] INFO  IEC61850_simulatorServer2.ModbusSimServer [110] - Device Connected, DeviceName : bms 

2025-12-04 10:44:38,483 [1] INFO  IEC61850_simulatorServer2.ModbusSimServer [136] - Started worker for modelType=4, count=7689 

2025-12-04 10:44:38,484 [1] INFO  IEC61850_simulatorServer2.ModbusSimServer [138] - All modelType workers started. 

2025-12-04 10:44:38,485 [6] INFO  IEC61850_simulatorServer2.ModbusSimServer [172] - Worker 4 loop running with 7689 entries. 

2025-12-04 10:44:40,496 [1] INFO  IEC61850_simulatorServer2.ModbusSimServer [110] - Device Connected, DeviceName : emu 

2025-12-04 10:44:40,499 [1] INFO  IEC61850_simulatorServer2.ModbusSimServer [136] - Started worker for modelType=4, count=147 

2025-12-04 10:44:40,526 [7] INFO  IEC61850_simulatorServer2.ModbusSimServer [172] - Worker 4 loop running with 147 entries. 

2025-12-04 10:44:40,526 [1] INFO  IEC61850_simulatorServer2.ModbusSimServer [136] - Started worker for modelType=2, count=5 

2025-12-04 10:44:40,554 [1] INFO  IEC61850_simulatorServer2.ModbusSimServer [138] - All modelType workers started. 

2025-12-04 10:44:40,553 [8] INFO  IEC61850_simulatorServer2.ModbusSimServer [172] - Worker 2 loop running with 5 entries. 

2025-12-04 10:44:43,612 [7] WARN  IEC61850_simulatorServer2.ModbusWirter [251] - Scale apply failed for yc14: System.OverflowException: Value was either too large or too small for an Int32.
   at System.Convert.ToInt32(Double value)
   at IEC61850_simulatorServer2.ModbusWirter.Write(Dictionary`2 data) in /Users/songyinpei/jobs/IEC61850-simulatorServer2/ModbusWirter.cs:line 251 

2025-12-04 10:44:43,664 [7] WARN  IEC61850_simulatorServer2.ModbusWirter [251] - Scale apply failed for yc59: System.OverflowException: Value was either too large or too small for an Int32.
   at System.Convert.ToInt32(Double value)
   at IEC61850_simulatorServer2.ModbusWirter.Write(Dictionary`2 data) in /Users/songyinpei/jobs/IEC61850-simulatorServer2/ModbusWirter.cs:line 251 

2025-12-04 10:44:43,714 [7] WARN  IEC61850_simulatorServer2.ModbusWirter [251] - Scale apply failed for yc110: System.OverflowException: Value was either too large or too small for an Int32.
   at System.Convert.ToInt32(Double value)
   at IEC61850_simulatorServer2.ModbusWirter.Write(Dictionary`2 data) in /Users/songyinpei/jobs/IEC61850-simulatorServer2/ModbusWirter.cs:line 251 

2025-12-04 10:44:43,763 [7] WARN  IEC61850_simulatorServer2.ModbusWirter [251] - Scale apply failed for yc152: System.OverflowException: Value was either too large or too small for an Int32.
   at System.Convert.ToInt32(Double value)
   at IEC61850_simulatorServer2.ModbusWirter.Write(Dictionary`2 data) in /Users/songyinpei/jobs/IEC61850-simulatorServer2/ModbusWirter.cs:line 251 

2025-12-04 10:46:42,916 [1] INFO  IEC61850_simulatorServer2.MainClass [37] - [Program] 应用启动，log4net 配置已尝试加载 

2025-12-04 10:46:45,384 [1] INFO  IEC61850_simulatorServer2.ModbusSimServer [110] - Device Connected, DeviceName : bms 

2025-12-04 10:46:45,385 [1] INFO  IEC61850_simulatorServer2.ModbusSimServer [136] - Started worker for modelType=4, count=7689 

2025-12-04 10:46:45,386 [1] INFO  IEC61850_simulatorServer2.ModbusSimServer [138] - All modelType workers started. 

2025-12-04 10:46:45,387 [6] INFO  IEC61850_simulatorServer2.ModbusSimServer [172] - Worker 4 loop running with 7689 entries. 

2025-12-04 10:46:47,858 [1] INFO  IEC61850_simulatorServer2.ModbusSimServer [110] - Device Connected, DeviceName : emu 

2025-12-04 10:46:47,860 [1] INFO  IEC61850_simulatorServer2.ModbusSimServer [136] - Started worker for modelType=4, count=147 

2025-12-04 10:46:47,861 [7] INFO  IEC61850_simulatorServer2.ModbusSimServer [172] - Worker 4 loop running with 147 entries. 

2025-12-04 10:46:47,862 [1] INFO  IEC61850_simulatorServer2.ModbusSimServer [136] - Started worker for modelType=2, count=5 

2025-12-04 10:46:47,887 [1] INFO  IEC61850_simulatorServer2.ModbusSimServer [138] - All modelType workers started. 

2025-12-04 10:46:47,886 [8] INFO  IEC61850_simulatorServer2.ModbusSimServer [172] - Worker 2 loop running with 5 entries. 

2025-12-04 10:46:50,944 [7] WARN  IEC61850_simulatorServer2.ModbusWirter [251] - Scale apply failed for yc14: System.OverflowException: Value was either too large or too small for an Int32.
   at System.Convert.ToInt32(Double value)
   at IEC61850_simulatorServer2.ModbusWirter.Write(Dictionary`2 data) in /Users/songyinpei/jobs/IEC61850-simulatorServer2/ModbusWirter.cs:line 251 

2025-12-04 10:46:50,990 [7] WARN  IEC61850_simulatorServer2.ModbusWirter [251] - Scale apply failed for yc59: System.OverflowException: Value was either too large or too small for an Int32.
   at System.Convert.ToInt32(Double value)
   at IEC61850_simulatorServer2.ModbusWirter.Write(Dictionary`2 data) in /Users/songyinpei/jobs/IEC61850-simulatorServer2/ModbusWirter.cs:line 251 

2025-12-04 10:46:51,038 [7] WARN  IEC61850_simulatorServer2.ModbusWirter [251] - Scale apply failed for yc110: System.OverflowException: Value was either too large or too small for an Int32.
   at System.Convert.ToInt32(Double value)
   at IEC61850_simulatorServer2.ModbusWirter.Write(Dictionary`2 data) in /Users/songyinpei/jobs/IEC61850-simulatorServer2/ModbusWirter.cs:line 251 

2025-12-04 10:46:51,085 [7] WARN  IEC61850_simulatorServer2.ModbusWirter [251] - Scale apply failed for yc152: System.OverflowException: Value was either too large or too small for an Int32.
   at System.Convert.ToInt32(Double value)
   at IEC61850_simulatorServer2.ModbusWirter.Write(Dictionary`2 data) in /Users/songyinpei/jobs/IEC61850-simulatorServer2/ModbusWirter.cs:line 251 

2025-12-04 10:48:03,679 [1] INFO  IEC61850_simulatorServer2.MainClass [37] - [Program] 应用启动，log4net 配置已尝试加载 

2025-12-04 10:48:06,049 [1] INFO  IEC61850_simulatorServer2.ModbusSimServer [110] - Device Connected, DeviceName : bms 

2025-12-04 10:48:06,050 [1] INFO  IEC61850_simulatorServer2.ModbusSimServer [136] - Started worker for modelType=4, count=7689 

2025-12-04 10:48:06,051 [1] INFO  IEC61850_simulatorServer2.ModbusSimServer [138] - All modelType workers started. 

2025-12-04 10:48:06,052 [6] INFO  IEC61850_simulatorServer2.ModbusSimServer [172] - Worker 4 loop running with 7689 entries. 

2025-12-04 10:48:08,063 [1] INFO  IEC61850_simulatorServer2.ModbusSimServer [110] - Device Connected, DeviceName : emu 

2025-12-04 10:48:08,065 [1] INFO  IEC61850_simulatorServer2.ModbusSimServer [136] - Started worker for modelType=4, count=147 

2025-12-04 10:48:08,068 [7] INFO  IEC61850_simulatorServer2.ModbusSimServer [172] - Worker 4 loop running with 147 entries. 

2025-12-04 10:48:08,071 [1] INFO  IEC61850_simulatorServer2.ModbusSimServer [136] - Started worker for modelType=2, count=5 

2025-12-04 10:48:08,072 [1] INFO  IEC61850_simulatorServer2.ModbusSimServer [138] - All modelType workers started. 

2025-12-04 10:48:08,071 [8] INFO  IEC61850_simulatorServer2.ModbusSimServer [172] - Worker 2 loop running with 5 entries. 

2025-12-04 10:48:11,126 [7] WARN  IEC61850_simulatorServer2.ModbusWirter [251] - Scale apply failed for yc14: System.OverflowException: Value was either too large or too small for an Int32.
   at System.Convert.ToInt32(Double value)
   at IEC61850_simulatorServer2.ModbusWirter.Write(Dictionary`2 data) in /Users/songyinpei/jobs/IEC61850-simulatorServer2/ModbusWirter.cs:line 251 

2025-12-04 10:48:11,179 [7] WARN  IEC61850_simulatorServer2.ModbusWirter [251] - Scale apply failed for yc59: System.OverflowException: Value was either too large or too small for an Int32.
   at System.Convert.ToInt32(Double value)
   at IEC61850_simulatorServer2.ModbusWirter.Write(Dictionary`2 data) in /Users/songyinpei/jobs/IEC61850-simulatorServer2/ModbusWirter.cs:line 251 

2025-12-04 10:48:11,231 [7] WARN  IEC61850_simulatorServer2.ModbusWirter [251] - Scale apply failed for yc110: System.OverflowException: Value was either too large or too small for an Int32.
   at System.Convert.ToInt32(Double value)
   at IEC61850_simulatorServer2.ModbusWirter.Write(Dictionary`2 data) in /Users/songyinpei/jobs/IEC61850-simulatorServer2/ModbusWirter.cs:line 251 

2025-12-04 10:48:11,286 [7] WARN  IEC61850_simulatorServer2.ModbusWirter [251] - Scale apply failed for yc152: System.OverflowException: Value was either too large or too small for an Int32.
   at System.Convert.ToInt32(Double value)
   at IEC61850_simulatorServer2.ModbusWirter.Write(Dictionary`2 data) in /Users/songyinpei/jobs/IEC61850-simulatorServer2/ModbusWirter.cs:line 251 

2025-12-04 10:48:53,027 [1] INFO  IEC61850_simulatorServer2.MainClass [37] - [Program] 应用启动，log4net 配置已尝试加载 

2025-12-04 10:48:55,367 [1] INFO  IEC61850_simulatorServer2.ModbusSimServer [110] - Device Connected, DeviceName : bms 

2025-12-04 10:48:55,368 [1] INFO  IEC61850_simulatorServer2.ModbusSimServer [136] - Started worker for modelType=4, count=7689 

2025-12-04 10:48:55,369 [1] INFO  IEC61850_simulatorServer2.ModbusSimServer [138] - All modelType workers started. 

2025-12-04 10:48:55,370 [6] INFO  IEC61850_simulatorServer2.ModbusSimServer [172] - Worker 4 loop running with 7689 entries. 

2025-12-04 10:48:57,381 [1] INFO  IEC61850_simulatorServer2.ModbusSimServer [110] - Device Connected, DeviceName : emu 

2025-12-04 10:48:57,385 [7] INFO  IEC61850_simulatorServer2.ModbusSimServer [172] - Worker 4 loop running with 147 entries. 

2025-12-04 10:48:57,393 [1] INFO  IEC61850_simulatorServer2.ModbusSimServer [136] - Started worker for modelType=4, count=147 

2025-12-04 10:48:57,396 [1] INFO  IEC61850_simulatorServer2.ModbusSimServer [136] - Started worker for modelType=2, count=5 

2025-12-04 10:48:57,396 [1] INFO  IEC61850_simulatorServer2.ModbusSimServer [138] - All modelType workers started. 

2025-12-04 10:48:57,396 [8] INFO  IEC61850_simulatorServer2.ModbusSimServer [172] - Worker 2 loop running with 5 entries. 

2025-12-04 10:49:00,444 [7] WARN  IEC61850_simulatorServer2.ModbusWirter [251] - Scale apply failed for yc14: System.OverflowException: Value was either too large or too small for an Int32.
   at System.Convert.ToInt32(Double value)
   at IEC61850_simulatorServer2.ModbusWirter.Write(Dictionary`2 data) in /Users/songyinpei/jobs/IEC61850-simulatorServer2/ModbusWirter.cs:line 251 

2025-12-04 10:49:00,489 [7] WARN  IEC61850_simulatorServer2.ModbusWirter [251] - Scale apply failed for yc59: System.OverflowException: Value was either too large or too small for an Int32.
   at System.Convert.ToInt32(Double value)
   at IEC61850_simulatorServer2.ModbusWirter.Write(Dictionary`2 data) in /Users/songyinpei/jobs/IEC61850-simulatorServer2/ModbusWirter.cs:line 251 

2025-12-04 10:49:00,538 [7] WARN  IEC61850_simulatorServer2.ModbusWirter [251] - Scale apply failed for yc110: System.OverflowException: Value was either too large or too small for an Int32.
   at System.Convert.ToInt32(Double value)
   at IEC61850_simulatorServer2.ModbusWirter.Write(Dictionary`2 data) in /Users/songyinpei/jobs/IEC61850-simulatorServer2/ModbusWirter.cs:line 251 

2025-12-04 10:49:00,590 [7] WARN  IEC61850_simulatorServer2.ModbusWirter [251] - Scale apply failed for yc152: System.OverflowException: Value was either too large or too small for an Int32.
   at System.Convert.ToInt32(Double value)
   at IEC61850_simulatorServer2.ModbusWirter.Write(Dictionary`2 data) in /Users/songyinpei/jobs/IEC61850-simulatorServer2/ModbusWirter.cs:line 251 

2025-12-04 11:14:47,254 [1] INFO  IEC61850_simulatorServer2.MainClass [37] - [Program] 应用启动，log4net 配置已尝试加载 

2025-12-04 11:14:49,671 [1] INFO  IEC61850_simulatorServer2.ModbusSimServer [110] - Device Connected, DeviceName : simBms 

2025-12-04 11:14:49,672 [1] INFO  IEC61850_simulatorServer2.ModbusSimServer [136] - Started worker for modelType=4, count=7689 

2025-12-04 11:14:49,673 [1] INFO  IEC61850_simulatorServer2.ModbusSimServer [138] - All modelType workers started. 

2025-12-04 11:14:49,674 [6] INFO  IEC61850_simulatorServer2.ModbusSimServer [172] - Worker 4 loop running with 7689 entries. 

2025-12-04 11:14:51,680 [1] INFO  IEC61850_simulatorServer2.ModbusSimServer [110] - Device Connected, DeviceName : simEmu 

2025-12-04 11:14:51,681 [1] INFO  IEC61850_simulatorServer2.ModbusSimServer [136] - Started worker for modelType=4, count=147 

2025-12-04 11:14:51,683 [7] INFO  IEC61850_simulatorServer2.ModbusSimServer [172] - Worker 4 loop running with 147 entries. 

2025-12-04 11:14:51,686 [1] INFO  IEC61850_simulatorServer2.ModbusSimServer [136] - Started worker for modelType=2, count=5 

2025-12-04 11:14:51,687 [1] INFO  IEC61850_simulatorServer2.ModbusSimServer [138] - All modelType workers started. 

2025-12-04 11:14:51,688 [8] INFO  IEC61850_simulatorServer2.ModbusSimServer [172] - Worker 2 loop running with 5 entries. 

2025-12-04 11:14:54,747 [7] WARN  IEC61850_simulatorServer2.ModbusWirter [251] - Scale apply failed for yc14: System.OverflowException: Value was either too large or too small for an Int32.
   at System.Convert.ToInt32(Double value)
   at IEC61850_simulatorServer2.ModbusWirter.Write(Dictionary`2 data) in /Users/songyinpei/jobs/IEC61850-simulatorServer2/ModbusWirter.cs:line 251 

2025-12-04 11:14:54,797 [7] WARN  IEC61850_simulatorServer2.ModbusWirter [251] - Scale apply failed for yc59: System.OverflowException: Value was either too large or too small for an Int32.
   at System.Convert.ToInt32(Double value)
   at IEC61850_simulatorServer2.ModbusWirter.Write(Dictionary`2 data) in /Users/songyinpei/jobs/IEC61850-simulatorServer2/ModbusWirter.cs:line 251 

2025-12-04 11:14:54,850 [7] WARN  IEC61850_simulatorServer2.ModbusWirter [251] - Scale apply failed for yc110: System.OverflowException: Value was either too large or too small for an Int32.
   at System.Convert.ToInt32(Double value)
   at IEC61850_simulatorServer2.ModbusWirter.Write(Dictionary`2 data) in /Users/songyinpei/jobs/IEC61850-simulatorServer2/ModbusWirter.cs:line 251 

2025-12-04 11:14:54,902 [7] WARN  IEC61850_simulatorServer2.ModbusWirter [251] - Scale apply failed for yc152: System.OverflowException: Value was either too large or too small for an Int32.
   at System.Convert.ToInt32(Double value)
   at IEC61850_simulatorServer2.ModbusWirter.Write(Dictionary`2 data) in /Users/songyinpei/jobs/IEC61850-simulatorServer2/ModbusWirter.cs:line 251 

2025-12-04 11:16:16,568 [1] INFO  IEC61850_simulatorServer2.MainClass [37] - [Program] 应用启动，log4net 配置已尝试加载 

2025-12-04 11:16:19,032 [1] INFO  IEC61850_simulatorServer2.ModbusSimServer [110] - Device Connected, DeviceName : simBms 

2025-12-04 11:16:19,033 [1] INFO  IEC61850_simulatorServer2.ModbusSimServer [136] - Started worker for modelType=4, count=7689 

2025-12-04 11:16:19,034 [1] INFO  IEC61850_simulatorServer2.ModbusSimServer [138] - All modelType workers started. 

2025-12-04 11:16:19,035 [6] INFO  IEC61850_simulatorServer2.ModbusSimServer [172] - Worker 4 loop running with 7689 entries. 

2025-12-04 11:16:21,046 [1] INFO  IEC61850_simulatorServer2.ModbusSimServer [110] - Device Connected, DeviceName : simEmu 

2025-12-04 11:16:21,048 [1] INFO  IEC61850_simulatorServer2.ModbusSimServer [136] - Started worker for modelType=4, count=147 

2025-12-04 11:16:21,050 [7] INFO  IEC61850_simulatorServer2.ModbusSimServer [172] - Worker 4 loop running with 147 entries. 

2025-12-04 11:16:21,051 [1] INFO  IEC61850_simulatorServer2.ModbusSimServer [136] - Started worker for modelType=2, count=5 

2025-12-04 11:16:21,054 [1] INFO  IEC61850_simulatorServer2.ModbusSimServer [138] - All modelType workers started. 

2025-12-04 11:16:21,053 [8] INFO  IEC61850_simulatorServer2.ModbusSimServer [172] - Worker 2 loop running with 5 entries. 

2025-12-04 11:16:24,110 [7] WARN  IEC61850_simulatorServer2.ModbusWirter [251] - Scale apply failed for yc14: System.OverflowException: Value was either too large or too small for an Int32.
   at System.Convert.ToInt32(Double value)
   at IEC61850_simulatorServer2.ModbusWirter.Write(Dictionary`2 data) in /Users/songyinpei/jobs/IEC61850-simulatorServer2/ModbusWirter.cs:line 251 

2025-12-04 11:16:24,159 [7] WARN  IEC61850_simulatorServer2.ModbusWirter [251] - Scale apply failed for yc59: System.OverflowException: Value was either too large or too small for an Int32.
   at System.Convert.ToInt32(Double value)
   at IEC61850_simulatorServer2.ModbusWirter.Write(Dictionary`2 data) in /Users/songyinpei/jobs/IEC61850-simulatorServer2/ModbusWirter.cs:line 251 

2025-12-04 11:16:24,212 [7] WARN  IEC61850_simulatorServer2.ModbusWirter [251] - Scale apply failed for yc110: System.OverflowException: Value was either too large or too small for an Int32.
   at System.Convert.ToInt32(Double value)
   at IEC61850_simulatorServer2.ModbusWirter.Write(Dictionary`2 data) in /Users/songyinpei/jobs/IEC61850-simulatorServer2/ModbusWirter.cs:line 251 

2025-12-04 11:16:24,266 [7] WARN  IEC61850_simulatorServer2.ModbusWirter [251] - Scale apply failed for yc152: System.OverflowException: Value was either too large or too small for an Int32.
   at System.Convert.ToInt32(Double value)
   at IEC61850_simulatorServer2.ModbusWirter.Write(Dictionary`2 data) in /Users/songyinpei/jobs/IEC61850-simulatorServer2/ModbusWirter.cs:line 251 

2025-12-04 11:41:10,774 [1] INFO  IEC61850_simulatorServer2.MainClass [37] - [Program] 应用启动，log4net 配置已尝试加载 

2025-12-04 11:41:13,212 [1] INFO  IEC61850_simulatorServer2.ModbusSimServer [110] - Device Connected, DeviceName : simBms 

2025-12-04 11:41:13,213 [1] INFO  IEC61850_simulatorServer2.ModbusSimServer [136] - Started worker for modelType=4, count=7689 

2025-12-04 11:41:13,214 [1] INFO  IEC61850_simulatorServer2.ModbusSimServer [138] - All modelType workers started. 

2025-12-04 11:41:13,215 [6] INFO  IEC61850_simulatorServer2.ModbusSimServer [172] - Worker 4 loop running with 7689 entries. 

2025-12-04 11:41:15,225 [1] INFO  IEC61850_simulatorServer2.ModbusSimServer [110] - Device Connected, DeviceName : simEmu 

2025-12-04 11:41:15,226 [1] INFO  IEC61850_simulatorServer2.ModbusSimServer [136] - Started worker for modelType=4, count=147 

2025-12-04 11:41:15,227 [7] INFO  IEC61850_simulatorServer2.ModbusSimServer [172] - Worker 4 loop running with 147 entries. 

2025-12-04 11:41:15,228 [1] INFO  IEC61850_simulatorServer2.ModbusSimServer [136] - Started worker for modelType=2, count=5 

2025-12-04 11:41:15,253 [8] INFO  IEC61850_simulatorServer2.ModbusSimServer [172] - Worker 2 loop running with 5 entries. 

2025-12-04 11:41:15,254 [1] INFO  IEC61850_simulatorServer2.ModbusSimServer [138] - All modelType workers started. 

2025-12-04 11:41:18,291 [7] WARN  IEC61850_simulatorServer2.ModbusWirter [251] - Scale apply failed for yc14: System.OverflowException: Value was either too large or too small for an Int32.
   at System.Convert.ToInt32(Double value)
   at IEC61850_simulatorServer2.ModbusWirter.Write(Dictionary`2 data) in /Users/songyinpei/jobs/IEC61850-simulatorServer2/ModbusWirter.cs:line 251 

2025-12-04 11:41:18,343 [7] WARN  IEC61850_simulatorServer2.ModbusWirter [251] - Scale apply failed for yc59: System.OverflowException: Value was either too large or too small for an Int32.
   at System.Convert.ToInt32(Double value)
   at IEC61850_simulatorServer2.ModbusWirter.Write(Dictionary`2 data) in /Users/songyinpei/jobs/IEC61850-simulatorServer2/ModbusWirter.cs:line 251 

2025-12-04 11:41:18,396 [7] WARN  IEC61850_simulatorServer2.ModbusWirter [251] - Scale apply failed for yc110: System.OverflowException: Value was either too large or too small for an Int32.
   at System.Convert.ToInt32(Double value)
   at IEC61850_simulatorServer2.ModbusWirter.Write(Dictionary`2 data) in /Users/songyinpei/jobs/IEC61850-simulatorServer2/ModbusWirter.cs:line 251 

2025-12-04 11:41:18,442 [7] WARN  IEC61850_simulatorServer2.ModbusWirter [251] - Scale apply failed for yc152: System.OverflowException: Value was either too large or too small for an Int32.
   at System.Convert.ToInt32(Double value)
   at IEC61850_simulatorServer2.ModbusWirter.Write(Dictionary`2 data) in /Users/songyinpei/jobs/IEC61850-simulatorServer2/ModbusWirter.cs:line 251 

2025-12-04 15:01:53,147 [1] INFO  IEC61850_simulatorServer2.MainClass [37] - [Program] 应用启动，log4net 配置已尝试加载 

2025-12-04 15:01:55,560 [1] INFO  IEC61850_simulatorServer2.ModbusSimServer [108] - Device Connected, DeviceName : simBms 

2025-12-04 15:01:55,561 [1] INFO  IEC61850_simulatorServer2.ModbusSimServer [134] - Started worker for modelType=4, count=7689 

2025-12-04 15:01:55,562 [1] INFO  IEC61850_simulatorServer2.ModbusSimServer [136] - All modelType workers started. 

2025-12-04 15:01:55,563 [6] INFO  IEC61850_simulatorServer2.ModbusSimServer [170] - Worker 4 loop running with 7689 entries. 

2025-12-04 15:02:15,510 [1] INFO  IEC61850_simulatorServer2.ModbusSimServer [108] - Device Connected, DeviceName : simEmu 

2025-12-04 15:02:15,515 [1] INFO  IEC61850_simulatorServer2.ModbusSimServer [134] - Started worker for modelType=4, count=147 

2025-12-04 15:02:15,541 [7] INFO  IEC61850_simulatorServer2.ModbusSimServer [170] - Worker 4 loop running with 147 entries. 

2025-12-04 15:02:15,542 [1] INFO  IEC61850_simulatorServer2.ModbusSimServer [134] - Started worker for modelType=2, count=5 

2025-12-04 15:02:18,415 [1] INFO  IEC61850_simulatorServer2.ModbusSimServer [136] - All modelType workers started. 

2025-12-04 15:02:18,413 [8] INFO  IEC61850_simulatorServer2.ModbusSimServer [170] - Worker 2 loop running with 5 entries. 

2025-12-04 15:02:21,469 [7] WARN  IEC61850_simulatorServer2.ModbusWirter [256] - Scale apply failed for yc14: System.OverflowException: Value was either too large or too small for an Int32.
   at System.Convert.ToInt32(Double value)
   at IEC61850_simulatorServer2.ModbusWirter.Write(Dictionary`2 data) in /Users/songyinpei/jobs/IEC61850-simulatorServer2/ModbusWirter.cs:line 256 

2025-12-04 15:02:21,519 [7] WARN  IEC61850_simulatorServer2.ModbusWirter [256] - Scale apply failed for yc59: System.OverflowException: Value was either too large or too small for an Int32.
   at System.Convert.ToInt32(Double value)
   at IEC61850_simulatorServer2.ModbusWirter.Write(Dictionary`2 data) in /Users/songyinpei/jobs/IEC61850-simulatorServer2/ModbusWirter.cs:line 256 

2025-12-04 15:02:21,569 [7] WARN  IEC61850_simulatorServer2.ModbusWirter [256] - Scale apply failed for yc110: System.OverflowException: Value was either too large or too small for an Int32.
   at System.Convert.ToInt32(Double value)
   at IEC61850_simulatorServer2.ModbusWirter.Write(Dictionary`2 data) in /Users/songyinpei/jobs/IEC61850-simulatorServer2/ModbusWirter.cs:line 256 

2025-12-04 15:02:21,619 [7] WARN  IEC61850_simulatorServer2.ModbusWirter [256] - Scale apply failed for yc152: System.OverflowException: Value was either too large or too small for an Int32.
   at System.Convert.ToInt32(Double value)
   at IEC61850_simulatorServer2.ModbusWirter.Write(Dictionary`2 data) in /Users/songyinpei/jobs/IEC61850-simulatorServer2/ModbusWirter.cs:line 256 

2025-12-04 15:08:26,093 [1] INFO  IEC61850_simulatorServer2.MainClass [37] - [Program] 应用启动，log4net 配置已尝试加载 

2025-12-04 15:08:28,528 [1] INFO  IEC61850_simulatorServer2.ModbusSimServer [108] - Device Connected, DeviceName : simBms 

2025-12-04 15:08:28,529 [1] INFO  IEC61850_simulatorServer2.ModbusSimServer [134] - Started worker for modelType=4, count=7689 

2025-12-04 15:08:28,530 [1] INFO  IEC61850_simulatorServer2.ModbusSimServer [136] - All modelType workers started. 

2025-12-04 15:08:28,530 [6] INFO  IEC61850_simulatorServer2.ModbusSimServer [170] - Worker 4 loop running with 7689 entries. 

2025-12-04 16:19:42,377 [1] INFO  IEC61850_simulatorServer2.MainClass [37] - [Program] 应用启动，log4net 配置已尝试加载 

2025-12-04 16:19:44,798 [1] INFO  IEC61850_simulatorServer2.ModbusSimServer [146] - Device Connected, DeviceName : simBms 

2025-12-04 16:19:44,799 [1] INFO  IEC61850_simulatorServer2.ModbusSimServer [249] - Started worker for modelType=4, count=7689 

2025-12-04 16:19:44,800 [1] INFO  IEC61850_simulatorServer2.ModbusSimServer [251] - All modelType workers started. 

2025-12-04 16:19:44,801 [6] INFO  IEC61850_simulatorServer2.ModbusSimServer [285] - Worker 4 loop running with 7689 entries. 

2025-12-04 16:19:44,801 [7] INFO  IEC61850_simulatorServer2.ModbusSimServer [166] - Control thread started. 

2025-12-04 16:19:46,813 [1] INFO  IEC61850_simulatorServer2.ModbusSimServer [146] - Device Connected, DeviceName : simEmu 

2025-12-04 16:19:46,815 [1] INFO  IEC61850_simulatorServer2.ModbusSimServer [249] - Started worker for modelType=4, count=105 

2025-12-04 16:19:46,818 [8] INFO  IEC61850_simulatorServer2.ModbusSimServer [285] - Worker 4 loop running with 105 entries. 

2025-12-04 16:19:46,821 [1] INFO  IEC61850_simulatorServer2.ModbusSimServer [249] - Started worker for modelType=2, count=5 

2025-12-04 16:19:46,822 [1] INFO  IEC61850_simulatorServer2.ModbusSimServer [251] - All modelType workers started. 

2025-12-04 16:19:46,823 [9] INFO  IEC61850_simulatorServer2.ModbusSimServer [285] - Worker 2 loop running with 5 entries. 

2025-12-04 16:19:46,830 [10] INFO  IEC61850_simulatorServer2.ModbusSimServer [166] - Control thread started. 

2025-12-04 16:19:47,164 [10] ERROR IEC61850_simulatorServer2.ModbusParser [121] - Index was outside the bounds of the array. 

2025-12-04 16:19:49,878 [8] WARN  IEC61850_simulatorServer2.ModbusWirter [259] - Scale apply failed for yc14: System.OverflowException: Value was either too large or too small for an Int32.
   at System.Convert.ToInt32(Double value)
   at IEC61850_simulatorServer2.ModbusWirter.Write(Dictionary`2 data) in /Users/songyinpei/jobs/IEC61850-simulatorServer2/ModbusWirter.cs:line 259 

2025-12-04 16:19:49,928 [8] WARN  IEC61850_simulatorServer2.ModbusWirter [259] - Scale apply failed for yc59: System.OverflowException: Value was either too large or too small for an Int32.
   at System.Convert.ToInt32(Double value)
   at IEC61850_simulatorServer2.ModbusWirter.Write(Dictionary`2 data) in /Users/songyinpei/jobs/IEC61850-simulatorServer2/ModbusWirter.cs:line 259 

2025-12-04 16:19:49,982 [8] WARN  IEC61850_simulatorServer2.ModbusWirter [259] - Scale apply failed for yc110: System.OverflowException: Value was either too large or too small for an Int32.
   at System.Convert.ToInt32(Double value)
   at IEC61850_simulatorServer2.ModbusWirter.Write(Dictionary`2 data) in /Users/songyinpei/jobs/IEC61850-simulatorServer2/ModbusWirter.cs:line 259 

2025-12-04 16:19:50,037 [8] WARN  IEC61850_simulatorServer2.ModbusWirter [259] - Scale apply failed for yc152: System.OverflowException: Value was either too large or too small for an Int32.
   at System.Convert.ToInt32(Double value)
   at IEC61850_simulatorServer2.ModbusWirter.Write(Dictionary`2 data) in /Users/songyinpei/jobs/IEC61850-simulatorServer2/ModbusWirter.cs:line 259 

2025-12-04 16:26:05,578 [1] INFO  IEC61850_simulatorServer2.MainClass [37] - [Program] 应用启动，log4net 配置已尝试加载 

2025-12-04 16:26:07,944 [1] INFO  IEC61850_simulatorServer2.ModbusSimServer [146] - Device Connected, DeviceName : simBms 

2025-12-04 16:26:07,945 [1] INFO  IEC61850_simulatorServer2.ModbusSimServer [249] - Started worker for modelType=4, count=7689 

2025-12-04 16:26:07,946 [1] INFO  IEC61850_simulatorServer2.ModbusSimServer [251] - All modelType workers started. 

2025-12-04 16:26:07,947 [6] INFO  IEC61850_simulatorServer2.ModbusSimServer [285] - Worker 4 loop running with 7689 entries. 

2025-12-04 16:26:07,947 [7] INFO  IEC61850_simulatorServer2.ModbusSimServer [166] - Control thread started. 

2025-12-04 16:26:09,959 [1] INFO  IEC61850_simulatorServer2.ModbusSimServer [146] - Device Connected, DeviceName : simEmu 

2025-12-04 16:26:09,961 [1] INFO  IEC61850_simulatorServer2.ModbusSimServer [249] - Started worker for modelType=4, count=105 

2025-12-04 16:26:09,964 [8] INFO  IEC61850_simulatorServer2.ModbusSimServer [285] - Worker 4 loop running with 105 entries. 

2025-12-04 16:26:09,968 [1] INFO  IEC61850_simulatorServer2.ModbusSimServer [249] - Started worker for modelType=2, count=5 

2025-12-04 16:26:09,969 [1] INFO  IEC61850_simulatorServer2.ModbusSimServer [251] - All modelType workers started. 

2025-12-04 16:26:09,969 [9] INFO  IEC61850_simulatorServer2.ModbusSimServer [285] - Worker 2 loop running with 5 entries. 

2025-12-04 16:26:09,976 [10] INFO  IEC61850_simulatorServer2.ModbusSimServer [166] - Control thread started. 

2025-12-04 16:26:10,305 [10] ERROR IEC61850_simulatorServer2.ModbusParser [121] - Index was outside the bounds of the array. 

2025-12-04 16:26:13,025 [8] WARN  IEC61850_simulatorServer2.ModbusWirter [259] - Scale apply failed for yc14: System.OverflowException: Value was either too large or too small for an Int32.
   at System.Convert.ToInt32(Double value)
   at IEC61850_simulatorServer2.ModbusWirter.Write(Dictionary`2 data) in /Users/songyinpei/jobs/IEC61850-simulatorServer2/ModbusWirter.cs:line 259 

2025-12-04 16:26:13,076 [8] WARN  IEC61850_simulatorServer2.ModbusWirter [259] - Scale apply failed for yc59: System.OverflowException: Value was either too large or too small for an Int32.
   at System.Convert.ToInt32(Double value)
   at IEC61850_simulatorServer2.ModbusWirter.Write(Dictionary`2 data) in /Users/songyinpei/jobs/IEC61850-simulatorServer2/ModbusWirter.cs:line 259 

2025-12-04 16:26:13,129 [8] WARN  IEC61850_simulatorServer2.ModbusWirter [259] - Scale apply failed for yc110: System.OverflowException: Value was either too large or too small for an Int32.
   at System.Convert.ToInt32(Double value)
   at IEC61850_simulatorServer2.ModbusWirter.Write(Dictionary`2 data) in /Users/songyinpei/jobs/IEC61850-simulatorServer2/ModbusWirter.cs:line 259 

2025-12-04 16:26:13,181 [8] WARN  IEC61850_simulatorServer2.ModbusWirter [259] - Scale apply failed for yc152: System.OverflowException: Value was either too large or too small for an Int32.
   at System.Convert.ToInt32(Double value)
   at IEC61850_simulatorServer2.ModbusWirter.Write(Dictionary`2 data) in /Users/songyinpei/jobs/IEC61850-simulatorServer2/ModbusWirter.cs:line 259 

2025-12-04 16:34:08,060 [1] INFO  IEC61850_simulatorServer2.MainClass [37] - [Program] 应用启动，log4net 配置已尝试加载 

2025-12-04 16:34:10,513 [1] INFO  IEC61850_simulatorServer2.ModbusSimServer [146] - Device Connected, DeviceName : simBms 

2025-12-04 16:34:10,514 [1] INFO  IEC61850_simulatorServer2.ModbusSimServer [249] - Started worker for modelType=4, count=7689 

2025-12-04 16:34:10,515 [1] INFO  IEC61850_simulatorServer2.ModbusSimServer [251] - All modelType workers started. 

2025-12-04 16:34:10,516 [6] INFO  IEC61850_simulatorServer2.ModbusSimServer [285] - Worker 4 loop running with 7689 entries. 

2025-12-04 16:34:10,517 [7] INFO  IEC61850_simulatorServer2.ModbusSimServer [166] - Control thread started. 

2025-12-04 16:34:12,523 [1] INFO  IEC61850_simulatorServer2.ModbusSimServer [146] - Device Connected, DeviceName : simEmu 

2025-12-04 16:34:12,524 [1] INFO  IEC61850_simulatorServer2.ModbusSimServer [249] - Started worker for modelType=4, count=105 

2025-12-04 16:34:12,527 [8] INFO  IEC61850_simulatorServer2.ModbusSimServer [285] - Worker 4 loop running with 105 entries. 

2025-12-04 16:34:12,532 [1] INFO  IEC61850_simulatorServer2.ModbusSimServer [249] - Started worker for modelType=2, count=5 

2025-12-04 16:34:12,533 [1] INFO  IEC61850_simulatorServer2.ModbusSimServer [251] - All modelType workers started. 

2025-12-04 16:34:12,533 [9] INFO  IEC61850_simulatorServer2.ModbusSimServer [285] - Worker 2 loop running with 5 entries. 

2025-12-04 16:34:12,538 [10] INFO  IEC61850_simulatorServer2.ModbusSimServer [166] - Control thread started. 

2025-12-04 16:34:12,872 [10] ERROR IEC61850_simulatorServer2.ModbusParser [121] - Index was outside the bounds of the array. 

2025-12-04 16:34:15,590 [8] WARN  IEC61850_simulatorServer2.ModbusWirter [259] - Scale apply failed for yc14: System.OverflowException: Value was either too large or too small for an Int32.
   at System.Convert.ToInt32(Double value)
   at IEC61850_simulatorServer2.ModbusWirter.Write(Dictionary`2 data) in /Users/songyinpei/jobs/IEC61850-simulatorServer2/ModbusWirter.cs:line 259 

2025-12-04 16:34:15,640 [8] WARN  IEC61850_simulatorServer2.ModbusWirter [259] - Scale apply failed for yc59: System.OverflowException: Value was either too large or too small for an Int32.
   at System.Convert.ToInt32(Double value)
   at IEC61850_simulatorServer2.ModbusWirter.Write(Dictionary`2 data) in /Users/songyinpei/jobs/IEC61850-simulatorServer2/ModbusWirter.cs:line 259 

2025-12-04 16:34:15,693 [8] WARN  IEC61850_simulatorServer2.ModbusWirter [259] - Scale apply failed for yc110: System.OverflowException: Value was either too large or too small for an Int32.
   at System.Convert.ToInt32(Double value)
   at IEC61850_simulatorServer2.ModbusWirter.Write(Dictionary`2 data) in /Users/songyinpei/jobs/IEC61850-simulatorServer2/ModbusWirter.cs:line 259 

2025-12-04 16:34:15,746 [8] WARN  IEC61850_simulatorServer2.ModbusWirter [259] - Scale apply failed for yc152: System.OverflowException: Value was either too large or too small for an Int32.
   at System.Convert.ToInt32(Double value)
   at IEC61850_simulatorServer2.ModbusWirter.Write(Dictionary`2 data) in /Users/songyinpei/jobs/IEC61850-simulatorServer2/ModbusWirter.cs:line 259 

2025-12-04 17:07:10,688 [1] INFO  IEC61850_simulatorServer2.MainClass [37] - [Program] 应用启动，log4net 配置已尝试加载 

2025-12-04 17:07:13,137 [1] INFO  IEC61850_simulatorServer2.ModbusSimServer [146] - Device Connected, DeviceName : simBms 

2025-12-04 17:07:13,138 [1] INFO  IEC61850_simulatorServer2.ModbusSimServer [249] - Started worker for modelType=4, count=7689 

2025-12-04 17:07:13,139 [1] INFO  IEC61850_simulatorServer2.ModbusSimServer [251] - All modelType workers started. 

2025-12-04 17:07:13,141 [6] INFO  IEC61850_simulatorServer2.ModbusSimServer [285] - Worker 4 loop running with 7689 entries. 

2025-12-04 17:07:13,142 [7] INFO  IEC61850_simulatorServer2.ModbusSimServer [166] - Control thread started. 

2025-12-04 17:07:15,156 [1] INFO  IEC61850_simulatorServer2.ModbusSimServer [146] - Device Connected, DeviceName : simEmu 

2025-12-04 17:07:15,164 [8] INFO  IEC61850_simulatorServer2.ModbusSimServer [285] - Worker 4 loop running with 105 entries. 

2025-12-04 17:07:15,164 [1] INFO  IEC61850_simulatorServer2.ModbusSimServer [249] - Started worker for modelType=4, count=105 

2025-12-04 17:07:15,165 [1] INFO  IEC61850_simulatorServer2.ModbusSimServer [249] - Started worker for modelType=2, count=5 

2025-12-04 17:07:15,192 [9] INFO  IEC61850_simulatorServer2.ModbusSimServer [285] - Worker 2 loop running with 5 entries. 

2025-12-04 17:07:15,192 [1] INFO  IEC61850_simulatorServer2.ModbusSimServer [251] - All modelType workers started. 

2025-12-04 17:07:15,195 [10] INFO  IEC61850_simulatorServer2.ModbusSimServer [166] - Control thread started. 

2025-12-04 17:07:15,522 [10] ERROR IEC61850_simulatorServer2.ModbusParser [121] - Index was outside the bounds of the array. 

2025-12-04 17:07:18,228 [8] WARN  IEC61850_simulatorServer2.ModbusWirter [259] - Scale apply failed for yc14: System.OverflowException: Value was either too large or too small for an Int32.
   at System.Convert.ToInt32(Double value)
   at IEC61850_simulatorServer2.ModbusWirter.Write(Dictionary`2 data) in /Users/songyinpei/jobs/IEC61850-simulatorServer2/ModbusWirter.cs:line 259 

2025-12-04 17:07:18,278 [8] WARN  IEC61850_simulatorServer2.ModbusWirter [259] - Scale apply failed for yc59: System.OverflowException: Value was either too large or too small for an Int32.
   at System.Convert.ToInt32(Double value)
   at IEC61850_simulatorServer2.ModbusWirter.Write(Dictionary`2 data) in /Users/songyinpei/jobs/IEC61850-simulatorServer2/ModbusWirter.cs:line 259 

2025-12-04 17:07:18,327 [8] WARN  IEC61850_simulatorServer2.ModbusWirter [259] - Scale apply failed for yc110: System.OverflowException: Value was either too large or too small for an Int32.
   at System.Convert.ToInt32(Double value)
   at IEC61850_simulatorServer2.ModbusWirter.Write(Dictionary`2 data) in /Users/songyinpei/jobs/IEC61850-simulatorServer2/ModbusWirter.cs:line 259 

2025-12-04 17:07:18,377 [8] WARN  IEC61850_simulatorServer2.ModbusWirter [259] - Scale apply failed for yc152: System.OverflowException: Value was either too large or too small for an Int32.
   at System.Convert.ToInt32(Double value)
   at IEC61850_simulatorServer2.ModbusWirter.Write(Dictionary`2 data) in /Users/songyinpei/jobs/IEC61850-simulatorServer2/ModbusWirter.cs:line 259 

2025-12-04 17:40:45,651 [10] ERROR IEC61850_simulatorServer2.ModbusParser [121] - Index was outside the bounds of the array. 

2025-12-04 18:38:27,075 [10] ERROR IEC61850_simulatorServer2.ModbusParser [121] - Index was outside the bounds of the array. 

2025-12-04 19:35:41,454 [10] ERROR IEC61850_simulatorServer2.ModbusParser [121] - Index was outside the bounds of the array. 

2025-12-04 20:21:19,330 [10] ERROR IEC61850_simulatorServer2.ModbusParser [121] - Index was outside the bounds of the array. 

2025-12-04 20:44:50,847 [10] ERROR IEC61850_simulatorServer2.ModbusParser [121] - Index was outside the bounds of the array. 

2025-12-04 21:21:41,228 [10] ERROR IEC61850_simulatorServer2.ModbusParser [121] - Index was outside the bounds of the array. 

2025-12-04 22:15:01,125 [10] ERROR IEC61850_simulatorServer2.ModbusParser [121] - Index was outside the bounds of the array. 

2025-12-04 23:03:40,464 [10] ERROR IEC61850_simulatorServer2.ModbusParser [121] - Index was outside the bounds of the array. 
