
2025-12-29 09:12:41,887 [1] INFO  IEC61850_simulatorServer2.MainClass [37] - [Program] 应用启动，log4net 配置已尝试加载 

2025-12-29 09:12:43,355 [6] WARN  IEC61850_simulatorServer2.ModbusSlave [199] - Scale apply failed for yc6: System.InvalidCastException: Unable to cast object of type 'System.Int32' to type 'System.Single'.
   at IEC61850_simulatorServer2.ModbusSlave.Write(Dictionary`2 data, Byte slaveId) in /Users/songyinpei/jobs/IEC61850-simulatorServer2/ModbusSlave.cs:line 199 

2025-12-29 09:12:43,385 [6] WARN  IEC61850_simulatorServer2.ModbusSlave [199] - Scale apply failed for yc7: System.InvalidCastException: Unable to cast object of type 'System.Int32' to type 'System.Single'.
   at IEC61850_simulatorServer2.ModbusSlave.Write(Dictionary`2 data, Byte slaveId) in /Users/songyinpei/jobs/IEC61850-simulatorServer2/ModbusSlave.cs:line 199 

2025-12-29 09:12:43,388 [6] WARN  IEC61850_simulatorServer2.ModbusSlave [199] - Scale apply failed for yc8: System.InvalidCastException: Unable to cast object of type 'System.Int32' to type 'System.Single'.
   at IEC61850_simulatorServer2.ModbusSlave.Write(Dictionary`2 data, Byte slaveId) in /Users/songyinpei/jobs/IEC61850-simulatorServer2/ModbusSlave.cs:line 199 

2025-12-29 09:12:43,390 [6] WARN  IEC61850_simulatorServer2.ModbusSlave [199] - Scale apply failed for yc9: System.InvalidCastException: Unable to cast object of type 'System.Int32' to type 'System.Single'.
   at IEC61850_simulatorServer2.ModbusSlave.Write(Dictionary`2 data, Byte slaveId) in /Users/songyinpei/jobs/IEC61850-simulatorServer2/ModbusSlave.cs:line 199 

2025-12-29 09:12:43,393 [6] WARN  IEC61850_simulatorServer2.ModbusSlave [199] - Scale apply failed for yc10: System.InvalidCastException: Unable to cast object of type 'System.Int32' to type 'System.Single'.
   at IEC61850_simulatorServer2.ModbusSlave.Write(Dictionary`2 data, Byte slaveId) in /Users/songyinpei/jobs/IEC61850-simulatorServer2/ModbusSlave.cs:line 199 

2025-12-29 09:12:43,417 [6] WARN  IEC61850_simulatorServer2.ModbusSlave [199] - Scale apply failed for yc11: System.InvalidCastException: Unable to cast object of type 'System.Int32' to type 'System.Single'.
   at IEC61850_simulatorServer2.ModbusSlave.Write(Dictionary`2 data, Byte slaveId) in /Users/songyinpei/jobs/IEC61850-simulatorServer2/ModbusSlave.cs:line 199 

2025-12-29 09:12:43,419 [6] WARN  IEC61850_simulatorServer2.ModbusSlave [199] - Scale apply failed for yc12: System.InvalidCastException: Unable to cast object of type 'System.Int32' to type 'System.Single'.
   at IEC61850_simulatorServer2.ModbusSlave.Write(Dictionary`2 data, Byte slaveId) in /Users/songyinpei/jobs/IEC61850-simulatorServer2/ModbusSlave.cs:line 199 

2025-12-29 09:12:43,422 [6] WARN  IEC61850_simulatorServer2.ModbusSlave [199] - Scale apply failed for yc20: System.InvalidCastException: Unable to cast object of type 'System.Int32' to type 'System.Single'.
   at IEC61850_simulatorServer2.ModbusSlave.Write(Dictionary`2 data, Byte slaveId) in /Users/songyinpei/jobs/IEC61850-simulatorServer2/ModbusSlave.cs:line 199 

2025-12-29 09:12:43,424 [6] WARN  IEC61850_simulatorServer2.ModbusSlave [199] - Scale apply failed for yc21: System.InvalidCastException: Unable to cast object of type 'System.Int32' to type 'System.Single'.
   at IEC61850_simulatorServer2.ModbusSlave.Write(Dictionary`2 data, Byte slaveId) in /Users/songyinpei/jobs/IEC61850-simulatorServer2/ModbusSlave.cs:line 199 

2025-12-29 09:12:43,427 [6] WARN  IEC61850_simulatorServer2.ModbusSlave [199] - Scale apply failed for yc22: System.InvalidCastException: Unable to cast object of type 'System.Int32' to type 'System.Single'.
   at IEC61850_simulatorServer2.ModbusSlave.Write(Dictionary`2 data, Byte slaveId) in /Users/songyinpei/jobs/IEC61850-simulatorServer2/ModbusSlave.cs:line 199 

2025-12-29 09:12:43,454 [6] WARN  IEC61850_simulatorServer2.ModbusSlave [199] - Scale apply failed for yc23: System.InvalidCastException: Unable to cast object of type 'System.Int32' to type 'System.Single'.
   at IEC61850_simulatorServer2.ModbusSlave.Write(Dictionary`2 data, Byte slaveId) in /Users/songyinpei/jobs/IEC61850-simulatorServer2/ModbusSlave.cs:line 199 

2025-12-29 09:12:43,480 [6] WARN  IEC61850_simulatorServer2.ModbusSlave [199] - Scale apply failed for yc24: System.InvalidCastException: Unable to cast object of type 'System.Int32' to type 'System.Single'.
   at IEC61850_simulatorServer2.ModbusSlave.Write(Dictionary`2 data, Byte slaveId) in /Users/songyinpei/jobs/IEC61850-simulatorServer2/ModbusSlave.cs:line 199 

2025-12-29 09:12:43,507 [6] WARN  IEC61850_simulatorServer2.ModbusSlave [199] - Scale apply failed for yc25: System.InvalidCastException: Unable to cast object of type 'System.Int32' to type 'System.Single'.
   at IEC61850_simulatorServer2.ModbusSlave.Write(Dictionary`2 data, Byte slaveId) in /Users/songyinpei/jobs/IEC61850-simulatorServer2/ModbusSlave.cs:line 199 

2025-12-29 09:12:43,532 [6] WARN  IEC61850_simulatorServer2.ModbusSlave [199] - Scale apply failed for yc26: System.InvalidCastException: Unable to cast object of type 'System.Int32' to type 'System.Single'.
   at IEC61850_simulatorServer2.ModbusSlave.Write(Dictionary`2 data, Byte slaveId) in /Users/songyinpei/jobs/IEC61850-simulatorServer2/ModbusSlave.cs:line 199 

2025-12-29 09:12:43,563 [6] WARN  IEC61850_simulatorServer2.ModbusSlave [199] - Scale apply failed for yc27: System.InvalidCastException: Unable to cast object of type 'System.Int32' to type 'System.Single'.
   at IEC61850_simulatorServer2.ModbusSlave.Write(Dictionary`2 data, Byte slaveId) in /Users/songyinpei/jobs/IEC61850-simulatorServer2/ModbusSlave.cs:line 199 

2025-12-29 09:12:43,611 [6] WARN  IEC61850_simulatorServer2.ModbusSlave [199] - Scale apply failed for yc28: System.InvalidCastException: Unable to cast object of type 'System.Int32' to type 'System.Single'.
   at IEC61850_simulatorServer2.ModbusSlave.Write(Dictionary`2 data, Byte slaveId) in /Users/songyinpei/jobs/IEC61850-simulatorServer2/ModbusSlave.cs:line 199 

2025-12-29 09:12:43,662 [6] WARN  IEC61850_simulatorServer2.ModbusSlave [199] - Scale apply failed for yc29: System.InvalidCastException: Unable to cast object of type 'System.Int32' to type 'System.Single'.
   at IEC61850_simulatorServer2.ModbusSlave.Write(Dictionary`2 data, Byte slaveId) in /Users/songyinpei/jobs/IEC61850-simulatorServer2/ModbusSlave.cs:line 199 

2025-12-29 09:12:43,708 [6] WARN  IEC61850_simulatorServer2.ModbusSlave [199] - Scale apply failed for yc30: System.InvalidCastException: Unable to cast object of type 'System.Int32' to type 'System.Single'.
   at IEC61850_simulatorServer2.ModbusSlave.Write(Dictionary`2 data, Byte slaveId) in /Users/songyinpei/jobs/IEC61850-simulatorServer2/ModbusSlave.cs:line 199 

2025-12-29 09:12:43,760 [6] WARN  IEC61850_simulatorServer2.ModbusSlave [199] - Scale apply failed for yc31: System.InvalidCastException: Unable to cast object of type 'System.Int32' to type 'System.Single'.
   at IEC61850_simulatorServer2.ModbusSlave.Write(Dictionary`2 data, Byte slaveId) in /Users/songyinpei/jobs/IEC61850-simulatorServer2/ModbusSlave.cs:line 199 

2025-12-29 09:12:43,788 [6] WARN  IEC61850_simulatorServer2.ModbusSlave [199] - Scale apply failed for yc34: System.InvalidCastException: Unable to cast object of type 'System.Int32' to type 'System.Single'.
   at IEC61850_simulatorServer2.ModbusSlave.Write(Dictionary`2 data, Byte slaveId) in /Users/songyinpei/jobs/IEC61850-simulatorServer2/ModbusSlave.cs:line 199 

2025-12-29 09:12:43,814 [6] WARN  IEC61850_simulatorServer2.ModbusSlave [199] - Scale apply failed for yc32: System.InvalidCastException: Unable to cast object of type 'System.Int32' to type 'System.Single'.
   at IEC61850_simulatorServer2.ModbusSlave.Write(Dictionary`2 data, Byte slaveId) in /Users/songyinpei/jobs/IEC61850-simulatorServer2/ModbusSlave.cs:line 199 

2025-12-29 09:12:43,841 [6] WARN  IEC61850_simulatorServer2.ModbusSlave [199] - Scale apply failed for yc33: System.InvalidCastException: Unable to cast object of type 'System.Int32' to type 'System.Single'.
   at IEC61850_simulatorServer2.ModbusSlave.Write(Dictionary`2 data, Byte slaveId) in /Users/songyinpei/jobs/IEC61850-simulatorServer2/ModbusSlave.cs:line 199 

2025-12-29 09:12:43,871 [6] WARN  IEC61850_simulatorServer2.ModbusSlave [199] - Scale apply failed for yc35: System.InvalidCastException: Unable to cast object of type 'System.Int32' to type 'System.Single'.
   at IEC61850_simulatorServer2.ModbusSlave.Write(Dictionary`2 data, Byte slaveId) in /Users/songyinpei/jobs/IEC61850-simulatorServer2/ModbusSlave.cs:line 199 

2025-12-29 09:12:43,928 [6] WARN  IEC61850_simulatorServer2.ModbusSlave [199] - Scale apply failed for yc36: System.InvalidCastException: Unable to cast object of type 'System.Int32' to type 'System.Single'.
   at IEC61850_simulatorServer2.ModbusSlave.Write(Dictionary`2 data, Byte slaveId) in /Users/songyinpei/jobs/IEC61850-simulatorServer2/ModbusSlave.cs:line 199 

2025-12-29 09:12:43,943 [6] WARN  IEC61850_simulatorServer2.ModbusSlave [199] - Scale apply failed for yc37: System.InvalidCastException: Unable to cast object of type 'System.Int32' to type 'System.Single'.
   at IEC61850_simulatorServer2.ModbusSlave.Write(Dictionary`2 data, Byte slaveId) in /Users/songyinpei/jobs/IEC61850-simulatorServer2/ModbusSlave.cs:line 199 

2025-12-29 09:12:43,974 [6] WARN  IEC61850_simulatorServer2.ModbusSlave [199] - Scale apply failed for yc43: System.InvalidCastException: Unable to cast object of type 'System.Int32' to type 'System.Single'.
   at IEC61850_simulatorServer2.ModbusSlave.Write(Dictionary`2 data, Byte slaveId) in /Users/songyinpei/jobs/IEC61850-simulatorServer2/ModbusSlave.cs:line 199 

2025-12-29 09:12:44,031 [6] WARN  IEC61850_simulatorServer2.ModbusSlave [199] - Scale apply failed for yc45: System.InvalidCastException: Unable to cast object of type 'System.Int32' to type 'System.Single'.
   at IEC61850_simulatorServer2.ModbusSlave.Write(Dictionary`2 data, Byte slaveId) in /Users/songyinpei/jobs/IEC61850-simulatorServer2/ModbusSlave.cs:line 199 

2025-12-29 09:12:44,064 [6] WARN  IEC61850_simulatorServer2.ModbusSlave [199] - Scale apply failed for yc53: System.InvalidCastException: Unable to cast object of type 'System.Int32' to type 'System.Single'.
   at IEC61850_simulatorServer2.ModbusSlave.Write(Dictionary`2 data, Byte slaveId) in /Users/songyinpei/jobs/IEC61850-simulatorServer2/ModbusSlave.cs:line 199 

2025-12-29 09:12:44,329 [9] WARN  IEC61850_simulatorServer2.ModbusSlave [199] - Scale apply failed for param2: System.InvalidCastException: Unable to cast object of type 'System.Int32' to type 'System.Single'.
   at IEC61850_simulatorServer2.ModbusSlave.Write(Dictionary`2 data, Byte slaveId) in /Users/songyinpei/jobs/IEC61850-simulatorServer2/ModbusSlave.cs:line 199 

2025-12-29 09:12:44,332 [9] WARN  IEC61850_simulatorServer2.ModbusSlave [199] - Scale apply failed for param3: System.InvalidCastException: Unable to cast object of type 'System.Int32' to type 'System.Single'.
   at IEC61850_simulatorServer2.ModbusSlave.Write(Dictionary`2 data, Byte slaveId) in /Users/songyinpei/jobs/IEC61850-simulatorServer2/ModbusSlave.cs:line 199 

2025-12-29 09:12:44,334 [9] WARN  IEC61850_simulatorServer2.ModbusSlave [199] - Scale apply failed for param4: System.InvalidCastException: Unable to cast object of type 'System.Int32' to type 'System.Single'.
   at IEC61850_simulatorServer2.ModbusSlave.Write(Dictionary`2 data, Byte slaveId) in /Users/songyinpei/jobs/IEC61850-simulatorServer2/ModbusSlave.cs:line 199 

2025-12-29 09:12:44,336 [9] WARN  IEC61850_simulatorServer2.ModbusSlave [199] - Scale apply failed for param8: System.InvalidCastException: Unable to cast object of type 'System.Int32' to type 'System.Single'.
   at IEC61850_simulatorServer2.ModbusSlave.Write(Dictionary`2 data, Byte slaveId) in /Users/songyinpei/jobs/IEC61850-simulatorServer2/ModbusSlave.cs:line 199 

2025-12-29 09:12:44,338 [9] WARN  IEC61850_simulatorServer2.ModbusSlave [199] - Scale apply failed for param9: System.InvalidCastException: Unable to cast object of type 'System.Int32' to type 'System.Single'.
   at IEC61850_simulatorServer2.ModbusSlave.Write(Dictionary`2 data, Byte slaveId) in /Users/songyinpei/jobs/IEC61850-simulatorServer2/ModbusSlave.cs:line 199 

2025-12-29 09:12:44,340 [9] WARN  IEC61850_simulatorServer2.ModbusSlave [199] - Scale apply failed for param10: System.InvalidCastException: Unable to cast object of type 'System.Int32' to type 'System.Single'.
   at IEC61850_simulatorServer2.ModbusSlave.Write(Dictionary`2 data, Byte slaveId) in /Users/songyinpei/jobs/IEC61850-simulatorServer2/ModbusSlave.cs:line 199 

2025-12-29 09:12:44,342 [9] WARN  IEC61850_simulatorServer2.ModbusSlave [199] - Scale apply failed for param15: System.InvalidCastException: Unable to cast object of type 'System.Int32' to type 'System.Single'.
   at IEC61850_simulatorServer2.ModbusSlave.Write(Dictionary`2 data, Byte slaveId) in /Users/songyinpei/jobs/IEC61850-simulatorServer2/ModbusSlave.cs:line 199 

2025-12-29 09:12:44,369 [9] WARN  IEC61850_simulatorServer2.ModbusSlave [199] - Scale apply failed for param16: System.InvalidCastException: Unable to cast object of type 'System.Int32' to type 'System.Single'.
   at IEC61850_simulatorServer2.ModbusSlave.Write(Dictionary`2 data, Byte slaveId) in /Users/songyinpei/jobs/IEC61850-simulatorServer2/ModbusSlave.cs:line 199 

2025-12-29 09:12:44,371 [9] WARN  IEC61850_simulatorServer2.ModbusSlave [199] - Scale apply failed for param17: System.InvalidCastException: Unable to cast object of type 'System.Int32' to type 'System.Single'.
   at IEC61850_simulatorServer2.ModbusSlave.Write(Dictionary`2 data, Byte slaveId) in /Users/songyinpei/jobs/IEC61850-simulatorServer2/ModbusSlave.cs:line 199 

2025-12-29 09:12:44,373 [9] WARN  IEC61850_simulatorServer2.ModbusSlave [199] - Scale apply failed for param18: System.InvalidCastException: Unable to cast object of type 'System.Int32' to type 'System.Single'.
   at IEC61850_simulatorServer2.ModbusSlave.Write(Dictionary`2 data, Byte slaveId) in /Users/songyinpei/jobs/IEC61850-simulatorServer2/ModbusSlave.cs:line 199 

2025-12-29 09:12:44,375 [9] WARN  IEC61850_simulatorServer2.ModbusSlave [199] - Scale apply failed for param19: System.InvalidCastException: Unable to cast object of type 'System.Int32' to type 'System.Single'.
   at IEC61850_simulatorServer2.ModbusSlave.Write(Dictionary`2 data, Byte slaveId) in /Users/songyinpei/jobs/IEC61850-simulatorServer2/ModbusSlave.cs:line 199 

2025-12-29 09:12:44,376 [9] WARN  IEC61850_simulatorServer2.ModbusSlave [199] - Scale apply failed for param20: System.InvalidCastException: Unable to cast object of type 'System.Int32' to type 'System.Single'.
   at IEC61850_simulatorServer2.ModbusSlave.Write(Dictionary`2 data, Byte slaveId) in /Users/songyinpei/jobs/IEC61850-simulatorServer2/ModbusSlave.cs:line 199 

2025-12-29 09:12:44,403 [9] WARN  IEC61850_simulatorServer2.ModbusSlave [199] - Scale apply failed for param21: System.InvalidCastException: Unable to cast object of type 'System.Int32' to type 'System.Single'.
   at IEC61850_simulatorServer2.ModbusSlave.Write(Dictionary`2 data, Byte slaveId) in /Users/songyinpei/jobs/IEC61850-simulatorServer2/ModbusSlave.cs:line 199 

2025-12-29 09:12:44,405 [9] WARN  IEC61850_simulatorServer2.ModbusSlave [199] - Scale apply failed for param31: System.InvalidCastException: Unable to cast object of type 'System.Int32' to type 'System.Single'.
   at IEC61850_simulatorServer2.ModbusSlave.Write(Dictionary`2 data, Byte slaveId) in /Users/songyinpei/jobs/IEC61850-simulatorServer2/ModbusSlave.cs:line 199 

2025-12-29 09:12:44,407 [9] WARN  IEC61850_simulatorServer2.ModbusSlave [199] - Scale apply failed for param32: System.InvalidCastException: Unable to cast object of type 'System.Int32' to type 'System.Single'.
   at IEC61850_simulatorServer2.ModbusSlave.Write(Dictionary`2 data, Byte slaveId) in /Users/songyinpei/jobs/IEC61850-simulatorServer2/ModbusSlave.cs:line 199 

2025-12-29 09:12:44,408 [9] WARN  IEC61850_simulatorServer2.ModbusSlave [199] - Scale apply failed for param33: System.InvalidCastException: Unable to cast object of type 'System.Int32' to type 'System.Single'.
   at IEC61850_simulatorServer2.ModbusSlave.Write(Dictionary`2 data, Byte slaveId) in /Users/songyinpei/jobs/IEC61850-simulatorServer2/ModbusSlave.cs:line 199 

2025-12-29 09:12:44,410 [9] WARN  IEC61850_simulatorServer2.ModbusSlave [199] - Scale apply failed for param34: System.InvalidCastException: Unable to cast object of type 'System.Int32' to type 'System.Single'.
   at IEC61850_simulatorServer2.ModbusSlave.Write(Dictionary`2 data, Byte slaveId) in /Users/songyinpei/jobs/IEC61850-simulatorServer2/ModbusSlave.cs:line 199 

2025-12-29 09:12:44,437 [9] WARN  IEC61850_simulatorServer2.ModbusSlave [199] - Scale apply failed for param35: System.InvalidCastException: Unable to cast object of type 'System.Int32' to type 'System.Single'.
   at IEC61850_simulatorServer2.ModbusSlave.Write(Dictionary`2 data, Byte slaveId) in /Users/songyinpei/jobs/IEC61850-simulatorServer2/ModbusSlave.cs:line 199 

2025-12-29 09:12:44,440 [9] WARN  IEC61850_simulatorServer2.ModbusSlave [199] - Scale apply failed for param36: System.InvalidCastException: Unable to cast object of type 'System.Int32' to type 'System.Single'.
   at IEC61850_simulatorServer2.ModbusSlave.Write(Dictionary`2 data, Byte slaveId) in /Users/songyinpei/jobs/IEC61850-simulatorServer2/ModbusSlave.cs:line 199 

2025-12-29 09:12:44,443 [9] WARN  IEC61850_simulatorServer2.ModbusSlave [199] - Scale apply failed for param37: System.InvalidCastException: Unable to cast object of type 'System.Int32' to type 'System.Single'.
   at IEC61850_simulatorServer2.ModbusSlave.Write(Dictionary`2 data, Byte slaveId) in /Users/songyinpei/jobs/IEC61850-simulatorServer2/ModbusSlave.cs:line 199 

2025-12-29 09:12:44,445 [9] WARN  IEC61850_simulatorServer2.ModbusSlave [199] - Scale apply failed for param38: System.InvalidCastException: Unable to cast object of type 'System.Int32' to type 'System.Single'.
   at IEC61850_simulatorServer2.ModbusSlave.Write(Dictionary`2 data, Byte slaveId) in /Users/songyinpei/jobs/IEC61850-simulatorServer2/ModbusSlave.cs:line 199 

2025-12-29 09:12:44,447 [9] WARN  IEC61850_simulatorServer2.ModbusSlave [199] - Scale apply failed for param39: System.InvalidCastException: Unable to cast object of type 'System.Int32' to type 'System.Single'.
   at IEC61850_simulatorServer2.ModbusSlave.Write(Dictionary`2 data, Byte slaveId) in /Users/songyinpei/jobs/IEC61850-simulatorServer2/ModbusSlave.cs:line 199 

2025-12-29 09:12:44,449 [9] WARN  IEC61850_simulatorServer2.ModbusSlave [199] - Scale apply failed for param40: System.InvalidCastException: Unable to cast object of type 'System.Int32' to type 'System.Single'.
   at IEC61850_simulatorServer2.ModbusSlave.Write(Dictionary`2 data, Byte slaveId) in /Users/songyinpei/jobs/IEC61850-simulatorServer2/ModbusSlave.cs:line 199 

2025-12-29 09:12:44,472 [9] WARN  IEC61850_simulatorServer2.ModbusSlave [199] - Scale apply failed for param41: System.InvalidCastException: Unable to cast object of type 'System.Int32' to type 'System.Single'.
   at IEC61850_simulatorServer2.ModbusSlave.Write(Dictionary`2 data, Byte slaveId) in /Users/songyinpei/jobs/IEC61850-simulatorServer2/ModbusSlave.cs:line 199 

2025-12-29 09:12:44,474 [9] WARN  IEC61850_simulatorServer2.ModbusSlave [199] - Scale apply failed for param42: System.InvalidCastException: Unable to cast object of type 'System.Int32' to type 'System.Single'.
   at IEC61850_simulatorServer2.ModbusSlave.Write(Dictionary`2 data, Byte slaveId) in /Users/songyinpei/jobs/IEC61850-simulatorServer2/ModbusSlave.cs:line 199 

2025-12-29 09:12:44,502 [9] WARN  IEC61850_simulatorServer2.ModbusSlave [199] - Scale apply failed for param43: System.InvalidCastException: Unable to cast object of type 'System.Int32' to type 'System.Single'.
   at IEC61850_simulatorServer2.ModbusSlave.Write(Dictionary`2 data, Byte slaveId) in /Users/songyinpei/jobs/IEC61850-simulatorServer2/ModbusSlave.cs:line 199 

2025-12-29 09:12:44,554 [9] WARN  IEC61850_simulatorServer2.ModbusSlave [199] - Scale apply failed for param44: System.InvalidCastException: Unable to cast object of type 'System.Int32' to type 'System.Single'.
   at IEC61850_simulatorServer2.ModbusSlave.Write(Dictionary`2 data, Byte slaveId) in /Users/songyinpei/jobs/IEC61850-simulatorServer2/ModbusSlave.cs:line 199 

2025-12-29 09:12:44,581 [9] WARN  IEC61850_simulatorServer2.ModbusSlave [199] - Scale apply failed for param45: System.InvalidCastException: Unable to cast object of type 'System.Int32' to type 'System.Single'.
   at IEC61850_simulatorServer2.ModbusSlave.Write(Dictionary`2 data, Byte slaveId) in /Users/songyinpei/jobs/IEC61850-simulatorServer2/ModbusSlave.cs:line 199 

2025-12-29 09:12:44,609 [9] WARN  IEC61850_simulatorServer2.ModbusSlave [199] - Scale apply failed for param46: System.InvalidCastException: Unable to cast object of type 'System.Int32' to type 'System.Single'.
   at IEC61850_simulatorServer2.ModbusSlave.Write(Dictionary`2 data, Byte slaveId) in /Users/songyinpei/jobs/IEC61850-simulatorServer2/ModbusSlave.cs:line 199 

2025-12-29 09:12:44,637 [9] WARN  IEC61850_simulatorServer2.ModbusSlave [199] - Scale apply failed for param47: System.InvalidCastException: Unable to cast object of type 'System.Int32' to type 'System.Single'.
   at IEC61850_simulatorServer2.ModbusSlave.Write(Dictionary`2 data, Byte slaveId) in /Users/songyinpei/jobs/IEC61850-simulatorServer2/ModbusSlave.cs:line 199 

2025-12-29 09:12:44,664 [9] WARN  IEC61850_simulatorServer2.ModbusSlave [199] - Scale apply failed for param48: System.InvalidCastException: Unable to cast object of type 'System.Int32' to type 'System.Single'.
   at IEC61850_simulatorServer2.ModbusSlave.Write(Dictionary`2 data, Byte slaveId) in /Users/songyinpei/jobs/IEC61850-simulatorServer2/ModbusSlave.cs:line 199 

2025-12-29 09:12:44,696 [9] WARN  IEC61850_simulatorServer2.ModbusSlave [199] - Scale apply failed for param49: System.InvalidCastException: Unable to cast object of type 'System.Int32' to type 'System.Single'.
   at IEC61850_simulatorServer2.ModbusSlave.Write(Dictionary`2 data, Byte slaveId) in /Users/songyinpei/jobs/IEC61850-simulatorServer2/ModbusSlave.cs:line 199 

2025-12-29 09:12:45,585 [12] WARN  IEC61850_simulatorServer2.ModbusSlave [199] - Scale apply failed for yc6: System.InvalidCastException: Unable to cast object of type 'System.Int32' to type 'System.Single'.
   at IEC61850_simulatorServer2.ModbusSlave.Write(Dictionary`2 data, Byte slaveId) in /Users/songyinpei/jobs/IEC61850-simulatorServer2/ModbusSlave.cs:line 199 

2025-12-29 09:12:45,612 [12] WARN  IEC61850_simulatorServer2.ModbusSlave [199] - Scale apply failed for yc7: System.InvalidCastException: Unable to cast object of type 'System.Int32' to type 'System.Single'.
   at IEC61850_simulatorServer2.ModbusSlave.Write(Dictionary`2 data, Byte slaveId) in /Users/songyinpei/jobs/IEC61850-simulatorServer2/ModbusSlave.cs:line 199 

2025-12-29 09:12:45,614 [12] WARN  IEC61850_simulatorServer2.ModbusSlave [199] - Scale apply failed for yc8: System.InvalidCastException: Unable to cast object of type 'System.Int32' to type 'System.Single'.
   at IEC61850_simulatorServer2.ModbusSlave.Write(Dictionary`2 data, Byte slaveId) in /Users/songyinpei/jobs/IEC61850-simulatorServer2/ModbusSlave.cs:line 199 

2025-12-29 09:12:45,617 [12] WARN  IEC61850_simulatorServer2.ModbusSlave [199] - Scale apply failed for yc9: System.InvalidCastException: Unable to cast object of type 'System.Int32' to type 'System.Single'.
   at IEC61850_simulatorServer2.ModbusSlave.Write(Dictionary`2 data, Byte slaveId) in /Users/songyinpei/jobs/IEC61850-simulatorServer2/ModbusSlave.cs:line 199 

2025-12-29 09:12:45,619 [12] WARN  IEC61850_simulatorServer2.ModbusSlave [199] - Scale apply failed for yc11: System.InvalidCastException: Unable to cast object of type 'System.Int32' to type 'System.Single'.
   at IEC61850_simulatorServer2.ModbusSlave.Write(Dictionary`2 data, Byte slaveId) in /Users/songyinpei/jobs/IEC61850-simulatorServer2/ModbusSlave.cs:line 199 

2025-12-29 09:12:45,621 [12] WARN  IEC61850_simulatorServer2.ModbusSlave [199] - Scale apply failed for yc12: System.InvalidCastException: Unable to cast object of type 'System.Int32' to type 'System.Single'.
   at IEC61850_simulatorServer2.ModbusSlave.Write(Dictionary`2 data, Byte slaveId) in /Users/songyinpei/jobs/IEC61850-simulatorServer2/ModbusSlave.cs:line 199 

2025-12-29 09:12:45,623 [12] WARN  IEC61850_simulatorServer2.ModbusSlave [199] - Scale apply failed for yc10: System.InvalidCastException: Unable to cast object of type 'System.Int32' to type 'System.Single'.
   at IEC61850_simulatorServer2.ModbusSlave.Write(Dictionary`2 data, Byte slaveId) in /Users/songyinpei/jobs/IEC61850-simulatorServer2/ModbusSlave.cs:line 199 

2025-12-29 09:12:45,625 [12] WARN  IEC61850_simulatorServer2.ModbusSlave [199] - Scale apply failed for yc20: System.InvalidCastException: Unable to cast object of type 'System.Int32' to type 'System.Single'.
   at IEC61850_simulatorServer2.ModbusSlave.Write(Dictionary`2 data, Byte slaveId) in /Users/songyinpei/jobs/IEC61850-simulatorServer2/ModbusSlave.cs:line 199 

2025-12-29 09:12:45,626 [12] WARN  IEC61850_simulatorServer2.ModbusSlave [199] - Scale apply failed for yc21: System.InvalidCastException: Unable to cast object of type 'System.Int32' to type 'System.Single'.
   at IEC61850_simulatorServer2.ModbusSlave.Write(Dictionary`2 data, Byte slaveId) in /Users/songyinpei/jobs/IEC61850-simulatorServer2/ModbusSlave.cs:line 199 

2025-12-29 09:12:45,628 [12] WARN  IEC61850_simulatorServer2.ModbusSlave [199] - Scale apply failed for yc22: System.InvalidCastException: Unable to cast object of type 'System.Int32' to type 'System.Single'.
   at IEC61850_simulatorServer2.ModbusSlave.Write(Dictionary`2 data, Byte slaveId) in /Users/songyinpei/jobs/IEC61850-simulatorServer2/ModbusSlave.cs:line 199 

2025-12-29 09:12:45,630 [12] WARN  IEC61850_simulatorServer2.ModbusSlave [199] - Scale apply failed for yc23: System.InvalidCastException: Unable to cast object of type 'System.Int32' to type 'System.Single'.
   at IEC61850_simulatorServer2.ModbusSlave.Write(Dictionary`2 data, Byte slaveId) in /Users/songyinpei/jobs/IEC61850-simulatorServer2/ModbusSlave.cs:line 199 

2025-12-29 09:12:45,658 [12] WARN  IEC61850_simulatorServer2.ModbusSlave [199] - Scale apply failed for yc24: System.InvalidCastException: Unable to cast object of type 'System.Int32' to type 'System.Single'.
   at IEC61850_simulatorServer2.ModbusSlave.Write(Dictionary`2 data, Byte slaveId) in /Users/songyinpei/jobs/IEC61850-simulatorServer2/ModbusSlave.cs:line 199 

2025-12-29 09:12:45,660 [12] WARN  IEC61850_simulatorServer2.ModbusSlave [199] - Scale apply failed for yc25: System.InvalidCastException: Unable to cast object of type 'System.Int32' to type 'System.Single'.
   at IEC61850_simulatorServer2.ModbusSlave.Write(Dictionary`2 data, Byte slaveId) in /Users/songyinpei/jobs/IEC61850-simulatorServer2/ModbusSlave.cs:line 199 

2025-12-29 09:12:45,662 [12] WARN  IEC61850_simulatorServer2.ModbusSlave [199] - Scale apply failed for yc26: System.InvalidCastException: Unable to cast object of type 'System.Int32' to type 'System.Single'.
   at IEC61850_simulatorServer2.ModbusSlave.Write(Dictionary`2 data, Byte slaveId) in /Users/songyinpei/jobs/IEC61850-simulatorServer2/ModbusSlave.cs:line 199 

2025-12-29 09:12:45,664 [12] WARN  IEC61850_simulatorServer2.ModbusSlave [199] - Scale apply failed for yc27: System.InvalidCastException: Unable to cast object of type 'System.Int32' to type 'System.Single'.
   at IEC61850_simulatorServer2.ModbusSlave.Write(Dictionary`2 data, Byte slaveId) in /Users/songyinpei/jobs/IEC61850-simulatorServer2/ModbusSlave.cs:line 199 

2025-12-29 09:12:45,666 [12] WARN  IEC61850_simulatorServer2.ModbusSlave [199] - Scale apply failed for yc28: System.InvalidCastException: Unable to cast object of type 'System.Int32' to type 'System.Single'.
   at IEC61850_simulatorServer2.ModbusSlave.Write(Dictionary`2 data, Byte slaveId) in /Users/songyinpei/jobs/IEC61850-simulatorServer2/ModbusSlave.cs:line 199 

2025-12-29 09:12:45,668 [12] WARN  IEC61850_simulatorServer2.ModbusSlave [199] - Scale apply failed for yc29: System.InvalidCastException: Unable to cast object of type 'System.Int32' to type 'System.Single'.
   at IEC61850_simulatorServer2.ModbusSlave.Write(Dictionary`2 data, Byte slaveId) in /Users/songyinpei/jobs/IEC61850-simulatorServer2/ModbusSlave.cs:line 199 

2025-12-29 09:12:45,695 [12] WARN  IEC61850_simulatorServer2.ModbusSlave [199] - Scale apply failed for yc30: System.InvalidCastException: Unable to cast object of type 'System.Int32' to type 'System.Single'.
   at IEC61850_simulatorServer2.ModbusSlave.Write(Dictionary`2 data, Byte slaveId) in /Users/songyinpei/jobs/IEC61850-simulatorServer2/ModbusSlave.cs:line 199 

2025-12-29 09:12:45,697 [12] WARN  IEC61850_simulatorServer2.ModbusSlave [199] - Scale apply failed for yc31: System.InvalidCastException: Unable to cast object of type 'System.Int32' to type 'System.Single'.
   at IEC61850_simulatorServer2.ModbusSlave.Write(Dictionary`2 data, Byte slaveId) in /Users/songyinpei/jobs/IEC61850-simulatorServer2/ModbusSlave.cs:line 199 

2025-12-29 09:12:45,699 [12] WARN  IEC61850_simulatorServer2.ModbusSlave [199] - Scale apply failed for yc34: System.InvalidCastException: Unable to cast object of type 'System.Int32' to type 'System.Single'.
   at IEC61850_simulatorServer2.ModbusSlave.Write(Dictionary`2 data, Byte slaveId) in /Users/songyinpei/jobs/IEC61850-simulatorServer2/ModbusSlave.cs:line 199 

2025-12-29 09:12:45,701 [12] WARN  IEC61850_simulatorServer2.ModbusSlave [199] - Scale apply failed for yc32: System.InvalidCastException: Unable to cast object of type 'System.Int32' to type 'System.Single'.
   at IEC61850_simulatorServer2.ModbusSlave.Write(Dictionary`2 data, Byte slaveId) in /Users/songyinpei/jobs/IEC61850-simulatorServer2/ModbusSlave.cs:line 199 

2025-12-29 09:12:45,703 [12] WARN  IEC61850_simulatorServer2.ModbusSlave [199] - Scale apply failed for yc33: System.InvalidCastException: Unable to cast object of type 'System.Int32' to type 'System.Single'.
   at IEC61850_simulatorServer2.ModbusSlave.Write(Dictionary`2 data, Byte slaveId) in /Users/songyinpei/jobs/IEC61850-simulatorServer2/ModbusSlave.cs:line 199 

2025-12-29 09:12:45,730 [12] WARN  IEC61850_simulatorServer2.ModbusSlave [199] - Scale apply failed for yc35: System.InvalidCastException: Unable to cast object of type 'System.Int32' to type 'System.Single'.
   at IEC61850_simulatorServer2.ModbusSlave.Write(Dictionary`2 data, Byte slaveId) in /Users/songyinpei/jobs/IEC61850-simulatorServer2/ModbusSlave.cs:line 199 

2025-12-29 09:12:45,786 [12] WARN  IEC61850_simulatorServer2.ModbusSlave [199] - Scale apply failed for yc36: System.InvalidCastException: Unable to cast object of type 'System.Int32' to type 'System.Single'.
   at IEC61850_simulatorServer2.ModbusSlave.Write(Dictionary`2 data, Byte slaveId) in /Users/songyinpei/jobs/IEC61850-simulatorServer2/ModbusSlave.cs:line 199 

2025-12-29 09:12:45,838 [12] WARN  IEC61850_simulatorServer2.ModbusSlave [199] - Scale apply failed for yc37: System.InvalidCastException: Unable to cast object of type 'System.Int32' to type 'System.Single'.
   at IEC61850_simulatorServer2.ModbusSlave.Write(Dictionary`2 data, Byte slaveId) in /Users/songyinpei/jobs/IEC61850-simulatorServer2/ModbusSlave.cs:line 199 

2025-12-29 09:12:45,867 [12] WARN  IEC61850_simulatorServer2.ModbusSlave [199] - Scale apply failed for yc53: System.InvalidCastException: Unable to cast object of type 'System.Int32' to type 'System.Single'.
   at IEC61850_simulatorServer2.ModbusSlave.Write(Dictionary`2 data, Byte slaveId) in /Users/songyinpei/jobs/IEC61850-simulatorServer2/ModbusSlave.cs:line 199 

2025-12-29 09:12:45,892 [12] WARN  IEC61850_simulatorServer2.ModbusSlave [199] - Scale apply failed for yc43: System.InvalidCastException: Unable to cast object of type 'System.Int32' to type 'System.Single'.
   at IEC61850_simulatorServer2.ModbusSlave.Write(Dictionary`2 data, Byte slaveId) in /Users/songyinpei/jobs/IEC61850-simulatorServer2/ModbusSlave.cs:line 199 

2025-12-29 09:12:45,922 [12] WARN  IEC61850_simulatorServer2.ModbusSlave [199] - Scale apply failed for yc45: System.InvalidCastException: Unable to cast object of type 'System.Int32' to type 'System.Single'.
   at IEC61850_simulatorServer2.ModbusSlave.Write(Dictionary`2 data, Byte slaveId) in /Users/songyinpei/jobs/IEC61850-simulatorServer2/ModbusSlave.cs:line 199 

2025-12-29 09:12:46,674 [15] WARN  IEC61850_simulatorServer2.ModbusSlave [199] - Scale apply failed for param2: System.InvalidCastException: Unable to cast object of type 'System.Int32' to type 'System.Single'.
   at IEC61850_simulatorServer2.ModbusSlave.Write(Dictionary`2 data, Byte slaveId) in /Users/songyinpei/jobs/IEC61850-simulatorServer2/ModbusSlave.cs:line 199 

2025-12-29 09:12:46,697 [15] WARN  IEC61850_simulatorServer2.ModbusSlave [199] - Scale apply failed for param3: System.InvalidCastException: Unable to cast object of type 'System.Int32' to type 'System.Single'.
   at IEC61850_simulatorServer2.ModbusSlave.Write(Dictionary`2 data, Byte slaveId) in /Users/songyinpei/jobs/IEC61850-simulatorServer2/ModbusSlave.cs:line 199 

2025-12-29 09:12:46,700 [15] WARN  IEC61850_simulatorServer2.ModbusSlave [199] - Scale apply failed for param4: System.InvalidCastException: Unable to cast object of type 'System.Int32' to type 'System.Single'.
   at IEC61850_simulatorServer2.ModbusSlave.Write(Dictionary`2 data, Byte slaveId) in /Users/songyinpei/jobs/IEC61850-simulatorServer2/ModbusSlave.cs:line 199 

2025-12-29 09:12:46,702 [15] WARN  IEC61850_simulatorServer2.ModbusSlave [199] - Scale apply failed for param8: System.InvalidCastException: Unable to cast object of type 'System.Int32' to type 'System.Single'.
   at IEC61850_simulatorServer2.ModbusSlave.Write(Dictionary`2 data, Byte slaveId) in /Users/songyinpei/jobs/IEC61850-simulatorServer2/ModbusSlave.cs:line 199 

2025-12-29 09:12:46,704 [15] WARN  IEC61850_simulatorServer2.ModbusSlave [199] - Scale apply failed for param9: System.InvalidCastException: Unable to cast object of type 'System.Int32' to type 'System.Single'.
   at IEC61850_simulatorServer2.ModbusSlave.Write(Dictionary`2 data, Byte slaveId) in /Users/songyinpei/jobs/IEC61850-simulatorServer2/ModbusSlave.cs:line 199 

2025-12-29 09:12:46,707 [15] WARN  IEC61850_simulatorServer2.ModbusSlave [199] - Scale apply failed for param10: System.InvalidCastException: Unable to cast object of type 'System.Int32' to type 'System.Single'.
   at IEC61850_simulatorServer2.ModbusSlave.Write(Dictionary`2 data, Byte slaveId) in /Users/songyinpei/jobs/IEC61850-simulatorServer2/ModbusSlave.cs:line 199 

2025-12-29 09:12:46,731 [15] WARN  IEC61850_simulatorServer2.ModbusSlave [199] - Scale apply failed for param15: System.InvalidCastException: Unable to cast object of type 'System.Int32' to type 'System.Single'.
   at IEC61850_simulatorServer2.ModbusSlave.Write(Dictionary`2 data, Byte slaveId) in /Users/songyinpei/jobs/IEC61850-simulatorServer2/ModbusSlave.cs:line 199 

2025-12-29 09:12:46,783 [15] WARN  IEC61850_simulatorServer2.ModbusSlave [199] - Scale apply failed for param16: System.InvalidCastException: Unable to cast object of type 'System.Int32' to type 'System.Single'.
   at IEC61850_simulatorServer2.ModbusSlave.Write(Dictionary`2 data, Byte slaveId) in /Users/songyinpei/jobs/IEC61850-simulatorServer2/ModbusSlave.cs:line 199 

2025-12-29 09:12:46,787 [15] WARN  IEC61850_simulatorServer2.ModbusSlave [199] - Scale apply failed for param17: System.InvalidCastException: Unable to cast object of type 'System.Int32' to type 'System.Single'.
   at IEC61850_simulatorServer2.ModbusSlave.Write(Dictionary`2 data, Byte slaveId) in /Users/songyinpei/jobs/IEC61850-simulatorServer2/ModbusSlave.cs:line 199 

2025-12-29 09:12:46,835 [15] WARN  IEC61850_simulatorServer2.ModbusSlave [199] - Scale apply failed for param18: System.InvalidCastException: Unable to cast object of type 'System.Int32' to type 'System.Single'.
   at IEC61850_simulatorServer2.ModbusSlave.Write(Dictionary`2 data, Byte slaveId) in /Users/songyinpei/jobs/IEC61850-simulatorServer2/ModbusSlave.cs:line 199 

2025-12-29 09:12:46,864 [15] WARN  IEC61850_simulatorServer2.ModbusSlave [199] - Scale apply failed for param19: System.InvalidCastException: Unable to cast object of type 'System.Int32' to type 'System.Single'.
   at IEC61850_simulatorServer2.ModbusSlave.Write(Dictionary`2 data, Byte slaveId) in /Users/songyinpei/jobs/IEC61850-simulatorServer2/ModbusSlave.cs:line 199 

2025-12-29 09:12:46,869 [15] WARN  IEC61850_simulatorServer2.ModbusSlave [199] - Scale apply failed for param20: System.InvalidCastException: Unable to cast object of type 'System.Int32' to type 'System.Single'.
   at IEC61850_simulatorServer2.ModbusSlave.Write(Dictionary`2 data, Byte slaveId) in /Users/songyinpei/jobs/IEC61850-simulatorServer2/ModbusSlave.cs:line 199 

2025-12-29 09:12:46,922 [15] WARN  IEC61850_simulatorServer2.ModbusSlave [199] - Scale apply failed for param21: System.InvalidCastException: Unable to cast object of type 'System.Int32' to type 'System.Single'.
   at IEC61850_simulatorServer2.ModbusSlave.Write(Dictionary`2 data, Byte slaveId) in /Users/songyinpei/jobs/IEC61850-simulatorServer2/ModbusSlave.cs:line 199 

2025-12-29 09:12:46,976 [15] WARN  IEC61850_simulatorServer2.ModbusSlave [199] - Scale apply failed for param31: System.InvalidCastException: Unable to cast object of type 'System.Int32' to type 'System.Single'.
   at IEC61850_simulatorServer2.ModbusSlave.Write(Dictionary`2 data, Byte slaveId) in /Users/songyinpei/jobs/IEC61850-simulatorServer2/ModbusSlave.cs:line 199 

2025-12-29 09:12:47,036 [15] WARN  IEC61850_simulatorServer2.ModbusSlave [199] - Scale apply failed for param32: System.InvalidCastException: Unable to cast object of type 'System.Int32' to type 'System.Single'.
   at IEC61850_simulatorServer2.ModbusSlave.Write(Dictionary`2 data, Byte slaveId) in /Users/songyinpei/jobs/IEC61850-simulatorServer2/ModbusSlave.cs:line 199 

2025-12-29 09:12:47,051 [15] WARN  IEC61850_simulatorServer2.ModbusSlave [199] - Scale apply failed for param33: System.InvalidCastException: Unable to cast object of type 'System.Int32' to type 'System.Single'.
   at IEC61850_simulatorServer2.ModbusSlave.Write(Dictionary`2 data, Byte slaveId) in /Users/songyinpei/jobs/IEC61850-simulatorServer2/ModbusSlave.cs:line 199 

2025-12-29 09:12:47,109 [15] WARN  IEC61850_simulatorServer2.ModbusSlave [199] - Scale apply failed for param34: System.InvalidCastException: Unable to cast object of type 'System.Int32' to type 'System.Single'.
   at IEC61850_simulatorServer2.ModbusSlave.Write(Dictionary`2 data, Byte slaveId) in /Users/songyinpei/jobs/IEC61850-simulatorServer2/ModbusSlave.cs:line 199 

2025-12-29 09:12:47,118 [15] WARN  IEC61850_simulatorServer2.ModbusSlave [199] - Scale apply failed for param35: System.InvalidCastException: Unable to cast object of type 'System.Int32' to type 'System.Single'.
   at IEC61850_simulatorServer2.ModbusSlave.Write(Dictionary`2 data, Byte slaveId) in /Users/songyinpei/jobs/IEC61850-simulatorServer2/ModbusSlave.cs:line 199 

2025-12-29 09:12:47,147 [15] WARN  IEC61850_simulatorServer2.ModbusSlave [199] - Scale apply failed for param36: System.InvalidCastException: Unable to cast object of type 'System.Int32' to type 'System.Single'.
   at IEC61850_simulatorServer2.ModbusSlave.Write(Dictionary`2 data, Byte slaveId) in /Users/songyinpei/jobs/IEC61850-simulatorServer2/ModbusSlave.cs:line 199 

2025-12-29 09:12:47,176 [15] WARN  IEC61850_simulatorServer2.ModbusSlave [199] - Scale apply failed for param39: System.InvalidCastException: Unable to cast object of type 'System.Int32' to type 'System.Single'.
   at IEC61850_simulatorServer2.ModbusSlave.Write(Dictionary`2 data, Byte slaveId) in /Users/songyinpei/jobs/IEC61850-simulatorServer2/ModbusSlave.cs:line 199 

2025-12-29 09:12:47,215 [15] WARN  IEC61850_simulatorServer2.ModbusSlave [199] - Scale apply failed for param37: System.InvalidCastException: Unable to cast object of type 'System.Int32' to type 'System.Single'.
   at IEC61850_simulatorServer2.ModbusSlave.Write(Dictionary`2 data, Byte slaveId) in /Users/songyinpei/jobs/IEC61850-simulatorServer2/ModbusSlave.cs:line 199 

2025-12-29 09:12:47,220 [15] WARN  IEC61850_simulatorServer2.ModbusSlave [199] - Scale apply failed for param38: System.InvalidCastException: Unable to cast object of type 'System.Int32' to type 'System.Single'.
   at IEC61850_simulatorServer2.ModbusSlave.Write(Dictionary`2 data, Byte slaveId) in /Users/songyinpei/jobs/IEC61850-simulatorServer2/ModbusSlave.cs:line 199 

2025-12-29 09:12:47,223 [15] WARN  IEC61850_simulatorServer2.ModbusSlave [199] - Scale apply failed for param40: System.InvalidCastException: Unable to cast object of type 'System.Int32' to type 'System.Single'.
   at IEC61850_simulatorServer2.ModbusSlave.Write(Dictionary`2 data, Byte slaveId) in /Users/songyinpei/jobs/IEC61850-simulatorServer2/ModbusSlave.cs:line 199 

2025-12-29 09:12:47,251 [15] WARN  IEC61850_simulatorServer2.ModbusSlave [199] - Scale apply failed for param41: System.InvalidCastException: Unable to cast object of type 'System.Int32' to type 'System.Single'.
   at IEC61850_simulatorServer2.ModbusSlave.Write(Dictionary`2 data, Byte slaveId) in /Users/songyinpei/jobs/IEC61850-simulatorServer2/ModbusSlave.cs:line 199 

2025-12-29 09:12:47,281 [15] WARN  IEC61850_simulatorServer2.ModbusSlave [199] - Scale apply failed for param42: System.InvalidCastException: Unable to cast object of type 'System.Int32' to type 'System.Single'.
   at IEC61850_simulatorServer2.ModbusSlave.Write(Dictionary`2 data, Byte slaveId) in /Users/songyinpei/jobs/IEC61850-simulatorServer2/ModbusSlave.cs:line 199 

2025-12-29 09:12:47,335 [15] WARN  IEC61850_simulatorServer2.ModbusSlave [199] - Scale apply failed for param43: System.InvalidCastException: Unable to cast object of type 'System.Int32' to type 'System.Single'.
   at IEC61850_simulatorServer2.ModbusSlave.Write(Dictionary`2 data, Byte slaveId) in /Users/songyinpei/jobs/IEC61850-simulatorServer2/ModbusSlave.cs:line 199 

2025-12-29 09:12:47,382 [15] WARN  IEC61850_simulatorServer2.ModbusSlave [199] - Scale apply failed for param44: System.InvalidCastException: Unable to cast object of type 'System.Int32' to type 'System.Single'.
   at IEC61850_simulatorServer2.ModbusSlave.Write(Dictionary`2 data, Byte slaveId) in /Users/songyinpei/jobs/IEC61850-simulatorServer2/ModbusSlave.cs:line 199 

2025-12-29 09:12:47,414 [15] WARN  IEC61850_simulatorServer2.ModbusSlave [199] - Scale apply failed for param45: System.InvalidCastException: Unable to cast object of type 'System.Int32' to type 'System.Single'.
   at IEC61850_simulatorServer2.ModbusSlave.Write(Dictionary`2 data, Byte slaveId) in /Users/songyinpei/jobs/IEC61850-simulatorServer2/ModbusSlave.cs:line 199 

2025-12-29 09:12:47,447 [15] WARN  IEC61850_simulatorServer2.ModbusSlave [199] - Scale apply failed for param46: System.InvalidCastException: Unable to cast object of type 'System.Int32' to type 'System.Single'.
   at IEC61850_simulatorServer2.ModbusSlave.Write(Dictionary`2 data, Byte slaveId) in /Users/songyinpei/jobs/IEC61850-simulatorServer2/ModbusSlave.cs:line 199 

2025-12-29 09:12:47,478 [15] WARN  IEC61850_simulatorServer2.ModbusSlave [199] - Scale apply failed for param47: System.InvalidCastException: Unable to cast object of type 'System.Int32' to type 'System.Single'.
   at IEC61850_simulatorServer2.ModbusSlave.Write(Dictionary`2 data, Byte slaveId) in /Users/songyinpei/jobs/IEC61850-simulatorServer2/ModbusSlave.cs:line 199 

2025-12-29 09:12:47,505 [15] WARN  IEC61850_simulatorServer2.ModbusSlave [199] - Scale apply failed for param48: System.InvalidCastException: Unable to cast object of type 'System.Int32' to type 'System.Single'.
   at IEC61850_simulatorServer2.ModbusSlave.Write(Dictionary`2 data, Byte slaveId) in /Users/songyinpei/jobs/IEC61850-simulatorServer2/ModbusSlave.cs:line 199 

2025-12-29 09:12:47,537 [15] WARN  IEC61850_simulatorServer2.ModbusSlave [199] - Scale apply failed for param49: System.InvalidCastException: Unable to cast object of type 'System.Int32' to type 'System.Single'.
   at IEC61850_simulatorServer2.ModbusSlave.Write(Dictionary`2 data, Byte slaveId) in /Users/songyinpei/jobs/IEC61850-simulatorServer2/ModbusSlave.cs:line 199 

2025-12-29 09:12:47,733 [17] WARN  IEC61850_simulatorServer2.ModbusSlave [?] - Scale apply failed for yc0: System.InvalidCastException: Unable to cast object of type 'System.Int32' to type 'System.Single'.
   at IEC61850_simulatorServer2.ModbusSlave.Write(Dictionary`2 data, Byte slaveId) in /Users/songyinpei/jobs/IEC61850-simulatorServer2/ModbusSlave.cs:line 199 

2025-12-29 09:12:47,735 [17] WARN  IEC61850_simulatorServer2.ModbusSlave [?] - Scale apply failed for yc1: System.InvalidCastException: Unable to cast object of type 'System.Int32' to type 'System.Single'.
   at IEC61850_simulatorServer2.ModbusSlave.Write(Dictionary`2 data, Byte slaveId) in /Users/songyinpei/jobs/IEC61850-simulatorServer2/ModbusSlave.cs:line 199 

2025-12-29 09:12:47,762 [17] WARN  IEC61850_simulatorServer2.ModbusSlave [?] - Scale apply failed for yc2: System.InvalidCastException: Unable to cast object of type 'System.Int32' to type 'System.Single'.
   at IEC61850_simulatorServer2.ModbusSlave.Write(Dictionary`2 data, Byte slaveId) in /Users/songyinpei/jobs/IEC61850-simulatorServer2/ModbusSlave.cs:line 199 

2025-12-29 09:12:47,789 [17] WARN  IEC61850_simulatorServer2.ModbusSlave [?] - Scale apply failed for yc3: System.InvalidCastException: Unable to cast object of type 'System.Int32' to type 'System.Single'.
   at IEC61850_simulatorServer2.ModbusSlave.Write(Dictionary`2 data, Byte slaveId) in /Users/songyinpei/jobs/IEC61850-simulatorServer2/ModbusSlave.cs:line 199 

2025-12-29 09:12:47,837 [17] WARN  IEC61850_simulatorServer2.ModbusSlave [?] - Scale apply failed for yc5: System.InvalidCastException: Unable to cast object of type 'System.Int32' to type 'System.Single'.
   at IEC61850_simulatorServer2.ModbusSlave.Write(Dictionary`2 data, Byte slaveId) in /Users/songyinpei/jobs/IEC61850-simulatorServer2/ModbusSlave.cs:line 199 

2025-12-29 09:12:47,890 [17] WARN  IEC61850_simulatorServer2.ModbusSlave [?] - Scale apply failed for yc4: System.InvalidCastException: Unable to cast object of type 'System.Int32' to type 'System.Single'.
   at IEC61850_simulatorServer2.ModbusSlave.Write(Dictionary`2 data, Byte slaveId) in /Users/songyinpei/jobs/IEC61850-simulatorServer2/ModbusSlave.cs:line 199 

2025-12-29 09:12:47,916 [17] WARN  IEC61850_simulatorServer2.ModbusSlave [?] - Scale apply failed for yc6: System.InvalidCastException: Unable to cast object of type 'System.Int32' to type 'System.Single'.
   at IEC61850_simulatorServer2.ModbusSlave.Write(Dictionary`2 data, Byte slaveId) in /Users/songyinpei/jobs/IEC61850-simulatorServer2/ModbusSlave.cs:line 199 

2025-12-29 09:12:47,945 [17] WARN  IEC61850_simulatorServer2.ModbusSlave [?] - Scale apply failed for yc7: System.InvalidCastException: Unable to cast object of type 'System.Int32' to type 'System.Single'.
   at IEC61850_simulatorServer2.ModbusSlave.Write(Dictionary`2 data, Byte slaveId) in /Users/songyinpei/jobs/IEC61850-simulatorServer2/ModbusSlave.cs:line 199 

2025-12-29 09:12:47,973 [17] WARN  IEC61850_simulatorServer2.ModbusSlave [?] - Scale apply failed for yc8: System.InvalidCastException: Unable to cast object of type 'System.Int32' to type 'System.Single'.
   at IEC61850_simulatorServer2.ModbusSlave.Write(Dictionary`2 data, Byte slaveId) in /Users/songyinpei/jobs/IEC61850-simulatorServer2/ModbusSlave.cs:line 199 

2025-12-29 09:12:48,034 [17] WARN  IEC61850_simulatorServer2.ModbusSlave [?] - Scale apply failed for yc9: System.InvalidCastException: Unable to cast object of type 'System.Int32' to type 'System.Single'.
   at IEC61850_simulatorServer2.ModbusSlave.Write(Dictionary`2 data, Byte slaveId) in /Users/songyinpei/jobs/IEC61850-simulatorServer2/ModbusSlave.cs:line 199 

2025-12-29 09:12:48,038 [17] WARN  IEC61850_simulatorServer2.ModbusSlave [?] - Scale apply failed for yc10: System.InvalidCastException: Unable to cast object of type 'System.Int32' to type 'System.Single'.
   at IEC61850_simulatorServer2.ModbusSlave.Write(Dictionary`2 data, Byte slaveId) in /Users/songyinpei/jobs/IEC61850-simulatorServer2/ModbusSlave.cs:line 199 

2025-12-29 09:12:48,065 [17] WARN  IEC61850_simulatorServer2.ModbusSlave [?] - Scale apply failed for yc11: System.InvalidCastException: Unable to cast object of type 'System.Int32' to type 'System.Single'.
   at IEC61850_simulatorServer2.ModbusSlave.Write(Dictionary`2 data, Byte slaveId) in /Users/songyinpei/jobs/IEC61850-simulatorServer2/ModbusSlave.cs:line 199 

2025-12-29 09:12:48,069 [17] WARN  IEC61850_simulatorServer2.ModbusSlave [?] - Scale apply failed for yc12: System.InvalidCastException: Unable to cast object of type 'System.Int32' to type 'System.Single'.
   at IEC61850_simulatorServer2.ModbusSlave.Write(Dictionary`2 data, Byte slaveId) in /Users/songyinpei/jobs/IEC61850-simulatorServer2/ModbusSlave.cs:line 199 

2025-12-29 09:12:48,094 [17] WARN  IEC61850_simulatorServer2.ModbusSlave [?] - Scale apply failed for yc13: System.InvalidCastException: Unable to cast object of type 'System.Int32' to type 'System.Single'.
   at IEC61850_simulatorServer2.ModbusSlave.Write(Dictionary`2 data, Byte slaveId) in /Users/songyinpei/jobs/IEC61850-simulatorServer2/ModbusSlave.cs:line 199 

2025-12-29 09:12:48,125 [17] WARN  IEC61850_simulatorServer2.ModbusSlave [?] - Scale apply failed for yc14: System.InvalidCastException: Unable to cast object of type 'System.Int32' to type 'System.Single'.
   at IEC61850_simulatorServer2.ModbusSlave.Write(Dictionary`2 data, Byte slaveId) in /Users/songyinpei/jobs/IEC61850-simulatorServer2/ModbusSlave.cs:line 199 

2025-12-29 09:12:48,187 [17] WARN  IEC61850_simulatorServer2.ModbusSlave [?] - Scale apply failed for yc15: System.InvalidCastException: Unable to cast object of type 'System.Int32' to type 'System.Single'.
   at IEC61850_simulatorServer2.ModbusSlave.Write(Dictionary`2 data, Byte slaveId) in /Users/songyinpei/jobs/IEC61850-simulatorServer2/ModbusSlave.cs:line 199 

2025-12-29 09:12:48,256 [17] WARN  IEC61850_simulatorServer2.ModbusSlave [?] - Scale apply failed for yc16: System.InvalidCastException: Unable to cast object of type 'System.Int32' to type 'System.Single'.
   at IEC61850_simulatorServer2.ModbusSlave.Write(Dictionary`2 data, Byte slaveId) in /Users/songyinpei/jobs/IEC61850-simulatorServer2/ModbusSlave.cs:line 199 

2025-12-29 09:12:48,261 [17] WARN  IEC61850_simulatorServer2.ModbusSlave [?] - Scale apply failed for yc17: System.InvalidCastException: Unable to cast object of type 'System.Int32' to type 'System.Single'.
   at IEC61850_simulatorServer2.ModbusSlave.Write(Dictionary`2 data, Byte slaveId) in /Users/songyinpei/jobs/IEC61850-simulatorServer2/ModbusSlave.cs:line 199 

2025-12-29 09:12:48,267 [17] WARN  IEC61850_simulatorServer2.ModbusSlave [?] - Scale apply failed for yc18: System.InvalidCastException: Unable to cast object of type 'System.Int32' to type 'System.Single'.
   at IEC61850_simulatorServer2.ModbusSlave.Write(Dictionary`2 data, Byte slaveId) in /Users/songyinpei/jobs/IEC61850-simulatorServer2/ModbusSlave.cs:line 199 

2025-12-29 09:12:48,271 [17] WARN  IEC61850_simulatorServer2.ModbusSlave [?] - Scale apply failed for yc19: System.InvalidCastException: Unable to cast object of type 'System.Int32' to type 'System.Single'.
   at IEC61850_simulatorServer2.ModbusSlave.Write(Dictionary`2 data, Byte slaveId) in /Users/songyinpei/jobs/IEC61850-simulatorServer2/ModbusSlave.cs:line 199 

2025-12-29 09:12:48,275 [17] WARN  IEC61850_simulatorServer2.ModbusSlave [?] - Scale apply failed for yc21: System.InvalidCastException: Unable to cast object of type 'System.Int32' to type 'System.Single'.
   at IEC61850_simulatorServer2.ModbusSlave.Write(Dictionary`2 data, Byte slaveId) in /Users/songyinpei/jobs/IEC61850-simulatorServer2/ModbusSlave.cs:line 199 

2025-12-29 09:12:48,278 [17] WARN  IEC61850_simulatorServer2.ModbusSlave [?] - Scale apply failed for yc20: System.InvalidCastException: Unable to cast object of type 'System.Int32' to type 'System.Single'.
   at IEC61850_simulatorServer2.ModbusSlave.Write(Dictionary`2 data, Byte slaveId) in /Users/songyinpei/jobs/IEC61850-simulatorServer2/ModbusSlave.cs:line 199 

2025-12-29 09:14:03,018 [1] INFO  IEC61850_simulatorServer2.MainClass [37] - [Program] 应用启动，log4net 配置已尝试加载 

2025-12-29 09:14:04,590 [6] WARN  IEC61850_simulatorServer2.ModbusSlave [199] - Scale apply failed for yc6: System.InvalidCastException: Unable to cast object of type 'System.Int32' to type 'System.Single'.
   at IEC61850_simulatorServer2.ModbusSlave.Write(Dictionary`2 data, Byte slaveId) in /Users/songyinpei/jobs/IEC61850-simulatorServer2/ModbusSlave.cs:line 199 

2025-12-29 09:14:04,595 [6] WARN  IEC61850_simulatorServer2.ModbusSlave [199] - Scale apply failed for yc7: System.InvalidCastException: Unable to cast object of type 'System.Int32' to type 'System.Single'.
   at IEC61850_simulatorServer2.ModbusSlave.Write(Dictionary`2 data, Byte slaveId) in /Users/songyinpei/jobs/IEC61850-simulatorServer2/ModbusSlave.cs:line 199 

2025-12-29 09:14:04,620 [6] WARN  IEC61850_simulatorServer2.ModbusSlave [199] - Scale apply failed for yc8: System.InvalidCastException: Unable to cast object of type 'System.Int32' to type 'System.Single'.
   at IEC61850_simulatorServer2.ModbusSlave.Write(Dictionary`2 data, Byte slaveId) in /Users/songyinpei/jobs/IEC61850-simulatorServer2/ModbusSlave.cs:line 199 

2025-12-29 09:14:04,623 [6] WARN  IEC61850_simulatorServer2.ModbusSlave [199] - Scale apply failed for yc9: System.InvalidCastException: Unable to cast object of type 'System.Int32' to type 'System.Single'.
   at IEC61850_simulatorServer2.ModbusSlave.Write(Dictionary`2 data, Byte slaveId) in /Users/songyinpei/jobs/IEC61850-simulatorServer2/ModbusSlave.cs:line 199 

2025-12-29 09:14:04,625 [6] WARN  IEC61850_simulatorServer2.ModbusSlave [199] - Scale apply failed for yc10: System.InvalidCastException: Unable to cast object of type 'System.Int32' to type 'System.Single'.
   at IEC61850_simulatorServer2.ModbusSlave.Write(Dictionary`2 data, Byte slaveId) in /Users/songyinpei/jobs/IEC61850-simulatorServer2/ModbusSlave.cs:line 199 

2025-12-29 09:14:04,628 [6] WARN  IEC61850_simulatorServer2.ModbusSlave [199] - Scale apply failed for yc11: System.InvalidCastException: Unable to cast object of type 'System.Int32' to type 'System.Single'.
   at IEC61850_simulatorServer2.ModbusSlave.Write(Dictionary`2 data, Byte slaveId) in /Users/songyinpei/jobs/IEC61850-simulatorServer2/ModbusSlave.cs:line 199 

2025-12-29 09:14:04,631 [6] WARN  IEC61850_simulatorServer2.ModbusSlave [199] - Scale apply failed for yc12: System.InvalidCastException: Unable to cast object of type 'System.Int32' to type 'System.Single'.
   at IEC61850_simulatorServer2.ModbusSlave.Write(Dictionary`2 data, Byte slaveId) in /Users/songyinpei/jobs/IEC61850-simulatorServer2/ModbusSlave.cs:line 199 

2025-12-29 09:14:04,633 [6] WARN  IEC61850_simulatorServer2.ModbusSlave [199] - Scale apply failed for yc20: System.InvalidCastException: Unable to cast object of type 'System.Int32' to type 'System.Single'.
   at IEC61850_simulatorServer2.ModbusSlave.Write(Dictionary`2 data, Byte slaveId) in /Users/songyinpei/jobs/IEC61850-simulatorServer2/ModbusSlave.cs:line 199 

2025-12-29 09:14:04,635 [6] WARN  IEC61850_simulatorServer2.ModbusSlave [199] - Scale apply failed for yc21: System.InvalidCastException: Unable to cast object of type 'System.Int32' to type 'System.Single'.
   at IEC61850_simulatorServer2.ModbusSlave.Write(Dictionary`2 data, Byte slaveId) in /Users/songyinpei/jobs/IEC61850-simulatorServer2/ModbusSlave.cs:line 199 

2025-12-29 09:14:04,637 [6] WARN  IEC61850_simulatorServer2.ModbusSlave [199] - Scale apply failed for yc22: System.InvalidCastException: Unable to cast object of type 'System.Int32' to type 'System.Single'.
   at IEC61850_simulatorServer2.ModbusSlave.Write(Dictionary`2 data, Byte slaveId) in /Users/songyinpei/jobs/IEC61850-simulatorServer2/ModbusSlave.cs:line 199 

2025-12-29 09:14:04,639 [6] WARN  IEC61850_simulatorServer2.ModbusSlave [199] - Scale apply failed for yc23: System.InvalidCastException: Unable to cast object of type 'System.Int32' to type 'System.Single'.
   at IEC61850_simulatorServer2.ModbusSlave.Write(Dictionary`2 data, Byte slaveId) in /Users/songyinpei/jobs/IEC61850-simulatorServer2/ModbusSlave.cs:line 199 

2025-12-29 09:14:04,641 [6] WARN  IEC61850_simulatorServer2.ModbusSlave [199] - Scale apply failed for yc24: System.InvalidCastException: Unable to cast object of type 'System.Int32' to type 'System.Single'.
   at IEC61850_simulatorServer2.ModbusSlave.Write(Dictionary`2 data, Byte slaveId) in /Users/songyinpei/jobs/IEC61850-simulatorServer2/ModbusSlave.cs:line 199 

2025-12-29 09:14:04,643 [6] WARN  IEC61850_simulatorServer2.ModbusSlave [199] - Scale apply failed for yc25: System.InvalidCastException: Unable to cast object of type 'System.Int32' to type 'System.Single'.
   at IEC61850_simulatorServer2.ModbusSlave.Write(Dictionary`2 data, Byte slaveId) in /Users/songyinpei/jobs/IEC61850-simulatorServer2/ModbusSlave.cs:line 199 

2025-12-29 09:14:04,671 [6] WARN  IEC61850_simulatorServer2.ModbusSlave [199] - Scale apply failed for yc26: System.InvalidCastException: Unable to cast object of type 'System.Int32' to type 'System.Single'.
   at IEC61850_simulatorServer2.ModbusSlave.Write(Dictionary`2 data, Byte slaveId) in /Users/songyinpei/jobs/IEC61850-simulatorServer2/ModbusSlave.cs:line 199 

2025-12-29 09:14:04,674 [6] WARN  IEC61850_simulatorServer2.ModbusSlave [199] - Scale apply failed for yc27: System.InvalidCastException: Unable to cast object of type 'System.Int32' to type 'System.Single'.
   at IEC61850_simulatorServer2.ModbusSlave.Write(Dictionary`2 data, Byte slaveId) in /Users/songyinpei/jobs/IEC61850-simulatorServer2/ModbusSlave.cs:line 199 

2025-12-29 09:14:04,676 [6] WARN  IEC61850_simulatorServer2.ModbusSlave [199] - Scale apply failed for yc28: System.InvalidCastException: Unable to cast object of type 'System.Int32' to type 'System.Single'.
   at IEC61850_simulatorServer2.ModbusSlave.Write(Dictionary`2 data, Byte slaveId) in /Users/songyinpei/jobs/IEC61850-simulatorServer2/ModbusSlave.cs:line 199 

2025-12-29 09:14:04,678 [6] WARN  IEC61850_simulatorServer2.ModbusSlave [199] - Scale apply failed for yc29: System.InvalidCastException: Unable to cast object of type 'System.Int32' to type 'System.Single'.
   at IEC61850_simulatorServer2.ModbusSlave.Write(Dictionary`2 data, Byte slaveId) in /Users/songyinpei/jobs/IEC61850-simulatorServer2/ModbusSlave.cs:line 199 

2025-12-29 09:14:04,727 [6] WARN  IEC61850_simulatorServer2.ModbusSlave [199] - Scale apply failed for yc30: System.InvalidCastException: Unable to cast object of type 'System.Int32' to type 'System.Single'.
   at IEC61850_simulatorServer2.ModbusSlave.Write(Dictionary`2 data, Byte slaveId) in /Users/songyinpei/jobs/IEC61850-simulatorServer2/ModbusSlave.cs:line 199 

2025-12-29 09:14:04,761 [6] WARN  IEC61850_simulatorServer2.ModbusSlave [199] - Scale apply failed for yc31: System.InvalidCastException: Unable to cast object of type 'System.Int32' to type 'System.Single'.
   at IEC61850_simulatorServer2.ModbusSlave.Write(Dictionary`2 data, Byte slaveId) in /Users/songyinpei/jobs/IEC61850-simulatorServer2/ModbusSlave.cs:line 199 

2025-12-29 09:14:04,811 [6] WARN  IEC61850_simulatorServer2.ModbusSlave [199] - Scale apply failed for yc32: System.InvalidCastException: Unable to cast object of type 'System.Int32' to type 'System.Single'.
   at IEC61850_simulatorServer2.ModbusSlave.Write(Dictionary`2 data, Byte slaveId) in /Users/songyinpei/jobs/IEC61850-simulatorServer2/ModbusSlave.cs:line 199 

2025-12-29 09:14:04,839 [6] WARN  IEC61850_simulatorServer2.ModbusSlave [199] - Scale apply failed for yc33: System.InvalidCastException: Unable to cast object of type 'System.Int32' to type 'System.Single'.
   at IEC61850_simulatorServer2.ModbusSlave.Write(Dictionary`2 data, Byte slaveId) in /Users/songyinpei/jobs/IEC61850-simulatorServer2/ModbusSlave.cs:line 199 

2025-12-29 09:14:04,867 [6] WARN  IEC61850_simulatorServer2.ModbusSlave [199] - Scale apply failed for yc34: System.InvalidCastException: Unable to cast object of type 'System.Int32' to type 'System.Single'.
   at IEC61850_simulatorServer2.ModbusSlave.Write(Dictionary`2 data, Byte slaveId) in /Users/songyinpei/jobs/IEC61850-simulatorServer2/ModbusSlave.cs:line 199 

2025-12-29 09:14:04,895 [6] WARN  IEC61850_simulatorServer2.ModbusSlave [199] - Scale apply failed for yc35: System.InvalidCastException: Unable to cast object of type 'System.Int32' to type 'System.Single'.
   at IEC61850_simulatorServer2.ModbusSlave.Write(Dictionary`2 data, Byte slaveId) in /Users/songyinpei/jobs/IEC61850-simulatorServer2/ModbusSlave.cs:line 199 

2025-12-29 09:14:04,923 [6] WARN  IEC61850_simulatorServer2.ModbusSlave [199] - Scale apply failed for yc36: System.InvalidCastException: Unable to cast object of type 'System.Int32' to type 'System.Single'.
   at IEC61850_simulatorServer2.ModbusSlave.Write(Dictionary`2 data, Byte slaveId) in /Users/songyinpei/jobs/IEC61850-simulatorServer2/ModbusSlave.cs:line 199 

2025-12-29 09:14:04,951 [6] WARN  IEC61850_simulatorServer2.ModbusSlave [199] - Scale apply failed for yc37: System.InvalidCastException: Unable to cast object of type 'System.Int32' to type 'System.Single'.
   at IEC61850_simulatorServer2.ModbusSlave.Write(Dictionary`2 data, Byte slaveId) in /Users/songyinpei/jobs/IEC61850-simulatorServer2/ModbusSlave.cs:line 199 

2025-12-29 09:14:05,004 [6] WARN  IEC61850_simulatorServer2.ModbusSlave [199] - Scale apply failed for yc43: System.InvalidCastException: Unable to cast object of type 'System.Int32' to type 'System.Single'.
   at IEC61850_simulatorServer2.ModbusSlave.Write(Dictionary`2 data, Byte slaveId) in /Users/songyinpei/jobs/IEC61850-simulatorServer2/ModbusSlave.cs:line 199 

2025-12-29 09:14:05,055 [6] WARN  IEC61850_simulatorServer2.ModbusSlave [199] - Scale apply failed for yc53: System.InvalidCastException: Unable to cast object of type 'System.Int32' to type 'System.Single'.
   at IEC61850_simulatorServer2.ModbusSlave.Write(Dictionary`2 data, Byte slaveId) in /Users/songyinpei/jobs/IEC61850-simulatorServer2/ModbusSlave.cs:line 199 

2025-12-29 09:14:05,086 [6] WARN  IEC61850_simulatorServer2.ModbusSlave [199] - Scale apply failed for yc45: System.InvalidCastException: Unable to cast object of type 'System.Int32' to type 'System.Single'.
   at IEC61850_simulatorServer2.ModbusSlave.Write(Dictionary`2 data, Byte slaveId) in /Users/songyinpei/jobs/IEC61850-simulatorServer2/ModbusSlave.cs:line 199 

2025-12-29 09:14:05,598 [10] WARN  IEC61850_simulatorServer2.ModbusSlave [199] - Scale apply failed for param2: System.InvalidCastException: Unable to cast object of type 'System.Int32' to type 'System.Single'.
   at IEC61850_simulatorServer2.ModbusSlave.Write(Dictionary`2 data, Byte slaveId) in /Users/songyinpei/jobs/IEC61850-simulatorServer2/ModbusSlave.cs:line 199 

2025-12-29 09:14:05,601 [10] WARN  IEC61850_simulatorServer2.ModbusSlave [199] - Scale apply failed for param3: System.InvalidCastException: Unable to cast object of type 'System.Int32' to type 'System.Single'.
   at IEC61850_simulatorServer2.ModbusSlave.Write(Dictionary`2 data, Byte slaveId) in /Users/songyinpei/jobs/IEC61850-simulatorServer2/ModbusSlave.cs:line 199 

2025-12-29 09:14:05,628 [10] WARN  IEC61850_simulatorServer2.ModbusSlave [199] - Scale apply failed for param4: System.InvalidCastException: Unable to cast object of type 'System.Int32' to type 'System.Single'.
   at IEC61850_simulatorServer2.ModbusSlave.Write(Dictionary`2 data, Byte slaveId) in /Users/songyinpei/jobs/IEC61850-simulatorServer2/ModbusSlave.cs:line 199 

2025-12-29 09:14:05,630 [10] WARN  IEC61850_simulatorServer2.ModbusSlave [199] - Scale apply failed for param8: System.InvalidCastException: Unable to cast object of type 'System.Int32' to type 'System.Single'.
   at IEC61850_simulatorServer2.ModbusSlave.Write(Dictionary`2 data, Byte slaveId) in /Users/songyinpei/jobs/IEC61850-simulatorServer2/ModbusSlave.cs:line 199 

2025-12-29 09:14:05,632 [10] WARN  IEC61850_simulatorServer2.ModbusSlave [199] - Scale apply failed for param9: System.InvalidCastException: Unable to cast object of type 'System.Int32' to type 'System.Single'.
   at IEC61850_simulatorServer2.ModbusSlave.Write(Dictionary`2 data, Byte slaveId) in /Users/songyinpei/jobs/IEC61850-simulatorServer2/ModbusSlave.cs:line 199 

2025-12-29 09:14:05,634 [10] WARN  IEC61850_simulatorServer2.ModbusSlave [199] - Scale apply failed for param10: System.InvalidCastException: Unable to cast object of type 'System.Int32' to type 'System.Single'.
   at IEC61850_simulatorServer2.ModbusSlave.Write(Dictionary`2 data, Byte slaveId) in /Users/songyinpei/jobs/IEC61850-simulatorServer2/ModbusSlave.cs:line 199 

2025-12-29 09:14:05,637 [10] WARN  IEC61850_simulatorServer2.ModbusSlave [199] - Scale apply failed for param15: System.InvalidCastException: Unable to cast object of type 'System.Int32' to type 'System.Single'.
   at IEC61850_simulatorServer2.ModbusSlave.Write(Dictionary`2 data, Byte slaveId) in /Users/songyinpei/jobs/IEC61850-simulatorServer2/ModbusSlave.cs:line 199 

2025-12-29 09:14:05,639 [10] WARN  IEC61850_simulatorServer2.ModbusSlave [199] - Scale apply failed for param16: System.InvalidCastException: Unable to cast object of type 'System.Int32' to type 'System.Single'.
   at IEC61850_simulatorServer2.ModbusSlave.Write(Dictionary`2 data, Byte slaveId) in /Users/songyinpei/jobs/IEC61850-simulatorServer2/ModbusSlave.cs:line 199 

2025-12-29 09:14:05,641 [10] WARN  IEC61850_simulatorServer2.ModbusSlave [199] - Scale apply failed for param17: System.InvalidCastException: Unable to cast object of type 'System.Int32' to type 'System.Single'.
   at IEC61850_simulatorServer2.ModbusSlave.Write(Dictionary`2 data, Byte slaveId) in /Users/songyinpei/jobs/IEC61850-simulatorServer2/ModbusSlave.cs:line 199 

2025-12-29 09:14:05,642 [10] WARN  IEC61850_simulatorServer2.ModbusSlave [199] - Scale apply failed for param18: System.InvalidCastException: Unable to cast object of type 'System.Int32' to type 'System.Single'.
   at IEC61850_simulatorServer2.ModbusSlave.Write(Dictionary`2 data, Byte slaveId) in /Users/songyinpei/jobs/IEC61850-simulatorServer2/ModbusSlave.cs:line 199 

2025-12-29 09:14:05,644 [10] WARN  IEC61850_simulatorServer2.ModbusSlave [199] - Scale apply failed for param19: System.InvalidCastException: Unable to cast object of type 'System.Int32' to type 'System.Single'.
   at IEC61850_simulatorServer2.ModbusSlave.Write(Dictionary`2 data, Byte slaveId) in /Users/songyinpei/jobs/IEC61850-simulatorServer2/ModbusSlave.cs:line 199 

2025-12-29 09:14:05,646 [10] WARN  IEC61850_simulatorServer2.ModbusSlave [199] - Scale apply failed for param20: System.InvalidCastException: Unable to cast object of type 'System.Int32' to type 'System.Single'.
   at IEC61850_simulatorServer2.ModbusSlave.Write(Dictionary`2 data, Byte slaveId) in /Users/songyinpei/jobs/IEC61850-simulatorServer2/ModbusSlave.cs:line 199 

2025-12-29 09:14:05,648 [10] WARN  IEC61850_simulatorServer2.ModbusSlave [199] - Scale apply failed for param21: System.InvalidCastException: Unable to cast object of type 'System.Int32' to type 'System.Single'.
   at IEC61850_simulatorServer2.ModbusSlave.Write(Dictionary`2 data, Byte slaveId) in /Users/songyinpei/jobs/IEC61850-simulatorServer2/ModbusSlave.cs:line 199 

2025-12-29 09:14:05,650 [10] WARN  IEC61850_simulatorServer2.ModbusSlave [199] - Scale apply failed for param31: System.InvalidCastException: Unable to cast object of type 'System.Int32' to type 'System.Single'.
   at IEC61850_simulatorServer2.ModbusSlave.Write(Dictionary`2 data, Byte slaveId) in /Users/songyinpei/jobs/IEC61850-simulatorServer2/ModbusSlave.cs:line 199 

2025-12-29 09:14:05,651 [10] WARN  IEC61850_simulatorServer2.ModbusSlave [199] - Scale apply failed for param32: System.InvalidCastException: Unable to cast object of type 'System.Int32' to type 'System.Single'.
   at IEC61850_simulatorServer2.ModbusSlave.Write(Dictionary`2 data, Byte slaveId) in /Users/songyinpei/jobs/IEC61850-simulatorServer2/ModbusSlave.cs:line 199 

2025-12-29 09:14:05,653 [10] WARN  IEC61850_simulatorServer2.ModbusSlave [199] - Scale apply failed for param33: System.InvalidCastException: Unable to cast object of type 'System.Int32' to type 'System.Single'.
   at IEC61850_simulatorServer2.ModbusSlave.Write(Dictionary`2 data, Byte slaveId) in /Users/songyinpei/jobs/IEC61850-simulatorServer2/ModbusSlave.cs:line 199 

2025-12-29 09:14:05,655 [10] WARN  IEC61850_simulatorServer2.ModbusSlave [199] - Scale apply failed for param34: System.InvalidCastException: Unable to cast object of type 'System.Int32' to type 'System.Single'.
   at IEC61850_simulatorServer2.ModbusSlave.Write(Dictionary`2 data, Byte slaveId) in /Users/songyinpei/jobs/IEC61850-simulatorServer2/ModbusSlave.cs:line 199 

2025-12-29 09:14:05,657 [10] WARN  IEC61850_simulatorServer2.ModbusSlave [199] - Scale apply failed for param35: System.InvalidCastException: Unable to cast object of type 'System.Int32' to type 'System.Single'.
   at IEC61850_simulatorServer2.ModbusSlave.Write(Dictionary`2 data, Byte slaveId) in /Users/songyinpei/jobs/IEC61850-simulatorServer2/ModbusSlave.cs:line 199 

2025-12-29 09:14:05,659 [10] WARN  IEC61850_simulatorServer2.ModbusSlave [199] - Scale apply failed for param36: System.InvalidCastException: Unable to cast object of type 'System.Int32' to type 'System.Single'.
   at IEC61850_simulatorServer2.ModbusSlave.Write(Dictionary`2 data, Byte slaveId) in /Users/songyinpei/jobs/IEC61850-simulatorServer2/ModbusSlave.cs:line 199 

2025-12-29 09:14:05,661 [10] WARN  IEC61850_simulatorServer2.ModbusSlave [199] - Scale apply failed for param37: System.InvalidCastException: Unable to cast object of type 'System.Int32' to type 'System.Single'.
   at IEC61850_simulatorServer2.ModbusSlave.Write(Dictionary`2 data, Byte slaveId) in /Users/songyinpei/jobs/IEC61850-simulatorServer2/ModbusSlave.cs:line 199 

2025-12-29 09:14:05,663 [10] WARN  IEC61850_simulatorServer2.ModbusSlave [199] - Scale apply failed for param38: System.InvalidCastException: Unable to cast object of type 'System.Int32' to type 'System.Single'.
   at IEC61850_simulatorServer2.ModbusSlave.Write(Dictionary`2 data, Byte slaveId) in /Users/songyinpei/jobs/IEC61850-simulatorServer2/ModbusSlave.cs:line 199 

2025-12-29 09:14:05,690 [10] WARN  IEC61850_simulatorServer2.ModbusSlave [199] - Scale apply failed for param39: System.InvalidCastException: Unable to cast object of type 'System.Int32' to type 'System.Single'.
   at IEC61850_simulatorServer2.ModbusSlave.Write(Dictionary`2 data, Byte slaveId) in /Users/songyinpei/jobs/IEC61850-simulatorServer2/ModbusSlave.cs:line 199 

2025-12-29 09:14:05,692 [10] WARN  IEC61850_simulatorServer2.ModbusSlave [199] - Scale apply failed for param40: System.InvalidCastException: Unable to cast object of type 'System.Int32' to type 'System.Single'.
   at IEC61850_simulatorServer2.ModbusSlave.Write(Dictionary`2 data, Byte slaveId) in /Users/songyinpei/jobs/IEC61850-simulatorServer2/ModbusSlave.cs:line 199 

2025-12-29 09:14:05,720 [10] WARN  IEC61850_simulatorServer2.ModbusSlave [199] - Scale apply failed for param41: System.InvalidCastException: Unable to cast object of type 'System.Int32' to type 'System.Single'.
   at IEC61850_simulatorServer2.ModbusSlave.Write(Dictionary`2 data, Byte slaveId) in /Users/songyinpei/jobs/IEC61850-simulatorServer2/ModbusSlave.cs:line 199 

2025-12-29 09:14:05,770 [10] WARN  IEC61850_simulatorServer2.ModbusSlave [199] - Scale apply failed for param42: System.InvalidCastException: Unable to cast object of type 'System.Int32' to type 'System.Single'.
   at IEC61850_simulatorServer2.ModbusSlave.Write(Dictionary`2 data, Byte slaveId) in /Users/songyinpei/jobs/IEC61850-simulatorServer2/ModbusSlave.cs:line 199 

2025-12-29 09:14:05,796 [10] WARN  IEC61850_simulatorServer2.ModbusSlave [199] - Scale apply failed for param43: System.InvalidCastException: Unable to cast object of type 'System.Int32' to type 'System.Single'.
   at IEC61850_simulatorServer2.ModbusSlave.Write(Dictionary`2 data, Byte slaveId) in /Users/songyinpei/jobs/IEC61850-simulatorServer2/ModbusSlave.cs:line 199 

2025-12-29 09:14:05,824 [10] WARN  IEC61850_simulatorServer2.ModbusSlave [199] - Scale apply failed for param44: System.InvalidCastException: Unable to cast object of type 'System.Int32' to type 'System.Single'.
   at IEC61850_simulatorServer2.ModbusSlave.Write(Dictionary`2 data, Byte slaveId) in /Users/songyinpei/jobs/IEC61850-simulatorServer2/ModbusSlave.cs:line 199 

2025-12-29 09:14:05,852 [10] WARN  IEC61850_simulatorServer2.ModbusSlave [199] - Scale apply failed for param45: System.InvalidCastException: Unable to cast object of type 'System.Int32' to type 'System.Single'.
   at IEC61850_simulatorServer2.ModbusSlave.Write(Dictionary`2 data, Byte slaveId) in /Users/songyinpei/jobs/IEC61850-simulatorServer2/ModbusSlave.cs:line 199 

2025-12-29 09:14:05,905 [10] WARN  IEC61850_simulatorServer2.ModbusSlave [199] - Scale apply failed for param46: System.InvalidCastException: Unable to cast object of type 'System.Int32' to type 'System.Single'.
   at IEC61850_simulatorServer2.ModbusSlave.Write(Dictionary`2 data, Byte slaveId) in /Users/songyinpei/jobs/IEC61850-simulatorServer2/ModbusSlave.cs:line 199 

2025-12-29 09:14:05,955 [10] WARN  IEC61850_simulatorServer2.ModbusSlave [199] - Scale apply failed for param47: System.InvalidCastException: Unable to cast object of type 'System.Int32' to type 'System.Single'.
   at IEC61850_simulatorServer2.ModbusSlave.Write(Dictionary`2 data, Byte slaveId) in /Users/songyinpei/jobs/IEC61850-simulatorServer2/ModbusSlave.cs:line 199 

2025-12-29 09:14:05,983 [10] WARN  IEC61850_simulatorServer2.ModbusSlave [199] - Scale apply failed for param48: System.InvalidCastException: Unable to cast object of type 'System.Int32' to type 'System.Single'.
   at IEC61850_simulatorServer2.ModbusSlave.Write(Dictionary`2 data, Byte slaveId) in /Users/songyinpei/jobs/IEC61850-simulatorServer2/ModbusSlave.cs:line 199 

2025-12-29 09:14:06,012 [10] WARN  IEC61850_simulatorServer2.ModbusSlave [199] - Scale apply failed for param49: System.InvalidCastException: Unable to cast object of type 'System.Int32' to type 'System.Single'.
   at IEC61850_simulatorServer2.ModbusSlave.Write(Dictionary`2 data, Byte slaveId) in /Users/songyinpei/jobs/IEC61850-simulatorServer2/ModbusSlave.cs:line 199 

2025-12-29 09:14:06,853 [12] WARN  IEC61850_simulatorServer2.ModbusSlave [199] - Scale apply failed for yc6: System.InvalidCastException: Unable to cast object of type 'System.Int32' to type 'System.Single'.
   at IEC61850_simulatorServer2.ModbusSlave.Write(Dictionary`2 data, Byte slaveId) in /Users/songyinpei/jobs/IEC61850-simulatorServer2/ModbusSlave.cs:line 199 

2025-12-29 09:14:06,903 [12] WARN  IEC61850_simulatorServer2.ModbusSlave [199] - Scale apply failed for yc7: System.InvalidCastException: Unable to cast object of type 'System.Int32' to type 'System.Single'.
   at IEC61850_simulatorServer2.ModbusSlave.Write(Dictionary`2 data, Byte slaveId) in /Users/songyinpei/jobs/IEC61850-simulatorServer2/ModbusSlave.cs:line 199 

2025-12-29 09:14:06,931 [12] WARN  IEC61850_simulatorServer2.ModbusSlave [199] - Scale apply failed for yc8: System.InvalidCastException: Unable to cast object of type 'System.Int32' to type 'System.Single'.
   at IEC61850_simulatorServer2.ModbusSlave.Write(Dictionary`2 data, Byte slaveId) in /Users/songyinpei/jobs/IEC61850-simulatorServer2/ModbusSlave.cs:line 199 

2025-12-29 09:14:06,959 [12] WARN  IEC61850_simulatorServer2.ModbusSlave [199] - Scale apply failed for yc9: System.InvalidCastException: Unable to cast object of type 'System.Int32' to type 'System.Single'.
   at IEC61850_simulatorServer2.ModbusSlave.Write(Dictionary`2 data, Byte slaveId) in /Users/songyinpei/jobs/IEC61850-simulatorServer2/ModbusSlave.cs:line 199 

2025-12-29 09:14:06,988 [12] WARN  IEC61850_simulatorServer2.ModbusSlave [199] - Scale apply failed for yc10: System.InvalidCastException: Unable to cast object of type 'System.Int32' to type 'System.Single'.
   at IEC61850_simulatorServer2.ModbusSlave.Write(Dictionary`2 data, Byte slaveId) in /Users/songyinpei/jobs/IEC61850-simulatorServer2/ModbusSlave.cs:line 199 

2025-12-29 09:14:07,040 [12] WARN  IEC61850_simulatorServer2.ModbusSlave [199] - Scale apply failed for yc11: System.InvalidCastException: Unable to cast object of type 'System.Int32' to type 'System.Single'.
   at IEC61850_simulatorServer2.ModbusSlave.Write(Dictionary`2 data, Byte slaveId) in /Users/songyinpei/jobs/IEC61850-simulatorServer2/ModbusSlave.cs:line 199 

2025-12-29 09:14:07,090 [12] WARN  IEC61850_simulatorServer2.ModbusSlave [199] - Scale apply failed for yc12: System.InvalidCastException: Unable to cast object of type 'System.Int32' to type 'System.Single'.
   at IEC61850_simulatorServer2.ModbusSlave.Write(Dictionary`2 data, Byte slaveId) in /Users/songyinpei/jobs/IEC61850-simulatorServer2/ModbusSlave.cs:line 199 

2025-12-29 09:14:07,139 [12] WARN  IEC61850_simulatorServer2.ModbusSlave [199] - Scale apply failed for yc20: System.InvalidCastException: Unable to cast object of type 'System.Int32' to type 'System.Single'.
   at IEC61850_simulatorServer2.ModbusSlave.Write(Dictionary`2 data, Byte slaveId) in /Users/songyinpei/jobs/IEC61850-simulatorServer2/ModbusSlave.cs:line 199 

2025-12-29 09:14:07,177 [12] WARN  IEC61850_simulatorServer2.ModbusSlave [199] - Scale apply failed for yc21: System.InvalidCastException: Unable to cast object of type 'System.Int32' to type 'System.Single'.
   at IEC61850_simulatorServer2.ModbusSlave.Write(Dictionary`2 data, Byte slaveId) in /Users/songyinpei/jobs/IEC61850-simulatorServer2/ModbusSlave.cs:line 199 

2025-12-29 09:14:07,207 [12] WARN  IEC61850_simulatorServer2.ModbusSlave [199] - Scale apply failed for yc22: System.InvalidCastException: Unable to cast object of type 'System.Int32' to type 'System.Single'.
   at IEC61850_simulatorServer2.ModbusSlave.Write(Dictionary`2 data, Byte slaveId) in /Users/songyinpei/jobs/IEC61850-simulatorServer2/ModbusSlave.cs:line 199 

2025-12-29 09:14:07,233 [12] WARN  IEC61850_simulatorServer2.ModbusSlave [199] - Scale apply failed for yc23: System.InvalidCastException: Unable to cast object of type 'System.Int32' to type 'System.Single'.
   at IEC61850_simulatorServer2.ModbusSlave.Write(Dictionary`2 data, Byte slaveId) in /Users/songyinpei/jobs/IEC61850-simulatorServer2/ModbusSlave.cs:line 199 

2025-12-29 09:14:07,238 [12] WARN  IEC61850_simulatorServer2.ModbusSlave [199] - Scale apply failed for yc24: System.InvalidCastException: Unable to cast object of type 'System.Int32' to type 'System.Single'.
   at IEC61850_simulatorServer2.ModbusSlave.Write(Dictionary`2 data, Byte slaveId) in /Users/songyinpei/jobs/IEC61850-simulatorServer2/ModbusSlave.cs:line 199 

2025-12-29 09:14:07,266 [12] WARN  IEC61850_simulatorServer2.ModbusSlave [199] - Scale apply failed for yc25: System.InvalidCastException: Unable to cast object of type 'System.Int32' to type 'System.Single'.
   at IEC61850_simulatorServer2.ModbusSlave.Write(Dictionary`2 data, Byte slaveId) in /Users/songyinpei/jobs/IEC61850-simulatorServer2/ModbusSlave.cs:line 199 

2025-12-29 09:14:07,271 [12] WARN  IEC61850_simulatorServer2.ModbusSlave [199] - Scale apply failed for yc26: System.InvalidCastException: Unable to cast object of type 'System.Int32' to type 'System.Single'.
   at IEC61850_simulatorServer2.ModbusSlave.Write(Dictionary`2 data, Byte slaveId) in /Users/songyinpei/jobs/IEC61850-simulatorServer2/ModbusSlave.cs:line 199 

2025-12-29 09:14:07,275 [12] WARN  IEC61850_simulatorServer2.ModbusSlave [199] - Scale apply failed for yc27: System.InvalidCastException: Unable to cast object of type 'System.Int32' to type 'System.Single'.
   at IEC61850_simulatorServer2.ModbusSlave.Write(Dictionary`2 data, Byte slaveId) in /Users/songyinpei/jobs/IEC61850-simulatorServer2/ModbusSlave.cs:line 199 

2025-12-29 09:14:07,326 [12] WARN  IEC61850_simulatorServer2.ModbusSlave [199] - Scale apply failed for yc28: System.InvalidCastException: Unable to cast object of type 'System.Int32' to type 'System.Single'.
   at IEC61850_simulatorServer2.ModbusSlave.Write(Dictionary`2 data, Byte slaveId) in /Users/songyinpei/jobs/IEC61850-simulatorServer2/ModbusSlave.cs:line 199 

2025-12-29 09:14:07,356 [12] WARN  IEC61850_simulatorServer2.ModbusSlave [199] - Scale apply failed for yc29: System.InvalidCastException: Unable to cast object of type 'System.Int32' to type 'System.Single'.
   at IEC61850_simulatorServer2.ModbusSlave.Write(Dictionary`2 data, Byte slaveId) in /Users/songyinpei/jobs/IEC61850-simulatorServer2/ModbusSlave.cs:line 199 

2025-12-29 09:14:07,370 [12] WARN  IEC61850_simulatorServer2.ModbusSlave [199] - Scale apply failed for yc30: System.InvalidCastException: Unable to cast object of type 'System.Int32' to type 'System.Single'.
   at IEC61850_simulatorServer2.ModbusSlave.Write(Dictionary`2 data, Byte slaveId) in /Users/songyinpei/jobs/IEC61850-simulatorServer2/ModbusSlave.cs:line 199 

2025-12-29 09:14:07,373 [12] WARN  IEC61850_simulatorServer2.ModbusSlave [199] - Scale apply failed for yc31: System.InvalidCastException: Unable to cast object of type 'System.Int32' to type 'System.Single'.
   at IEC61850_simulatorServer2.ModbusSlave.Write(Dictionary`2 data, Byte slaveId) in /Users/songyinpei/jobs/IEC61850-simulatorServer2/ModbusSlave.cs:line 199 

2025-12-29 09:14:07,422 [12] WARN  IEC61850_simulatorServer2.ModbusSlave [199] - Scale apply failed for yc32: System.InvalidCastException: Unable to cast object of type 'System.Int32' to type 'System.Single'.
   at IEC61850_simulatorServer2.ModbusSlave.Write(Dictionary`2 data, Byte slaveId) in /Users/songyinpei/jobs/IEC61850-simulatorServer2/ModbusSlave.cs:line 199 

2025-12-29 09:14:07,450 [12] WARN  IEC61850_simulatorServer2.ModbusSlave [199] - Scale apply failed for yc34: System.InvalidCastException: Unable to cast object of type 'System.Int32' to type 'System.Single'.
   at IEC61850_simulatorServer2.ModbusSlave.Write(Dictionary`2 data, Byte slaveId) in /Users/songyinpei/jobs/IEC61850-simulatorServer2/ModbusSlave.cs:line 199 

2025-12-29 09:14:07,501 [12] WARN  IEC61850_simulatorServer2.ModbusSlave [199] - Scale apply failed for yc33: System.InvalidCastException: Unable to cast object of type 'System.Int32' to type 'System.Single'.
   at IEC61850_simulatorServer2.ModbusSlave.Write(Dictionary`2 data, Byte slaveId) in /Users/songyinpei/jobs/IEC61850-simulatorServer2/ModbusSlave.cs:line 199 

2025-12-29 09:14:07,552 [12] WARN  IEC61850_simulatorServer2.ModbusSlave [199] - Scale apply failed for yc35: System.InvalidCastException: Unable to cast object of type 'System.Int32' to type 'System.Single'.
   at IEC61850_simulatorServer2.ModbusSlave.Write(Dictionary`2 data, Byte slaveId) in /Users/songyinpei/jobs/IEC61850-simulatorServer2/ModbusSlave.cs:line 199 

2025-12-29 09:14:07,608 [12] WARN  IEC61850_simulatorServer2.ModbusSlave [199] - Scale apply failed for yc36: System.InvalidCastException: Unable to cast object of type 'System.Int32' to type 'System.Single'.
   at IEC61850_simulatorServer2.ModbusSlave.Write(Dictionary`2 data, Byte slaveId) in /Users/songyinpei/jobs/IEC61850-simulatorServer2/ModbusSlave.cs:line 199 

2025-12-29 09:14:07,666 [12] WARN  IEC61850_simulatorServer2.ModbusSlave [199] - Scale apply failed for yc37: System.InvalidCastException: Unable to cast object of type 'System.Int32' to type 'System.Single'.
   at IEC61850_simulatorServer2.ModbusSlave.Write(Dictionary`2 data, Byte slaveId) in /Users/songyinpei/jobs/IEC61850-simulatorServer2/ModbusSlave.cs:line 199 

2025-12-29 09:14:07,719 [12] WARN  IEC61850_simulatorServer2.ModbusSlave [199] - Scale apply failed for yc43: System.InvalidCastException: Unable to cast object of type 'System.Int32' to type 'System.Single'.
   at IEC61850_simulatorServer2.ModbusSlave.Write(Dictionary`2 data, Byte slaveId) in /Users/songyinpei/jobs/IEC61850-simulatorServer2/ModbusSlave.cs:line 199 

2025-12-29 09:14:07,754 [12] WARN  IEC61850_simulatorServer2.ModbusSlave [199] - Scale apply failed for yc45: System.InvalidCastException: Unable to cast object of type 'System.Int32' to type 'System.Single'.
   at IEC61850_simulatorServer2.ModbusSlave.Write(Dictionary`2 data, Byte slaveId) in /Users/songyinpei/jobs/IEC61850-simulatorServer2/ModbusSlave.cs:line 199 

2025-12-29 09:14:07,780 [12] WARN  IEC61850_simulatorServer2.ModbusSlave [199] - Scale apply failed for yc53: System.InvalidCastException: Unable to cast object of type 'System.Int32' to type 'System.Single'.
   at IEC61850_simulatorServer2.ModbusSlave.Write(Dictionary`2 data, Byte slaveId) in /Users/songyinpei/jobs/IEC61850-simulatorServer2/ModbusSlave.cs:line 199 

2025-12-29 09:14:08,011 [15] WARN  IEC61850_simulatorServer2.ModbusSlave [199] - Scale apply failed for param2: System.InvalidCastException: Unable to cast object of type 'System.Int32' to type 'System.Single'.
   at IEC61850_simulatorServer2.ModbusSlave.Write(Dictionary`2 data, Byte slaveId) in /Users/songyinpei/jobs/IEC61850-simulatorServer2/ModbusSlave.cs:line 199 

2025-12-29 09:14:08,039 [15] WARN  IEC61850_simulatorServer2.ModbusSlave [199] - Scale apply failed for param3: System.InvalidCastException: Unable to cast object of type 'System.Int32' to type 'System.Single'.
   at IEC61850_simulatorServer2.ModbusSlave.Write(Dictionary`2 data, Byte slaveId) in /Users/songyinpei/jobs/IEC61850-simulatorServer2/ModbusSlave.cs:line 199 

2025-12-29 09:14:08,042 [15] WARN  IEC61850_simulatorServer2.ModbusSlave [199] - Scale apply failed for param4: System.InvalidCastException: Unable to cast object of type 'System.Int32' to type 'System.Single'.
   at IEC61850_simulatorServer2.ModbusSlave.Write(Dictionary`2 data, Byte slaveId) in /Users/songyinpei/jobs/IEC61850-simulatorServer2/ModbusSlave.cs:line 199 

2025-12-29 09:14:08,065 [15] WARN  IEC61850_simulatorServer2.ModbusSlave [199] - Scale apply failed for param8: System.InvalidCastException: Unable to cast object of type 'System.Int32' to type 'System.Single'.
   at IEC61850_simulatorServer2.ModbusSlave.Write(Dictionary`2 data, Byte slaveId) in /Users/songyinpei/jobs/IEC61850-simulatorServer2/ModbusSlave.cs:line 199 

2025-12-29 09:14:21,819 [15] WARN  IEC61850_simulatorServer2.ModbusSlave [199] - Scale apply failed for param10: System.InvalidCastException: Unable to cast object of type 'System.Int32' to type 'System.Single'.
   at IEC61850_simulatorServer2.ModbusSlave.Write(Dictionary`2 data, Byte slaveId) in /Users/songyinpei/jobs/IEC61850-simulatorServer2/ModbusSlave.cs:line 199 

2025-12-29 09:14:21,919 [15] WARN  IEC61850_simulatorServer2.ModbusSlave [199] - Scale apply failed for param9: System.InvalidCastException: Unable to cast object of type 'System.Int32' to type 'System.Single'.
   at IEC61850_simulatorServer2.ModbusSlave.Write(Dictionary`2 data, Byte slaveId) in /Users/songyinpei/jobs/IEC61850-simulatorServer2/ModbusSlave.cs:line 199 

2025-12-29 09:14:21,946 [17] WARN  IEC61850_simulatorServer2.ModbusSlave [199] - Scale apply failed for yc0: System.InvalidCastException: Unable to cast object of type 'System.Int32' to type 'System.Single'.
   at IEC61850_simulatorServer2.ModbusSlave.Write(Dictionary`2 data, Byte slaveId) in /Users/songyinpei/jobs/IEC61850-simulatorServer2/ModbusSlave.cs:line 199 

2025-12-29 09:14:21,996 [15] WARN  IEC61850_simulatorServer2.ModbusSlave [199] - Scale apply failed for param15: System.InvalidCastException: Unable to cast object of type 'System.Int32' to type 'System.Single'.
   at IEC61850_simulatorServer2.ModbusSlave.Write(Dictionary`2 data, Byte slaveId) in /Users/songyinpei/jobs/IEC61850-simulatorServer2/ModbusSlave.cs:line 199 

2025-12-29 09:14:21,999 [17] WARN  IEC61850_simulatorServer2.ModbusSlave [199] - Scale apply failed for yc1: System.InvalidCastException: Unable to cast object of type 'System.Int32' to type 'System.Single'.
   at IEC61850_simulatorServer2.ModbusSlave.Write(Dictionary`2 data, Byte slaveId) in /Users/songyinpei/jobs/IEC61850-simulatorServer2/ModbusSlave.cs:line 199 

2025-12-29 09:14:22,026 [15] WARN  IEC61850_simulatorServer2.ModbusSlave [199] - Scale apply failed for param16: System.InvalidCastException: Unable to cast object of type 'System.Int32' to type 'System.Single'.
   at IEC61850_simulatorServer2.ModbusSlave.Write(Dictionary`2 data, Byte slaveId) in /Users/songyinpei/jobs/IEC61850-simulatorServer2/ModbusSlave.cs:line 199 

2025-12-29 09:14:22,054 [17] WARN  IEC61850_simulatorServer2.ModbusSlave [199] - Scale apply failed for yc2: System.InvalidCastException: Unable to cast object of type 'System.Int32' to type 'System.Single'.
   at IEC61850_simulatorServer2.ModbusSlave.Write(Dictionary`2 data, Byte slaveId) in /Users/songyinpei/jobs/IEC61850-simulatorServer2/ModbusSlave.cs:line 199 

2025-12-29 09:14:22,106 [15] WARN  IEC61850_simulatorServer2.ModbusSlave [199] - Scale apply failed for param17: System.InvalidCastException: Unable to cast object of type 'System.Int32' to type 'System.Single'.
   at IEC61850_simulatorServer2.ModbusSlave.Write(Dictionary`2 data, Byte slaveId) in /Users/songyinpei/jobs/IEC61850-simulatorServer2/ModbusSlave.cs:line 199 

2025-12-29 09:14:22,158 [17] WARN  IEC61850_simulatorServer2.ModbusSlave [199] - Scale apply failed for yc3: System.InvalidCastException: Unable to cast object of type 'System.Int32' to type 'System.Single'.
   at IEC61850_simulatorServer2.ModbusSlave.Write(Dictionary`2 data, Byte slaveId) in /Users/songyinpei/jobs/IEC61850-simulatorServer2/ModbusSlave.cs:line 199 

2025-12-29 09:14:22,202 [15] WARN  IEC61850_simulatorServer2.ModbusSlave [199] - Scale apply failed for param18: System.InvalidCastException: Unable to cast object of type 'System.Int32' to type 'System.Single'.
   at IEC61850_simulatorServer2.ModbusSlave.Write(Dictionary`2 data, Byte slaveId) in /Users/songyinpei/jobs/IEC61850-simulatorServer2/ModbusSlave.cs:line 199 

2025-12-29 09:14:22,233 [17] WARN  IEC61850_simulatorServer2.ModbusSlave [199] - Scale apply failed for yc5: System.InvalidCastException: Unable to cast object of type 'System.Int32' to type 'System.Single'.
   at IEC61850_simulatorServer2.ModbusSlave.Write(Dictionary`2 data, Byte slaveId) in /Users/songyinpei/jobs/IEC61850-simulatorServer2/ModbusSlave.cs:line 199 

2025-12-29 09:14:22,285 [15] WARN  IEC61850_simulatorServer2.ModbusSlave [199] - Scale apply failed for param19: System.InvalidCastException: Unable to cast object of type 'System.Int32' to type 'System.Single'.
   at IEC61850_simulatorServer2.ModbusSlave.Write(Dictionary`2 data, Byte slaveId) in /Users/songyinpei/jobs/IEC61850-simulatorServer2/ModbusSlave.cs:line 199 

2025-12-29 09:14:22,334 [17] WARN  IEC61850_simulatorServer2.ModbusSlave [199] - Scale apply failed for yc4: System.InvalidCastException: Unable to cast object of type 'System.Int32' to type 'System.Single'.
   at IEC61850_simulatorServer2.ModbusSlave.Write(Dictionary`2 data, Byte slaveId) in /Users/songyinpei/jobs/IEC61850-simulatorServer2/ModbusSlave.cs:line 199 

2025-12-29 09:14:22,387 [15] WARN  IEC61850_simulatorServer2.ModbusSlave [199] - Scale apply failed for param20: System.InvalidCastException: Unable to cast object of type 'System.Int32' to type 'System.Single'.
   at IEC61850_simulatorServer2.ModbusSlave.Write(Dictionary`2 data, Byte slaveId) in /Users/songyinpei/jobs/IEC61850-simulatorServer2/ModbusSlave.cs:line 199 

2025-12-29 09:14:22,443 [17] WARN  IEC61850_simulatorServer2.ModbusSlave [199] - Scale apply failed for yc6: System.InvalidCastException: Unable to cast object of type 'System.Int32' to type 'System.Single'.
   at IEC61850_simulatorServer2.ModbusSlave.Write(Dictionary`2 data, Byte slaveId) in /Users/songyinpei/jobs/IEC61850-simulatorServer2/ModbusSlave.cs:line 199 

2025-12-29 09:14:22,497 [15] WARN  IEC61850_simulatorServer2.ModbusSlave [199] - Scale apply failed for param21: System.InvalidCastException: Unable to cast object of type 'System.Int32' to type 'System.Single'.
   at IEC61850_simulatorServer2.ModbusSlave.Write(Dictionary`2 data, Byte slaveId) in /Users/songyinpei/jobs/IEC61850-simulatorServer2/ModbusSlave.cs:line 199 

2025-12-29 09:14:22,552 [17] WARN  IEC61850_simulatorServer2.ModbusSlave [199] - Scale apply failed for yc7: System.InvalidCastException: Unable to cast object of type 'System.Int32' to type 'System.Single'.
   at IEC61850_simulatorServer2.ModbusSlave.Write(Dictionary`2 data, Byte slaveId) in /Users/songyinpei/jobs/IEC61850-simulatorServer2/ModbusSlave.cs:line 199 

2025-12-29 09:14:22,605 [15] WARN  IEC61850_simulatorServer2.ModbusSlave [199] - Scale apply failed for param31: System.InvalidCastException: Unable to cast object of type 'System.Int32' to type 'System.Single'.
   at IEC61850_simulatorServer2.ModbusSlave.Write(Dictionary`2 data, Byte slaveId) in /Users/songyinpei/jobs/IEC61850-simulatorServer2/ModbusSlave.cs:line 199 

2025-12-29 09:14:23,002 [17] WARN  IEC61850_simulatorServer2.ModbusSlave [199] - Scale apply failed for yc8: System.InvalidCastException: Unable to cast object of type 'System.Int32' to type 'System.Single'.
   at IEC61850_simulatorServer2.ModbusSlave.Write(Dictionary`2 data, Byte slaveId) in /Users/songyinpei/jobs/IEC61850-simulatorServer2/ModbusSlave.cs:line 199 

2025-12-29 09:14:23,003 [15] WARN  IEC61850_simulatorServer2.ModbusSlave [199] - Scale apply failed for param32: System.InvalidCastException: Unable to cast object of type 'System.Int32' to type 'System.Single'.
   at IEC61850_simulatorServer2.ModbusSlave.Write(Dictionary`2 data, Byte slaveId) in /Users/songyinpei/jobs/IEC61850-simulatorServer2/ModbusSlave.cs:line 199 

2025-12-29 09:14:23,008 [17] WARN  IEC61850_simulatorServer2.ModbusSlave [199] - Scale apply failed for yc9: System.InvalidCastException: Unable to cast object of type 'System.Int32' to type 'System.Single'.
   at IEC61850_simulatorServer2.ModbusSlave.Write(Dictionary`2 data, Byte slaveId) in /Users/songyinpei/jobs/IEC61850-simulatorServer2/ModbusSlave.cs:line 199 

2025-12-29 09:14:23,011 [15] WARN  IEC61850_simulatorServer2.ModbusSlave [199] - Scale apply failed for param33: System.InvalidCastException: Unable to cast object of type 'System.Int32' to type 'System.Single'.
   at IEC61850_simulatorServer2.ModbusSlave.Write(Dictionary`2 data, Byte slaveId) in /Users/songyinpei/jobs/IEC61850-simulatorServer2/ModbusSlave.cs:line 199 

2025-12-29 09:14:23,013 [17] WARN  IEC61850_simulatorServer2.ModbusSlave [199] - Scale apply failed for yc10: System.InvalidCastException: Unable to cast object of type 'System.Int32' to type 'System.Single'.
   at IEC61850_simulatorServer2.ModbusSlave.Write(Dictionary`2 data, Byte slaveId) in /Users/songyinpei/jobs/IEC61850-simulatorServer2/ModbusSlave.cs:line 199 

2025-12-29 09:14:23,040 [15] WARN  IEC61850_simulatorServer2.ModbusSlave [199] - Scale apply failed for param34: System.InvalidCastException: Unable to cast object of type 'System.Int32' to type 'System.Single'.
   at IEC61850_simulatorServer2.ModbusSlave.Write(Dictionary`2 data, Byte slaveId) in /Users/songyinpei/jobs/IEC61850-simulatorServer2/ModbusSlave.cs:line 199 

2025-12-29 09:14:23,043 [17] WARN  IEC61850_simulatorServer2.ModbusSlave [199] - Scale apply failed for yc11: System.InvalidCastException: Unable to cast object of type 'System.Int32' to type 'System.Single'.
   at IEC61850_simulatorServer2.ModbusSlave.Write(Dictionary`2 data, Byte slaveId) in /Users/songyinpei/jobs/IEC61850-simulatorServer2/ModbusSlave.cs:line 199 

2025-12-29 09:14:23,045 [15] WARN  IEC61850_simulatorServer2.ModbusSlave [199] - Scale apply failed for param35: System.InvalidCastException: Unable to cast object of type 'System.Int32' to type 'System.Single'.
   at IEC61850_simulatorServer2.ModbusSlave.Write(Dictionary`2 data, Byte slaveId) in /Users/songyinpei/jobs/IEC61850-simulatorServer2/ModbusSlave.cs:line 199 

2025-12-29 09:14:23,098 [17] WARN  IEC61850_simulatorServer2.ModbusSlave [199] - Scale apply failed for yc12: System.InvalidCastException: Unable to cast object of type 'System.Int32' to type 'System.Single'.
   at IEC61850_simulatorServer2.ModbusSlave.Write(Dictionary`2 data, Byte slaveId) in /Users/songyinpei/jobs/IEC61850-simulatorServer2/ModbusSlave.cs:line 199 

2025-12-29 09:14:23,150 [15] WARN  IEC61850_simulatorServer2.ModbusSlave [199] - Scale apply failed for param36: System.InvalidCastException: Unable to cast object of type 'System.Int32' to type 'System.Single'.
   at IEC61850_simulatorServer2.ModbusSlave.Write(Dictionary`2 data, Byte slaveId) in /Users/songyinpei/jobs/IEC61850-simulatorServer2/ModbusSlave.cs:line 199 

2025-12-29 09:14:23,203 [17] WARN  IEC61850_simulatorServer2.ModbusSlave [199] - Scale apply failed for yc13: System.InvalidCastException: Unable to cast object of type 'System.Int32' to type 'System.Single'.
   at IEC61850_simulatorServer2.ModbusSlave.Write(Dictionary`2 data, Byte slaveId) in /Users/songyinpei/jobs/IEC61850-simulatorServer2/ModbusSlave.cs:line 199 

2025-12-29 09:14:23,229 [15] WARN  IEC61850_simulatorServer2.ModbusSlave [199] - Scale apply failed for param39: System.InvalidCastException: Unable to cast object of type 'System.Int32' to type 'System.Single'.
   at IEC61850_simulatorServer2.ModbusSlave.Write(Dictionary`2 data, Byte slaveId) in /Users/songyinpei/jobs/IEC61850-simulatorServer2/ModbusSlave.cs:line 199 

2025-12-29 09:14:23,240 [17] WARN  IEC61850_simulatorServer2.ModbusSlave [199] - Scale apply failed for yc14: System.InvalidCastException: Unable to cast object of type 'System.Int32' to type 'System.Single'.
   at IEC61850_simulatorServer2.ModbusSlave.Write(Dictionary`2 data, Byte slaveId) in /Users/songyinpei/jobs/IEC61850-simulatorServer2/ModbusSlave.cs:line 199 

2025-12-29 09:14:23,268 [15] WARN  IEC61850_simulatorServer2.ModbusSlave [199] - Scale apply failed for param37: System.InvalidCastException: Unable to cast object of type 'System.Int32' to type 'System.Single'.
   at IEC61850_simulatorServer2.ModbusSlave.Write(Dictionary`2 data, Byte slaveId) in /Users/songyinpei/jobs/IEC61850-simulatorServer2/ModbusSlave.cs:line 199 

2025-12-29 09:14:23,299 [17] WARN  IEC61850_simulatorServer2.ModbusSlave [199] - Scale apply failed for yc15: System.InvalidCastException: Unable to cast object of type 'System.Int32' to type 'System.Single'.
   at IEC61850_simulatorServer2.ModbusSlave.Write(Dictionary`2 data, Byte slaveId) in /Users/songyinpei/jobs/IEC61850-simulatorServer2/ModbusSlave.cs:line 199 

2025-12-29 09:14:23,350 [15] WARN  IEC61850_simulatorServer2.ModbusSlave [199] - Scale apply failed for param38: System.InvalidCastException: Unable to cast object of type 'System.Int32' to type 'System.Single'.
   at IEC61850_simulatorServer2.ModbusSlave.Write(Dictionary`2 data, Byte slaveId) in /Users/songyinpei/jobs/IEC61850-simulatorServer2/ModbusSlave.cs:line 199 

2025-12-29 09:14:23,427 [17] WARN  IEC61850_simulatorServer2.ModbusSlave [199] - Scale apply failed for yc16: System.InvalidCastException: Unable to cast object of type 'System.Int32' to type 'System.Single'.
   at IEC61850_simulatorServer2.ModbusSlave.Write(Dictionary`2 data, Byte slaveId) in /Users/songyinpei/jobs/IEC61850-simulatorServer2/ModbusSlave.cs:line 199 

2025-12-29 09:14:23,456 [15] WARN  IEC61850_simulatorServer2.ModbusSlave [199] - Scale apply failed for param40: System.InvalidCastException: Unable to cast object of type 'System.Int32' to type 'System.Single'.
   at IEC61850_simulatorServer2.ModbusSlave.Write(Dictionary`2 data, Byte slaveId) in /Users/songyinpei/jobs/IEC61850-simulatorServer2/ModbusSlave.cs:line 199 

2025-12-29 09:14:23,485 [17] WARN  IEC61850_simulatorServer2.ModbusSlave [199] - Scale apply failed for yc17: System.InvalidCastException: Unable to cast object of type 'System.Int32' to type 'System.Single'.
   at IEC61850_simulatorServer2.ModbusSlave.Write(Dictionary`2 data, Byte slaveId) in /Users/songyinpei/jobs/IEC61850-simulatorServer2/ModbusSlave.cs:line 199 

2025-12-29 09:14:23,508 [15] WARN  IEC61850_simulatorServer2.ModbusSlave [199] - Scale apply failed for param41: System.InvalidCastException: Unable to cast object of type 'System.Int32' to type 'System.Single'.
   at IEC61850_simulatorServer2.ModbusSlave.Write(Dictionary`2 data, Byte slaveId) in /Users/songyinpei/jobs/IEC61850-simulatorServer2/ModbusSlave.cs:line 199 

2025-12-29 09:14:23,609 [17] WARN  IEC61850_simulatorServer2.ModbusSlave [199] - Scale apply failed for yc18: System.InvalidCastException: Unable to cast object of type 'System.Int32' to type 'System.Single'.
   at IEC61850_simulatorServer2.ModbusSlave.Write(Dictionary`2 data, Byte slaveId) in /Users/songyinpei/jobs/IEC61850-simulatorServer2/ModbusSlave.cs:line 199 

2025-12-29 09:14:23,609 [15] WARN  IEC61850_simulatorServer2.ModbusSlave [199] - Scale apply failed for param42: System.InvalidCastException: Unable to cast object of type 'System.Int32' to type 'System.Single'.
   at IEC61850_simulatorServer2.ModbusSlave.Write(Dictionary`2 data, Byte slaveId) in /Users/songyinpei/jobs/IEC61850-simulatorServer2/ModbusSlave.cs:line 199 

2025-12-29 09:14:23,640 [17] WARN  IEC61850_simulatorServer2.ModbusSlave [199] - Scale apply failed for yc19: System.InvalidCastException: Unable to cast object of type 'System.Int32' to type 'System.Single'.
   at IEC61850_simulatorServer2.ModbusSlave.Write(Dictionary`2 data, Byte slaveId) in /Users/songyinpei/jobs/IEC61850-simulatorServer2/ModbusSlave.cs:line 199 

2025-12-29 09:14:23,669 [15] WARN  IEC61850_simulatorServer2.ModbusSlave [199] - Scale apply failed for param43: System.InvalidCastException: Unable to cast object of type 'System.Int32' to type 'System.Single'.
   at IEC61850_simulatorServer2.ModbusSlave.Write(Dictionary`2 data, Byte slaveId) in /Users/songyinpei/jobs/IEC61850-simulatorServer2/ModbusSlave.cs:line 199 

2025-12-29 09:14:23,747 [17] WARN  IEC61850_simulatorServer2.ModbusSlave [199] - Scale apply failed for yc20: System.InvalidCastException: Unable to cast object of type 'System.Int32' to type 'System.Single'.
   at IEC61850_simulatorServer2.ModbusSlave.Write(Dictionary`2 data, Byte slaveId) in /Users/songyinpei/jobs/IEC61850-simulatorServer2/ModbusSlave.cs:line 199 

2025-12-29 09:14:23,773 [15] WARN  IEC61850_simulatorServer2.ModbusSlave [199] - Scale apply failed for param44: System.InvalidCastException: Unable to cast object of type 'System.Int32' to type 'System.Single'.
   at IEC61850_simulatorServer2.ModbusSlave.Write(Dictionary`2 data, Byte slaveId) in /Users/songyinpei/jobs/IEC61850-simulatorServer2/ModbusSlave.cs:line 199 

2025-12-29 09:14:23,804 [17] WARN  IEC61850_simulatorServer2.ModbusSlave [199] - Scale apply failed for yc21: System.InvalidCastException: Unable to cast object of type 'System.Int32' to type 'System.Single'.
   at IEC61850_simulatorServer2.ModbusSlave.Write(Dictionary`2 data, Byte slaveId) in /Users/songyinpei/jobs/IEC61850-simulatorServer2/ModbusSlave.cs:line 199 

2025-12-29 09:14:23,833 [15] WARN  IEC61850_simulatorServer2.ModbusSlave [199] - Scale apply failed for param45: System.InvalidCastException: Unable to cast object of type 'System.Int32' to type 'System.Single'.
   at IEC61850_simulatorServer2.ModbusSlave.Write(Dictionary`2 data, Byte slaveId) in /Users/songyinpei/jobs/IEC61850-simulatorServer2/ModbusSlave.cs:line 199 

2025-12-29 09:14:23,839 [15] WARN  IEC61850_simulatorServer2.ModbusSlave [199] - Scale apply failed for param46: System.InvalidCastException: Unable to cast object of type 'System.Int32' to type 'System.Single'.
   at IEC61850_simulatorServer2.ModbusSlave.Write(Dictionary`2 data, Byte slaveId) in /Users/songyinpei/jobs/IEC61850-simulatorServer2/ModbusSlave.cs:line 199 

2025-12-29 09:17:59,008 [1] INFO  IEC61850_simulatorServer2.MainClass [37] - [Program] 应用启动，log4net 配置已尝试加载 

2025-12-29 09:18:00,471 [6] WARN  IEC61850_simulatorServer2.ModbusSlave [199] - Scale apply failed for yc6: System.InvalidCastException: Unable to cast object of type 'System.Int32' to type 'System.Single'.
   at IEC61850_simulatorServer2.ModbusSlave.Write(Dictionary`2 data, Byte slaveId) in /Users/songyinpei/jobs/IEC61850-simulatorServer2/ModbusSlave.cs:line 199 

2025-12-29 09:18:00,498 [6] WARN  IEC61850_simulatorServer2.ModbusSlave [199] - Scale apply failed for yc7: System.InvalidCastException: Unable to cast object of type 'System.Int32' to type 'System.Single'.
   at IEC61850_simulatorServer2.ModbusSlave.Write(Dictionary`2 data, Byte slaveId) in /Users/songyinpei/jobs/IEC61850-simulatorServer2/ModbusSlave.cs:line 199 

2025-12-29 09:18:00,501 [6] WARN  IEC61850_simulatorServer2.ModbusSlave [199] - Scale apply failed for yc8: System.InvalidCastException: Unable to cast object of type 'System.Int32' to type 'System.Single'.
   at IEC61850_simulatorServer2.ModbusSlave.Write(Dictionary`2 data, Byte slaveId) in /Users/songyinpei/jobs/IEC61850-simulatorServer2/ModbusSlave.cs:line 199 

2025-12-29 09:18:00,504 [6] WARN  IEC61850_simulatorServer2.ModbusSlave [199] - Scale apply failed for yc9: System.InvalidCastException: Unable to cast object of type 'System.Int32' to type 'System.Single'.
   at IEC61850_simulatorServer2.ModbusSlave.Write(Dictionary`2 data, Byte slaveId) in /Users/songyinpei/jobs/IEC61850-simulatorServer2/ModbusSlave.cs:line 199 

2025-12-29 09:18:00,507 [6] WARN  IEC61850_simulatorServer2.ModbusSlave [199] - Scale apply failed for yc10: System.InvalidCastException: Unable to cast object of type 'System.Int32' to type 'System.Single'.
   at IEC61850_simulatorServer2.ModbusSlave.Write(Dictionary`2 data, Byte slaveId) in /Users/songyinpei/jobs/IEC61850-simulatorServer2/ModbusSlave.cs:line 199 

2025-12-29 09:18:00,509 [6] WARN  IEC61850_simulatorServer2.ModbusSlave [199] - Scale apply failed for yc11: System.InvalidCastException: Unable to cast object of type 'System.Int32' to type 'System.Single'.
   at IEC61850_simulatorServer2.ModbusSlave.Write(Dictionary`2 data, Byte slaveId) in /Users/songyinpei/jobs/IEC61850-simulatorServer2/ModbusSlave.cs:line 199 

2025-12-29 09:18:00,533 [6] WARN  IEC61850_simulatorServer2.ModbusSlave [199] - Scale apply failed for yc12: System.InvalidCastException: Unable to cast object of type 'System.Int32' to type 'System.Single'.
   at IEC61850_simulatorServer2.ModbusSlave.Write(Dictionary`2 data, Byte slaveId) in /Users/songyinpei/jobs/IEC61850-simulatorServer2/ModbusSlave.cs:line 199 

2025-12-29 09:18:00,561 [6] WARN  IEC61850_simulatorServer2.ModbusSlave [199] - Scale apply failed for yc20: System.InvalidCastException: Unable to cast object of type 'System.Int32' to type 'System.Single'.
   at IEC61850_simulatorServer2.ModbusSlave.Write(Dictionary`2 data, Byte slaveId) in /Users/songyinpei/jobs/IEC61850-simulatorServer2/ModbusSlave.cs:line 199 

2025-12-29 09:18:00,615 [6] WARN  IEC61850_simulatorServer2.ModbusSlave [199] - Scale apply failed for yc21: System.InvalidCastException: Unable to cast object of type 'System.Int32' to type 'System.Single'.
   at IEC61850_simulatorServer2.ModbusSlave.Write(Dictionary`2 data, Byte slaveId) in /Users/songyinpei/jobs/IEC61850-simulatorServer2/ModbusSlave.cs:line 199 

2025-12-29 09:18:00,618 [6] WARN  IEC61850_simulatorServer2.ModbusSlave [199] - Scale apply failed for yc22: System.InvalidCastException: Unable to cast object of type 'System.Int32' to type 'System.Single'.
   at IEC61850_simulatorServer2.ModbusSlave.Write(Dictionary`2 data, Byte slaveId) in /Users/songyinpei/jobs/IEC61850-simulatorServer2/ModbusSlave.cs:line 199 

2025-12-29 09:18:00,677 [6] WARN  IEC61850_simulatorServer2.ModbusSlave [199] - Scale apply failed for yc23: System.InvalidCastException: Unable to cast object of type 'System.Int32' to type 'System.Single'.
   at IEC61850_simulatorServer2.ModbusSlave.Write(Dictionary`2 data, Byte slaveId) in /Users/songyinpei/jobs/IEC61850-simulatorServer2/ModbusSlave.cs:line 199 

2025-12-29 09:18:00,730 [6] WARN  IEC61850_simulatorServer2.ModbusSlave [199] - Scale apply failed for yc24: System.InvalidCastException: Unable to cast object of type 'System.Int32' to type 'System.Single'.
   at IEC61850_simulatorServer2.ModbusSlave.Write(Dictionary`2 data, Byte slaveId) in /Users/songyinpei/jobs/IEC61850-simulatorServer2/ModbusSlave.cs:line 199 

2025-12-29 09:18:00,778 [6] WARN  IEC61850_simulatorServer2.ModbusSlave [199] - Scale apply failed for yc25: System.InvalidCastException: Unable to cast object of type 'System.Int32' to type 'System.Single'.
   at IEC61850_simulatorServer2.ModbusSlave.Write(Dictionary`2 data, Byte slaveId) in /Users/songyinpei/jobs/IEC61850-simulatorServer2/ModbusSlave.cs:line 199 

2025-12-29 09:18:00,781 [6] WARN  IEC61850_simulatorServer2.ModbusSlave [199] - Scale apply failed for yc26: System.InvalidCastException: Unable to cast object of type 'System.Int32' to type 'System.Single'.
   at IEC61850_simulatorServer2.ModbusSlave.Write(Dictionary`2 data, Byte slaveId) in /Users/songyinpei/jobs/IEC61850-simulatorServer2/ModbusSlave.cs:line 199 

2025-12-29 09:18:00,808 [6] WARN  IEC61850_simulatorServer2.ModbusSlave [199] - Scale apply failed for yc27: System.InvalidCastException: Unable to cast object of type 'System.Int32' to type 'System.Single'.
   at IEC61850_simulatorServer2.ModbusSlave.Write(Dictionary`2 data, Byte slaveId) in /Users/songyinpei/jobs/IEC61850-simulatorServer2/ModbusSlave.cs:line 199 

2025-12-29 09:18:00,861 [6] WARN  IEC61850_simulatorServer2.ModbusSlave [199] - Scale apply failed for yc28: System.InvalidCastException: Unable to cast object of type 'System.Int32' to type 'System.Single'.
   at IEC61850_simulatorServer2.ModbusSlave.Write(Dictionary`2 data, Byte slaveId) in /Users/songyinpei/jobs/IEC61850-simulatorServer2/ModbusSlave.cs:line 199 

2025-12-29 09:18:00,915 [6] WARN  IEC61850_simulatorServer2.ModbusSlave [199] - Scale apply failed for yc29: System.InvalidCastException: Unable to cast object of type 'System.Int32' to type 'System.Single'.
   at IEC61850_simulatorServer2.ModbusSlave.Write(Dictionary`2 data, Byte slaveId) in /Users/songyinpei/jobs/IEC61850-simulatorServer2/ModbusSlave.cs:line 199 

2025-12-29 09:18:00,971 [6] WARN  IEC61850_simulatorServer2.ModbusSlave [199] - Scale apply failed for yc30: System.InvalidCastException: Unable to cast object of type 'System.Int32' to type 'System.Single'.
   at IEC61850_simulatorServer2.ModbusSlave.Write(Dictionary`2 data, Byte slaveId) in /Users/songyinpei/jobs/IEC61850-simulatorServer2/ModbusSlave.cs:line 199 

2025-12-29 09:18:01,023 [6] WARN  IEC61850_simulatorServer2.ModbusSlave [199] - Scale apply failed for yc31: System.InvalidCastException: Unable to cast object of type 'System.Int32' to type 'System.Single'.
   at IEC61850_simulatorServer2.ModbusSlave.Write(Dictionary`2 data, Byte slaveId) in /Users/songyinpei/jobs/IEC61850-simulatorServer2/ModbusSlave.cs:line 199 

2025-12-29 09:18:01,068 [6] WARN  IEC61850_simulatorServer2.ModbusSlave [199] - Scale apply failed for yc32: System.InvalidCastException: Unable to cast object of type 'System.Int32' to type 'System.Single'.
   at IEC61850_simulatorServer2.ModbusSlave.Write(Dictionary`2 data, Byte slaveId) in /Users/songyinpei/jobs/IEC61850-simulatorServer2/ModbusSlave.cs:line 199 

2025-12-29 09:18:01,098 [6] WARN  IEC61850_simulatorServer2.ModbusSlave [199] - Scale apply failed for yc34: System.InvalidCastException: Unable to cast object of type 'System.Int32' to type 'System.Single'.
   at IEC61850_simulatorServer2.ModbusSlave.Write(Dictionary`2 data, Byte slaveId) in /Users/songyinpei/jobs/IEC61850-simulatorServer2/ModbusSlave.cs:line 199 

2025-12-29 09:18:01,152 [6] WARN  IEC61850_simulatorServer2.ModbusSlave [199] - Scale apply failed for yc35: System.InvalidCastException: Unable to cast object of type 'System.Int32' to type 'System.Single'.
   at IEC61850_simulatorServer2.ModbusSlave.Write(Dictionary`2 data, Byte slaveId) in /Users/songyinpei/jobs/IEC61850-simulatorServer2/ModbusSlave.cs:line 199 

2025-12-29 09:18:01,208 [6] WARN  IEC61850_simulatorServer2.ModbusSlave [199] - Scale apply failed for yc33: System.InvalidCastException: Unable to cast object of type 'System.Int32' to type 'System.Single'.
   at IEC61850_simulatorServer2.ModbusSlave.Write(Dictionary`2 data, Byte slaveId) in /Users/songyinpei/jobs/IEC61850-simulatorServer2/ModbusSlave.cs:line 199 

2025-12-29 09:18:01,244 [6] WARN  IEC61850_simulatorServer2.ModbusSlave [199] - Scale apply failed for yc36: System.InvalidCastException: Unable to cast object of type 'System.Int32' to type 'System.Single'.
   at IEC61850_simulatorServer2.ModbusSlave.Write(Dictionary`2 data, Byte slaveId) in /Users/songyinpei/jobs/IEC61850-simulatorServer2/ModbusSlave.cs:line 199 

2025-12-29 09:18:01,279 [6] WARN  IEC61850_simulatorServer2.ModbusSlave [199] - Scale apply failed for yc37: System.InvalidCastException: Unable to cast object of type 'System.Int32' to type 'System.Single'.
   at IEC61850_simulatorServer2.ModbusSlave.Write(Dictionary`2 data, Byte slaveId) in /Users/songyinpei/jobs/IEC61850-simulatorServer2/ModbusSlave.cs:line 199 

2025-12-29 09:18:01,285 [6] WARN  IEC61850_simulatorServer2.ModbusSlave [199] - Scale apply failed for yc53: System.InvalidCastException: Unable to cast object of type 'System.Int32' to type 'System.Single'.
   at IEC61850_simulatorServer2.ModbusSlave.Write(Dictionary`2 data, Byte slaveId) in /Users/songyinpei/jobs/IEC61850-simulatorServer2/ModbusSlave.cs:line 199 

2025-12-29 09:18:01,311 [6] WARN  IEC61850_simulatorServer2.ModbusSlave [199] - Scale apply failed for yc43: System.InvalidCastException: Unable to cast object of type 'System.Int32' to type 'System.Single'.
   at IEC61850_simulatorServer2.ModbusSlave.Write(Dictionary`2 data, Byte slaveId) in /Users/songyinpei/jobs/IEC61850-simulatorServer2/ModbusSlave.cs:line 199 

2025-12-29 09:18:01,366 [6] WARN  IEC61850_simulatorServer2.ModbusSlave [199] - Scale apply failed for yc45: System.InvalidCastException: Unable to cast object of type 'System.Int32' to type 'System.Single'.
   at IEC61850_simulatorServer2.ModbusSlave.Write(Dictionary`2 data, Byte slaveId) in /Users/songyinpei/jobs/IEC61850-simulatorServer2/ModbusSlave.cs:line 199 

2025-12-29 09:18:01,519 [9] WARN  IEC61850_simulatorServer2.ModbusSlave [199] - Scale apply failed for param2: System.InvalidCastException: Unable to cast object of type 'System.Int32' to type 'System.Single'.
   at IEC61850_simulatorServer2.ModbusSlave.Write(Dictionary`2 data, Byte slaveId) in /Users/songyinpei/jobs/IEC61850-simulatorServer2/ModbusSlave.cs:line 199 

2025-12-29 09:18:01,543 [9] WARN  IEC61850_simulatorServer2.ModbusSlave [199] - Scale apply failed for param3: System.InvalidCastException: Unable to cast object of type 'System.Int32' to type 'System.Single'.
   at IEC61850_simulatorServer2.ModbusSlave.Write(Dictionary`2 data, Byte slaveId) in /Users/songyinpei/jobs/IEC61850-simulatorServer2/ModbusSlave.cs:line 199 

2025-12-29 09:18:01,546 [9] WARN  IEC61850_simulatorServer2.ModbusSlave [199] - Scale apply failed for param4: System.InvalidCastException: Unable to cast object of type 'System.Int32' to type 'System.Single'.
   at IEC61850_simulatorServer2.ModbusSlave.Write(Dictionary`2 data, Byte slaveId) in /Users/songyinpei/jobs/IEC61850-simulatorServer2/ModbusSlave.cs:line 199 

2025-12-29 09:18:01,575 [9] WARN  IEC61850_simulatorServer2.ModbusSlave [199] - Scale apply failed for param8: System.InvalidCastException: Unable to cast object of type 'System.Int32' to type 'System.Single'.
   at IEC61850_simulatorServer2.ModbusSlave.Write(Dictionary`2 data, Byte slaveId) in /Users/songyinpei/jobs/IEC61850-simulatorServer2/ModbusSlave.cs:line 199 

2025-12-29 09:18:01,600 [9] WARN  IEC61850_simulatorServer2.ModbusSlave [199] - Scale apply failed for param9: System.InvalidCastException: Unable to cast object of type 'System.Int32' to type 'System.Single'.
   at IEC61850_simulatorServer2.ModbusSlave.Write(Dictionary`2 data, Byte slaveId) in /Users/songyinpei/jobs/IEC61850-simulatorServer2/ModbusSlave.cs:line 199 

2025-12-29 09:18:01,654 [9] WARN  IEC61850_simulatorServer2.ModbusSlave [199] - Scale apply failed for param10: System.InvalidCastException: Unable to cast object of type 'System.Int32' to type 'System.Single'.
   at IEC61850_simulatorServer2.ModbusSlave.Write(Dictionary`2 data, Byte slaveId) in /Users/songyinpei/jobs/IEC61850-simulatorServer2/ModbusSlave.cs:line 199 

2025-12-29 09:18:01,682 [9] WARN  IEC61850_simulatorServer2.ModbusSlave [199] - Scale apply failed for param15: System.InvalidCastException: Unable to cast object of type 'System.Int32' to type 'System.Single'.
   at IEC61850_simulatorServer2.ModbusSlave.Write(Dictionary`2 data, Byte slaveId) in /Users/songyinpei/jobs/IEC61850-simulatorServer2/ModbusSlave.cs:line 199 

2025-12-29 09:18:01,689 [9] WARN  IEC61850_simulatorServer2.ModbusSlave [199] - Scale apply failed for param16: System.InvalidCastException: Unable to cast object of type 'System.Int32' to type 'System.Single'.
   at IEC61850_simulatorServer2.ModbusSlave.Write(Dictionary`2 data, Byte slaveId) in /Users/songyinpei/jobs/IEC61850-simulatorServer2/ModbusSlave.cs:line 199 

2025-12-29 09:18:01,737 [9] WARN  IEC61850_simulatorServer2.ModbusSlave [199] - Scale apply failed for param17: System.InvalidCastException: Unable to cast object of type 'System.Int32' to type 'System.Single'.
   at IEC61850_simulatorServer2.ModbusSlave.Write(Dictionary`2 data, Byte slaveId) in /Users/songyinpei/jobs/IEC61850-simulatorServer2/ModbusSlave.cs:line 199 

2025-12-29 09:18:01,766 [9] WARN  IEC61850_simulatorServer2.ModbusSlave [199] - Scale apply failed for param18: System.InvalidCastException: Unable to cast object of type 'System.Int32' to type 'System.Single'.
   at IEC61850_simulatorServer2.ModbusSlave.Write(Dictionary`2 data, Byte slaveId) in /Users/songyinpei/jobs/IEC61850-simulatorServer2/ModbusSlave.cs:line 199 

2025-12-29 09:18:01,819 [9] WARN  IEC61850_simulatorServer2.ModbusSlave [199] - Scale apply failed for param19: System.InvalidCastException: Unable to cast object of type 'System.Int32' to type 'System.Single'.
   at IEC61850_simulatorServer2.ModbusSlave.Write(Dictionary`2 data, Byte slaveId) in /Users/songyinpei/jobs/IEC61850-simulatorServer2/ModbusSlave.cs:line 199 

2025-12-29 09:18:01,869 [9] WARN  IEC61850_simulatorServer2.ModbusSlave [199] - Scale apply failed for param20: System.InvalidCastException: Unable to cast object of type 'System.Int32' to type 'System.Single'.
   at IEC61850_simulatorServer2.ModbusSlave.Write(Dictionary`2 data, Byte slaveId) in /Users/songyinpei/jobs/IEC61850-simulatorServer2/ModbusSlave.cs:line 199 

2025-12-29 09:18:01,896 [9] WARN  IEC61850_simulatorServer2.ModbusSlave [199] - Scale apply failed for param21: System.InvalidCastException: Unable to cast object of type 'System.Int32' to type 'System.Single'.
   at IEC61850_simulatorServer2.ModbusSlave.Write(Dictionary`2 data, Byte slaveId) in /Users/songyinpei/jobs/IEC61850-simulatorServer2/ModbusSlave.cs:line 199 

2025-12-29 09:18:01,948 [9] WARN  IEC61850_simulatorServer2.ModbusSlave [199] - Scale apply failed for param31: System.InvalidCastException: Unable to cast object of type 'System.Int32' to type 'System.Single'.
   at IEC61850_simulatorServer2.ModbusSlave.Write(Dictionary`2 data, Byte slaveId) in /Users/songyinpei/jobs/IEC61850-simulatorServer2/ModbusSlave.cs:line 199 

2025-12-29 09:18:01,978 [9] WARN  IEC61850_simulatorServer2.ModbusSlave [199] - Scale apply failed for param32: System.InvalidCastException: Unable to cast object of type 'System.Int32' to type 'System.Single'.
   at IEC61850_simulatorServer2.ModbusSlave.Write(Dictionary`2 data, Byte slaveId) in /Users/songyinpei/jobs/IEC61850-simulatorServer2/ModbusSlave.cs:line 199 

2025-12-29 09:18:02,028 [9] WARN  IEC61850_simulatorServer2.ModbusSlave [199] - Scale apply failed for param33: System.InvalidCastException: Unable to cast object of type 'System.Int32' to type 'System.Single'.
   at IEC61850_simulatorServer2.ModbusSlave.Write(Dictionary`2 data, Byte slaveId) in /Users/songyinpei/jobs/IEC61850-simulatorServer2/ModbusSlave.cs:line 199 

2025-12-29 09:18:02,057 [9] WARN  IEC61850_simulatorServer2.ModbusSlave [199] - Scale apply failed for param34: System.InvalidCastException: Unable to cast object of type 'System.Int32' to type 'System.Single'.
   at IEC61850_simulatorServer2.ModbusSlave.Write(Dictionary`2 data, Byte slaveId) in /Users/songyinpei/jobs/IEC61850-simulatorServer2/ModbusSlave.cs:line 199 

2025-12-29 09:18:02,110 [9] WARN  IEC61850_simulatorServer2.ModbusSlave [199] - Scale apply failed for param35: System.InvalidCastException: Unable to cast object of type 'System.Int32' to type 'System.Single'.
   at IEC61850_simulatorServer2.ModbusSlave.Write(Dictionary`2 data, Byte slaveId) in /Users/songyinpei/jobs/IEC61850-simulatorServer2/ModbusSlave.cs:line 199 

2025-12-29 09:18:02,140 [9] WARN  IEC61850_simulatorServer2.ModbusSlave [199] - Scale apply failed for param36: System.InvalidCastException: Unable to cast object of type 'System.Int32' to type 'System.Single'.
   at IEC61850_simulatorServer2.ModbusSlave.Write(Dictionary`2 data, Byte slaveId) in /Users/songyinpei/jobs/IEC61850-simulatorServer2/ModbusSlave.cs:line 199 

2025-12-29 09:18:02,194 [9] WARN  IEC61850_simulatorServer2.ModbusSlave [199] - Scale apply failed for param37: System.InvalidCastException: Unable to cast object of type 'System.Int32' to type 'System.Single'.
   at IEC61850_simulatorServer2.ModbusSlave.Write(Dictionary`2 data, Byte slaveId) in /Users/songyinpei/jobs/IEC61850-simulatorServer2/ModbusSlave.cs:line 199 

2025-12-29 09:18:02,224 [9] WARN  IEC61850_simulatorServer2.ModbusSlave [199] - Scale apply failed for param39: System.InvalidCastException: Unable to cast object of type 'System.Int32' to type 'System.Single'.
   at IEC61850_simulatorServer2.ModbusSlave.Write(Dictionary`2 data, Byte slaveId) in /Users/songyinpei/jobs/IEC61850-simulatorServer2/ModbusSlave.cs:line 199 

2025-12-29 09:18:02,255 [9] WARN  IEC61850_simulatorServer2.ModbusSlave [199] - Scale apply failed for param38: System.InvalidCastException: Unable to cast object of type 'System.Int32' to type 'System.Single'.
   at IEC61850_simulatorServer2.ModbusSlave.Write(Dictionary`2 data, Byte slaveId) in /Users/songyinpei/jobs/IEC61850-simulatorServer2/ModbusSlave.cs:line 199 

2025-12-29 09:18:02,285 [9] WARN  IEC61850_simulatorServer2.ModbusSlave [199] - Scale apply failed for param40: System.InvalidCastException: Unable to cast object of type 'System.Int32' to type 'System.Single'.
   at IEC61850_simulatorServer2.ModbusSlave.Write(Dictionary`2 data, Byte slaveId) in /Users/songyinpei/jobs/IEC61850-simulatorServer2/ModbusSlave.cs:line 199 

2025-12-29 09:18:02,314 [9] WARN  IEC61850_simulatorServer2.ModbusSlave [199] - Scale apply failed for param41: System.InvalidCastException: Unable to cast object of type 'System.Int32' to type 'System.Single'.
   at IEC61850_simulatorServer2.ModbusSlave.Write(Dictionary`2 data, Byte slaveId) in /Users/songyinpei/jobs/IEC61850-simulatorServer2/ModbusSlave.cs:line 199 

2025-12-29 09:18:02,326 [9] WARN  IEC61850_simulatorServer2.ModbusSlave [199] - Scale apply failed for param42: System.InvalidCastException: Unable to cast object of type 'System.Int32' to type 'System.Single'.
   at IEC61850_simulatorServer2.ModbusSlave.Write(Dictionary`2 data, Byte slaveId) in /Users/songyinpei/jobs/IEC61850-simulatorServer2/ModbusSlave.cs:line 199 

2025-12-29 09:18:02,356 [9] WARN  IEC61850_simulatorServer2.ModbusSlave [199] - Scale apply failed for param43: System.InvalidCastException: Unable to cast object of type 'System.Int32' to type 'System.Single'.
   at IEC61850_simulatorServer2.ModbusSlave.Write(Dictionary`2 data, Byte slaveId) in /Users/songyinpei/jobs/IEC61850-simulatorServer2/ModbusSlave.cs:line 199 

2025-12-29 09:18:02,408 [9] WARN  IEC61850_simulatorServer2.ModbusSlave [199] - Scale apply failed for param44: System.InvalidCastException: Unable to cast object of type 'System.Int32' to type 'System.Single'.
   at IEC61850_simulatorServer2.ModbusSlave.Write(Dictionary`2 data, Byte slaveId) in /Users/songyinpei/jobs/IEC61850-simulatorServer2/ModbusSlave.cs:line 199 

2025-12-29 09:18:02,443 [9] WARN  IEC61850_simulatorServer2.ModbusSlave [199] - Scale apply failed for param45: System.InvalidCastException: Unable to cast object of type 'System.Int32' to type 'System.Single'.
   at IEC61850_simulatorServer2.ModbusSlave.Write(Dictionary`2 data, Byte slaveId) in /Users/songyinpei/jobs/IEC61850-simulatorServer2/ModbusSlave.cs:line 199 

2025-12-29 09:18:02,476 [9] WARN  IEC61850_simulatorServer2.ModbusSlave [199] - Scale apply failed for param46: System.InvalidCastException: Unable to cast object of type 'System.Int32' to type 'System.Single'.
   at IEC61850_simulatorServer2.ModbusSlave.Write(Dictionary`2 data, Byte slaveId) in /Users/songyinpei/jobs/IEC61850-simulatorServer2/ModbusSlave.cs:line 199 

2025-12-29 09:18:02,529 [9] WARN  IEC61850_simulatorServer2.ModbusSlave [199] - Scale apply failed for param47: System.InvalidCastException: Unable to cast object of type 'System.Int32' to type 'System.Single'.
   at IEC61850_simulatorServer2.ModbusSlave.Write(Dictionary`2 data, Byte slaveId) in /Users/songyinpei/jobs/IEC61850-simulatorServer2/ModbusSlave.cs:line 199 

2025-12-29 09:18:02,582 [9] WARN  IEC61850_simulatorServer2.ModbusSlave [199] - Scale apply failed for param48: System.InvalidCastException: Unable to cast object of type 'System.Int32' to type 'System.Single'.
   at IEC61850_simulatorServer2.ModbusSlave.Write(Dictionary`2 data, Byte slaveId) in /Users/songyinpei/jobs/IEC61850-simulatorServer2/ModbusSlave.cs:line 199 

2025-12-29 09:18:02,640 [9] WARN  IEC61850_simulatorServer2.ModbusSlave [199] - Scale apply failed for param49: System.InvalidCastException: Unable to cast object of type 'System.Int32' to type 'System.Single'.
   at IEC61850_simulatorServer2.ModbusSlave.Write(Dictionary`2 data, Byte slaveId) in /Users/songyinpei/jobs/IEC61850-simulatorServer2/ModbusSlave.cs:line 199 

2025-12-29 09:18:03,038 [12] WARN  IEC61850_simulatorServer2.ModbusSlave [199] - Scale apply failed for yc6: System.InvalidCastException: Unable to cast object of type 'System.Int32' to type 'System.Single'.
   at IEC61850_simulatorServer2.ModbusSlave.Write(Dictionary`2 data, Byte slaveId) in /Users/songyinpei/jobs/IEC61850-simulatorServer2/ModbusSlave.cs:line 199 

2025-12-29 09:18:03,041 [12] WARN  IEC61850_simulatorServer2.ModbusSlave [199] - Scale apply failed for yc7: System.InvalidCastException: Unable to cast object of type 'System.Int32' to type 'System.Single'.
   at IEC61850_simulatorServer2.ModbusSlave.Write(Dictionary`2 data, Byte slaveId) in /Users/songyinpei/jobs/IEC61850-simulatorServer2/ModbusSlave.cs:line 199 

2025-12-29 09:18:03,043 [12] WARN  IEC61850_simulatorServer2.ModbusSlave [199] - Scale apply failed for yc8: System.InvalidCastException: Unable to cast object of type 'System.Int32' to type 'System.Single'.
   at IEC61850_simulatorServer2.ModbusSlave.Write(Dictionary`2 data, Byte slaveId) in /Users/songyinpei/jobs/IEC61850-simulatorServer2/ModbusSlave.cs:line 199 

2025-12-29 09:18:03,045 [12] WARN  IEC61850_simulatorServer2.ModbusSlave [199] - Scale apply failed for yc9: System.InvalidCastException: Unable to cast object of type 'System.Int32' to type 'System.Single'.
   at IEC61850_simulatorServer2.ModbusSlave.Write(Dictionary`2 data, Byte slaveId) in /Users/songyinpei/jobs/IEC61850-simulatorServer2/ModbusSlave.cs:line 199 

2025-12-29 09:18:03,047 [12] WARN  IEC61850_simulatorServer2.ModbusSlave [199] - Scale apply failed for yc10: System.InvalidCastException: Unable to cast object of type 'System.Int32' to type 'System.Single'.
   at IEC61850_simulatorServer2.ModbusSlave.Write(Dictionary`2 data, Byte slaveId) in /Users/songyinpei/jobs/IEC61850-simulatorServer2/ModbusSlave.cs:line 199 

2025-12-29 09:18:03,049 [12] WARN  IEC61850_simulatorServer2.ModbusSlave [199] - Scale apply failed for yc11: System.InvalidCastException: Unable to cast object of type 'System.Int32' to type 'System.Single'.
   at IEC61850_simulatorServer2.ModbusSlave.Write(Dictionary`2 data, Byte slaveId) in /Users/songyinpei/jobs/IEC61850-simulatorServer2/ModbusSlave.cs:line 199 

2025-12-29 09:18:03,051 [12] WARN  IEC61850_simulatorServer2.ModbusSlave [199] - Scale apply failed for yc12: System.InvalidCastException: Unable to cast object of type 'System.Int32' to type 'System.Single'.
   at IEC61850_simulatorServer2.ModbusSlave.Write(Dictionary`2 data, Byte slaveId) in /Users/songyinpei/jobs/IEC61850-simulatorServer2/ModbusSlave.cs:line 199 

2025-12-29 09:18:03,053 [12] WARN  IEC61850_simulatorServer2.ModbusSlave [199] - Scale apply failed for yc20: System.InvalidCastException: Unable to cast object of type 'System.Int32' to type 'System.Single'.
   at IEC61850_simulatorServer2.ModbusSlave.Write(Dictionary`2 data, Byte slaveId) in /Users/songyinpei/jobs/IEC61850-simulatorServer2/ModbusSlave.cs:line 199 

2025-12-29 09:18:03,055 [12] WARN  IEC61850_simulatorServer2.ModbusSlave [199] - Scale apply failed for yc21: System.InvalidCastException: Unable to cast object of type 'System.Int32' to type 'System.Single'.
   at IEC61850_simulatorServer2.ModbusSlave.Write(Dictionary`2 data, Byte slaveId) in /Users/songyinpei/jobs/IEC61850-simulatorServer2/ModbusSlave.cs:line 199 

2025-12-29 09:18:03,057 [12] WARN  IEC61850_simulatorServer2.ModbusSlave [199] - Scale apply failed for yc22: System.InvalidCastException: Unable to cast object of type 'System.Int32' to type 'System.Single'.
   at IEC61850_simulatorServer2.ModbusSlave.Write(Dictionary`2 data, Byte slaveId) in /Users/songyinpei/jobs/IEC61850-simulatorServer2/ModbusSlave.cs:line 199 

2025-12-29 09:18:03,060 [12] WARN  IEC61850_simulatorServer2.ModbusSlave [199] - Scale apply failed for yc23: System.InvalidCastException: Unable to cast object of type 'System.Int32' to type 'System.Single'.
   at IEC61850_simulatorServer2.ModbusSlave.Write(Dictionary`2 data, Byte slaveId) in /Users/songyinpei/jobs/IEC61850-simulatorServer2/ModbusSlave.cs:line 199 

2025-12-29 09:18:03,062 [12] WARN  IEC61850_simulatorServer2.ModbusSlave [199] - Scale apply failed for yc24: System.InvalidCastException: Unable to cast object of type 'System.Int32' to type 'System.Single'.
   at IEC61850_simulatorServer2.ModbusSlave.Write(Dictionary`2 data, Byte slaveId) in /Users/songyinpei/jobs/IEC61850-simulatorServer2/ModbusSlave.cs:line 199 

2025-12-29 09:18:03,064 [12] WARN  IEC61850_simulatorServer2.ModbusSlave [199] - Scale apply failed for yc25: System.InvalidCastException: Unable to cast object of type 'System.Int32' to type 'System.Single'.
   at IEC61850_simulatorServer2.ModbusSlave.Write(Dictionary`2 data, Byte slaveId) in /Users/songyinpei/jobs/IEC61850-simulatorServer2/ModbusSlave.cs:line 199 

2025-12-29 09:18:03,066 [12] WARN  IEC61850_simulatorServer2.ModbusSlave [199] - Scale apply failed for yc26: System.InvalidCastException: Unable to cast object of type 'System.Int32' to type 'System.Single'.
   at IEC61850_simulatorServer2.ModbusSlave.Write(Dictionary`2 data, Byte slaveId) in /Users/songyinpei/jobs/IEC61850-simulatorServer2/ModbusSlave.cs:line 199 

2025-12-29 09:18:03,068 [12] WARN  IEC61850_simulatorServer2.ModbusSlave [199] - Scale apply failed for yc27: System.InvalidCastException: Unable to cast object of type 'System.Int32' to type 'System.Single'.
   at IEC61850_simulatorServer2.ModbusSlave.Write(Dictionary`2 data, Byte slaveId) in /Users/songyinpei/jobs/IEC61850-simulatorServer2/ModbusSlave.cs:line 199 

2025-12-29 09:18:03,070 [12] WARN  IEC61850_simulatorServer2.ModbusSlave [199] - Scale apply failed for yc28: System.InvalidCastException: Unable to cast object of type 'System.Int32' to type 'System.Single'.
   at IEC61850_simulatorServer2.ModbusSlave.Write(Dictionary`2 data, Byte slaveId) in /Users/songyinpei/jobs/IEC61850-simulatorServer2/ModbusSlave.cs:line 199 

2025-12-29 09:18:03,072 [12] WARN  IEC61850_simulatorServer2.ModbusSlave [199] - Scale apply failed for yc29: System.InvalidCastException: Unable to cast object of type 'System.Int32' to type 'System.Single'.
   at IEC61850_simulatorServer2.ModbusSlave.Write(Dictionary`2 data, Byte slaveId) in /Users/songyinpei/jobs/IEC61850-simulatorServer2/ModbusSlave.cs:line 199 

2025-12-29 09:18:03,074 [12] WARN  IEC61850_simulatorServer2.ModbusSlave [199] - Scale apply failed for yc30: System.InvalidCastException: Unable to cast object of type 'System.Int32' to type 'System.Single'.
   at IEC61850_simulatorServer2.ModbusSlave.Write(Dictionary`2 data, Byte slaveId) in /Users/songyinpei/jobs/IEC61850-simulatorServer2/ModbusSlave.cs:line 199 

2025-12-29 09:18:03,076 [12] WARN  IEC61850_simulatorServer2.ModbusSlave [199] - Scale apply failed for yc31: System.InvalidCastException: Unable to cast object of type 'System.Int32' to type 'System.Single'.
   at IEC61850_simulatorServer2.ModbusSlave.Write(Dictionary`2 data, Byte slaveId) in /Users/songyinpei/jobs/IEC61850-simulatorServer2/ModbusSlave.cs:line 199 

2025-12-29 09:18:03,103 [12] WARN  IEC61850_simulatorServer2.ModbusSlave [199] - Scale apply failed for yc32: System.InvalidCastException: Unable to cast object of type 'System.Int32' to type 'System.Single'.
   at IEC61850_simulatorServer2.ModbusSlave.Write(Dictionary`2 data, Byte slaveId) in /Users/songyinpei/jobs/IEC61850-simulatorServer2/ModbusSlave.cs:line 199 

2025-12-29 09:18:03,105 [12] WARN  IEC61850_simulatorServer2.ModbusSlave [199] - Scale apply failed for yc33: System.InvalidCastException: Unable to cast object of type 'System.Int32' to type 'System.Single'.
   at IEC61850_simulatorServer2.ModbusSlave.Write(Dictionary`2 data, Byte slaveId) in /Users/songyinpei/jobs/IEC61850-simulatorServer2/ModbusSlave.cs:line 199 

2025-12-29 09:18:03,156 [12] WARN  IEC61850_simulatorServer2.ModbusSlave [199] - Scale apply failed for yc34: System.InvalidCastException: Unable to cast object of type 'System.Int32' to type 'System.Single'.
   at IEC61850_simulatorServer2.ModbusSlave.Write(Dictionary`2 data, Byte slaveId) in /Users/songyinpei/jobs/IEC61850-simulatorServer2/ModbusSlave.cs:line 199 

2025-12-29 09:18:03,160 [12] WARN  IEC61850_simulatorServer2.ModbusSlave [199] - Scale apply failed for yc35: System.InvalidCastException: Unable to cast object of type 'System.Int32' to type 'System.Single'.
   at IEC61850_simulatorServer2.ModbusSlave.Write(Dictionary`2 data, Byte slaveId) in /Users/songyinpei/jobs/IEC61850-simulatorServer2/ModbusSlave.cs:line 199 

2025-12-29 09:18:03,213 [12] WARN  IEC61850_simulatorServer2.ModbusSlave [199] - Scale apply failed for yc36: System.InvalidCastException: Unable to cast object of type 'System.Int32' to type 'System.Single'.
   at IEC61850_simulatorServer2.ModbusSlave.Write(Dictionary`2 data, Byte slaveId) in /Users/songyinpei/jobs/IEC61850-simulatorServer2/ModbusSlave.cs:line 199 

2025-12-29 09:18:03,261 [12] WARN  IEC61850_simulatorServer2.ModbusSlave [199] - Scale apply failed for yc37: System.InvalidCastException: Unable to cast object of type 'System.Int32' to type 'System.Single'.
   at IEC61850_simulatorServer2.ModbusSlave.Write(Dictionary`2 data, Byte slaveId) in /Users/songyinpei/jobs/IEC61850-simulatorServer2/ModbusSlave.cs:line 199 

2025-12-29 09:18:03,290 [12] WARN  IEC61850_simulatorServer2.ModbusSlave [199] - Scale apply failed for yc43: System.InvalidCastException: Unable to cast object of type 'System.Int32' to type 'System.Single'.
   at IEC61850_simulatorServer2.ModbusSlave.Write(Dictionary`2 data, Byte slaveId) in /Users/songyinpei/jobs/IEC61850-simulatorServer2/ModbusSlave.cs:line 199 

2025-12-29 09:18:03,319 [12] WARN  IEC61850_simulatorServer2.ModbusSlave [199] - Scale apply failed for yc45: System.InvalidCastException: Unable to cast object of type 'System.Int32' to type 'System.Single'.
   at IEC61850_simulatorServer2.ModbusSlave.Write(Dictionary`2 data, Byte slaveId) in /Users/songyinpei/jobs/IEC61850-simulatorServer2/ModbusSlave.cs:line 199 

2025-12-29 09:18:03,348 [12] WARN  IEC61850_simulatorServer2.ModbusSlave [199] - Scale apply failed for yc53: System.InvalidCastException: Unable to cast object of type 'System.Int32' to type 'System.Single'.
   at IEC61850_simulatorServer2.ModbusSlave.Write(Dictionary`2 data, Byte slaveId) in /Users/songyinpei/jobs/IEC61850-simulatorServer2/ModbusSlave.cs:line 199 

2025-12-29 09:18:04,105 [15] WARN  IEC61850_simulatorServer2.ModbusSlave [199] - Scale apply failed for param2: System.InvalidCastException: Unable to cast object of type 'System.Int32' to type 'System.Single'.
   at IEC61850_simulatorServer2.ModbusSlave.Write(Dictionary`2 data, Byte slaveId) in /Users/songyinpei/jobs/IEC61850-simulatorServer2/ModbusSlave.cs:line 199 

2025-12-29 09:18:04,107 [15] WARN  IEC61850_simulatorServer2.ModbusSlave [199] - Scale apply failed for param3: System.InvalidCastException: Unable to cast object of type 'System.Int32' to type 'System.Single'.
   at IEC61850_simulatorServer2.ModbusSlave.Write(Dictionary`2 data, Byte slaveId) in /Users/songyinpei/jobs/IEC61850-simulatorServer2/ModbusSlave.cs:line 199 

2025-12-29 09:18:04,109 [15] WARN  IEC61850_simulatorServer2.ModbusSlave [199] - Scale apply failed for param4: System.InvalidCastException: Unable to cast object of type 'System.Int32' to type 'System.Single'.
   at IEC61850_simulatorServer2.ModbusSlave.Write(Dictionary`2 data, Byte slaveId) in /Users/songyinpei/jobs/IEC61850-simulatorServer2/ModbusSlave.cs:line 199 

2025-12-29 09:18:04,111 [15] WARN  IEC61850_simulatorServer2.ModbusSlave [199] - Scale apply failed for param8: System.InvalidCastException: Unable to cast object of type 'System.Int32' to type 'System.Single'.
   at IEC61850_simulatorServer2.ModbusSlave.Write(Dictionary`2 data, Byte slaveId) in /Users/songyinpei/jobs/IEC61850-simulatorServer2/ModbusSlave.cs:line 199 

2025-12-29 09:18:04,113 [15] WARN  IEC61850_simulatorServer2.ModbusSlave [199] - Scale apply failed for param9: System.InvalidCastException: Unable to cast object of type 'System.Int32' to type 'System.Single'.
   at IEC61850_simulatorServer2.ModbusSlave.Write(Dictionary`2 data, Byte slaveId) in /Users/songyinpei/jobs/IEC61850-simulatorServer2/ModbusSlave.cs:line 199 

2025-12-29 09:18:04,115 [15] WARN  IEC61850_simulatorServer2.ModbusSlave [199] - Scale apply failed for param10: System.InvalidCastException: Unable to cast object of type 'System.Int32' to type 'System.Single'.
   at IEC61850_simulatorServer2.ModbusSlave.Write(Dictionary`2 data, Byte slaveId) in /Users/songyinpei/jobs/IEC61850-simulatorServer2/ModbusSlave.cs:line 199 

2025-12-29 09:18:04,118 [15] WARN  IEC61850_simulatorServer2.ModbusSlave [199] - Scale apply failed for param15: System.InvalidCastException: Unable to cast object of type 'System.Int32' to type 'System.Single'.
   at IEC61850_simulatorServer2.ModbusSlave.Write(Dictionary`2 data, Byte slaveId) in /Users/songyinpei/jobs/IEC61850-simulatorServer2/ModbusSlave.cs:line 199 

2025-12-29 09:18:04,119 [15] WARN  IEC61850_simulatorServer2.ModbusSlave [199] - Scale apply failed for param16: System.InvalidCastException: Unable to cast object of type 'System.Int32' to type 'System.Single'.
   at IEC61850_simulatorServer2.ModbusSlave.Write(Dictionary`2 data, Byte slaveId) in /Users/songyinpei/jobs/IEC61850-simulatorServer2/ModbusSlave.cs:line 199 

2025-12-29 09:18:04,121 [15] WARN  IEC61850_simulatorServer2.ModbusSlave [199] - Scale apply failed for param17: System.InvalidCastException: Unable to cast object of type 'System.Int32' to type 'System.Single'.
   at IEC61850_simulatorServer2.ModbusSlave.Write(Dictionary`2 data, Byte slaveId) in /Users/songyinpei/jobs/IEC61850-simulatorServer2/ModbusSlave.cs:line 199 

2025-12-29 09:18:04,124 [15] WARN  IEC61850_simulatorServer2.ModbusSlave [199] - Scale apply failed for param18: System.InvalidCastException: Unable to cast object of type 'System.Int32' to type 'System.Single'.
   at IEC61850_simulatorServer2.ModbusSlave.Write(Dictionary`2 data, Byte slaveId) in /Users/songyinpei/jobs/IEC61850-simulatorServer2/ModbusSlave.cs:line 199 

2025-12-29 09:18:04,151 [15] WARN  IEC61850_simulatorServer2.ModbusSlave [199] - Scale apply failed for param19: System.InvalidCastException: Unable to cast object of type 'System.Int32' to type 'System.Single'.
   at IEC61850_simulatorServer2.ModbusSlave.Write(Dictionary`2 data, Byte slaveId) in /Users/songyinpei/jobs/IEC61850-simulatorServer2/ModbusSlave.cs:line 199 

2025-12-29 09:18:04,153 [15] WARN  IEC61850_simulatorServer2.ModbusSlave [199] - Scale apply failed for param20: System.InvalidCastException: Unable to cast object of type 'System.Int32' to type 'System.Single'.
   at IEC61850_simulatorServer2.ModbusSlave.Write(Dictionary`2 data, Byte slaveId) in /Users/songyinpei/jobs/IEC61850-simulatorServer2/ModbusSlave.cs:line 199 

2025-12-29 09:18:04,180 [15] WARN  IEC61850_simulatorServer2.ModbusSlave [199] - Scale apply failed for param21: System.InvalidCastException: Unable to cast object of type 'System.Int32' to type 'System.Single'.
   at IEC61850_simulatorServer2.ModbusSlave.Write(Dictionary`2 data, Byte slaveId) in /Users/songyinpei/jobs/IEC61850-simulatorServer2/ModbusSlave.cs:line 199 

2025-12-29 09:18:04,206 [15] WARN  IEC61850_simulatorServer2.ModbusSlave [199] - Scale apply failed for param31: System.InvalidCastException: Unable to cast object of type 'System.Int32' to type 'System.Single'.
   at IEC61850_simulatorServer2.ModbusSlave.Write(Dictionary`2 data, Byte slaveId) in /Users/songyinpei/jobs/IEC61850-simulatorServer2/ModbusSlave.cs:line 199 

2025-12-29 09:18:04,235 [15] WARN  IEC61850_simulatorServer2.ModbusSlave [199] - Scale apply failed for param32: System.InvalidCastException: Unable to cast object of type 'System.Int32' to type 'System.Single'.
   at IEC61850_simulatorServer2.ModbusSlave.Write(Dictionary`2 data, Byte slaveId) in /Users/songyinpei/jobs/IEC61850-simulatorServer2/ModbusSlave.cs:line 199 

2025-12-29 09:18:04,263 [15] WARN  IEC61850_simulatorServer2.ModbusSlave [199] - Scale apply failed for param33: System.InvalidCastException: Unable to cast object of type 'System.Int32' to type 'System.Single'.
   at IEC61850_simulatorServer2.ModbusSlave.Write(Dictionary`2 data, Byte slaveId) in /Users/songyinpei/jobs/IEC61850-simulatorServer2/ModbusSlave.cs:line 199 

2025-12-29 09:18:04,266 [15] WARN  IEC61850_simulatorServer2.ModbusSlave [199] - Scale apply failed for param34: System.InvalidCastException: Unable to cast object of type 'System.Int32' to type 'System.Single'.
   at IEC61850_simulatorServer2.ModbusSlave.Write(Dictionary`2 data, Byte slaveId) in /Users/songyinpei/jobs/IEC61850-simulatorServer2/ModbusSlave.cs:line 199 

2025-12-29 09:18:04,314 [15] WARN  IEC61850_simulatorServer2.ModbusSlave [199] - Scale apply failed for param35: System.InvalidCastException: Unable to cast object of type 'System.Int32' to type 'System.Single'.
   at IEC61850_simulatorServer2.ModbusSlave.Write(Dictionary`2 data, Byte slaveId) in /Users/songyinpei/jobs/IEC61850-simulatorServer2/ModbusSlave.cs:line 199 

2025-12-29 09:18:04,367 [15] WARN  IEC61850_simulatorServer2.ModbusSlave [199] - Scale apply failed for param36: System.InvalidCastException: Unable to cast object of type 'System.Int32' to type 'System.Single'.
   at IEC61850_simulatorServer2.ModbusSlave.Write(Dictionary`2 data, Byte slaveId) in /Users/songyinpei/jobs/IEC61850-simulatorServer2/ModbusSlave.cs:line 199 

2025-12-29 09:18:04,423 [15] WARN  IEC61850_simulatorServer2.ModbusSlave [199] - Scale apply failed for param39: System.InvalidCastException: Unable to cast object of type 'System.Int32' to type 'System.Single'.
   at IEC61850_simulatorServer2.ModbusSlave.Write(Dictionary`2 data, Byte slaveId) in /Users/songyinpei/jobs/IEC61850-simulatorServer2/ModbusSlave.cs:line 199 

2025-12-29 09:18:04,428 [15] WARN  IEC61850_simulatorServer2.ModbusSlave [199] - Scale apply failed for param37: System.InvalidCastException: Unable to cast object of type 'System.Int32' to type 'System.Single'.
   at IEC61850_simulatorServer2.ModbusSlave.Write(Dictionary`2 data, Byte slaveId) in /Users/songyinpei/jobs/IEC61850-simulatorServer2/ModbusSlave.cs:line 199 

2025-12-29 09:18:04,482 [15] WARN  IEC61850_simulatorServer2.ModbusSlave [199] - Scale apply failed for param38: System.InvalidCastException: Unable to cast object of type 'System.Int32' to type 'System.Single'.
   at IEC61850_simulatorServer2.ModbusSlave.Write(Dictionary`2 data, Byte slaveId) in /Users/songyinpei/jobs/IEC61850-simulatorServer2/ModbusSlave.cs:line 199 

2025-12-29 09:18:04,534 [15] WARN  IEC61850_simulatorServer2.ModbusSlave [199] - Scale apply failed for param40: System.InvalidCastException: Unable to cast object of type 'System.Int32' to type 'System.Single'.
   at IEC61850_simulatorServer2.ModbusSlave.Write(Dictionary`2 data, Byte slaveId) in /Users/songyinpei/jobs/IEC61850-simulatorServer2/ModbusSlave.cs:line 199 

2025-12-29 09:18:04,550 [15] WARN  IEC61850_simulatorServer2.ModbusSlave [199] - Scale apply failed for param41: System.InvalidCastException: Unable to cast object of type 'System.Int32' to type 'System.Single'.
   at IEC61850_simulatorServer2.ModbusSlave.Write(Dictionary`2 data, Byte slaveId) in /Users/songyinpei/jobs/IEC61850-simulatorServer2/ModbusSlave.cs:line 199 

2025-12-29 09:18:04,579 [15] WARN  IEC61850_simulatorServer2.ModbusSlave [199] - Scale apply failed for param42: System.InvalidCastException: Unable to cast object of type 'System.Int32' to type 'System.Single'.
   at IEC61850_simulatorServer2.ModbusSlave.Write(Dictionary`2 data, Byte slaveId) in /Users/songyinpei/jobs/IEC61850-simulatorServer2/ModbusSlave.cs:line 199 

2025-12-29 09:18:04,605 [15] WARN  IEC61850_simulatorServer2.ModbusSlave [199] - Scale apply failed for param43: System.InvalidCastException: Unable to cast object of type 'System.Int32' to type 'System.Single'.
   at IEC61850_simulatorServer2.ModbusSlave.Write(Dictionary`2 data, Byte slaveId) in /Users/songyinpei/jobs/IEC61850-simulatorServer2/ModbusSlave.cs:line 199 

2025-12-29 09:18:04,634 [15] WARN  IEC61850_simulatorServer2.ModbusSlave [199] - Scale apply failed for param44: System.InvalidCastException: Unable to cast object of type 'System.Int32' to type 'System.Single'.
   at IEC61850_simulatorServer2.ModbusSlave.Write(Dictionary`2 data, Byte slaveId) in /Users/songyinpei/jobs/IEC61850-simulatorServer2/ModbusSlave.cs:line 199 

2025-12-29 09:18:04,689 [15] WARN  IEC61850_simulatorServer2.ModbusSlave [199] - Scale apply failed for param45: System.InvalidCastException: Unable to cast object of type 'System.Int32' to type 'System.Single'.
   at IEC61850_simulatorServer2.ModbusSlave.Write(Dictionary`2 data, Byte slaveId) in /Users/songyinpei/jobs/IEC61850-simulatorServer2/ModbusSlave.cs:line 199 

2025-12-29 09:18:04,722 [15] WARN  IEC61850_simulatorServer2.ModbusSlave [199] - Scale apply failed for param46: System.InvalidCastException: Unable to cast object of type 'System.Int32' to type 'System.Single'.
   at IEC61850_simulatorServer2.ModbusSlave.Write(Dictionary`2 data, Byte slaveId) in /Users/songyinpei/jobs/IEC61850-simulatorServer2/ModbusSlave.cs:line 199 

2025-12-29 09:18:04,727 [15] WARN  IEC61850_simulatorServer2.ModbusSlave [199] - Scale apply failed for param47: System.InvalidCastException: Unable to cast object of type 'System.Int32' to type 'System.Single'.
   at IEC61850_simulatorServer2.ModbusSlave.Write(Dictionary`2 data, Byte slaveId) in /Users/songyinpei/jobs/IEC61850-simulatorServer2/ModbusSlave.cs:line 199 

2025-12-29 09:18:04,731 [15] WARN  IEC61850_simulatorServer2.ModbusSlave [199] - Scale apply failed for param49: System.InvalidCastException: Unable to cast object of type 'System.Int32' to type 'System.Single'.
   at IEC61850_simulatorServer2.ModbusSlave.Write(Dictionary`2 data, Byte slaveId) in /Users/songyinpei/jobs/IEC61850-simulatorServer2/ModbusSlave.cs:line 199 

2025-12-29 09:18:04,735 [15] WARN  IEC61850_simulatorServer2.ModbusSlave [199] - Scale apply failed for param48: System.InvalidCastException: Unable to cast object of type 'System.Int32' to type 'System.Single'.
   at IEC61850_simulatorServer2.ModbusSlave.Write(Dictionary`2 data, Byte slaveId) in /Users/songyinpei/jobs/IEC61850-simulatorServer2/ModbusSlave.cs:line 199 

2025-12-29 09:18:05,213 [17] WARN  IEC61850_simulatorServer2.ModbusSlave [?] - Scale apply failed for yc0: System.InvalidCastException: Unable to cast object of type 'System.Int32' to type 'System.Single'.
   at IEC61850_simulatorServer2.ModbusSlave.Write(Dictionary`2 data, Byte slaveId) in /Users/songyinpei/jobs/IEC61850-simulatorServer2/ModbusSlave.cs:line 199 

2025-12-29 09:18:05,241 [17] WARN  IEC61850_simulatorServer2.ModbusSlave [?] - Scale apply failed for yc1: System.InvalidCastException: Unable to cast object of type 'System.Int32' to type 'System.Single'.
   at IEC61850_simulatorServer2.ModbusSlave.Write(Dictionary`2 data, Byte slaveId) in /Users/songyinpei/jobs/IEC61850-simulatorServer2/ModbusSlave.cs:line 199 

2025-12-29 09:18:05,265 [17] WARN  IEC61850_simulatorServer2.ModbusSlave [?] - Scale apply failed for yc2: System.InvalidCastException: Unable to cast object of type 'System.Int32' to type 'System.Single'.
   at IEC61850_simulatorServer2.ModbusSlave.Write(Dictionary`2 data, Byte slaveId) in /Users/songyinpei/jobs/IEC61850-simulatorServer2/ModbusSlave.cs:line 199 

2025-12-29 09:18:05,316 [17] WARN  IEC61850_simulatorServer2.ModbusSlave [?] - Scale apply failed for yc3: System.InvalidCastException: Unable to cast object of type 'System.Int32' to type 'System.Single'.
   at IEC61850_simulatorServer2.ModbusSlave.Write(Dictionary`2 data, Byte slaveId) in /Users/songyinpei/jobs/IEC61850-simulatorServer2/ModbusSlave.cs:line 199 

2025-12-29 09:18:05,367 [17] WARN  IEC61850_simulatorServer2.ModbusSlave [?] - Scale apply failed for yc5: System.InvalidCastException: Unable to cast object of type 'System.Int32' to type 'System.Single'.
   at IEC61850_simulatorServer2.ModbusSlave.Write(Dictionary`2 data, Byte slaveId) in /Users/songyinpei/jobs/IEC61850-simulatorServer2/ModbusSlave.cs:line 199 

2025-12-29 09:18:05,392 [17] WARN  IEC61850_simulatorServer2.ModbusSlave [?] - Scale apply failed for yc6: System.InvalidCastException: Unable to cast object of type 'System.Int32' to type 'System.Single'.
   at IEC61850_simulatorServer2.ModbusSlave.Write(Dictionary`2 data, Byte slaveId) in /Users/songyinpei/jobs/IEC61850-simulatorServer2/ModbusSlave.cs:line 199 

2025-12-29 09:18:05,422 [17] WARN  IEC61850_simulatorServer2.ModbusSlave [?] - Scale apply failed for yc4: System.InvalidCastException: Unable to cast object of type 'System.Int32' to type 'System.Single'.
   at IEC61850_simulatorServer2.ModbusSlave.Write(Dictionary`2 data, Byte slaveId) in /Users/songyinpei/jobs/IEC61850-simulatorServer2/ModbusSlave.cs:line 199 

2025-12-29 09:18:05,451 [17] WARN  IEC61850_simulatorServer2.ModbusSlave [?] - Scale apply failed for yc7: System.InvalidCastException: Unable to cast object of type 'System.Int32' to type 'System.Single'.
   at IEC61850_simulatorServer2.ModbusSlave.Write(Dictionary`2 data, Byte slaveId) in /Users/songyinpei/jobs/IEC61850-simulatorServer2/ModbusSlave.cs:line 199 

2025-12-29 09:18:05,455 [17] WARN  IEC61850_simulatorServer2.ModbusSlave [?] - Scale apply failed for yc8: System.InvalidCastException: Unable to cast object of type 'System.Int32' to type 'System.Single'.
   at IEC61850_simulatorServer2.ModbusSlave.Write(Dictionary`2 data, Byte slaveId) in /Users/songyinpei/jobs/IEC61850-simulatorServer2/ModbusSlave.cs:line 199 

2025-12-29 09:18:05,509 [17] WARN  IEC61850_simulatorServer2.ModbusSlave [?] - Scale apply failed for yc9: System.InvalidCastException: Unable to cast object of type 'System.Int32' to type 'System.Single'.
   at IEC61850_simulatorServer2.ModbusSlave.Write(Dictionary`2 data, Byte slaveId) in /Users/songyinpei/jobs/IEC61850-simulatorServer2/ModbusSlave.cs:line 199 

2025-12-29 09:18:06,487 [17] WARN  IEC61850_simulatorServer2.ModbusSlave [?] - Scale apply failed for yc10: System.InvalidCastException: Unable to cast object of type 'System.Int32' to type 'System.Single'.
   at IEC61850_simulatorServer2.ModbusSlave.Write(Dictionary`2 data, Byte slaveId) in /Users/songyinpei/jobs/IEC61850-simulatorServer2/ModbusSlave.cs:line 199 

2025-12-29 09:18:06,605 [17] WARN  IEC61850_simulatorServer2.ModbusSlave [?] - Scale apply failed for yc11: System.InvalidCastException: Unable to cast object of type 'System.Int32' to type 'System.Single'.
   at IEC61850_simulatorServer2.ModbusSlave.Write(Dictionary`2 data, Byte slaveId) in /Users/songyinpei/jobs/IEC61850-simulatorServer2/ModbusSlave.cs:line 199 

2025-12-29 09:18:47,163 [17] WARN  IEC61850_simulatorServer2.ModbusSlave [?] - Scale apply failed for yc12: System.InvalidCastException: Unable to cast object of type 'System.Int32' to type 'System.Single'.
   at IEC61850_simulatorServer2.ModbusSlave.Write(Dictionary`2 data, Byte slaveId) in /Users/songyinpei/jobs/IEC61850-simulatorServer2/ModbusSlave.cs:line 199 

2025-12-29 09:18:47,260 [17] WARN  IEC61850_simulatorServer2.ModbusSlave [?] - Scale apply failed for yc13: System.InvalidCastException: Unable to cast object of type 'System.Int32' to type 'System.Single'.
   at IEC61850_simulatorServer2.ModbusSlave.Write(Dictionary`2 data, Byte slaveId) in /Users/songyinpei/jobs/IEC61850-simulatorServer2/ModbusSlave.cs:line 199 

2025-12-29 09:18:47,289 [17] WARN  IEC61850_simulatorServer2.ModbusSlave [?] - Scale apply failed for yc14: System.InvalidCastException: Unable to cast object of type 'System.Int32' to type 'System.Single'.
   at IEC61850_simulatorServer2.ModbusSlave.Write(Dictionary`2 data, Byte slaveId) in /Users/songyinpei/jobs/IEC61850-simulatorServer2/ModbusSlave.cs:line 199 

2025-12-29 09:18:47,314 [17] WARN  IEC61850_simulatorServer2.ModbusSlave [?] - Scale apply failed for yc15: System.InvalidCastException: Unable to cast object of type 'System.Int32' to type 'System.Single'.
   at IEC61850_simulatorServer2.ModbusSlave.Write(Dictionary`2 data, Byte slaveId) in /Users/songyinpei/jobs/IEC61850-simulatorServer2/ModbusSlave.cs:line 199 

2025-12-29 09:18:47,321 [17] WARN  IEC61850_simulatorServer2.ModbusSlave [?] - Scale apply failed for yc16: System.InvalidCastException: Unable to cast object of type 'System.Int32' to type 'System.Single'.
   at IEC61850_simulatorServer2.ModbusSlave.Write(Dictionary`2 data, Byte slaveId) in /Users/songyinpei/jobs/IEC61850-simulatorServer2/ModbusSlave.cs:line 199 

2025-12-29 09:18:47,352 [17] WARN  IEC61850_simulatorServer2.ModbusSlave [?] - Scale apply failed for yc17: System.InvalidCastException: Unable to cast object of type 'System.Int32' to type 'System.Single'.
   at IEC61850_simulatorServer2.ModbusSlave.Write(Dictionary`2 data, Byte slaveId) in /Users/songyinpei/jobs/IEC61850-simulatorServer2/ModbusSlave.cs:line 199 

2025-12-29 09:18:47,380 [17] WARN  IEC61850_simulatorServer2.ModbusSlave [?] - Scale apply failed for yc18: System.InvalidCastException: Unable to cast object of type 'System.Int32' to type 'System.Single'.
   at IEC61850_simulatorServer2.ModbusSlave.Write(Dictionary`2 data, Byte slaveId) in /Users/songyinpei/jobs/IEC61850-simulatorServer2/ModbusSlave.cs:line 199 

2025-12-29 09:18:47,384 [17] WARN  IEC61850_simulatorServer2.ModbusSlave [?] - Scale apply failed for yc19: System.InvalidCastException: Unable to cast object of type 'System.Int32' to type 'System.Single'.
   at IEC61850_simulatorServer2.ModbusSlave.Write(Dictionary`2 data, Byte slaveId) in /Users/songyinpei/jobs/IEC61850-simulatorServer2/ModbusSlave.cs:line 199 

2025-12-29 09:31:31,728 [1] INFO  IEC61850_simulatorServer2.MainClass [37] - [Program] 应用启动，log4net 配置已尝试加载 

2025-12-29 09:31:33,187 [6] WARN  IEC61850_simulatorServer2.ModbusSlave [199] - Scale apply failed for yc6: System.InvalidCastException: Unable to cast object of type 'System.Int32' to type 'System.Single'.
   at IEC61850_simulatorServer2.ModbusSlave.Write(Dictionary`2 data, Byte slaveId) in /Users/songyinpei/jobs/IEC61850-simulatorServer2/ModbusSlave.cs:line 199 

2025-12-29 09:31:33,192 [6] WARN  IEC61850_simulatorServer2.ModbusSlave [199] - Scale apply failed for yc7: System.InvalidCastException: Unable to cast object of type 'System.Int32' to type 'System.Single'.
   at IEC61850_simulatorServer2.ModbusSlave.Write(Dictionary`2 data, Byte slaveId) in /Users/songyinpei/jobs/IEC61850-simulatorServer2/ModbusSlave.cs:line 199 

2025-12-29 09:31:33,194 [6] WARN  IEC61850_simulatorServer2.ModbusSlave [199] - Scale apply failed for yc8: System.InvalidCastException: Unable to cast object of type 'System.Int32' to type 'System.Single'.
   at IEC61850_simulatorServer2.ModbusSlave.Write(Dictionary`2 data, Byte slaveId) in /Users/songyinpei/jobs/IEC61850-simulatorServer2/ModbusSlave.cs:line 199 

2025-12-29 09:31:33,222 [6] WARN  IEC61850_simulatorServer2.ModbusSlave [199] - Scale apply failed for yc9: System.InvalidCastException: Unable to cast object of type 'System.Int32' to type 'System.Single'.
   at IEC61850_simulatorServer2.ModbusSlave.Write(Dictionary`2 data, Byte slaveId) in /Users/songyinpei/jobs/IEC61850-simulatorServer2/ModbusSlave.cs:line 199 

2025-12-29 09:31:33,225 [6] WARN  IEC61850_simulatorServer2.ModbusSlave [199] - Scale apply failed for yc11: System.InvalidCastException: Unable to cast object of type 'System.Int32' to type 'System.Single'.
   at IEC61850_simulatorServer2.ModbusSlave.Write(Dictionary`2 data, Byte slaveId) in /Users/songyinpei/jobs/IEC61850-simulatorServer2/ModbusSlave.cs:line 199 

2025-12-29 09:31:33,227 [6] WARN  IEC61850_simulatorServer2.ModbusSlave [199] - Scale apply failed for yc10: System.InvalidCastException: Unable to cast object of type 'System.Int32' to type 'System.Single'.
   at IEC61850_simulatorServer2.ModbusSlave.Write(Dictionary`2 data, Byte slaveId) in /Users/songyinpei/jobs/IEC61850-simulatorServer2/ModbusSlave.cs:line 199 

2025-12-29 09:31:33,230 [6] WARN  IEC61850_simulatorServer2.ModbusSlave [199] - Scale apply failed for yc12: System.InvalidCastException: Unable to cast object of type 'System.Int32' to type 'System.Single'.
   at IEC61850_simulatorServer2.ModbusSlave.Write(Dictionary`2 data, Byte slaveId) in /Users/songyinpei/jobs/IEC61850-simulatorServer2/ModbusSlave.cs:line 199 

2025-12-29 09:31:33,232 [6] WARN  IEC61850_simulatorServer2.ModbusSlave [199] - Scale apply failed for yc20: System.InvalidCastException: Unable to cast object of type 'System.Int32' to type 'System.Single'.
   at IEC61850_simulatorServer2.ModbusSlave.Write(Dictionary`2 data, Byte slaveId) in /Users/songyinpei/jobs/IEC61850-simulatorServer2/ModbusSlave.cs:line 199 

2025-12-29 09:31:33,234 [6] WARN  IEC61850_simulatorServer2.ModbusSlave [199] - Scale apply failed for yc21: System.InvalidCastException: Unable to cast object of type 'System.Int32' to type 'System.Single'.
   at IEC61850_simulatorServer2.ModbusSlave.Write(Dictionary`2 data, Byte slaveId) in /Users/songyinpei/jobs/IEC61850-simulatorServer2/ModbusSlave.cs:line 199 

2025-12-29 09:31:33,236 [6] WARN  IEC61850_simulatorServer2.ModbusSlave [199] - Scale apply failed for yc22: System.InvalidCastException: Unable to cast object of type 'System.Int32' to type 'System.Single'.
   at IEC61850_simulatorServer2.ModbusSlave.Write(Dictionary`2 data, Byte slaveId) in /Users/songyinpei/jobs/IEC61850-simulatorServer2/ModbusSlave.cs:line 199 

2025-12-29 09:31:33,238 [6] WARN  IEC61850_simulatorServer2.ModbusSlave [199] - Scale apply failed for yc23: System.InvalidCastException: Unable to cast object of type 'System.Int32' to type 'System.Single'.
   at IEC61850_simulatorServer2.ModbusSlave.Write(Dictionary`2 data, Byte slaveId) in /Users/songyinpei/jobs/IEC61850-simulatorServer2/ModbusSlave.cs:line 199 

2025-12-29 09:31:33,241 [6] WARN  IEC61850_simulatorServer2.ModbusSlave [199] - Scale apply failed for yc24: System.InvalidCastException: Unable to cast object of type 'System.Int32' to type 'System.Single'.
   at IEC61850_simulatorServer2.ModbusSlave.Write(Dictionary`2 data, Byte slaveId) in /Users/songyinpei/jobs/IEC61850-simulatorServer2/ModbusSlave.cs:line 199 

2025-12-29 09:31:33,243 [6] WARN  IEC61850_simulatorServer2.ModbusSlave [199] - Scale apply failed for yc25: System.InvalidCastException: Unable to cast object of type 'System.Int32' to type 'System.Single'.
   at IEC61850_simulatorServer2.ModbusSlave.Write(Dictionary`2 data, Byte slaveId) in /Users/songyinpei/jobs/IEC61850-simulatorServer2/ModbusSlave.cs:line 199 

2025-12-29 09:31:33,245 [6] WARN  IEC61850_simulatorServer2.ModbusSlave [199] - Scale apply failed for yc26: System.InvalidCastException: Unable to cast object of type 'System.Int32' to type 'System.Single'.
   at IEC61850_simulatorServer2.ModbusSlave.Write(Dictionary`2 data, Byte slaveId) in /Users/songyinpei/jobs/IEC61850-simulatorServer2/ModbusSlave.cs:line 199 

2025-12-29 09:31:33,248 [6] WARN  IEC61850_simulatorServer2.ModbusSlave [199] - Scale apply failed for yc27: System.InvalidCastException: Unable to cast object of type 'System.Int32' to type 'System.Single'.
   at IEC61850_simulatorServer2.ModbusSlave.Write(Dictionary`2 data, Byte slaveId) in /Users/songyinpei/jobs/IEC61850-simulatorServer2/ModbusSlave.cs:line 199 

2025-12-29 09:31:33,250 [6] WARN  IEC61850_simulatorServer2.ModbusSlave [199] - Scale apply failed for yc28: System.InvalidCastException: Unable to cast object of type 'System.Int32' to type 'System.Single'.
   at IEC61850_simulatorServer2.ModbusSlave.Write(Dictionary`2 data, Byte slaveId) in /Users/songyinpei/jobs/IEC61850-simulatorServer2/ModbusSlave.cs:line 199 

2025-12-29 09:31:33,252 [6] WARN  IEC61850_simulatorServer2.ModbusSlave [199] - Scale apply failed for yc29: System.InvalidCastException: Unable to cast object of type 'System.Int32' to type 'System.Single'.
   at IEC61850_simulatorServer2.ModbusSlave.Write(Dictionary`2 data, Byte slaveId) in /Users/songyinpei/jobs/IEC61850-simulatorServer2/ModbusSlave.cs:line 199 

2025-12-29 09:31:33,279 [6] WARN  IEC61850_simulatorServer2.ModbusSlave [199] - Scale apply failed for yc30: System.InvalidCastException: Unable to cast object of type 'System.Int32' to type 'System.Single'.
   at IEC61850_simulatorServer2.ModbusSlave.Write(Dictionary`2 data, Byte slaveId) in /Users/songyinpei/jobs/IEC61850-simulatorServer2/ModbusSlave.cs:line 199 

2025-12-29 09:31:33,332 [6] WARN  IEC61850_simulatorServer2.ModbusSlave [199] - Scale apply failed for yc31: System.InvalidCastException: Unable to cast object of type 'System.Int32' to type 'System.Single'.
   at IEC61850_simulatorServer2.ModbusSlave.Write(Dictionary`2 data, Byte slaveId) in /Users/songyinpei/jobs/IEC61850-simulatorServer2/ModbusSlave.cs:line 199 

2025-12-29 09:31:33,366 [6] WARN  IEC61850_simulatorServer2.ModbusSlave [199] - Scale apply failed for yc32: System.InvalidCastException: Unable to cast object of type 'System.Int32' to type 'System.Single'.
   at IEC61850_simulatorServer2.ModbusSlave.Write(Dictionary`2 data, Byte slaveId) in /Users/songyinpei/jobs/IEC61850-simulatorServer2/ModbusSlave.cs:line 199 

2025-12-29 09:31:33,369 [6] WARN  IEC61850_simulatorServer2.ModbusSlave [199] - Scale apply failed for yc34: System.InvalidCastException: Unable to cast object of type 'System.Int32' to type 'System.Single'.
   at IEC61850_simulatorServer2.ModbusSlave.Write(Dictionary`2 data, Byte slaveId) in /Users/songyinpei/jobs/IEC61850-simulatorServer2/ModbusSlave.cs:line 199 

2025-12-29 09:31:33,396 [6] WARN  IEC61850_simulatorServer2.ModbusSlave [199] - Scale apply failed for yc35: System.InvalidCastException: Unable to cast object of type 'System.Int32' to type 'System.Single'.
   at IEC61850_simulatorServer2.ModbusSlave.Write(Dictionary`2 data, Byte slaveId) in /Users/songyinpei/jobs/IEC61850-simulatorServer2/ModbusSlave.cs:line 199 

2025-12-29 09:31:33,423 [6] WARN  IEC61850_simulatorServer2.ModbusSlave [199] - Scale apply failed for yc33: System.InvalidCastException: Unable to cast object of type 'System.Int32' to type 'System.Single'.
   at IEC61850_simulatorServer2.ModbusSlave.Write(Dictionary`2 data, Byte slaveId) in /Users/songyinpei/jobs/IEC61850-simulatorServer2/ModbusSlave.cs:line 199 

2025-12-29 09:31:33,426 [6] WARN  IEC61850_simulatorServer2.ModbusSlave [199] - Scale apply failed for yc36: System.InvalidCastException: Unable to cast object of type 'System.Int32' to type 'System.Single'.
   at IEC61850_simulatorServer2.ModbusSlave.Write(Dictionary`2 data, Byte slaveId) in /Users/songyinpei/jobs/IEC61850-simulatorServer2/ModbusSlave.cs:line 199 

2025-12-29 09:31:33,453 [6] WARN  IEC61850_simulatorServer2.ModbusSlave [199] - Scale apply failed for yc37: System.InvalidCastException: Unable to cast object of type 'System.Int32' to type 'System.Single'.
   at IEC61850_simulatorServer2.ModbusSlave.Write(Dictionary`2 data, Byte slaveId) in /Users/songyinpei/jobs/IEC61850-simulatorServer2/ModbusSlave.cs:line 199 

2025-12-29 09:31:33,481 [6] WARN  IEC61850_simulatorServer2.ModbusSlave [199] - Scale apply failed for yc43: System.InvalidCastException: Unable to cast object of type 'System.Int32' to type 'System.Single'.
   at IEC61850_simulatorServer2.ModbusSlave.Write(Dictionary`2 data, Byte slaveId) in /Users/songyinpei/jobs/IEC61850-simulatorServer2/ModbusSlave.cs:line 199 

2025-12-29 09:31:33,505 [6] WARN  IEC61850_simulatorServer2.ModbusSlave [199] - Scale apply failed for yc45: System.InvalidCastException: Unable to cast object of type 'System.Int32' to type 'System.Single'.
   at IEC61850_simulatorServer2.ModbusSlave.Write(Dictionary`2 data, Byte slaveId) in /Users/songyinpei/jobs/IEC61850-simulatorServer2/ModbusSlave.cs:line 199 

2025-12-29 09:31:33,508 [6] WARN  IEC61850_simulatorServer2.ModbusSlave [199] - Scale apply failed for yc53: System.InvalidCastException: Unable to cast object of type 'System.Int32' to type 'System.Single'.
   at IEC61850_simulatorServer2.ModbusSlave.Write(Dictionary`2 data, Byte slaveId) in /Users/songyinpei/jobs/IEC61850-simulatorServer2/ModbusSlave.cs:line 199 

2025-12-29 09:31:34,209 [10] WARN  IEC61850_simulatorServer2.ModbusSlave [199] - Scale apply failed for param2: System.InvalidCastException: Unable to cast object of type 'System.Int32' to type 'System.Single'.
   at IEC61850_simulatorServer2.ModbusSlave.Write(Dictionary`2 data, Byte slaveId) in /Users/songyinpei/jobs/IEC61850-simulatorServer2/ModbusSlave.cs:line 199 

2025-12-29 09:31:34,211 [10] WARN  IEC61850_simulatorServer2.ModbusSlave [199] - Scale apply failed for param3: System.InvalidCastException: Unable to cast object of type 'System.Int32' to type 'System.Single'.
   at IEC61850_simulatorServer2.ModbusSlave.Write(Dictionary`2 data, Byte slaveId) in /Users/songyinpei/jobs/IEC61850-simulatorServer2/ModbusSlave.cs:line 199 

2025-12-29 09:31:34,214 [10] WARN  IEC61850_simulatorServer2.ModbusSlave [199] - Scale apply failed for param4: System.InvalidCastException: Unable to cast object of type 'System.Int32' to type 'System.Single'.
   at IEC61850_simulatorServer2.ModbusSlave.Write(Dictionary`2 data, Byte slaveId) in /Users/songyinpei/jobs/IEC61850-simulatorServer2/ModbusSlave.cs:line 199 

2025-12-29 09:31:34,241 [10] WARN  IEC61850_simulatorServer2.ModbusSlave [199] - Scale apply failed for param8: System.InvalidCastException: Unable to cast object of type 'System.Int32' to type 'System.Single'.
   at IEC61850_simulatorServer2.ModbusSlave.Write(Dictionary`2 data, Byte slaveId) in /Users/songyinpei/jobs/IEC61850-simulatorServer2/ModbusSlave.cs:line 199 

2025-12-29 09:31:34,244 [10] WARN  IEC61850_simulatorServer2.ModbusSlave [199] - Scale apply failed for param9: System.InvalidCastException: Unable to cast object of type 'System.Int32' to type 'System.Single'.
   at IEC61850_simulatorServer2.ModbusSlave.Write(Dictionary`2 data, Byte slaveId) in /Users/songyinpei/jobs/IEC61850-simulatorServer2/ModbusSlave.cs:line 199 

2025-12-29 09:31:34,246 [10] WARN  IEC61850_simulatorServer2.ModbusSlave [199] - Scale apply failed for param10: System.InvalidCastException: Unable to cast object of type 'System.Int32' to type 'System.Single'.
   at IEC61850_simulatorServer2.ModbusSlave.Write(Dictionary`2 data, Byte slaveId) in /Users/songyinpei/jobs/IEC61850-simulatorServer2/ModbusSlave.cs:line 199 

2025-12-29 09:31:34,248 [10] WARN  IEC61850_simulatorServer2.ModbusSlave [199] - Scale apply failed for param15: System.InvalidCastException: Unable to cast object of type 'System.Int32' to type 'System.Single'.
   at IEC61850_simulatorServer2.ModbusSlave.Write(Dictionary`2 data, Byte slaveId) in /Users/songyinpei/jobs/IEC61850-simulatorServer2/ModbusSlave.cs:line 199 

2025-12-29 09:31:34,250 [10] WARN  IEC61850_simulatorServer2.ModbusSlave [199] - Scale apply failed for param16: System.InvalidCastException: Unable to cast object of type 'System.Int32' to type 'System.Single'.
   at IEC61850_simulatorServer2.ModbusSlave.Write(Dictionary`2 data, Byte slaveId) in /Users/songyinpei/jobs/IEC61850-simulatorServer2/ModbusSlave.cs:line 199 

2025-12-29 09:31:34,277 [10] WARN  IEC61850_simulatorServer2.ModbusSlave [199] - Scale apply failed for param17: System.InvalidCastException: Unable to cast object of type 'System.Int32' to type 'System.Single'.
   at IEC61850_simulatorServer2.ModbusSlave.Write(Dictionary`2 data, Byte slaveId) in /Users/songyinpei/jobs/IEC61850-simulatorServer2/ModbusSlave.cs:line 199 

2025-12-29 09:31:34,279 [10] WARN  IEC61850_simulatorServer2.ModbusSlave [199] - Scale apply failed for param18: System.InvalidCastException: Unable to cast object of type 'System.Int32' to type 'System.Single'.
   at IEC61850_simulatorServer2.ModbusSlave.Write(Dictionary`2 data, Byte slaveId) in /Users/songyinpei/jobs/IEC61850-simulatorServer2/ModbusSlave.cs:line 199 

2025-12-29 09:31:34,282 [10] WARN  IEC61850_simulatorServer2.ModbusSlave [199] - Scale apply failed for param19: System.InvalidCastException: Unable to cast object of type 'System.Int32' to type 'System.Single'.
   at IEC61850_simulatorServer2.ModbusSlave.Write(Dictionary`2 data, Byte slaveId) in /Users/songyinpei/jobs/IEC61850-simulatorServer2/ModbusSlave.cs:line 199 

2025-12-29 09:31:34,284 [10] WARN  IEC61850_simulatorServer2.ModbusSlave [199] - Scale apply failed for param20: System.InvalidCastException: Unable to cast object of type 'System.Int32' to type 'System.Single'.
   at IEC61850_simulatorServer2.ModbusSlave.Write(Dictionary`2 data, Byte slaveId) in /Users/songyinpei/jobs/IEC61850-simulatorServer2/ModbusSlave.cs:line 199 

2025-12-29 09:31:34,286 [10] WARN  IEC61850_simulatorServer2.ModbusSlave [199] - Scale apply failed for param21: System.InvalidCastException: Unable to cast object of type 'System.Int32' to type 'System.Single'.
   at IEC61850_simulatorServer2.ModbusSlave.Write(Dictionary`2 data, Byte slaveId) in /Users/songyinpei/jobs/IEC61850-simulatorServer2/ModbusSlave.cs:line 199 

2025-12-29 09:31:34,288 [10] WARN  IEC61850_simulatorServer2.ModbusSlave [199] - Scale apply failed for param31: System.InvalidCastException: Unable to cast object of type 'System.Int32' to type 'System.Single'.
   at IEC61850_simulatorServer2.ModbusSlave.Write(Dictionary`2 data, Byte slaveId) in /Users/songyinpei/jobs/IEC61850-simulatorServer2/ModbusSlave.cs:line 199 

2025-12-29 09:31:34,290 [10] WARN  IEC61850_simulatorServer2.ModbusSlave [199] - Scale apply failed for param32: System.InvalidCastException: Unable to cast object of type 'System.Int32' to type 'System.Single'.
   at IEC61850_simulatorServer2.ModbusSlave.Write(Dictionary`2 data, Byte slaveId) in /Users/songyinpei/jobs/IEC61850-simulatorServer2/ModbusSlave.cs:line 199 

2025-12-29 09:31:34,292 [10] WARN  IEC61850_simulatorServer2.ModbusSlave [199] - Scale apply failed for param33: System.InvalidCastException: Unable to cast object of type 'System.Int32' to type 'System.Single'.
   at IEC61850_simulatorServer2.ModbusSlave.Write(Dictionary`2 data, Byte slaveId) in /Users/songyinpei/jobs/IEC61850-simulatorServer2/ModbusSlave.cs:line 199 

2025-12-29 09:31:34,314 [10] WARN  IEC61850_simulatorServer2.ModbusSlave [199] - Scale apply failed for param34: System.InvalidCastException: Unable to cast object of type 'System.Int32' to type 'System.Single'.
   at IEC61850_simulatorServer2.ModbusSlave.Write(Dictionary`2 data, Byte slaveId) in /Users/songyinpei/jobs/IEC61850-simulatorServer2/ModbusSlave.cs:line 199 

2025-12-29 09:31:34,317 [10] WARN  IEC61850_simulatorServer2.ModbusSlave [199] - Scale apply failed for param35: System.InvalidCastException: Unable to cast object of type 'System.Int32' to type 'System.Single'.
   at IEC61850_simulatorServer2.ModbusSlave.Write(Dictionary`2 data, Byte slaveId) in /Users/songyinpei/jobs/IEC61850-simulatorServer2/ModbusSlave.cs:line 199 

2025-12-29 09:31:34,365 [10] WARN  IEC61850_simulatorServer2.ModbusSlave [199] - Scale apply failed for param36: System.InvalidCastException: Unable to cast object of type 'System.Int32' to type 'System.Single'.
   at IEC61850_simulatorServer2.ModbusSlave.Write(Dictionary`2 data, Byte slaveId) in /Users/songyinpei/jobs/IEC61850-simulatorServer2/ModbusSlave.cs:line 199 

2025-12-29 09:31:34,397 [10] WARN  IEC61850_simulatorServer2.ModbusSlave [199] - Scale apply failed for param37: System.InvalidCastException: Unable to cast object of type 'System.Int32' to type 'System.Single'.
   at IEC61850_simulatorServer2.ModbusSlave.Write(Dictionary`2 data, Byte slaveId) in /Users/songyinpei/jobs/IEC61850-simulatorServer2/ModbusSlave.cs:line 199 

2025-12-29 09:31:34,400 [10] WARN  IEC61850_simulatorServer2.ModbusSlave [199] - Scale apply failed for param38: System.InvalidCastException: Unable to cast object of type 'System.Int32' to type 'System.Single'.
   at IEC61850_simulatorServer2.ModbusSlave.Write(Dictionary`2 data, Byte slaveId) in /Users/songyinpei/jobs/IEC61850-simulatorServer2/ModbusSlave.cs:line 199 

2025-12-29 09:31:34,453 [10] WARN  IEC61850_simulatorServer2.ModbusSlave [199] - Scale apply failed for param39: System.InvalidCastException: Unable to cast object of type 'System.Int32' to type 'System.Single'.
   at IEC61850_simulatorServer2.ModbusSlave.Write(Dictionary`2 data, Byte slaveId) in /Users/songyinpei/jobs/IEC61850-simulatorServer2/ModbusSlave.cs:line 199 

2025-12-29 09:31:34,507 [10] WARN  IEC61850_simulatorServer2.ModbusSlave [199] - Scale apply failed for param40: System.InvalidCastException: Unable to cast object of type 'System.Int32' to type 'System.Single'.
   at IEC61850_simulatorServer2.ModbusSlave.Write(Dictionary`2 data, Byte slaveId) in /Users/songyinpei/jobs/IEC61850-simulatorServer2/ModbusSlave.cs:line 199 

2025-12-29 09:31:34,536 [10] WARN  IEC61850_simulatorServer2.ModbusSlave [199] - Scale apply failed for param41: System.InvalidCastException: Unable to cast object of type 'System.Int32' to type 'System.Single'.
   at IEC61850_simulatorServer2.ModbusSlave.Write(Dictionary`2 data, Byte slaveId) in /Users/songyinpei/jobs/IEC61850-simulatorServer2/ModbusSlave.cs:line 199 

2025-12-29 09:31:34,589 [10] WARN  IEC61850_simulatorServer2.ModbusSlave [199] - Scale apply failed for param42: System.InvalidCastException: Unable to cast object of type 'System.Int32' to type 'System.Single'.
   at IEC61850_simulatorServer2.ModbusSlave.Write(Dictionary`2 data, Byte slaveId) in /Users/songyinpei/jobs/IEC61850-simulatorServer2/ModbusSlave.cs:line 199 

2025-12-29 09:31:34,639 [10] WARN  IEC61850_simulatorServer2.ModbusSlave [199] - Scale apply failed for param43: System.InvalidCastException: Unable to cast object of type 'System.Int32' to type 'System.Single'.
   at IEC61850_simulatorServer2.ModbusSlave.Write(Dictionary`2 data, Byte slaveId) in /Users/songyinpei/jobs/IEC61850-simulatorServer2/ModbusSlave.cs:line 199 

2025-12-29 09:31:34,670 [10] WARN  IEC61850_simulatorServer2.ModbusSlave [199] - Scale apply failed for param44: System.InvalidCastException: Unable to cast object of type 'System.Int32' to type 'System.Single'.
   at IEC61850_simulatorServer2.ModbusSlave.Write(Dictionary`2 data, Byte slaveId) in /Users/songyinpei/jobs/IEC61850-simulatorServer2/ModbusSlave.cs:line 199 

2025-12-29 09:31:34,698 [10] WARN  IEC61850_simulatorServer2.ModbusSlave [199] - Scale apply failed for param45: System.InvalidCastException: Unable to cast object of type 'System.Int32' to type 'System.Single'.
   at IEC61850_simulatorServer2.ModbusSlave.Write(Dictionary`2 data, Byte slaveId) in /Users/songyinpei/jobs/IEC61850-simulatorServer2/ModbusSlave.cs:line 199 

2025-12-29 09:31:34,748 [10] WARN  IEC61850_simulatorServer2.ModbusSlave [199] - Scale apply failed for param46: System.InvalidCastException: Unable to cast object of type 'System.Int32' to type 'System.Single'.
   at IEC61850_simulatorServer2.ModbusSlave.Write(Dictionary`2 data, Byte slaveId) in /Users/songyinpei/jobs/IEC61850-simulatorServer2/ModbusSlave.cs:line 199 

2025-12-29 09:31:34,802 [10] WARN  IEC61850_simulatorServer2.ModbusSlave [199] - Scale apply failed for param47: System.InvalidCastException: Unable to cast object of type 'System.Int32' to type 'System.Single'.
   at IEC61850_simulatorServer2.ModbusSlave.Write(Dictionary`2 data, Byte slaveId) in /Users/songyinpei/jobs/IEC61850-simulatorServer2/ModbusSlave.cs:line 199 

2025-12-29 09:31:34,826 [10] WARN  IEC61850_simulatorServer2.ModbusSlave [199] - Scale apply failed for param48: System.InvalidCastException: Unable to cast object of type 'System.Int32' to type 'System.Single'.
   at IEC61850_simulatorServer2.ModbusSlave.Write(Dictionary`2 data, Byte slaveId) in /Users/songyinpei/jobs/IEC61850-simulatorServer2/ModbusSlave.cs:line 199 

2025-12-29 09:31:34,859 [10] WARN  IEC61850_simulatorServer2.ModbusSlave [199] - Scale apply failed for param49: System.InvalidCastException: Unable to cast object of type 'System.Int32' to type 'System.Single'.
   at IEC61850_simulatorServer2.ModbusSlave.Write(Dictionary`2 data, Byte slaveId) in /Users/songyinpei/jobs/IEC61850-simulatorServer2/ModbusSlave.cs:line 199 

2025-12-29 09:31:35,566 [12] WARN  IEC61850_simulatorServer2.ModbusSlave [199] - Scale apply failed for yc6: System.InvalidCastException: Unable to cast object of type 'System.Int32' to type 'System.Single'.
   at IEC61850_simulatorServer2.ModbusSlave.Write(Dictionary`2 data, Byte slaveId) in /Users/songyinpei/jobs/IEC61850-simulatorServer2/ModbusSlave.cs:line 199 

2025-12-29 09:31:35,594 [12] WARN  IEC61850_simulatorServer2.ModbusSlave [199] - Scale apply failed for yc7: System.InvalidCastException: Unable to cast object of type 'System.Int32' to type 'System.Single'.
   at IEC61850_simulatorServer2.ModbusSlave.Write(Dictionary`2 data, Byte slaveId) in /Users/songyinpei/jobs/IEC61850-simulatorServer2/ModbusSlave.cs:line 199 

2025-12-29 09:31:35,596 [12] WARN  IEC61850_simulatorServer2.ModbusSlave [199] - Scale apply failed for yc8: System.InvalidCastException: Unable to cast object of type 'System.Int32' to type 'System.Single'.
   at IEC61850_simulatorServer2.ModbusSlave.Write(Dictionary`2 data, Byte slaveId) in /Users/songyinpei/jobs/IEC61850-simulatorServer2/ModbusSlave.cs:line 199 

2025-12-29 09:31:35,598 [12] WARN  IEC61850_simulatorServer2.ModbusSlave [199] - Scale apply failed for yc9: System.InvalidCastException: Unable to cast object of type 'System.Int32' to type 'System.Single'.
   at IEC61850_simulatorServer2.ModbusSlave.Write(Dictionary`2 data, Byte slaveId) in /Users/songyinpei/jobs/IEC61850-simulatorServer2/ModbusSlave.cs:line 199 

2025-12-29 09:31:35,600 [12] WARN  IEC61850_simulatorServer2.ModbusSlave [199] - Scale apply failed for yc10: System.InvalidCastException: Unable to cast object of type 'System.Int32' to type 'System.Single'.
   at IEC61850_simulatorServer2.ModbusSlave.Write(Dictionary`2 data, Byte slaveId) in /Users/songyinpei/jobs/IEC61850-simulatorServer2/ModbusSlave.cs:line 199 

2025-12-29 09:31:35,602 [12] WARN  IEC61850_simulatorServer2.ModbusSlave [199] - Scale apply failed for yc11: System.InvalidCastException: Unable to cast object of type 'System.Int32' to type 'System.Single'.
   at IEC61850_simulatorServer2.ModbusSlave.Write(Dictionary`2 data, Byte slaveId) in /Users/songyinpei/jobs/IEC61850-simulatorServer2/ModbusSlave.cs:line 199 

2025-12-29 09:31:35,629 [12] WARN  IEC61850_simulatorServer2.ModbusSlave [199] - Scale apply failed for yc12: System.InvalidCastException: Unable to cast object of type 'System.Int32' to type 'System.Single'.
   at IEC61850_simulatorServer2.ModbusSlave.Write(Dictionary`2 data, Byte slaveId) in /Users/songyinpei/jobs/IEC61850-simulatorServer2/ModbusSlave.cs:line 199 

2025-12-29 09:31:35,632 [12] WARN  IEC61850_simulatorServer2.ModbusSlave [199] - Scale apply failed for yc20: System.InvalidCastException: Unable to cast object of type 'System.Int32' to type 'System.Single'.
   at IEC61850_simulatorServer2.ModbusSlave.Write(Dictionary`2 data, Byte slaveId) in /Users/songyinpei/jobs/IEC61850-simulatorServer2/ModbusSlave.cs:line 199 

2025-12-29 09:31:35,659 [12] WARN  IEC61850_simulatorServer2.ModbusSlave [199] - Scale apply failed for yc21: System.InvalidCastException: Unable to cast object of type 'System.Int32' to type 'System.Single'.
   at IEC61850_simulatorServer2.ModbusSlave.Write(Dictionary`2 data, Byte slaveId) in /Users/songyinpei/jobs/IEC61850-simulatorServer2/ModbusSlave.cs:line 199 

2025-12-29 09:31:35,662 [12] WARN  IEC61850_simulatorServer2.ModbusSlave [199] - Scale apply failed for yc22: System.InvalidCastException: Unable to cast object of type 'System.Int32' to type 'System.Single'.
   at IEC61850_simulatorServer2.ModbusSlave.Write(Dictionary`2 data, Byte slaveId) in /Users/songyinpei/jobs/IEC61850-simulatorServer2/ModbusSlave.cs:line 199 

2025-12-29 09:31:35,665 [12] WARN  IEC61850_simulatorServer2.ModbusSlave [199] - Scale apply failed for yc23: System.InvalidCastException: Unable to cast object of type 'System.Int32' to type 'System.Single'.
   at IEC61850_simulatorServer2.ModbusSlave.Write(Dictionary`2 data, Byte slaveId) in /Users/songyinpei/jobs/IEC61850-simulatorServer2/ModbusSlave.cs:line 199 

2025-12-29 09:31:35,667 [12] WARN  IEC61850_simulatorServer2.ModbusSlave [199] - Scale apply failed for yc24: System.InvalidCastException: Unable to cast object of type 'System.Int32' to type 'System.Single'.
   at IEC61850_simulatorServer2.ModbusSlave.Write(Dictionary`2 data, Byte slaveId) in /Users/songyinpei/jobs/IEC61850-simulatorServer2/ModbusSlave.cs:line 199 

2025-12-29 09:31:35,670 [12] WARN  IEC61850_simulatorServer2.ModbusSlave [199] - Scale apply failed for yc25: System.InvalidCastException: Unable to cast object of type 'System.Int32' to type 'System.Single'.
   at IEC61850_simulatorServer2.ModbusSlave.Write(Dictionary`2 data, Byte slaveId) in /Users/songyinpei/jobs/IEC61850-simulatorServer2/ModbusSlave.cs:line 199 

2025-12-29 09:31:35,672 [12] WARN  IEC61850_simulatorServer2.ModbusSlave [199] - Scale apply failed for yc26: System.InvalidCastException: Unable to cast object of type 'System.Int32' to type 'System.Single'.
   at IEC61850_simulatorServer2.ModbusSlave.Write(Dictionary`2 data, Byte slaveId) in /Users/songyinpei/jobs/IEC61850-simulatorServer2/ModbusSlave.cs:line 199 

2025-12-29 09:31:35,697 [12] WARN  IEC61850_simulatorServer2.ModbusSlave [199] - Scale apply failed for yc27: System.InvalidCastException: Unable to cast object of type 'System.Int32' to type 'System.Single'.
   at IEC61850_simulatorServer2.ModbusSlave.Write(Dictionary`2 data, Byte slaveId) in /Users/songyinpei/jobs/IEC61850-simulatorServer2/ModbusSlave.cs:line 199 

2025-12-29 09:31:35,751 [12] WARN  IEC61850_simulatorServer2.ModbusSlave [199] - Scale apply failed for yc28: System.InvalidCastException: Unable to cast object of type 'System.Int32' to type 'System.Single'.
   at IEC61850_simulatorServer2.ModbusSlave.Write(Dictionary`2 data, Byte slaveId) in /Users/songyinpei/jobs/IEC61850-simulatorServer2/ModbusSlave.cs:line 199 

2025-12-29 09:31:35,806 [12] WARN  IEC61850_simulatorServer2.ModbusSlave [199] - Scale apply failed for yc29: System.InvalidCastException: Unable to cast object of type 'System.Int32' to type 'System.Single'.
   at IEC61850_simulatorServer2.ModbusSlave.Write(Dictionary`2 data, Byte slaveId) in /Users/songyinpei/jobs/IEC61850-simulatorServer2/ModbusSlave.cs:line 199 

2025-12-29 09:31:35,809 [12] WARN  IEC61850_simulatorServer2.ModbusSlave [199] - Scale apply failed for yc30: System.InvalidCastException: Unable to cast object of type 'System.Int32' to type 'System.Single'.
   at IEC61850_simulatorServer2.ModbusSlave.Write(Dictionary`2 data, Byte slaveId) in /Users/songyinpei/jobs/IEC61850-simulatorServer2/ModbusSlave.cs:line 199 

2025-12-29 09:31:35,813 [12] WARN  IEC61850_simulatorServer2.ModbusSlave [199] - Scale apply failed for yc31: System.InvalidCastException: Unable to cast object of type 'System.Int32' to type 'System.Single'.
   at IEC61850_simulatorServer2.ModbusSlave.Write(Dictionary`2 data, Byte slaveId) in /Users/songyinpei/jobs/IEC61850-simulatorServer2/ModbusSlave.cs:line 199 

2025-12-29 09:31:35,841 [12] WARN  IEC61850_simulatorServer2.ModbusSlave [199] - Scale apply failed for yc32: System.InvalidCastException: Unable to cast object of type 'System.Int32' to type 'System.Single'.
   at IEC61850_simulatorServer2.ModbusSlave.Write(Dictionary`2 data, Byte slaveId) in /Users/songyinpei/jobs/IEC61850-simulatorServer2/ModbusSlave.cs:line 199 

2025-12-29 09:31:35,894 [12] WARN  IEC61850_simulatorServer2.ModbusSlave [199] - Scale apply failed for yc34: System.InvalidCastException: Unable to cast object of type 'System.Int32' to type 'System.Single'.
   at IEC61850_simulatorServer2.ModbusSlave.Write(Dictionary`2 data, Byte slaveId) in /Users/songyinpei/jobs/IEC61850-simulatorServer2/ModbusSlave.cs:line 199 

2025-12-29 09:31:35,945 [12] WARN  IEC61850_simulatorServer2.ModbusSlave [199] - Scale apply failed for yc33: System.InvalidCastException: Unable to cast object of type 'System.Int32' to type 'System.Single'.
   at IEC61850_simulatorServer2.ModbusSlave.Write(Dictionary`2 data, Byte slaveId) in /Users/songyinpei/jobs/IEC61850-simulatorServer2/ModbusSlave.cs:line 199 

2025-12-29 09:31:35,975 [12] WARN  IEC61850_simulatorServer2.ModbusSlave [199] - Scale apply failed for yc35: System.InvalidCastException: Unable to cast object of type 'System.Int32' to type 'System.Single'.
   at IEC61850_simulatorServer2.ModbusSlave.Write(Dictionary`2 data, Byte slaveId) in /Users/songyinpei/jobs/IEC61850-simulatorServer2/ModbusSlave.cs:line 199 

2025-12-29 09:31:36,012 [12] WARN  IEC61850_simulatorServer2.ModbusSlave [199] - Scale apply failed for yc36: System.InvalidCastException: Unable to cast object of type 'System.Int32' to type 'System.Single'.
   at IEC61850_simulatorServer2.ModbusSlave.Write(Dictionary`2 data, Byte slaveId) in /Users/songyinpei/jobs/IEC61850-simulatorServer2/ModbusSlave.cs:line 199 

2025-12-29 09:31:36,041 [12] WARN  IEC61850_simulatorServer2.ModbusSlave [199] - Scale apply failed for yc37: System.InvalidCastException: Unable to cast object of type 'System.Int32' to type 'System.Single'.
   at IEC61850_simulatorServer2.ModbusSlave.Write(Dictionary`2 data, Byte slaveId) in /Users/songyinpei/jobs/IEC61850-simulatorServer2/ModbusSlave.cs:line 199 

2025-12-29 09:31:36,045 [12] WARN  IEC61850_simulatorServer2.ModbusSlave [199] - Scale apply failed for yc43: System.InvalidCastException: Unable to cast object of type 'System.Int32' to type 'System.Single'.
   at IEC61850_simulatorServer2.ModbusSlave.Write(Dictionary`2 data, Byte slaveId) in /Users/songyinpei/jobs/IEC61850-simulatorServer2/ModbusSlave.cs:line 199 

2025-12-29 09:31:36,074 [12] WARN  IEC61850_simulatorServer2.ModbusSlave [199] - Scale apply failed for yc45: System.InvalidCastException: Unable to cast object of type 'System.Int32' to type 'System.Single'.
   at IEC61850_simulatorServer2.ModbusSlave.Write(Dictionary`2 data, Byte slaveId) in /Users/songyinpei/jobs/IEC61850-simulatorServer2/ModbusSlave.cs:line 199 

2025-12-29 09:31:36,124 [12] WARN  IEC61850_simulatorServer2.ModbusSlave [199] - Scale apply failed for yc53: System.InvalidCastException: Unable to cast object of type 'System.Int32' to type 'System.Single'.
   at IEC61850_simulatorServer2.ModbusSlave.Write(Dictionary`2 data, Byte slaveId) in /Users/songyinpei/jobs/IEC61850-simulatorServer2/ModbusSlave.cs:line 199 

2025-12-29 09:31:36,625 [15] WARN  IEC61850_simulatorServer2.ModbusSlave [199] - Scale apply failed for param2: System.InvalidCastException: Unable to cast object of type 'System.Int32' to type 'System.Single'.
   at IEC61850_simulatorServer2.ModbusSlave.Write(Dictionary`2 data, Byte slaveId) in /Users/songyinpei/jobs/IEC61850-simulatorServer2/ModbusSlave.cs:line 199 

2025-12-29 09:31:36,630 [15] WARN  IEC61850_simulatorServer2.ModbusSlave [199] - Scale apply failed for param3: System.InvalidCastException: Unable to cast object of type 'System.Int32' to type 'System.Single'.
   at IEC61850_simulatorServer2.ModbusSlave.Write(Dictionary`2 data, Byte slaveId) in /Users/songyinpei/jobs/IEC61850-simulatorServer2/ModbusSlave.cs:line 199 

2025-12-29 09:31:36,632 [15] WARN  IEC61850_simulatorServer2.ModbusSlave [199] - Scale apply failed for param4: System.InvalidCastException: Unable to cast object of type 'System.Int32' to type 'System.Single'.
   at IEC61850_simulatorServer2.ModbusSlave.Write(Dictionary`2 data, Byte slaveId) in /Users/songyinpei/jobs/IEC61850-simulatorServer2/ModbusSlave.cs:line 199 

2025-12-29 09:31:36,635 [15] WARN  IEC61850_simulatorServer2.ModbusSlave [199] - Scale apply failed for param8: System.InvalidCastException: Unable to cast object of type 'System.Int32' to type 'System.Single'.
   at IEC61850_simulatorServer2.ModbusSlave.Write(Dictionary`2 data, Byte slaveId) in /Users/songyinpei/jobs/IEC61850-simulatorServer2/ModbusSlave.cs:line 199 

2025-12-29 09:31:36,636 [15] WARN  IEC61850_simulatorServer2.ModbusSlave [199] - Scale apply failed for param10: System.InvalidCastException: Unable to cast object of type 'System.Int32' to type 'System.Single'.
   at IEC61850_simulatorServer2.ModbusSlave.Write(Dictionary`2 data, Byte slaveId) in /Users/songyinpei/jobs/IEC61850-simulatorServer2/ModbusSlave.cs:line 199 

2025-12-29 09:31:36,638 [15] WARN  IEC61850_simulatorServer2.ModbusSlave [199] - Scale apply failed for param9: System.InvalidCastException: Unable to cast object of type 'System.Int32' to type 'System.Single'.
   at IEC61850_simulatorServer2.ModbusSlave.Write(Dictionary`2 data, Byte slaveId) in /Users/songyinpei/jobs/IEC61850-simulatorServer2/ModbusSlave.cs:line 199 

2025-12-29 09:31:36,640 [15] WARN  IEC61850_simulatorServer2.ModbusSlave [199] - Scale apply failed for param15: System.InvalidCastException: Unable to cast object of type 'System.Int32' to type 'System.Single'.
   at IEC61850_simulatorServer2.ModbusSlave.Write(Dictionary`2 data, Byte slaveId) in /Users/songyinpei/jobs/IEC61850-simulatorServer2/ModbusSlave.cs:line 199 

2025-12-29 09:31:36,642 [15] WARN  IEC61850_simulatorServer2.ModbusSlave [199] - Scale apply failed for param16: System.InvalidCastException: Unable to cast object of type 'System.Int32' to type 'System.Single'.
   at IEC61850_simulatorServer2.ModbusSlave.Write(Dictionary`2 data, Byte slaveId) in /Users/songyinpei/jobs/IEC61850-simulatorServer2/ModbusSlave.cs:line 199 

2025-12-29 09:31:36,644 [15] WARN  IEC61850_simulatorServer2.ModbusSlave [199] - Scale apply failed for param17: System.InvalidCastException: Unable to cast object of type 'System.Int32' to type 'System.Single'.
   at IEC61850_simulatorServer2.ModbusSlave.Write(Dictionary`2 data, Byte slaveId) in /Users/songyinpei/jobs/IEC61850-simulatorServer2/ModbusSlave.cs:line 199 

2025-12-29 09:31:36,646 [15] WARN  IEC61850_simulatorServer2.ModbusSlave [199] - Scale apply failed for param18: System.InvalidCastException: Unable to cast object of type 'System.Int32' to type 'System.Single'.
   at IEC61850_simulatorServer2.ModbusSlave.Write(Dictionary`2 data, Byte slaveId) in /Users/songyinpei/jobs/IEC61850-simulatorServer2/ModbusSlave.cs:line 199 

2025-12-29 09:31:36,673 [15] WARN  IEC61850_simulatorServer2.ModbusSlave [199] - Scale apply failed for param19: System.InvalidCastException: Unable to cast object of type 'System.Int32' to type 'System.Single'.
   at IEC61850_simulatorServer2.ModbusSlave.Write(Dictionary`2 data, Byte slaveId) in /Users/songyinpei/jobs/IEC61850-simulatorServer2/ModbusSlave.cs:line 199 

2025-12-29 09:31:36,676 [15] WARN  IEC61850_simulatorServer2.ModbusSlave [199] - Scale apply failed for param20: System.InvalidCastException: Unable to cast object of type 'System.Int32' to type 'System.Single'.
   at IEC61850_simulatorServer2.ModbusSlave.Write(Dictionary`2 data, Byte slaveId) in /Users/songyinpei/jobs/IEC61850-simulatorServer2/ModbusSlave.cs:line 199 

2025-12-29 09:31:36,678 [15] WARN  IEC61850_simulatorServer2.ModbusSlave [199] - Scale apply failed for param21: System.InvalidCastException: Unable to cast object of type 'System.Int32' to type 'System.Single'.
   at IEC61850_simulatorServer2.ModbusSlave.Write(Dictionary`2 data, Byte slaveId) in /Users/songyinpei/jobs/IEC61850-simulatorServer2/ModbusSlave.cs:line 199 

2025-12-29 09:31:36,705 [15] WARN  IEC61850_simulatorServer2.ModbusSlave [199] - Scale apply failed for param31: System.InvalidCastException: Unable to cast object of type 'System.Int32' to type 'System.Single'.
   at IEC61850_simulatorServer2.ModbusSlave.Write(Dictionary`2 data, Byte slaveId) in /Users/songyinpei/jobs/IEC61850-simulatorServer2/ModbusSlave.cs:line 199 

2025-12-29 09:31:36,707 [15] WARN  IEC61850_simulatorServer2.ModbusSlave [199] - Scale apply failed for param32: System.InvalidCastException: Unable to cast object of type 'System.Int32' to type 'System.Single'.
   at IEC61850_simulatorServer2.ModbusSlave.Write(Dictionary`2 data, Byte slaveId) in /Users/songyinpei/jobs/IEC61850-simulatorServer2/ModbusSlave.cs:line 199 

2025-12-29 09:31:36,709 [15] WARN  IEC61850_simulatorServer2.ModbusSlave [199] - Scale apply failed for param33: System.InvalidCastException: Unable to cast object of type 'System.Int32' to type 'System.Single'.
   at IEC61850_simulatorServer2.ModbusSlave.Write(Dictionary`2 data, Byte slaveId) in /Users/songyinpei/jobs/IEC61850-simulatorServer2/ModbusSlave.cs:line 199 

2025-12-29 09:31:36,733 [15] WARN  IEC61850_simulatorServer2.ModbusSlave [199] - Scale apply failed for param34: System.InvalidCastException: Unable to cast object of type 'System.Int32' to type 'System.Single'.
   at IEC61850_simulatorServer2.ModbusSlave.Write(Dictionary`2 data, Byte slaveId) in /Users/songyinpei/jobs/IEC61850-simulatorServer2/ModbusSlave.cs:line 199 

2025-12-29 09:31:36,735 [15] WARN  IEC61850_simulatorServer2.ModbusSlave [199] - Scale apply failed for param35: System.InvalidCastException: Unable to cast object of type 'System.Int32' to type 'System.Single'.
   at IEC61850_simulatorServer2.ModbusSlave.Write(Dictionary`2 data, Byte slaveId) in /Users/songyinpei/jobs/IEC61850-simulatorServer2/ModbusSlave.cs:line 199 

2025-12-29 09:31:36,737 [15] WARN  IEC61850_simulatorServer2.ModbusSlave [199] - Scale apply failed for param36: System.InvalidCastException: Unable to cast object of type 'System.Int32' to type 'System.Single'.
   at IEC61850_simulatorServer2.ModbusSlave.Write(Dictionary`2 data, Byte slaveId) in /Users/songyinpei/jobs/IEC61850-simulatorServer2/ModbusSlave.cs:line 199 

2025-12-29 09:31:36,739 [15] WARN  IEC61850_simulatorServer2.ModbusSlave [199] - Scale apply failed for param37: System.InvalidCastException: Unable to cast object of type 'System.Int32' to type 'System.Single'.
   at IEC61850_simulatorServer2.ModbusSlave.Write(Dictionary`2 data, Byte slaveId) in /Users/songyinpei/jobs/IEC61850-simulatorServer2/ModbusSlave.cs:line 199 

2025-12-29 09:31:36,741 [15] WARN  IEC61850_simulatorServer2.ModbusSlave [199] - Scale apply failed for param39: System.InvalidCastException: Unable to cast object of type 'System.Int32' to type 'System.Single'.
   at IEC61850_simulatorServer2.ModbusSlave.Write(Dictionary`2 data, Byte slaveId) in /Users/songyinpei/jobs/IEC61850-simulatorServer2/ModbusSlave.cs:line 199 

2025-12-29 09:31:36,766 [15] WARN  IEC61850_simulatorServer2.ModbusSlave [199] - Scale apply failed for param40: System.InvalidCastException: Unable to cast object of type 'System.Int32' to type 'System.Single'.
   at IEC61850_simulatorServer2.ModbusSlave.Write(Dictionary`2 data, Byte slaveId) in /Users/songyinpei/jobs/IEC61850-simulatorServer2/ModbusSlave.cs:line 199 

2025-12-29 09:31:36,768 [15] WARN  IEC61850_simulatorServer2.ModbusSlave [199] - Scale apply failed for param38: System.InvalidCastException: Unable to cast object of type 'System.Int32' to type 'System.Single'.
   at IEC61850_simulatorServer2.ModbusSlave.Write(Dictionary`2 data, Byte slaveId) in /Users/songyinpei/jobs/IEC61850-simulatorServer2/ModbusSlave.cs:line 199 

2025-12-29 09:31:36,771 [15] WARN  IEC61850_simulatorServer2.ModbusSlave [199] - Scale apply failed for param41: System.InvalidCastException: Unable to cast object of type 'System.Int32' to type 'System.Single'.
   at IEC61850_simulatorServer2.ModbusSlave.Write(Dictionary`2 data, Byte slaveId) in /Users/songyinpei/jobs/IEC61850-simulatorServer2/ModbusSlave.cs:line 199 

2025-12-29 09:31:36,773 [15] WARN  IEC61850_simulatorServer2.ModbusSlave [199] - Scale apply failed for param42: System.InvalidCastException: Unable to cast object of type 'System.Int32' to type 'System.Single'.
   at IEC61850_simulatorServer2.ModbusSlave.Write(Dictionary`2 data, Byte slaveId) in /Users/songyinpei/jobs/IEC61850-simulatorServer2/ModbusSlave.cs:line 199 

2025-12-29 09:31:36,799 [15] WARN  IEC61850_simulatorServer2.ModbusSlave [199] - Scale apply failed for param43: System.InvalidCastException: Unable to cast object of type 'System.Int32' to type 'System.Single'.
   at IEC61850_simulatorServer2.ModbusSlave.Write(Dictionary`2 data, Byte slaveId) in /Users/songyinpei/jobs/IEC61850-simulatorServer2/ModbusSlave.cs:line 199 

2025-12-29 09:31:36,802 [15] WARN  IEC61850_simulatorServer2.ModbusSlave [199] - Scale apply failed for param44: System.InvalidCastException: Unable to cast object of type 'System.Int32' to type 'System.Single'.
   at IEC61850_simulatorServer2.ModbusSlave.Write(Dictionary`2 data, Byte slaveId) in /Users/songyinpei/jobs/IEC61850-simulatorServer2/ModbusSlave.cs:line 199 

2025-12-29 09:31:36,830 [15] WARN  IEC61850_simulatorServer2.ModbusSlave [199] - Scale apply failed for param45: System.InvalidCastException: Unable to cast object of type 'System.Int32' to type 'System.Single'.
   at IEC61850_simulatorServer2.ModbusSlave.Write(Dictionary`2 data, Byte slaveId) in /Users/songyinpei/jobs/IEC61850-simulatorServer2/ModbusSlave.cs:line 199 

2025-12-29 09:31:36,858 [15] WARN  IEC61850_simulatorServer2.ModbusSlave [199] - Scale apply failed for param46: System.InvalidCastException: Unable to cast object of type 'System.Int32' to type 'System.Single'.
   at IEC61850_simulatorServer2.ModbusSlave.Write(Dictionary`2 data, Byte slaveId) in /Users/songyinpei/jobs/IEC61850-simulatorServer2/ModbusSlave.cs:line 199 

2025-12-29 09:31:36,887 [15] WARN  IEC61850_simulatorServer2.ModbusSlave [199] - Scale apply failed for param47: System.InvalidCastException: Unable to cast object of type 'System.Int32' to type 'System.Single'.
   at IEC61850_simulatorServer2.ModbusSlave.Write(Dictionary`2 data, Byte slaveId) in /Users/songyinpei/jobs/IEC61850-simulatorServer2/ModbusSlave.cs:line 199 

2025-12-29 09:31:36,891 [15] WARN  IEC61850_simulatorServer2.ModbusSlave [199] - Scale apply failed for param48: System.InvalidCastException: Unable to cast object of type 'System.Int32' to type 'System.Single'.
   at IEC61850_simulatorServer2.ModbusSlave.Write(Dictionary`2 data, Byte slaveId) in /Users/songyinpei/jobs/IEC61850-simulatorServer2/ModbusSlave.cs:line 199 

2025-12-29 09:31:36,896 [15] WARN  IEC61850_simulatorServer2.ModbusSlave [199] - Scale apply failed for param49: System.InvalidCastException: Unable to cast object of type 'System.Int32' to type 'System.Single'.
   at IEC61850_simulatorServer2.ModbusSlave.Write(Dictionary`2 data, Byte slaveId) in /Users/songyinpei/jobs/IEC61850-simulatorServer2/ModbusSlave.cs:line 199 

2025-12-29 09:31:37,664 [17] WARN  IEC61850_simulatorServer2.ModbusSlave [?] - Scale apply failed for yc0: System.InvalidCastException: Unable to cast object of type 'System.Int32' to type 'System.Single'.
   at IEC61850_simulatorServer2.ModbusSlave.Write(Dictionary`2 data, Byte slaveId) in /Users/songyinpei/jobs/IEC61850-simulatorServer2/ModbusSlave.cs:line 199 

2025-12-29 09:31:37,667 [17] WARN  IEC61850_simulatorServer2.ModbusSlave [?] - Scale apply failed for yc1: System.InvalidCastException: Unable to cast object of type 'System.Int32' to type 'System.Single'.
   at IEC61850_simulatorServer2.ModbusSlave.Write(Dictionary`2 data, Byte slaveId) in /Users/songyinpei/jobs/IEC61850-simulatorServer2/ModbusSlave.cs:line 199 

2025-12-29 09:31:37,669 [17] WARN  IEC61850_simulatorServer2.ModbusSlave [?] - Scale apply failed for yc2: System.InvalidCastException: Unable to cast object of type 'System.Int32' to type 'System.Single'.
   at IEC61850_simulatorServer2.ModbusSlave.Write(Dictionary`2 data, Byte slaveId) in /Users/songyinpei/jobs/IEC61850-simulatorServer2/ModbusSlave.cs:line 199 

2025-12-29 09:31:37,671 [17] WARN  IEC61850_simulatorServer2.ModbusSlave [?] - Scale apply failed for yc3: System.InvalidCastException: Unable to cast object of type 'System.Int32' to type 'System.Single'.
   at IEC61850_simulatorServer2.ModbusSlave.Write(Dictionary`2 data, Byte slaveId) in /Users/songyinpei/jobs/IEC61850-simulatorServer2/ModbusSlave.cs:line 199 

2025-12-29 09:31:37,673 [17] WARN  IEC61850_simulatorServer2.ModbusSlave [?] - Scale apply failed for yc5: System.InvalidCastException: Unable to cast object of type 'System.Int32' to type 'System.Single'.
   at IEC61850_simulatorServer2.ModbusSlave.Write(Dictionary`2 data, Byte slaveId) in /Users/songyinpei/jobs/IEC61850-simulatorServer2/ModbusSlave.cs:line 199 

2025-12-29 09:31:37,700 [17] WARN  IEC61850_simulatorServer2.ModbusSlave [?] - Scale apply failed for yc4: System.InvalidCastException: Unable to cast object of type 'System.Int32' to type 'System.Single'.
   at IEC61850_simulatorServer2.ModbusSlave.Write(Dictionary`2 data, Byte slaveId) in /Users/songyinpei/jobs/IEC61850-simulatorServer2/ModbusSlave.cs:line 199 

2025-12-29 09:31:37,702 [17] WARN  IEC61850_simulatorServer2.ModbusSlave [?] - Scale apply failed for yc6: System.InvalidCastException: Unable to cast object of type 'System.Int32' to type 'System.Single'.
   at IEC61850_simulatorServer2.ModbusSlave.Write(Dictionary`2 data, Byte slaveId) in /Users/songyinpei/jobs/IEC61850-simulatorServer2/ModbusSlave.cs:line 199 

2025-12-29 09:31:37,704 [17] WARN  IEC61850_simulatorServer2.ModbusSlave [?] - Scale apply failed for yc7: System.InvalidCastException: Unable to cast object of type 'System.Int32' to type 'System.Single'.
   at IEC61850_simulatorServer2.ModbusSlave.Write(Dictionary`2 data, Byte slaveId) in /Users/songyinpei/jobs/IEC61850-simulatorServer2/ModbusSlave.cs:line 199 

2025-12-29 09:31:37,706 [17] WARN  IEC61850_simulatorServer2.ModbusSlave [?] - Scale apply failed for yc8: System.InvalidCastException: Unable to cast object of type 'System.Int32' to type 'System.Single'.
   at IEC61850_simulatorServer2.ModbusSlave.Write(Dictionary`2 data, Byte slaveId) in /Users/songyinpei/jobs/IEC61850-simulatorServer2/ModbusSlave.cs:line 199 

2025-12-29 09:31:37,707 [17] WARN  IEC61850_simulatorServer2.ModbusSlave [?] - Scale apply failed for yc9: System.InvalidCastException: Unable to cast object of type 'System.Int32' to type 'System.Single'.
   at IEC61850_simulatorServer2.ModbusSlave.Write(Dictionary`2 data, Byte slaveId) in /Users/songyinpei/jobs/IEC61850-simulatorServer2/ModbusSlave.cs:line 199 

2025-12-29 09:31:37,709 [17] WARN  IEC61850_simulatorServer2.ModbusSlave [?] - Scale apply failed for yc10: System.InvalidCastException: Unable to cast object of type 'System.Int32' to type 'System.Single'.
   at IEC61850_simulatorServer2.ModbusSlave.Write(Dictionary`2 data, Byte slaveId) in /Users/songyinpei/jobs/IEC61850-simulatorServer2/ModbusSlave.cs:line 199 

2025-12-29 09:31:37,711 [17] WARN  IEC61850_simulatorServer2.ModbusSlave [?] - Scale apply failed for yc11: System.InvalidCastException: Unable to cast object of type 'System.Int32' to type 'System.Single'.
   at IEC61850_simulatorServer2.ModbusSlave.Write(Dictionary`2 data, Byte slaveId) in /Users/songyinpei/jobs/IEC61850-simulatorServer2/ModbusSlave.cs:line 199 

2025-12-29 09:31:37,713 [17] WARN  IEC61850_simulatorServer2.ModbusSlave [?] - Scale apply failed for yc12: System.InvalidCastException: Unable to cast object of type 'System.Int32' to type 'System.Single'.
   at IEC61850_simulatorServer2.ModbusSlave.Write(Dictionary`2 data, Byte slaveId) in /Users/songyinpei/jobs/IEC61850-simulatorServer2/ModbusSlave.cs:line 199 

2025-12-29 09:31:37,715 [17] WARN  IEC61850_simulatorServer2.ModbusSlave [?] - Scale apply failed for yc13: System.InvalidCastException: Unable to cast object of type 'System.Int32' to type 'System.Single'.
   at IEC61850_simulatorServer2.ModbusSlave.Write(Dictionary`2 data, Byte slaveId) in /Users/songyinpei/jobs/IEC61850-simulatorServer2/ModbusSlave.cs:line 199 

2025-12-29 09:31:37,736 [17] WARN  IEC61850_simulatorServer2.ModbusSlave [?] - Scale apply failed for yc14: System.InvalidCastException: Unable to cast object of type 'System.Int32' to type 'System.Single'.
   at IEC61850_simulatorServer2.ModbusSlave.Write(Dictionary`2 data, Byte slaveId) in /Users/songyinpei/jobs/IEC61850-simulatorServer2/ModbusSlave.cs:line 199 

2025-12-29 09:31:37,738 [17] WARN  IEC61850_simulatorServer2.ModbusSlave [?] - Scale apply failed for yc15: System.InvalidCastException: Unable to cast object of type 'System.Int32' to type 'System.Single'.
   at IEC61850_simulatorServer2.ModbusSlave.Write(Dictionary`2 data, Byte slaveId) in /Users/songyinpei/jobs/IEC61850-simulatorServer2/ModbusSlave.cs:line 199 

2025-12-29 09:31:37,740 [17] WARN  IEC61850_simulatorServer2.ModbusSlave [?] - Scale apply failed for yc16: System.InvalidCastException: Unable to cast object of type 'System.Int32' to type 'System.Single'.
   at IEC61850_simulatorServer2.ModbusSlave.Write(Dictionary`2 data, Byte slaveId) in /Users/songyinpei/jobs/IEC61850-simulatorServer2/ModbusSlave.cs:line 199 

2025-12-29 09:31:37,767 [17] WARN  IEC61850_simulatorServer2.ModbusSlave [?] - Scale apply failed for yc17: System.InvalidCastException: Unable to cast object of type 'System.Int32' to type 'System.Single'.
   at IEC61850_simulatorServer2.ModbusSlave.Write(Dictionary`2 data, Byte slaveId) in /Users/songyinpei/jobs/IEC61850-simulatorServer2/ModbusSlave.cs:line 199 

2025-12-29 09:31:37,772 [17] WARN  IEC61850_simulatorServer2.ModbusSlave [?] - Scale apply failed for yc18: System.InvalidCastException: Unable to cast object of type 'System.Int32' to type 'System.Single'.
   at IEC61850_simulatorServer2.ModbusSlave.Write(Dictionary`2 data, Byte slaveId) in /Users/songyinpei/jobs/IEC61850-simulatorServer2/ModbusSlave.cs:line 199 

2025-12-29 09:31:37,774 [17] WARN  IEC61850_simulatorServer2.ModbusSlave [?] - Scale apply failed for yc19: System.InvalidCastException: Unable to cast object of type 'System.Int32' to type 'System.Single'.
   at IEC61850_simulatorServer2.ModbusSlave.Write(Dictionary`2 data, Byte slaveId) in /Users/songyinpei/jobs/IEC61850-simulatorServer2/ModbusSlave.cs:line 199 

2025-12-29 09:31:37,777 [17] WARN  IEC61850_simulatorServer2.ModbusSlave [?] - Scale apply failed for yc21: System.InvalidCastException: Unable to cast object of type 'System.Int32' to type 'System.Single'.
   at IEC61850_simulatorServer2.ModbusSlave.Write(Dictionary`2 data, Byte slaveId) in /Users/songyinpei/jobs/IEC61850-simulatorServer2/ModbusSlave.cs:line 199 

2025-12-29 09:31:37,779 [17] WARN  IEC61850_simulatorServer2.ModbusSlave [?] - Scale apply failed for yc20: System.InvalidCastException: Unable to cast object of type 'System.Int32' to type 'System.Single'.
   at IEC61850_simulatorServer2.ModbusSlave.Write(Dictionary`2 data, Byte slaveId) in /Users/songyinpei/jobs/IEC61850-simulatorServer2/ModbusSlave.cs:line 199 

2025-12-29 09:31:39,213 [10] WARN  IEC61850_simulatorServer2.ModbusSlave [?] - Scale apply failed for param16: System.InvalidCastException: Unable to cast object of type 'System.UInt16' to type 'System.Single'.
   at IEC61850_simulatorServer2.ModbusSlave.Write(Dictionary`2 data, Byte slaveId) in /Users/songyinpei/jobs/IEC61850-simulatorServer2/ModbusSlave.cs:line 199 

2025-12-29 09:31:39,216 [10] WARN  IEC61850_simulatorServer2.ModbusSlave [?] - Scale apply failed for param15: System.InvalidCastException: Unable to cast object of type 'System.UInt16' to type 'System.Single'.
   at IEC61850_simulatorServer2.ModbusSlave.Write(Dictionary`2 data, Byte slaveId) in /Users/songyinpei/jobs/IEC61850-simulatorServer2/ModbusSlave.cs:line 199 

2025-12-29 09:31:39,217 [10] WARN  IEC61850_simulatorServer2.ModbusSlave [?] - Scale apply failed for param17: System.InvalidCastException: Unable to cast object of type 'System.UInt16' to type 'System.Single'.
   at IEC61850_simulatorServer2.ModbusSlave.Write(Dictionary`2 data, Byte slaveId) in /Users/songyinpei/jobs/IEC61850-simulatorServer2/ModbusSlave.cs:line 199 

2025-12-29 09:31:39,219 [10] WARN  IEC61850_simulatorServer2.ModbusSlave [?] - Scale apply failed for param20: System.InvalidCastException: Unable to cast object of type 'System.UInt16' to type 'System.Single'.
   at IEC61850_simulatorServer2.ModbusSlave.Write(Dictionary`2 data, Byte slaveId) in /Users/songyinpei/jobs/IEC61850-simulatorServer2/ModbusSlave.cs:line 199 

2025-12-29 09:31:39,246 [10] WARN  IEC61850_simulatorServer2.ModbusSlave [?] - Scale apply failed for param21: System.InvalidCastException: Unable to cast object of type 'System.UInt16' to type 'System.Single'.
   at IEC61850_simulatorServer2.ModbusSlave.Write(Dictionary`2 data, Byte slaveId) in /Users/songyinpei/jobs/IEC61850-simulatorServer2/ModbusSlave.cs:line 199 

2025-12-29 09:31:39,248 [10] WARN  IEC61850_simulatorServer2.ModbusSlave [?] - Scale apply failed for param19: System.InvalidCastException: Unable to cast object of type 'System.UInt16' to type 'System.Single'.
   at IEC61850_simulatorServer2.ModbusSlave.Write(Dictionary`2 data, Byte slaveId) in /Users/songyinpei/jobs/IEC61850-simulatorServer2/ModbusSlave.cs:line 199 

2025-12-29 09:31:39,250 [10] WARN  IEC61850_simulatorServer2.ModbusSlave [?] - Scale apply failed for param18: System.InvalidCastException: Unable to cast object of type 'System.UInt16' to type 'System.Single'.
   at IEC61850_simulatorServer2.ModbusSlave.Write(Dictionary`2 data, Byte slaveId) in /Users/songyinpei/jobs/IEC61850-simulatorServer2/ModbusSlave.cs:line 199 

2025-12-29 09:31:39,278 [10] WARN  IEC61850_simulatorServer2.ModbusSlave [?] - Scale apply failed for param40: System.OverflowException: Value was either too large or too small for an Int32.
   at System.Convert.ToInt32(Double value)
   at System.Convert.ToInt16(Double value)
   at IEC61850_simulatorServer2.ModbusSlave.Write(Dictionary`2 data, Byte slaveId) in /Users/songyinpei/jobs/IEC61850-simulatorServer2/ModbusSlave.cs:line 203 

2025-12-29 09:31:39,305 [10] WARN  IEC61850_simulatorServer2.ModbusSlave [?] - Scale apply failed for param49: System.InvalidCastException: Unable to cast object of type 'System.Boolean' to type 'System.Single'.
   at IEC61850_simulatorServer2.ModbusSlave.Write(Dictionary`2 data, Byte slaveId) in /Users/songyinpei/jobs/IEC61850-simulatorServer2/ModbusSlave.cs:line 199 

2025-12-29 09:31:39,629 [15] WARN  IEC61850_simulatorServer2.ModbusSlave [?] - Scale apply failed for param15: System.InvalidCastException: Unable to cast object of type 'System.UInt16' to type 'System.Single'.
   at IEC61850_simulatorServer2.ModbusSlave.Write(Dictionary`2 data, Byte slaveId) in /Users/songyinpei/jobs/IEC61850-simulatorServer2/ModbusSlave.cs:line 199 

2025-12-29 09:31:39,651 [15] WARN  IEC61850_simulatorServer2.ModbusSlave [?] - Scale apply failed for param16: System.InvalidCastException: Unable to cast object of type 'System.UInt16' to type 'System.Single'.
   at IEC61850_simulatorServer2.ModbusSlave.Write(Dictionary`2 data, Byte slaveId) in /Users/songyinpei/jobs/IEC61850-simulatorServer2/ModbusSlave.cs:line 199 

2025-12-29 09:31:39,678 [15] WARN  IEC61850_simulatorServer2.ModbusSlave [?] - Scale apply failed for param19: System.InvalidCastException: Unable to cast object of type 'System.UInt16' to type 'System.Single'.
   at IEC61850_simulatorServer2.ModbusSlave.Write(Dictionary`2 data, Byte slaveId) in /Users/songyinpei/jobs/IEC61850-simulatorServer2/ModbusSlave.cs:line 199 

2025-12-29 09:31:39,680 [15] WARN  IEC61850_simulatorServer2.ModbusSlave [?] - Scale apply failed for param18: System.InvalidCastException: Unable to cast object of type 'System.UInt16' to type 'System.Single'.
   at IEC61850_simulatorServer2.ModbusSlave.Write(Dictionary`2 data, Byte slaveId) in /Users/songyinpei/jobs/IEC61850-simulatorServer2/ModbusSlave.cs:line 199 

2025-12-29 09:31:39,682 [15] WARN  IEC61850_simulatorServer2.ModbusSlave [?] - Scale apply failed for param17: System.InvalidCastException: Unable to cast object of type 'System.UInt16' to type 'System.Single'.
   at IEC61850_simulatorServer2.ModbusSlave.Write(Dictionary`2 data, Byte slaveId) in /Users/songyinpei/jobs/IEC61850-simulatorServer2/ModbusSlave.cs:line 199 

2025-12-29 09:31:39,684 [15] WARN  IEC61850_simulatorServer2.ModbusSlave [?] - Scale apply failed for param21: System.InvalidCastException: Unable to cast object of type 'System.UInt16' to type 'System.Single'.
   at IEC61850_simulatorServer2.ModbusSlave.Write(Dictionary`2 data, Byte slaveId) in /Users/songyinpei/jobs/IEC61850-simulatorServer2/ModbusSlave.cs:line 199 

2025-12-29 09:31:39,686 [15] WARN  IEC61850_simulatorServer2.ModbusSlave [?] - Scale apply failed for param20: System.InvalidCastException: Unable to cast object of type 'System.UInt16' to type 'System.Single'.
   at IEC61850_simulatorServer2.ModbusSlave.Write(Dictionary`2 data, Byte slaveId) in /Users/songyinpei/jobs/IEC61850-simulatorServer2/ModbusSlave.cs:line 199 

2025-12-29 09:31:39,689 [15] WARN  IEC61850_simulatorServer2.ModbusSlave [?] - Scale apply failed for param40: System.OverflowException: Value was either too large or too small for an Int32.
   at System.Convert.ToInt32(Double value)
   at System.Convert.ToInt16(Double value)
   at IEC61850_simulatorServer2.ModbusSlave.Write(Dictionary`2 data, Byte slaveId) in /Users/songyinpei/jobs/IEC61850-simulatorServer2/ModbusSlave.cs:line 203 

2025-12-29 09:31:39,691 [15] WARN  IEC61850_simulatorServer2.ModbusSlave [?] - Scale apply failed for param49: System.InvalidCastException: Unable to cast object of type 'System.Boolean' to type 'System.Single'.
   at IEC61850_simulatorServer2.ModbusSlave.Write(Dictionary`2 data, Byte slaveId) in /Users/songyinpei/jobs/IEC61850-simulatorServer2/ModbusSlave.cs:line 199 

2025-12-29 13:19:48,043 [1] INFO  IEC61850_simulatorServer2.MainClass [34] - [Program] 应用启动，log4net 配置已尝试加载 

2025-12-29 13:19:49,560 [6] WARN  IEC61850_simulatorServer2.ModbusSlave [199] - Scale apply failed for yc6: System.InvalidCastException: Unable to cast object of type 'System.Int32' to type 'System.Single'.
   at IEC61850_simulatorServer2.ModbusSlave.Write(Dictionary`2 data, Byte slaveId) in /Users/songyinpei/jobs/IEC61850-simulatorServer2/ModbusSlave.cs:line 199 

2025-12-29 13:19:49,564 [6] WARN  IEC61850_simulatorServer2.ModbusSlave [199] - Scale apply failed for yc7: System.InvalidCastException: Unable to cast object of type 'System.Int32' to type 'System.Single'.
   at IEC61850_simulatorServer2.ModbusSlave.Write(Dictionary`2 data, Byte slaveId) in /Users/songyinpei/jobs/IEC61850-simulatorServer2/ModbusSlave.cs:line 199 

2025-12-29 13:19:49,566 [6] WARN  IEC61850_simulatorServer2.ModbusSlave [199] - Scale apply failed for yc8: System.InvalidCastException: Unable to cast object of type 'System.Int32' to type 'System.Single'.
   at IEC61850_simulatorServer2.ModbusSlave.Write(Dictionary`2 data, Byte slaveId) in /Users/songyinpei/jobs/IEC61850-simulatorServer2/ModbusSlave.cs:line 199 

2025-12-29 13:19:49,569 [6] WARN  IEC61850_simulatorServer2.ModbusSlave [199] - Scale apply failed for yc9: System.InvalidCastException: Unable to cast object of type 'System.Int32' to type 'System.Single'.
   at IEC61850_simulatorServer2.ModbusSlave.Write(Dictionary`2 data, Byte slaveId) in /Users/songyinpei/jobs/IEC61850-simulatorServer2/ModbusSlave.cs:line 199 

2025-12-29 13:19:49,571 [6] WARN  IEC61850_simulatorServer2.ModbusSlave [199] - Scale apply failed for yc11: System.InvalidCastException: Unable to cast object of type 'System.Int32' to type 'System.Single'.
   at IEC61850_simulatorServer2.ModbusSlave.Write(Dictionary`2 data, Byte slaveId) in /Users/songyinpei/jobs/IEC61850-simulatorServer2/ModbusSlave.cs:line 199 

2025-12-29 13:19:49,573 [6] WARN  IEC61850_simulatorServer2.ModbusSlave [199] - Scale apply failed for yc10: System.InvalidCastException: Unable to cast object of type 'System.Int32' to type 'System.Single'.
   at IEC61850_simulatorServer2.ModbusSlave.Write(Dictionary`2 data, Byte slaveId) in /Users/songyinpei/jobs/IEC61850-simulatorServer2/ModbusSlave.cs:line 199 

2025-12-29 13:19:49,600 [6] WARN  IEC61850_simulatorServer2.ModbusSlave [199] - Scale apply failed for yc12: System.InvalidCastException: Unable to cast object of type 'System.Int32' to type 'System.Single'.
   at IEC61850_simulatorServer2.ModbusSlave.Write(Dictionary`2 data, Byte slaveId) in /Users/songyinpei/jobs/IEC61850-simulatorServer2/ModbusSlave.cs:line 199 

2025-12-29 13:19:49,603 [6] WARN  IEC61850_simulatorServer2.ModbusSlave [199] - Scale apply failed for yc20: System.InvalidCastException: Unable to cast object of type 'System.Int32' to type 'System.Single'.
   at IEC61850_simulatorServer2.ModbusSlave.Write(Dictionary`2 data, Byte slaveId) in /Users/songyinpei/jobs/IEC61850-simulatorServer2/ModbusSlave.cs:line 199 

2025-12-29 13:19:49,625 [6] WARN  IEC61850_simulatorServer2.ModbusSlave [199] - Scale apply failed for yc21: System.InvalidCastException: Unable to cast object of type 'System.Int32' to type 'System.Single'.
   at IEC61850_simulatorServer2.ModbusSlave.Write(Dictionary`2 data, Byte slaveId) in /Users/songyinpei/jobs/IEC61850-simulatorServer2/ModbusSlave.cs:line 199 

2025-12-29 13:19:49,627 [6] WARN  IEC61850_simulatorServer2.ModbusSlave [199] - Scale apply failed for yc22: System.InvalidCastException: Unable to cast object of type 'System.Int32' to type 'System.Single'.
   at IEC61850_simulatorServer2.ModbusSlave.Write(Dictionary`2 data, Byte slaveId) in /Users/songyinpei/jobs/IEC61850-simulatorServer2/ModbusSlave.cs:line 199 

2025-12-29 13:19:49,630 [6] WARN  IEC61850_simulatorServer2.ModbusSlave [199] - Scale apply failed for yc23: System.InvalidCastException: Unable to cast object of type 'System.Int32' to type 'System.Single'.
   at IEC61850_simulatorServer2.ModbusSlave.Write(Dictionary`2 data, Byte slaveId) in /Users/songyinpei/jobs/IEC61850-simulatorServer2/ModbusSlave.cs:line 199 

2025-12-29 13:19:49,632 [6] WARN  IEC61850_simulatorServer2.ModbusSlave [199] - Scale apply failed for yc24: System.InvalidCastException: Unable to cast object of type 'System.Int32' to type 'System.Single'.
   at IEC61850_simulatorServer2.ModbusSlave.Write(Dictionary`2 data, Byte slaveId) in /Users/songyinpei/jobs/IEC61850-simulatorServer2/ModbusSlave.cs:line 199 

2025-12-29 13:19:49,634 [6] WARN  IEC61850_simulatorServer2.ModbusSlave [199] - Scale apply failed for yc25: System.InvalidCastException: Unable to cast object of type 'System.Int32' to type 'System.Single'.
   at IEC61850_simulatorServer2.ModbusSlave.Write(Dictionary`2 data, Byte slaveId) in /Users/songyinpei/jobs/IEC61850-simulatorServer2/ModbusSlave.cs:line 199 

2025-12-29 13:19:49,636 [6] WARN  IEC61850_simulatorServer2.ModbusSlave [199] - Scale apply failed for yc26: System.InvalidCastException: Unable to cast object of type 'System.Int32' to type 'System.Single'.
   at IEC61850_simulatorServer2.ModbusSlave.Write(Dictionary`2 data, Byte slaveId) in /Users/songyinpei/jobs/IEC61850-simulatorServer2/ModbusSlave.cs:line 199 

2025-12-29 13:19:49,639 [6] WARN  IEC61850_simulatorServer2.ModbusSlave [199] - Scale apply failed for yc27: System.InvalidCastException: Unable to cast object of type 'System.Int32' to type 'System.Single'.
   at IEC61850_simulatorServer2.ModbusSlave.Write(Dictionary`2 data, Byte slaveId) in /Users/songyinpei/jobs/IEC61850-simulatorServer2/ModbusSlave.cs:line 199 

2025-12-29 13:19:49,641 [6] WARN  IEC61850_simulatorServer2.ModbusSlave [199] - Scale apply failed for yc28: System.InvalidCastException: Unable to cast object of type 'System.Int32' to type 'System.Single'.
   at IEC61850_simulatorServer2.ModbusSlave.Write(Dictionary`2 data, Byte slaveId) in /Users/songyinpei/jobs/IEC61850-simulatorServer2/ModbusSlave.cs:line 199 

2025-12-29 13:19:49,643 [6] WARN  IEC61850_simulatorServer2.ModbusSlave [199] - Scale apply failed for yc29: System.InvalidCastException: Unable to cast object of type 'System.Int32' to type 'System.Single'.
   at IEC61850_simulatorServer2.ModbusSlave.Write(Dictionary`2 data, Byte slaveId) in /Users/songyinpei/jobs/IEC61850-simulatorServer2/ModbusSlave.cs:line 199 

2025-12-29 13:19:49,645 [6] WARN  IEC61850_simulatorServer2.ModbusSlave [199] - Scale apply failed for yc30: System.InvalidCastException: Unable to cast object of type 'System.Int32' to type 'System.Single'.
   at IEC61850_simulatorServer2.ModbusSlave.Write(Dictionary`2 data, Byte slaveId) in /Users/songyinpei/jobs/IEC61850-simulatorServer2/ModbusSlave.cs:line 199 

2025-12-29 13:19:49,648 [6] WARN  IEC61850_simulatorServer2.ModbusSlave [199] - Scale apply failed for yc31: System.InvalidCastException: Unable to cast object of type 'System.Int32' to type 'System.Single'.
   at IEC61850_simulatorServer2.ModbusSlave.Write(Dictionary`2 data, Byte slaveId) in /Users/songyinpei/jobs/IEC61850-simulatorServer2/ModbusSlave.cs:line 199 

2025-12-29 13:19:49,650 [6] WARN  IEC61850_simulatorServer2.ModbusSlave [199] - Scale apply failed for yc32: System.InvalidCastException: Unable to cast object of type 'System.Int32' to type 'System.Single'.
   at IEC61850_simulatorServer2.ModbusSlave.Write(Dictionary`2 data, Byte slaveId) in /Users/songyinpei/jobs/IEC61850-simulatorServer2/ModbusSlave.cs:line 199 

2025-12-29 13:19:49,652 [6] WARN  IEC61850_simulatorServer2.ModbusSlave [199] - Scale apply failed for yc33: System.InvalidCastException: Unable to cast object of type 'System.Int32' to type 'System.Single'.
   at IEC61850_simulatorServer2.ModbusSlave.Write(Dictionary`2 data, Byte slaveId) in /Users/songyinpei/jobs/IEC61850-simulatorServer2/ModbusSlave.cs:line 199 

2025-12-29 13:19:49,654 [6] WARN  IEC61850_simulatorServer2.ModbusSlave [199] - Scale apply failed for yc34: System.InvalidCastException: Unable to cast object of type 'System.Int32' to type 'System.Single'.
   at IEC61850_simulatorServer2.ModbusSlave.Write(Dictionary`2 data, Byte slaveId) in /Users/songyinpei/jobs/IEC61850-simulatorServer2/ModbusSlave.cs:line 199 

2025-12-29 13:19:49,656 [6] WARN  IEC61850_simulatorServer2.ModbusSlave [199] - Scale apply failed for yc35: System.InvalidCastException: Unable to cast object of type 'System.Int32' to type 'System.Single'.
   at IEC61850_simulatorServer2.ModbusSlave.Write(Dictionary`2 data, Byte slaveId) in /Users/songyinpei/jobs/IEC61850-simulatorServer2/ModbusSlave.cs:line 199 

2025-12-29 13:19:49,658 [6] WARN  IEC61850_simulatorServer2.ModbusSlave [199] - Scale apply failed for yc36: System.InvalidCastException: Unable to cast object of type 'System.Int32' to type 'System.Single'.
   at IEC61850_simulatorServer2.ModbusSlave.Write(Dictionary`2 data, Byte slaveId) in /Users/songyinpei/jobs/IEC61850-simulatorServer2/ModbusSlave.cs:line 199 

2025-12-29 13:19:49,660 [6] WARN  IEC61850_simulatorServer2.ModbusSlave [199] - Scale apply failed for yc37: System.InvalidCastException: Unable to cast object of type 'System.Int32' to type 'System.Single'.
   at IEC61850_simulatorServer2.ModbusSlave.Write(Dictionary`2 data, Byte slaveId) in /Users/songyinpei/jobs/IEC61850-simulatorServer2/ModbusSlave.cs:line 199 

2025-12-29 13:19:49,662 [6] WARN  IEC61850_simulatorServer2.ModbusSlave [199] - Scale apply failed for yc43: System.InvalidCastException: Unable to cast object of type 'System.Int32' to type 'System.Single'.
   at IEC61850_simulatorServer2.ModbusSlave.Write(Dictionary`2 data, Byte slaveId) in /Users/songyinpei/jobs/IEC61850-simulatorServer2/ModbusSlave.cs:line 199 

2025-12-29 13:19:49,664 [6] WARN  IEC61850_simulatorServer2.ModbusSlave [199] - Scale apply failed for yc45: System.InvalidCastException: Unable to cast object of type 'System.Int32' to type 'System.Single'.
   at IEC61850_simulatorServer2.ModbusSlave.Write(Dictionary`2 data, Byte slaveId) in /Users/songyinpei/jobs/IEC61850-simulatorServer2/ModbusSlave.cs:line 199 

2025-12-29 13:19:49,666 [6] WARN  IEC61850_simulatorServer2.ModbusSlave [199] - Scale apply failed for yc53: System.InvalidCastException: Unable to cast object of type 'System.Int32' to type 'System.Single'.
   at IEC61850_simulatorServer2.ModbusSlave.Write(Dictionary`2 data, Byte slaveId) in /Users/songyinpei/jobs/IEC61850-simulatorServer2/ModbusSlave.cs:line 199 

2025-12-29 13:19:50,580 [11] WARN  IEC61850_simulatorServer2.ModbusSlave [199] - Scale apply failed for param2: System.InvalidCastException: Unable to cast object of type 'System.Int32' to type 'System.Single'.
   at IEC61850_simulatorServer2.ModbusSlave.Write(Dictionary`2 data, Byte slaveId) in /Users/songyinpei/jobs/IEC61850-simulatorServer2/ModbusSlave.cs:line 199 

2025-12-29 13:19:50,583 [11] WARN  IEC61850_simulatorServer2.ModbusSlave [199] - Scale apply failed for param3: System.InvalidCastException: Unable to cast object of type 'System.Int32' to type 'System.Single'.
   at IEC61850_simulatorServer2.ModbusSlave.Write(Dictionary`2 data, Byte slaveId) in /Users/songyinpei/jobs/IEC61850-simulatorServer2/ModbusSlave.cs:line 199 

2025-12-29 13:19:50,586 [11] WARN  IEC61850_simulatorServer2.ModbusSlave [199] - Scale apply failed for param4: System.InvalidCastException: Unable to cast object of type 'System.Int32' to type 'System.Single'.
   at IEC61850_simulatorServer2.ModbusSlave.Write(Dictionary`2 data, Byte slaveId) in /Users/songyinpei/jobs/IEC61850-simulatorServer2/ModbusSlave.cs:line 199 

2025-12-29 13:19:50,588 [11] WARN  IEC61850_simulatorServer2.ModbusSlave [199] - Scale apply failed for param8: System.InvalidCastException: Unable to cast object of type 'System.Int32' to type 'System.Single'.
   at IEC61850_simulatorServer2.ModbusSlave.Write(Dictionary`2 data, Byte slaveId) in /Users/songyinpei/jobs/IEC61850-simulatorServer2/ModbusSlave.cs:line 199 

2025-12-29 13:19:50,590 [11] WARN  IEC61850_simulatorServer2.ModbusSlave [199] - Scale apply failed for param9: System.InvalidCastException: Unable to cast object of type 'System.Int32' to type 'System.Single'.
   at IEC61850_simulatorServer2.ModbusSlave.Write(Dictionary`2 data, Byte slaveId) in /Users/songyinpei/jobs/IEC61850-simulatorServer2/ModbusSlave.cs:line 199 

2025-12-29 13:19:50,592 [11] WARN  IEC61850_simulatorServer2.ModbusSlave [199] - Scale apply failed for param10: System.InvalidCastException: Unable to cast object of type 'System.Int32' to type 'System.Single'.
   at IEC61850_simulatorServer2.ModbusSlave.Write(Dictionary`2 data, Byte slaveId) in /Users/songyinpei/jobs/IEC61850-simulatorServer2/ModbusSlave.cs:line 199 

2025-12-29 13:19:50,594 [11] WARN  IEC61850_simulatorServer2.ModbusSlave [199] - Scale apply failed for param15: System.InvalidCastException: Unable to cast object of type 'System.Int32' to type 'System.Single'.
   at IEC61850_simulatorServer2.ModbusSlave.Write(Dictionary`2 data, Byte slaveId) in /Users/songyinpei/jobs/IEC61850-simulatorServer2/ModbusSlave.cs:line 199 

2025-12-29 13:19:50,621 [11] WARN  IEC61850_simulatorServer2.ModbusSlave [199] - Scale apply failed for param16: System.InvalidCastException: Unable to cast object of type 'System.Int32' to type 'System.Single'.
   at IEC61850_simulatorServer2.ModbusSlave.Write(Dictionary`2 data, Byte slaveId) in /Users/songyinpei/jobs/IEC61850-simulatorServer2/ModbusSlave.cs:line 199 

2025-12-29 13:19:50,623 [11] WARN  IEC61850_simulatorServer2.ModbusSlave [199] - Scale apply failed for param17: System.InvalidCastException: Unable to cast object of type 'System.Int32' to type 'System.Single'.
   at IEC61850_simulatorServer2.ModbusSlave.Write(Dictionary`2 data, Byte slaveId) in /Users/songyinpei/jobs/IEC61850-simulatorServer2/ModbusSlave.cs:line 199 

2025-12-29 13:19:50,625 [11] WARN  IEC61850_simulatorServer2.ModbusSlave [199] - Scale apply failed for param18: System.InvalidCastException: Unable to cast object of type 'System.Int32' to type 'System.Single'.
   at IEC61850_simulatorServer2.ModbusSlave.Write(Dictionary`2 data, Byte slaveId) in /Users/songyinpei/jobs/IEC61850-simulatorServer2/ModbusSlave.cs:line 199 

2025-12-29 13:19:50,627 [11] WARN  IEC61850_simulatorServer2.ModbusSlave [199] - Scale apply failed for param19: System.InvalidCastException: Unable to cast object of type 'System.Int32' to type 'System.Single'.
   at IEC61850_simulatorServer2.ModbusSlave.Write(Dictionary`2 data, Byte slaveId) in /Users/songyinpei/jobs/IEC61850-simulatorServer2/ModbusSlave.cs:line 199 

2025-12-29 13:19:50,629 [11] WARN  IEC61850_simulatorServer2.ModbusSlave [199] - Scale apply failed for param20: System.InvalidCastException: Unable to cast object of type 'System.Int32' to type 'System.Single'.
   at IEC61850_simulatorServer2.ModbusSlave.Write(Dictionary`2 data, Byte slaveId) in /Users/songyinpei/jobs/IEC61850-simulatorServer2/ModbusSlave.cs:line 199 

2025-12-29 13:19:50,631 [11] WARN  IEC61850_simulatorServer2.ModbusSlave [199] - Scale apply failed for param21: System.InvalidCastException: Unable to cast object of type 'System.Int32' to type 'System.Single'.
   at IEC61850_simulatorServer2.ModbusSlave.Write(Dictionary`2 data, Byte slaveId) in /Users/songyinpei/jobs/IEC61850-simulatorServer2/ModbusSlave.cs:line 199 

2025-12-29 13:19:50,633 [11] WARN  IEC61850_simulatorServer2.ModbusSlave [199] - Scale apply failed for param31: System.InvalidCastException: Unable to cast object of type 'System.Int32' to type 'System.Single'.
   at IEC61850_simulatorServer2.ModbusSlave.Write(Dictionary`2 data, Byte slaveId) in /Users/songyinpei/jobs/IEC61850-simulatorServer2/ModbusSlave.cs:line 199 

2025-12-29 13:19:50,635 [11] WARN  IEC61850_simulatorServer2.ModbusSlave [199] - Scale apply failed for param32: System.InvalidCastException: Unable to cast object of type 'System.Int32' to type 'System.Single'.
   at IEC61850_simulatorServer2.ModbusSlave.Write(Dictionary`2 data, Byte slaveId) in /Users/songyinpei/jobs/IEC61850-simulatorServer2/ModbusSlave.cs:line 199 

2025-12-29 13:19:50,658 [11] WARN  IEC61850_simulatorServer2.ModbusSlave [199] - Scale apply failed for param33: System.InvalidCastException: Unable to cast object of type 'System.Int32' to type 'System.Single'.
   at IEC61850_simulatorServer2.ModbusSlave.Write(Dictionary`2 data, Byte slaveId) in /Users/songyinpei/jobs/IEC61850-simulatorServer2/ModbusSlave.cs:line 199 

2025-12-29 13:19:50,684 [11] WARN  IEC61850_simulatorServer2.ModbusSlave [199] - Scale apply failed for param34: System.InvalidCastException: Unable to cast object of type 'System.Int32' to type 'System.Single'.
   at IEC61850_simulatorServer2.ModbusSlave.Write(Dictionary`2 data, Byte slaveId) in /Users/songyinpei/jobs/IEC61850-simulatorServer2/ModbusSlave.cs:line 199 

2025-12-29 13:19:50,735 [11] WARN  IEC61850_simulatorServer2.ModbusSlave [199] - Scale apply failed for param35: System.InvalidCastException: Unable to cast object of type 'System.Int32' to type 'System.Single'.
   at IEC61850_simulatorServer2.ModbusSlave.Write(Dictionary`2 data, Byte slaveId) in /Users/songyinpei/jobs/IEC61850-simulatorServer2/ModbusSlave.cs:line 199 

2025-12-29 13:19:50,738 [11] WARN  IEC61850_simulatorServer2.ModbusSlave [199] - Scale apply failed for param36: System.InvalidCastException: Unable to cast object of type 'System.Int32' to type 'System.Single'.
   at IEC61850_simulatorServer2.ModbusSlave.Write(Dictionary`2 data, Byte slaveId) in /Users/songyinpei/jobs/IEC61850-simulatorServer2/ModbusSlave.cs:line 199 

2025-12-29 13:19:50,791 [11] WARN  IEC61850_simulatorServer2.ModbusSlave [199] - Scale apply failed for param37: System.InvalidCastException: Unable to cast object of type 'System.Int32' to type 'System.Single'.
   at IEC61850_simulatorServer2.ModbusSlave.Write(Dictionary`2 data, Byte slaveId) in /Users/songyinpei/jobs/IEC61850-simulatorServer2/ModbusSlave.cs:line 199 

2025-12-29 13:19:50,819 [11] WARN  IEC61850_simulatorServer2.ModbusSlave [199] - Scale apply failed for param38: System.InvalidCastException: Unable to cast object of type 'System.Int32' to type 'System.Single'.
   at IEC61850_simulatorServer2.ModbusSlave.Write(Dictionary`2 data, Byte slaveId) in /Users/songyinpei/jobs/IEC61850-simulatorServer2/ModbusSlave.cs:line 199 

2025-12-29 13:19:50,822 [11] WARN  IEC61850_simulatorServer2.ModbusSlave [199] - Scale apply failed for param39: System.InvalidCastException: Unable to cast object of type 'System.Int32' to type 'System.Single'.
   at IEC61850_simulatorServer2.ModbusSlave.Write(Dictionary`2 data, Byte slaveId) in /Users/songyinpei/jobs/IEC61850-simulatorServer2/ModbusSlave.cs:line 199 

2025-12-29 13:19:50,849 [11] WARN  IEC61850_simulatorServer2.ModbusSlave [199] - Scale apply failed for param40: System.InvalidCastException: Unable to cast object of type 'System.Int32' to type 'System.Single'.
   at IEC61850_simulatorServer2.ModbusSlave.Write(Dictionary`2 data, Byte slaveId) in /Users/songyinpei/jobs/IEC61850-simulatorServer2/ModbusSlave.cs:line 199 

2025-12-29 13:19:50,879 [11] WARN  IEC61850_simulatorServer2.ModbusSlave [199] - Scale apply failed for param41: System.InvalidCastException: Unable to cast object of type 'System.Int32' to type 'System.Single'.
   at IEC61850_simulatorServer2.ModbusSlave.Write(Dictionary`2 data, Byte slaveId) in /Users/songyinpei/jobs/IEC61850-simulatorServer2/ModbusSlave.cs:line 199 

2025-12-29 13:19:50,932 [11] WARN  IEC61850_simulatorServer2.ModbusSlave [199] - Scale apply failed for param42: System.InvalidCastException: Unable to cast object of type 'System.Int32' to type 'System.Single'.
   at IEC61850_simulatorServer2.ModbusSlave.Write(Dictionary`2 data, Byte slaveId) in /Users/songyinpei/jobs/IEC61850-simulatorServer2/ModbusSlave.cs:line 199 

2025-12-29 13:19:50,985 [11] WARN  IEC61850_simulatorServer2.ModbusSlave [199] - Scale apply failed for param43: System.InvalidCastException: Unable to cast object of type 'System.Int32' to type 'System.Single'.
   at IEC61850_simulatorServer2.ModbusSlave.Write(Dictionary`2 data, Byte slaveId) in /Users/songyinpei/jobs/IEC61850-simulatorServer2/ModbusSlave.cs:line 199 

2025-12-29 13:19:51,038 [11] WARN  IEC61850_simulatorServer2.ModbusSlave [199] - Scale apply failed for param44: System.InvalidCastException: Unable to cast object of type 'System.Int32' to type 'System.Single'.
   at IEC61850_simulatorServer2.ModbusSlave.Write(Dictionary`2 data, Byte slaveId) in /Users/songyinpei/jobs/IEC61850-simulatorServer2/ModbusSlave.cs:line 199 

2025-12-29 13:19:51,097 [11] WARN  IEC61850_simulatorServer2.ModbusSlave [199] - Scale apply failed for param45: System.InvalidCastException: Unable to cast object of type 'System.Int32' to type 'System.Single'.
   at IEC61850_simulatorServer2.ModbusSlave.Write(Dictionary`2 data, Byte slaveId) in /Users/songyinpei/jobs/IEC61850-simulatorServer2/ModbusSlave.cs:line 199 

2025-12-29 13:19:51,134 [11] WARN  IEC61850_simulatorServer2.ModbusSlave [199] - Scale apply failed for param46: System.InvalidCastException: Unable to cast object of type 'System.Int32' to type 'System.Single'.
   at IEC61850_simulatorServer2.ModbusSlave.Write(Dictionary`2 data, Byte slaveId) in /Users/songyinpei/jobs/IEC61850-simulatorServer2/ModbusSlave.cs:line 199 

2025-12-29 13:19:51,193 [11] WARN  IEC61850_simulatorServer2.ModbusSlave [199] - Scale apply failed for param47: System.InvalidCastException: Unable to cast object of type 'System.Int32' to type 'System.Single'.
   at IEC61850_simulatorServer2.ModbusSlave.Write(Dictionary`2 data, Byte slaveId) in /Users/songyinpei/jobs/IEC61850-simulatorServer2/ModbusSlave.cs:line 199 

2025-12-29 13:19:51,249 [11] WARN  IEC61850_simulatorServer2.ModbusSlave [199] - Scale apply failed for param48: System.InvalidCastException: Unable to cast object of type 'System.Int32' to type 'System.Single'.
   at IEC61850_simulatorServer2.ModbusSlave.Write(Dictionary`2 data, Byte slaveId) in /Users/songyinpei/jobs/IEC61850-simulatorServer2/ModbusSlave.cs:line 199 

2025-12-29 13:19:51,281 [11] WARN  IEC61850_simulatorServer2.ModbusSlave [199] - Scale apply failed for param49: System.InvalidCastException: Unable to cast object of type 'System.Int32' to type 'System.Single'.
   at IEC61850_simulatorServer2.ModbusSlave.Write(Dictionary`2 data, Byte slaveId) in /Users/songyinpei/jobs/IEC61850-simulatorServer2/ModbusSlave.cs:line 199 

2025-12-29 13:19:51,844 [13] WARN  IEC61850_simulatorServer2.ModbusSlave [199] - Scale apply failed for yc6: System.InvalidCastException: Unable to cast object of type 'System.Int32' to type 'System.Single'.
   at IEC61850_simulatorServer2.ModbusSlave.Write(Dictionary`2 data, Byte slaveId) in /Users/songyinpei/jobs/IEC61850-simulatorServer2/ModbusSlave.cs:line 199 

2025-12-29 13:19:51,846 [13] WARN  IEC61850_simulatorServer2.ModbusSlave [199] - Scale apply failed for yc7: System.InvalidCastException: Unable to cast object of type 'System.Int32' to type 'System.Single'.
   at IEC61850_simulatorServer2.ModbusSlave.Write(Dictionary`2 data, Byte slaveId) in /Users/songyinpei/jobs/IEC61850-simulatorServer2/ModbusSlave.cs:line 199 

2025-12-29 13:19:51,849 [13] WARN  IEC61850_simulatorServer2.ModbusSlave [199] - Scale apply failed for yc8: System.InvalidCastException: Unable to cast object of type 'System.Int32' to type 'System.Single'.
   at IEC61850_simulatorServer2.ModbusSlave.Write(Dictionary`2 data, Byte slaveId) in /Users/songyinpei/jobs/IEC61850-simulatorServer2/ModbusSlave.cs:line 199 

2025-12-29 13:19:51,851 [13] WARN  IEC61850_simulatorServer2.ModbusSlave [199] - Scale apply failed for yc9: System.InvalidCastException: Unable to cast object of type 'System.Int32' to type 'System.Single'.
   at IEC61850_simulatorServer2.ModbusSlave.Write(Dictionary`2 data, Byte slaveId) in /Users/songyinpei/jobs/IEC61850-simulatorServer2/ModbusSlave.cs:line 199 

2025-12-29 13:19:51,853 [13] WARN  IEC61850_simulatorServer2.ModbusSlave [199] - Scale apply failed for yc11: System.InvalidCastException: Unable to cast object of type 'System.Int32' to type 'System.Single'.
   at IEC61850_simulatorServer2.ModbusSlave.Write(Dictionary`2 data, Byte slaveId) in /Users/songyinpei/jobs/IEC61850-simulatorServer2/ModbusSlave.cs:line 199 

2025-12-29 13:19:51,855 [13] WARN  IEC61850_simulatorServer2.ModbusSlave [199] - Scale apply failed for yc10: System.InvalidCastException: Unable to cast object of type 'System.Int32' to type 'System.Single'.
   at IEC61850_simulatorServer2.ModbusSlave.Write(Dictionary`2 data, Byte slaveId) in /Users/songyinpei/jobs/IEC61850-simulatorServer2/ModbusSlave.cs:line 199 

2025-12-29 13:19:51,857 [13] WARN  IEC61850_simulatorServer2.ModbusSlave [199] - Scale apply failed for yc12: System.InvalidCastException: Unable to cast object of type 'System.Int32' to type 'System.Single'.
   at IEC61850_simulatorServer2.ModbusSlave.Write(Dictionary`2 data, Byte slaveId) in /Users/songyinpei/jobs/IEC61850-simulatorServer2/ModbusSlave.cs:line 199 

2025-12-29 13:19:51,884 [13] WARN  IEC61850_simulatorServer2.ModbusSlave [199] - Scale apply failed for yc20: System.InvalidCastException: Unable to cast object of type 'System.Int32' to type 'System.Single'.
   at IEC61850_simulatorServer2.ModbusSlave.Write(Dictionary`2 data, Byte slaveId) in /Users/songyinpei/jobs/IEC61850-simulatorServer2/ModbusSlave.cs:line 199 

2025-12-29 13:19:51,910 [13] WARN  IEC61850_simulatorServer2.ModbusSlave [199] - Scale apply failed for yc21: System.InvalidCastException: Unable to cast object of type 'System.Int32' to type 'System.Single'.
   at IEC61850_simulatorServer2.ModbusSlave.Write(Dictionary`2 data, Byte slaveId) in /Users/songyinpei/jobs/IEC61850-simulatorServer2/ModbusSlave.cs:line 199 

2025-12-29 13:19:51,960 [13] WARN  IEC61850_simulatorServer2.ModbusSlave [199] - Scale apply failed for yc22: System.InvalidCastException: Unable to cast object of type 'System.Int32' to type 'System.Single'.
   at IEC61850_simulatorServer2.ModbusSlave.Write(Dictionary`2 data, Byte slaveId) in /Users/songyinpei/jobs/IEC61850-simulatorServer2/ModbusSlave.cs:line 199 

2025-12-29 13:19:51,988 [13] WARN  IEC61850_simulatorServer2.ModbusSlave [199] - Scale apply failed for yc23: System.InvalidCastException: Unable to cast object of type 'System.Int32' to type 'System.Single'.
   at IEC61850_simulatorServer2.ModbusSlave.Write(Dictionary`2 data, Byte slaveId) in /Users/songyinpei/jobs/IEC61850-simulatorServer2/ModbusSlave.cs:line 199 

2025-12-29 13:19:52,016 [13] WARN  IEC61850_simulatorServer2.ModbusSlave [199] - Scale apply failed for yc24: System.InvalidCastException: Unable to cast object of type 'System.Int32' to type 'System.Single'.
   at IEC61850_simulatorServer2.ModbusSlave.Write(Dictionary`2 data, Byte slaveId) in /Users/songyinpei/jobs/IEC61850-simulatorServer2/ModbusSlave.cs:line 199 

2025-12-29 13:19:52,067 [13] WARN  IEC61850_simulatorServer2.ModbusSlave [199] - Scale apply failed for yc25: System.InvalidCastException: Unable to cast object of type 'System.Int32' to type 'System.Single'.
   at IEC61850_simulatorServer2.ModbusSlave.Write(Dictionary`2 data, Byte slaveId) in /Users/songyinpei/jobs/IEC61850-simulatorServer2/ModbusSlave.cs:line 199 

2025-12-29 13:19:52,096 [13] WARN  IEC61850_simulatorServer2.ModbusSlave [199] - Scale apply failed for yc26: System.InvalidCastException: Unable to cast object of type 'System.Int32' to type 'System.Single'.
   at IEC61850_simulatorServer2.ModbusSlave.Write(Dictionary`2 data, Byte slaveId) in /Users/songyinpei/jobs/IEC61850-simulatorServer2/ModbusSlave.cs:line 199 

2025-12-29 13:19:52,147 [13] WARN  IEC61850_simulatorServer2.ModbusSlave [199] - Scale apply failed for yc27: System.InvalidCastException: Unable to cast object of type 'System.Int32' to type 'System.Single'.
   at IEC61850_simulatorServer2.ModbusSlave.Write(Dictionary`2 data, Byte slaveId) in /Users/songyinpei/jobs/IEC61850-simulatorServer2/ModbusSlave.cs:line 199 

2025-12-29 13:19:52,161 [13] WARN  IEC61850_simulatorServer2.ModbusSlave [199] - Scale apply failed for yc28: System.InvalidCastException: Unable to cast object of type 'System.Int32' to type 'System.Single'.
   at IEC61850_simulatorServer2.ModbusSlave.Write(Dictionary`2 data, Byte slaveId) in /Users/songyinpei/jobs/IEC61850-simulatorServer2/ModbusSlave.cs:line 199 

2025-12-29 13:19:52,166 [13] WARN  IEC61850_simulatorServer2.ModbusSlave [199] - Scale apply failed for yc29: System.InvalidCastException: Unable to cast object of type 'System.Int32' to type 'System.Single'.
   at IEC61850_simulatorServer2.ModbusSlave.Write(Dictionary`2 data, Byte slaveId) in /Users/songyinpei/jobs/IEC61850-simulatorServer2/ModbusSlave.cs:line 199 

2025-12-29 13:19:52,220 [13] WARN  IEC61850_simulatorServer2.ModbusSlave [199] - Scale apply failed for yc30: System.InvalidCastException: Unable to cast object of type 'System.Int32' to type 'System.Single'.
   at IEC61850_simulatorServer2.ModbusSlave.Write(Dictionary`2 data, Byte slaveId) in /Users/songyinpei/jobs/IEC61850-simulatorServer2/ModbusSlave.cs:line 199 

2025-12-29 13:19:52,249 [13] WARN  IEC61850_simulatorServer2.ModbusSlave [199] - Scale apply failed for yc31: System.InvalidCastException: Unable to cast object of type 'System.Int32' to type 'System.Single'.
   at IEC61850_simulatorServer2.ModbusSlave.Write(Dictionary`2 data, Byte slaveId) in /Users/songyinpei/jobs/IEC61850-simulatorServer2/ModbusSlave.cs:line 199 

2025-12-29 13:19:52,277 [13] WARN  IEC61850_simulatorServer2.ModbusSlave [199] - Scale apply failed for yc34: System.InvalidCastException: Unable to cast object of type 'System.Int32' to type 'System.Single'.
   at IEC61850_simulatorServer2.ModbusSlave.Write(Dictionary`2 data, Byte slaveId) in /Users/songyinpei/jobs/IEC61850-simulatorServer2/ModbusSlave.cs:line 199 

2025-12-29 13:19:52,328 [13] WARN  IEC61850_simulatorServer2.ModbusSlave [199] - Scale apply failed for yc35: System.InvalidCastException: Unable to cast object of type 'System.Int32' to type 'System.Single'.
   at IEC61850_simulatorServer2.ModbusSlave.Write(Dictionary`2 data, Byte slaveId) in /Users/songyinpei/jobs/IEC61850-simulatorServer2/ModbusSlave.cs:line 199 

2025-12-29 13:19:52,387 [13] WARN  IEC61850_simulatorServer2.ModbusSlave [199] - Scale apply failed for yc32: System.InvalidCastException: Unable to cast object of type 'System.Int32' to type 'System.Single'.
   at IEC61850_simulatorServer2.ModbusSlave.Write(Dictionary`2 data, Byte slaveId) in /Users/songyinpei/jobs/IEC61850-simulatorServer2/ModbusSlave.cs:line 199 

2025-12-29 13:19:52,394 [13] WARN  IEC61850_simulatorServer2.ModbusSlave [199] - Scale apply failed for yc33: System.InvalidCastException: Unable to cast object of type 'System.Int32' to type 'System.Single'.
   at IEC61850_simulatorServer2.ModbusSlave.Write(Dictionary`2 data, Byte slaveId) in /Users/songyinpei/jobs/IEC61850-simulatorServer2/ModbusSlave.cs:line 199 

2025-12-29 13:19:52,399 [13] WARN  IEC61850_simulatorServer2.ModbusSlave [199] - Scale apply failed for yc36: System.InvalidCastException: Unable to cast object of type 'System.Int32' to type 'System.Single'.
   at IEC61850_simulatorServer2.ModbusSlave.Write(Dictionary`2 data, Byte slaveId) in /Users/songyinpei/jobs/IEC61850-simulatorServer2/ModbusSlave.cs:line 199 

2025-12-29 13:19:52,452 [13] WARN  IEC61850_simulatorServer2.ModbusSlave [199] - Scale apply failed for yc37: System.InvalidCastException: Unable to cast object of type 'System.Int32' to type 'System.Single'.
   at IEC61850_simulatorServer2.ModbusSlave.Write(Dictionary`2 data, Byte slaveId) in /Users/songyinpei/jobs/IEC61850-simulatorServer2/ModbusSlave.cs:line 199 

2025-12-29 13:19:52,485 [13] WARN  IEC61850_simulatorServer2.ModbusSlave [199] - Scale apply failed for yc53: System.InvalidCastException: Unable to cast object of type 'System.Int32' to type 'System.Single'.
   at IEC61850_simulatorServer2.ModbusSlave.Write(Dictionary`2 data, Byte slaveId) in /Users/songyinpei/jobs/IEC61850-simulatorServer2/ModbusSlave.cs:line 199 

2025-12-29 13:19:52,515 [13] WARN  IEC61850_simulatorServer2.ModbusSlave [199] - Scale apply failed for yc43: System.InvalidCastException: Unable to cast object of type 'System.Int32' to type 'System.Single'.
   at IEC61850_simulatorServer2.ModbusSlave.Write(Dictionary`2 data, Byte slaveId) in /Users/songyinpei/jobs/IEC61850-simulatorServer2/ModbusSlave.cs:line 199 

2025-12-29 13:19:52,543 [13] WARN  IEC61850_simulatorServer2.ModbusSlave [199] - Scale apply failed for yc45: System.InvalidCastException: Unable to cast object of type 'System.Int32' to type 'System.Single'.
   at IEC61850_simulatorServer2.ModbusSlave.Write(Dictionary`2 data, Byte slaveId) in /Users/songyinpei/jobs/IEC61850-simulatorServer2/ModbusSlave.cs:line 199 

2025-12-29 13:19:52,904 [16] WARN  IEC61850_simulatorServer2.ModbusSlave [199] - Scale apply failed for param2: System.InvalidCastException: Unable to cast object of type 'System.Int32' to type 'System.Single'.
   at IEC61850_simulatorServer2.ModbusSlave.Write(Dictionary`2 data, Byte slaveId) in /Users/songyinpei/jobs/IEC61850-simulatorServer2/ModbusSlave.cs:line 199 

2025-12-29 13:19:52,908 [16] WARN  IEC61850_simulatorServer2.ModbusSlave [199] - Scale apply failed for param3: System.InvalidCastException: Unable to cast object of type 'System.Int32' to type 'System.Single'.
   at IEC61850_simulatorServer2.ModbusSlave.Write(Dictionary`2 data, Byte slaveId) in /Users/songyinpei/jobs/IEC61850-simulatorServer2/ModbusSlave.cs:line 199 

2025-12-29 13:19:52,936 [16] WARN  IEC61850_simulatorServer2.ModbusSlave [199] - Scale apply failed for param4: System.InvalidCastException: Unable to cast object of type 'System.Int32' to type 'System.Single'.
   at IEC61850_simulatorServer2.ModbusSlave.Write(Dictionary`2 data, Byte slaveId) in /Users/songyinpei/jobs/IEC61850-simulatorServer2/ModbusSlave.cs:line 199 

2025-12-29 13:19:52,963 [16] WARN  IEC61850_simulatorServer2.ModbusSlave [199] - Scale apply failed for param8: System.InvalidCastException: Unable to cast object of type 'System.Int32' to type 'System.Single'.
   at IEC61850_simulatorServer2.ModbusSlave.Write(Dictionary`2 data, Byte slaveId) in /Users/songyinpei/jobs/IEC61850-simulatorServer2/ModbusSlave.cs:line 199 

2025-12-29 13:19:52,966 [16] WARN  IEC61850_simulatorServer2.ModbusSlave [199] - Scale apply failed for param9: System.InvalidCastException: Unable to cast object of type 'System.Int32' to type 'System.Single'.
   at IEC61850_simulatorServer2.ModbusSlave.Write(Dictionary`2 data, Byte slaveId) in /Users/songyinpei/jobs/IEC61850-simulatorServer2/ModbusSlave.cs:line 199 

2025-12-29 13:19:52,994 [16] WARN  IEC61850_simulatorServer2.ModbusSlave [199] - Scale apply failed for param10: System.InvalidCastException: Unable to cast object of type 'System.Int32' to type 'System.Single'.
   at IEC61850_simulatorServer2.ModbusSlave.Write(Dictionary`2 data, Byte slaveId) in /Users/songyinpei/jobs/IEC61850-simulatorServer2/ModbusSlave.cs:line 199 

2025-12-29 13:19:52,997 [16] WARN  IEC61850_simulatorServer2.ModbusSlave [199] - Scale apply failed for param15: System.InvalidCastException: Unable to cast object of type 'System.Int32' to type 'System.Single'.
   at IEC61850_simulatorServer2.ModbusSlave.Write(Dictionary`2 data, Byte slaveId) in /Users/songyinpei/jobs/IEC61850-simulatorServer2/ModbusSlave.cs:line 199 

2025-12-29 13:19:53,024 [16] WARN  IEC61850_simulatorServer2.ModbusSlave [199] - Scale apply failed for param16: System.InvalidCastException: Unable to cast object of type 'System.Int32' to type 'System.Single'.
   at IEC61850_simulatorServer2.ModbusSlave.Write(Dictionary`2 data, Byte slaveId) in /Users/songyinpei/jobs/IEC61850-simulatorServer2/ModbusSlave.cs:line 199 

2025-12-29 13:19:53,053 [16] WARN  IEC61850_simulatorServer2.ModbusSlave [199] - Scale apply failed for param17: System.InvalidCastException: Unable to cast object of type 'System.Int32' to type 'System.Single'.
   at IEC61850_simulatorServer2.ModbusSlave.Write(Dictionary`2 data, Byte slaveId) in /Users/songyinpei/jobs/IEC61850-simulatorServer2/ModbusSlave.cs:line 199 

2025-12-29 13:19:53,078 [16] WARN  IEC61850_simulatorServer2.ModbusSlave [199] - Scale apply failed for param18: System.InvalidCastException: Unable to cast object of type 'System.Int32' to type 'System.Single'.
   at IEC61850_simulatorServer2.ModbusSlave.Write(Dictionary`2 data, Byte slaveId) in /Users/songyinpei/jobs/IEC61850-simulatorServer2/ModbusSlave.cs:line 199 

2025-12-29 13:19:53,101 [16] WARN  IEC61850_simulatorServer2.ModbusSlave [199] - Scale apply failed for param19: System.InvalidCastException: Unable to cast object of type 'System.Int32' to type 'System.Single'.
   at IEC61850_simulatorServer2.ModbusSlave.Write(Dictionary`2 data, Byte slaveId) in /Users/songyinpei/jobs/IEC61850-simulatorServer2/ModbusSlave.cs:line 199 

2025-12-29 13:19:53,105 [16] WARN  IEC61850_simulatorServer2.ModbusSlave [199] - Scale apply failed for param20: System.InvalidCastException: Unable to cast object of type 'System.Int32' to type 'System.Single'.
   at IEC61850_simulatorServer2.ModbusSlave.Write(Dictionary`2 data, Byte slaveId) in /Users/songyinpei/jobs/IEC61850-simulatorServer2/ModbusSlave.cs:line 199 

2025-12-29 13:19:53,133 [16] WARN  IEC61850_simulatorServer2.ModbusSlave [199] - Scale apply failed for param21: System.InvalidCastException: Unable to cast object of type 'System.Int32' to type 'System.Single'.
   at IEC61850_simulatorServer2.ModbusSlave.Write(Dictionary`2 data, Byte slaveId) in /Users/songyinpei/jobs/IEC61850-simulatorServer2/ModbusSlave.cs:line 199 

2025-12-29 13:19:53,136 [16] WARN  IEC61850_simulatorServer2.ModbusSlave [199] - Scale apply failed for param31: System.InvalidCastException: Unable to cast object of type 'System.Int32' to type 'System.Single'.
   at IEC61850_simulatorServer2.ModbusSlave.Write(Dictionary`2 data, Byte slaveId) in /Users/songyinpei/jobs/IEC61850-simulatorServer2/ModbusSlave.cs:line 199 

2025-12-29 13:19:53,139 [16] WARN  IEC61850_simulatorServer2.ModbusSlave [199] - Scale apply failed for param32: System.InvalidCastException: Unable to cast object of type 'System.Int32' to type 'System.Single'.
   at IEC61850_simulatorServer2.ModbusSlave.Write(Dictionary`2 data, Byte slaveId) in /Users/songyinpei/jobs/IEC61850-simulatorServer2/ModbusSlave.cs:line 199 

2025-12-29 13:19:53,142 [16] WARN  IEC61850_simulatorServer2.ModbusSlave [199] - Scale apply failed for param33: System.InvalidCastException: Unable to cast object of type 'System.Int32' to type 'System.Single'.
   at IEC61850_simulatorServer2.ModbusSlave.Write(Dictionary`2 data, Byte slaveId) in /Users/songyinpei/jobs/IEC61850-simulatorServer2/ModbusSlave.cs:line 199 

2025-12-29 13:19:53,144 [16] WARN  IEC61850_simulatorServer2.ModbusSlave [199] - Scale apply failed for param34: System.InvalidCastException: Unable to cast object of type 'System.Int32' to type 'System.Single'.
   at IEC61850_simulatorServer2.ModbusSlave.Write(Dictionary`2 data, Byte slaveId) in /Users/songyinpei/jobs/IEC61850-simulatorServer2/ModbusSlave.cs:line 199 

2025-12-29 13:19:53,147 [16] WARN  IEC61850_simulatorServer2.ModbusSlave [199] - Scale apply failed for param35: System.InvalidCastException: Unable to cast object of type 'System.Int32' to type 'System.Single'.
   at IEC61850_simulatorServer2.ModbusSlave.Write(Dictionary`2 data, Byte slaveId) in /Users/songyinpei/jobs/IEC61850-simulatorServer2/ModbusSlave.cs:line 199 

2025-12-29 13:19:53,174 [16] WARN  IEC61850_simulatorServer2.ModbusSlave [199] - Scale apply failed for param36: System.InvalidCastException: Unable to cast object of type 'System.Int32' to type 'System.Single'.
   at IEC61850_simulatorServer2.ModbusSlave.Write(Dictionary`2 data, Byte slaveId) in /Users/songyinpei/jobs/IEC61850-simulatorServer2/ModbusSlave.cs:line 199 

2025-12-29 13:19:53,178 [16] WARN  IEC61850_simulatorServer2.ModbusSlave [199] - Scale apply failed for param37: System.InvalidCastException: Unable to cast object of type 'System.Int32' to type 'System.Single'.
   at IEC61850_simulatorServer2.ModbusSlave.Write(Dictionary`2 data, Byte slaveId) in /Users/songyinpei/jobs/IEC61850-simulatorServer2/ModbusSlave.cs:line 199 

2025-12-29 13:19:53,181 [16] WARN  IEC61850_simulatorServer2.ModbusSlave [199] - Scale apply failed for param39: System.InvalidCastException: Unable to cast object of type 'System.Int32' to type 'System.Single'.
   at IEC61850_simulatorServer2.ModbusSlave.Write(Dictionary`2 data, Byte slaveId) in /Users/songyinpei/jobs/IEC61850-simulatorServer2/ModbusSlave.cs:line 199 

2025-12-29 13:19:53,231 [16] WARN  IEC61850_simulatorServer2.ModbusSlave [199] - Scale apply failed for param40: System.InvalidCastException: Unable to cast object of type 'System.Int32' to type 'System.Single'.
   at IEC61850_simulatorServer2.ModbusSlave.Write(Dictionary`2 data, Byte slaveId) in /Users/songyinpei/jobs/IEC61850-simulatorServer2/ModbusSlave.cs:line 199 

2025-12-29 13:19:53,235 [16] WARN  IEC61850_simulatorServer2.ModbusSlave [199] - Scale apply failed for param38: System.InvalidCastException: Unable to cast object of type 'System.Int32' to type 'System.Single'.
   at IEC61850_simulatorServer2.ModbusSlave.Write(Dictionary`2 data, Byte slaveId) in /Users/songyinpei/jobs/IEC61850-simulatorServer2/ModbusSlave.cs:line 199 

2025-12-29 13:19:53,241 [16] WARN  IEC61850_simulatorServer2.ModbusSlave [199] - Scale apply failed for param41: System.InvalidCastException: Unable to cast object of type 'System.Int32' to type 'System.Single'.
   at IEC61850_simulatorServer2.ModbusSlave.Write(Dictionary`2 data, Byte slaveId) in /Users/songyinpei/jobs/IEC61850-simulatorServer2/ModbusSlave.cs:line 199 

2025-12-29 13:19:53,245 [16] WARN  IEC61850_simulatorServer2.ModbusSlave [199] - Scale apply failed for param42: System.InvalidCastException: Unable to cast object of type 'System.Int32' to type 'System.Single'.
   at IEC61850_simulatorServer2.ModbusSlave.Write(Dictionary`2 data, Byte slaveId) in /Users/songyinpei/jobs/IEC61850-simulatorServer2/ModbusSlave.cs:line 199 

2025-12-29 13:19:53,297 [16] WARN  IEC61850_simulatorServer2.ModbusSlave [199] - Scale apply failed for param43: System.InvalidCastException: Unable to cast object of type 'System.Int32' to type 'System.Single'.
   at IEC61850_simulatorServer2.ModbusSlave.Write(Dictionary`2 data, Byte slaveId) in /Users/songyinpei/jobs/IEC61850-simulatorServer2/ModbusSlave.cs:line 199 

2025-12-29 13:19:53,301 [16] WARN  IEC61850_simulatorServer2.ModbusSlave [199] - Scale apply failed for param44: System.InvalidCastException: Unable to cast object of type 'System.Int32' to type 'System.Single'.
   at IEC61850_simulatorServer2.ModbusSlave.Write(Dictionary`2 data, Byte slaveId) in /Users/songyinpei/jobs/IEC61850-simulatorServer2/ModbusSlave.cs:line 199 

2025-12-29 13:19:53,305 [16] WARN  IEC61850_simulatorServer2.ModbusSlave [199] - Scale apply failed for param45: System.InvalidCastException: Unable to cast object of type 'System.Int32' to type 'System.Single'.
   at IEC61850_simulatorServer2.ModbusSlave.Write(Dictionary`2 data, Byte slaveId) in /Users/songyinpei/jobs/IEC61850-simulatorServer2/ModbusSlave.cs:line 199 

2025-12-29 13:19:53,329 [16] WARN  IEC61850_simulatorServer2.ModbusSlave [199] - Scale apply failed for param46: System.InvalidCastException: Unable to cast object of type 'System.Int32' to type 'System.Single'.
   at IEC61850_simulatorServer2.ModbusSlave.Write(Dictionary`2 data, Byte slaveId) in /Users/songyinpei/jobs/IEC61850-simulatorServer2/ModbusSlave.cs:line 199 

2025-12-29 13:19:53,392 [16] WARN  IEC61850_simulatorServer2.ModbusSlave [199] - Scale apply failed for param49: System.InvalidCastException: Unable to cast object of type 'System.Int32' to type 'System.Single'.
   at IEC61850_simulatorServer2.ModbusSlave.Write(Dictionary`2 data, Byte slaveId) in /Users/songyinpei/jobs/IEC61850-simulatorServer2/ModbusSlave.cs:line 199 

2025-12-29 13:19:53,420 [16] WARN  IEC61850_simulatorServer2.ModbusSlave [199] - Scale apply failed for param47: System.InvalidCastException: Unable to cast object of type 'System.Int32' to type 'System.Single'.
   at IEC61850_simulatorServer2.ModbusSlave.Write(Dictionary`2 data, Byte slaveId) in /Users/songyinpei/jobs/IEC61850-simulatorServer2/ModbusSlave.cs:line 199 

2025-12-29 13:19:53,445 [16] WARN  IEC61850_simulatorServer2.ModbusSlave [199] - Scale apply failed for param48: System.InvalidCastException: Unable to cast object of type 'System.Int32' to type 'System.Single'.
   at IEC61850_simulatorServer2.ModbusSlave.Write(Dictionary`2 data, Byte slaveId) in /Users/songyinpei/jobs/IEC61850-simulatorServer2/ModbusSlave.cs:line 199 

2025-12-29 13:19:53,959 [18] WARN  IEC61850_simulatorServer2.ModbusSlave [?] - Scale apply failed for yc0: System.InvalidCastException: Unable to cast object of type 'System.Int32' to type 'System.Single'.
   at IEC61850_simulatorServer2.ModbusSlave.Write(Dictionary`2 data, Byte slaveId) in /Users/songyinpei/jobs/IEC61850-simulatorServer2/ModbusSlave.cs:line 199 

2025-12-29 13:19:53,986 [18] WARN  IEC61850_simulatorServer2.ModbusSlave [?] - Scale apply failed for yc1: System.InvalidCastException: Unable to cast object of type 'System.Int32' to type 'System.Single'.
   at IEC61850_simulatorServer2.ModbusSlave.Write(Dictionary`2 data, Byte slaveId) in /Users/songyinpei/jobs/IEC61850-simulatorServer2/ModbusSlave.cs:line 199 

2025-12-29 13:19:54,013 [18] WARN  IEC61850_simulatorServer2.ModbusSlave [?] - Scale apply failed for yc2: System.InvalidCastException: Unable to cast object of type 'System.Int32' to type 'System.Single'.
   at IEC61850_simulatorServer2.ModbusSlave.Write(Dictionary`2 data, Byte slaveId) in /Users/songyinpei/jobs/IEC61850-simulatorServer2/ModbusSlave.cs:line 199 

2025-12-29 13:19:54,041 [18] WARN  IEC61850_simulatorServer2.ModbusSlave [?] - Scale apply failed for yc3: System.InvalidCastException: Unable to cast object of type 'System.Int32' to type 'System.Single'.
   at IEC61850_simulatorServer2.ModbusSlave.Write(Dictionary`2 data, Byte slaveId) in /Users/songyinpei/jobs/IEC61850-simulatorServer2/ModbusSlave.cs:line 199 

2025-12-29 13:19:54,091 [18] WARN  IEC61850_simulatorServer2.ModbusSlave [?] - Scale apply failed for yc4: System.InvalidCastException: Unable to cast object of type 'System.Int32' to type 'System.Single'.
   at IEC61850_simulatorServer2.ModbusSlave.Write(Dictionary`2 data, Byte slaveId) in /Users/songyinpei/jobs/IEC61850-simulatorServer2/ModbusSlave.cs:line 199 

2025-12-29 13:19:54,144 [18] WARN  IEC61850_simulatorServer2.ModbusSlave [?] - Scale apply failed for yc5: System.InvalidCastException: Unable to cast object of type 'System.Int32' to type 'System.Single'.
   at IEC61850_simulatorServer2.ModbusSlave.Write(Dictionary`2 data, Byte slaveId) in /Users/songyinpei/jobs/IEC61850-simulatorServer2/ModbusSlave.cs:line 199 

2025-12-29 13:19:54,203 [18] WARN  IEC61850_simulatorServer2.ModbusSlave [?] - Scale apply failed for yc6: System.InvalidCastException: Unable to cast object of type 'System.Int32' to type 'System.Single'.
   at IEC61850_simulatorServer2.ModbusSlave.Write(Dictionary`2 data, Byte slaveId) in /Users/songyinpei/jobs/IEC61850-simulatorServer2/ModbusSlave.cs:line 199 

2025-12-29 13:19:54,261 [18] WARN  IEC61850_simulatorServer2.ModbusSlave [?] - Scale apply failed for yc7: System.InvalidCastException: Unable to cast object of type 'System.Int32' to type 'System.Single'.
   at IEC61850_simulatorServer2.ModbusSlave.Write(Dictionary`2 data, Byte slaveId) in /Users/songyinpei/jobs/IEC61850-simulatorServer2/ModbusSlave.cs:line 199 

2025-12-29 13:19:54,296 [18] WARN  IEC61850_simulatorServer2.ModbusSlave [?] - Scale apply failed for yc8: System.InvalidCastException: Unable to cast object of type 'System.Int32' to type 'System.Single'.
   at IEC61850_simulatorServer2.ModbusSlave.Write(Dictionary`2 data, Byte slaveId) in /Users/songyinpei/jobs/IEC61850-simulatorServer2/ModbusSlave.cs:line 199 

2025-12-29 13:19:54,304 [18] WARN  IEC61850_simulatorServer2.ModbusSlave [?] - Scale apply failed for yc9: System.InvalidCastException: Unable to cast object of type 'System.Int32' to type 'System.Single'.
   at IEC61850_simulatorServer2.ModbusSlave.Write(Dictionary`2 data, Byte slaveId) in /Users/songyinpei/jobs/IEC61850-simulatorServer2/ModbusSlave.cs:line 199 

2025-12-29 13:19:54,357 [18] WARN  IEC61850_simulatorServer2.ModbusSlave [?] - Scale apply failed for yc10: System.InvalidCastException: Unable to cast object of type 'System.Int32' to type 'System.Single'.
   at IEC61850_simulatorServer2.ModbusSlave.Write(Dictionary`2 data, Byte slaveId) in /Users/songyinpei/jobs/IEC61850-simulatorServer2/ModbusSlave.cs:line 199 

2025-12-29 13:19:54,415 [18] WARN  IEC61850_simulatorServer2.ModbusSlave [?] - Scale apply failed for yc11: System.InvalidCastException: Unable to cast object of type 'System.Int32' to type 'System.Single'.
   at IEC61850_simulatorServer2.ModbusSlave.Write(Dictionary`2 data, Byte slaveId) in /Users/songyinpei/jobs/IEC61850-simulatorServer2/ModbusSlave.cs:line 199 

2025-12-29 13:19:54,453 [18] WARN  IEC61850_simulatorServer2.ModbusSlave [?] - Scale apply failed for yc12: System.InvalidCastException: Unable to cast object of type 'System.Int32' to type 'System.Single'.
   at IEC61850_simulatorServer2.ModbusSlave.Write(Dictionary`2 data, Byte slaveId) in /Users/songyinpei/jobs/IEC61850-simulatorServer2/ModbusSlave.cs:line 199 

2025-12-29 13:19:54,483 [18] WARN  IEC61850_simulatorServer2.ModbusSlave [?] - Scale apply failed for yc13: System.InvalidCastException: Unable to cast object of type 'System.Int32' to type 'System.Single'.
   at IEC61850_simulatorServer2.ModbusSlave.Write(Dictionary`2 data, Byte slaveId) in /Users/songyinpei/jobs/IEC61850-simulatorServer2/ModbusSlave.cs:line 199 

2025-12-29 13:19:54,537 [18] WARN  IEC61850_simulatorServer2.ModbusSlave [?] - Scale apply failed for yc14: System.InvalidCastException: Unable to cast object of type 'System.Int32' to type 'System.Single'.
   at IEC61850_simulatorServer2.ModbusSlave.Write(Dictionary`2 data, Byte slaveId) in /Users/songyinpei/jobs/IEC61850-simulatorServer2/ModbusSlave.cs:line 199 

2025-12-29 13:19:54,566 [18] WARN  IEC61850_simulatorServer2.ModbusSlave [?] - Scale apply failed for yc15: System.InvalidCastException: Unable to cast object of type 'System.Int32' to type 'System.Single'.
   at IEC61850_simulatorServer2.ModbusSlave.Write(Dictionary`2 data, Byte slaveId) in /Users/songyinpei/jobs/IEC61850-simulatorServer2/ModbusSlave.cs:line 199 

2025-12-29 13:19:54,595 [18] WARN  IEC61850_simulatorServer2.ModbusSlave [?] - Scale apply failed for yc16: System.InvalidCastException: Unable to cast object of type 'System.Int32' to type 'System.Single'.
   at IEC61850_simulatorServer2.ModbusSlave.Write(Dictionary`2 data, Byte slaveId) in /Users/songyinpei/jobs/IEC61850-simulatorServer2/ModbusSlave.cs:line 199 

2025-12-29 13:19:54,600 [18] WARN  IEC61850_simulatorServer2.ModbusSlave [?] - Scale apply failed for yc17: System.InvalidCastException: Unable to cast object of type 'System.Int32' to type 'System.Single'.
   at IEC61850_simulatorServer2.ModbusSlave.Write(Dictionary`2 data, Byte slaveId) in /Users/songyinpei/jobs/IEC61850-simulatorServer2/ModbusSlave.cs:line 199 

2025-12-29 13:19:54,604 [18] WARN  IEC61850_simulatorServer2.ModbusSlave [?] - Scale apply failed for yc18: System.InvalidCastException: Unable to cast object of type 'System.Int32' to type 'System.Single'.
   at IEC61850_simulatorServer2.ModbusSlave.Write(Dictionary`2 data, Byte slaveId) in /Users/songyinpei/jobs/IEC61850-simulatorServer2/ModbusSlave.cs:line 199 

2025-12-29 13:19:54,652 [18] WARN  IEC61850_simulatorServer2.ModbusSlave [?] - Scale apply failed for yc19: System.InvalidCastException: Unable to cast object of type 'System.Int32' to type 'System.Single'.
   at IEC61850_simulatorServer2.ModbusSlave.Write(Dictionary`2 data, Byte slaveId) in /Users/songyinpei/jobs/IEC61850-simulatorServer2/ModbusSlave.cs:line 199 

2025-12-29 13:19:54,691 [18] WARN  IEC61850_simulatorServer2.ModbusSlave [?] - Scale apply failed for yc21: System.InvalidCastException: Unable to cast object of type 'System.Int32' to type 'System.Single'.
   at IEC61850_simulatorServer2.ModbusSlave.Write(Dictionary`2 data, Byte slaveId) in /Users/songyinpei/jobs/IEC61850-simulatorServer2/ModbusSlave.cs:line 199 

2025-12-29 13:19:54,722 [18] WARN  IEC61850_simulatorServer2.ModbusSlave [?] - Scale apply failed for yc20: System.InvalidCastException: Unable to cast object of type 'System.Int32' to type 'System.Single'.
   at IEC61850_simulatorServer2.ModbusSlave.Write(Dictionary`2 data, Byte slaveId) in /Users/songyinpei/jobs/IEC61850-simulatorServer2/ModbusSlave.cs:line 199 

2025-12-29 13:19:55,598 [11] WARN  IEC61850_simulatorServer2.ModbusSlave [?] - Scale apply failed for param16: System.InvalidCastException: Unable to cast object of type 'System.UInt16' to type 'System.Single'.
   at IEC61850_simulatorServer2.ModbusSlave.Write(Dictionary`2 data, Byte slaveId) in /Users/songyinpei/jobs/IEC61850-simulatorServer2/ModbusSlave.cs:line 199 

2025-12-29 13:19:55,600 [11] WARN  IEC61850_simulatorServer2.ModbusSlave [?] - Scale apply failed for param15: System.InvalidCastException: Unable to cast object of type 'System.UInt16' to type 'System.Single'.
   at IEC61850_simulatorServer2.ModbusSlave.Write(Dictionary`2 data, Byte slaveId) in /Users/songyinpei/jobs/IEC61850-simulatorServer2/ModbusSlave.cs:line 199 

2025-12-29 13:19:55,602 [11] WARN  IEC61850_simulatorServer2.ModbusSlave [?] - Scale apply failed for param18: System.InvalidCastException: Unable to cast object of type 'System.UInt16' to type 'System.Single'.
   at IEC61850_simulatorServer2.ModbusSlave.Write(Dictionary`2 data, Byte slaveId) in /Users/songyinpei/jobs/IEC61850-simulatorServer2/ModbusSlave.cs:line 199 

2025-12-29 13:19:55,604 [11] WARN  IEC61850_simulatorServer2.ModbusSlave [?] - Scale apply failed for param17: System.InvalidCastException: Unable to cast object of type 'System.UInt16' to type 'System.Single'.
   at IEC61850_simulatorServer2.ModbusSlave.Write(Dictionary`2 data, Byte slaveId) in /Users/songyinpei/jobs/IEC61850-simulatorServer2/ModbusSlave.cs:line 199 

2025-12-29 13:19:55,606 [11] WARN  IEC61850_simulatorServer2.ModbusSlave [?] - Scale apply failed for param19: System.InvalidCastException: Unable to cast object of type 'System.UInt16' to type 'System.Single'.
   at IEC61850_simulatorServer2.ModbusSlave.Write(Dictionary`2 data, Byte slaveId) in /Users/songyinpei/jobs/IEC61850-simulatorServer2/ModbusSlave.cs:line 199 

2025-12-29 13:19:55,607 [11] WARN  IEC61850_simulatorServer2.ModbusSlave [?] - Scale apply failed for param21: System.InvalidCastException: Unable to cast object of type 'System.UInt16' to type 'System.Single'.
   at IEC61850_simulatorServer2.ModbusSlave.Write(Dictionary`2 data, Byte slaveId) in /Users/songyinpei/jobs/IEC61850-simulatorServer2/ModbusSlave.cs:line 199 

2025-12-29 13:19:55,609 [11] WARN  IEC61850_simulatorServer2.ModbusSlave [?] - Scale apply failed for param20: System.InvalidCastException: Unable to cast object of type 'System.UInt16' to type 'System.Single'.
   at IEC61850_simulatorServer2.ModbusSlave.Write(Dictionary`2 data, Byte slaveId) in /Users/songyinpei/jobs/IEC61850-simulatorServer2/ModbusSlave.cs:line 199 

2025-12-29 13:19:55,612 [11] WARN  IEC61850_simulatorServer2.ModbusSlave [?] - Scale apply failed for param40: System.OverflowException: Value was either too large or too small for an Int32.
   at System.Convert.ToInt32(Double value)
   at System.Convert.ToInt16(Double value)
   at IEC61850_simulatorServer2.ModbusSlave.Write(Dictionary`2 data, Byte slaveId) in /Users/songyinpei/jobs/IEC61850-simulatorServer2/ModbusSlave.cs:line 203 

2025-12-29 13:19:55,615 [11] WARN  IEC61850_simulatorServer2.ModbusSlave [?] - Scale apply failed for param49: System.InvalidCastException: Unable to cast object of type 'System.Boolean' to type 'System.Single'.
   at IEC61850_simulatorServer2.ModbusSlave.Write(Dictionary`2 data, Byte slaveId) in /Users/songyinpei/jobs/IEC61850-simulatorServer2/ModbusSlave.cs:line 199 

2025-12-29 13:19:55,906 [16] WARN  IEC61850_simulatorServer2.ModbusSlave [?] - Scale apply failed for param15: System.InvalidCastException: Unable to cast object of type 'System.UInt16' to type 'System.Single'.
   at IEC61850_simulatorServer2.ModbusSlave.Write(Dictionary`2 data, Byte slaveId) in /Users/songyinpei/jobs/IEC61850-simulatorServer2/ModbusSlave.cs:line 199 

2025-12-29 13:19:55,908 [16] WARN  IEC61850_simulatorServer2.ModbusSlave [?] - Scale apply failed for param17: System.InvalidCastException: Unable to cast object of type 'System.UInt16' to type 'System.Single'.
   at IEC61850_simulatorServer2.ModbusSlave.Write(Dictionary`2 data, Byte slaveId) in /Users/songyinpei/jobs/IEC61850-simulatorServer2/ModbusSlave.cs:line 199 

2025-12-29 13:19:55,910 [16] WARN  IEC61850_simulatorServer2.ModbusSlave [?] - Scale apply failed for param20: System.InvalidCastException: Unable to cast object of type 'System.UInt16' to type 'System.Single'.
   at IEC61850_simulatorServer2.ModbusSlave.Write(Dictionary`2 data, Byte slaveId) in /Users/songyinpei/jobs/IEC61850-simulatorServer2/ModbusSlave.cs:line 199 

2025-12-29 13:19:55,912 [16] WARN  IEC61850_simulatorServer2.ModbusSlave [?] - Scale apply failed for param16: System.InvalidCastException: Unable to cast object of type 'System.UInt16' to type 'System.Single'.
   at IEC61850_simulatorServer2.ModbusSlave.Write(Dictionary`2 data, Byte slaveId) in /Users/songyinpei/jobs/IEC61850-simulatorServer2/ModbusSlave.cs:line 199 

2025-12-29 13:19:55,913 [16] WARN  IEC61850_simulatorServer2.ModbusSlave [?] - Scale apply failed for param19: System.InvalidCastException: Unable to cast object of type 'System.UInt16' to type 'System.Single'.
   at IEC61850_simulatorServer2.ModbusSlave.Write(Dictionary`2 data, Byte slaveId) in /Users/songyinpei/jobs/IEC61850-simulatorServer2/ModbusSlave.cs:line 199 

2025-12-29 13:19:55,915 [16] WARN  IEC61850_simulatorServer2.ModbusSlave [?] - Scale apply failed for param18: System.InvalidCastException: Unable to cast object of type 'System.UInt16' to type 'System.Single'.
   at IEC61850_simulatorServer2.ModbusSlave.Write(Dictionary`2 data, Byte slaveId) in /Users/songyinpei/jobs/IEC61850-simulatorServer2/ModbusSlave.cs:line 199 

2025-12-29 13:19:55,917 [16] WARN  IEC61850_simulatorServer2.ModbusSlave [?] - Scale apply failed for param21: System.InvalidCastException: Unable to cast object of type 'System.UInt16' to type 'System.Single'.
   at IEC61850_simulatorServer2.ModbusSlave.Write(Dictionary`2 data, Byte slaveId) in /Users/songyinpei/jobs/IEC61850-simulatorServer2/ModbusSlave.cs:line 199 

2025-12-29 13:19:55,919 [16] WARN  IEC61850_simulatorServer2.ModbusSlave [?] - Scale apply failed for param40: System.OverflowException: Value was either too large or too small for an Int32.
   at System.Convert.ToInt32(Double value)
   at System.Convert.ToInt16(Double value)
   at IEC61850_simulatorServer2.ModbusSlave.Write(Dictionary`2 data, Byte slaveId) in /Users/songyinpei/jobs/IEC61850-simulatorServer2/ModbusSlave.cs:line 203 

2025-12-29 13:19:55,921 [16] WARN  IEC61850_simulatorServer2.ModbusSlave [?] - Scale apply failed for param49: System.InvalidCastException: Unable to cast object of type 'System.Boolean' to type 'System.Single'.
   at IEC61850_simulatorServer2.ModbusSlave.Write(Dictionary`2 data, Byte slaveId) in /Users/songyinpei/jobs/IEC61850-simulatorServer2/ModbusSlave.cs:line 199 

2025-12-29 13:23:27,737 [1] INFO  IEC61850_simulatorServer2.MainClass [34] - [Program] 应用启动，log4net 配置已尝试加载 

2025-12-29 13:23:29,242 [6] WARN  IEC61850_simulatorServer2.ModbusSlave [199] - Scale apply failed for yc6: System.InvalidCastException: Unable to cast object of type 'System.Int32' to type 'System.Single'.
   at IEC61850_simulatorServer2.ModbusSlave.Write(Dictionary`2 data, Byte slaveId) in /Users/songyinpei/jobs/IEC61850-simulatorServer2/ModbusSlave.cs:line 199 

2025-12-29 13:23:29,247 [6] WARN  IEC61850_simulatorServer2.ModbusSlave [199] - Scale apply failed for yc7: System.InvalidCastException: Unable to cast object of type 'System.Int32' to type 'System.Single'.
   at IEC61850_simulatorServer2.ModbusSlave.Write(Dictionary`2 data, Byte slaveId) in /Users/songyinpei/jobs/IEC61850-simulatorServer2/ModbusSlave.cs:line 199 

2025-12-29 13:23:29,249 [6] WARN  IEC61850_simulatorServer2.ModbusSlave [199] - Scale apply failed for yc8: System.InvalidCastException: Unable to cast object of type 'System.Int32' to type 'System.Single'.
   at IEC61850_simulatorServer2.ModbusSlave.Write(Dictionary`2 data, Byte slaveId) in /Users/songyinpei/jobs/IEC61850-simulatorServer2/ModbusSlave.cs:line 199 

2025-12-29 13:23:29,251 [6] WARN  IEC61850_simulatorServer2.ModbusSlave [199] - Scale apply failed for yc9: System.InvalidCastException: Unable to cast object of type 'System.Int32' to type 'System.Single'.
   at IEC61850_simulatorServer2.ModbusSlave.Write(Dictionary`2 data, Byte slaveId) in /Users/songyinpei/jobs/IEC61850-simulatorServer2/ModbusSlave.cs:line 199 

2025-12-29 13:23:29,253 [6] WARN  IEC61850_simulatorServer2.ModbusSlave [199] - Scale apply failed for yc11: System.InvalidCastException: Unable to cast object of type 'System.Int32' to type 'System.Single'.
   at IEC61850_simulatorServer2.ModbusSlave.Write(Dictionary`2 data, Byte slaveId) in /Users/songyinpei/jobs/IEC61850-simulatorServer2/ModbusSlave.cs:line 199 

2025-12-29 13:23:29,256 [6] WARN  IEC61850_simulatorServer2.ModbusSlave [199] - Scale apply failed for yc10: System.InvalidCastException: Unable to cast object of type 'System.Int32' to type 'System.Single'.
   at IEC61850_simulatorServer2.ModbusSlave.Write(Dictionary`2 data, Byte slaveId) in /Users/songyinpei/jobs/IEC61850-simulatorServer2/ModbusSlave.cs:line 199 

2025-12-29 13:23:29,258 [6] WARN  IEC61850_simulatorServer2.ModbusSlave [199] - Scale apply failed for yc12: System.InvalidCastException: Unable to cast object of type 'System.Int32' to type 'System.Single'.
   at IEC61850_simulatorServer2.ModbusSlave.Write(Dictionary`2 data, Byte slaveId) in /Users/songyinpei/jobs/IEC61850-simulatorServer2/ModbusSlave.cs:line 199 

2025-12-29 13:23:29,260 [6] WARN  IEC61850_simulatorServer2.ModbusSlave [199] - Scale apply failed for yc20: System.InvalidCastException: Unable to cast object of type 'System.Int32' to type 'System.Single'.
   at IEC61850_simulatorServer2.ModbusSlave.Write(Dictionary`2 data, Byte slaveId) in /Users/songyinpei/jobs/IEC61850-simulatorServer2/ModbusSlave.cs:line 199 

2025-12-29 13:23:29,262 [6] WARN  IEC61850_simulatorServer2.ModbusSlave [199] - Scale apply failed for yc21: System.InvalidCastException: Unable to cast object of type 'System.Int32' to type 'System.Single'.
   at IEC61850_simulatorServer2.ModbusSlave.Write(Dictionary`2 data, Byte slaveId) in /Users/songyinpei/jobs/IEC61850-simulatorServer2/ModbusSlave.cs:line 199 

2025-12-29 13:23:29,264 [6] WARN  IEC61850_simulatorServer2.ModbusSlave [199] - Scale apply failed for yc22: System.InvalidCastException: Unable to cast object of type 'System.Int32' to type 'System.Single'.
   at IEC61850_simulatorServer2.ModbusSlave.Write(Dictionary`2 data, Byte slaveId) in /Users/songyinpei/jobs/IEC61850-simulatorServer2/ModbusSlave.cs:line 199 

2025-12-29 13:23:29,266 [6] WARN  IEC61850_simulatorServer2.ModbusSlave [199] - Scale apply failed for yc23: System.InvalidCastException: Unable to cast object of type 'System.Int32' to type 'System.Single'.
   at IEC61850_simulatorServer2.ModbusSlave.Write(Dictionary`2 data, Byte slaveId) in /Users/songyinpei/jobs/IEC61850-simulatorServer2/ModbusSlave.cs:line 199 

2025-12-29 13:23:29,268 [6] WARN  IEC61850_simulatorServer2.ModbusSlave [199] - Scale apply failed for yc24: System.InvalidCastException: Unable to cast object of type 'System.Int32' to type 'System.Single'.
   at IEC61850_simulatorServer2.ModbusSlave.Write(Dictionary`2 data, Byte slaveId) in /Users/songyinpei/jobs/IEC61850-simulatorServer2/ModbusSlave.cs:line 199 

2025-12-29 13:23:29,270 [6] WARN  IEC61850_simulatorServer2.ModbusSlave [199] - Scale apply failed for yc25: System.InvalidCastException: Unable to cast object of type 'System.Int32' to type 'System.Single'.
   at IEC61850_simulatorServer2.ModbusSlave.Write(Dictionary`2 data, Byte slaveId) in /Users/songyinpei/jobs/IEC61850-simulatorServer2/ModbusSlave.cs:line 199 

2025-12-29 13:23:29,272 [6] WARN  IEC61850_simulatorServer2.ModbusSlave [199] - Scale apply failed for yc26: System.InvalidCastException: Unable to cast object of type 'System.Int32' to type 'System.Single'.
   at IEC61850_simulatorServer2.ModbusSlave.Write(Dictionary`2 data, Byte slaveId) in /Users/songyinpei/jobs/IEC61850-simulatorServer2/ModbusSlave.cs:line 199 

2025-12-29 13:23:29,274 [6] WARN  IEC61850_simulatorServer2.ModbusSlave [199] - Scale apply failed for yc27: System.InvalidCastException: Unable to cast object of type 'System.Int32' to type 'System.Single'.
   at IEC61850_simulatorServer2.ModbusSlave.Write(Dictionary`2 data, Byte slaveId) in /Users/songyinpei/jobs/IEC61850-simulatorServer2/ModbusSlave.cs:line 199 

2025-12-29 13:23:29,275 [6] WARN  IEC61850_simulatorServer2.ModbusSlave [199] - Scale apply failed for yc28: System.InvalidCastException: Unable to cast object of type 'System.Int32' to type 'System.Single'.
   at IEC61850_simulatorServer2.ModbusSlave.Write(Dictionary`2 data, Byte slaveId) in /Users/songyinpei/jobs/IEC61850-simulatorServer2/ModbusSlave.cs:line 199 

2025-12-29 13:23:29,278 [6] WARN  IEC61850_simulatorServer2.ModbusSlave [199] - Scale apply failed for yc29: System.InvalidCastException: Unable to cast object of type 'System.Int32' to type 'System.Single'.
   at IEC61850_simulatorServer2.ModbusSlave.Write(Dictionary`2 data, Byte slaveId) in /Users/songyinpei/jobs/IEC61850-simulatorServer2/ModbusSlave.cs:line 199 

2025-12-29 13:23:29,280 [6] WARN  IEC61850_simulatorServer2.ModbusSlave [199] - Scale apply failed for yc30: System.InvalidCastException: Unable to cast object of type 'System.Int32' to type 'System.Single'.
   at IEC61850_simulatorServer2.ModbusSlave.Write(Dictionary`2 data, Byte slaveId) in /Users/songyinpei/jobs/IEC61850-simulatorServer2/ModbusSlave.cs:line 199 

2025-12-29 13:23:29,282 [6] WARN  IEC61850_simulatorServer2.ModbusSlave [199] - Scale apply failed for yc31: System.InvalidCastException: Unable to cast object of type 'System.Int32' to type 'System.Single'.
   at IEC61850_simulatorServer2.ModbusSlave.Write(Dictionary`2 data, Byte slaveId) in /Users/songyinpei/jobs/IEC61850-simulatorServer2/ModbusSlave.cs:line 199 

2025-12-29 13:23:29,284 [6] WARN  IEC61850_simulatorServer2.ModbusSlave [199] - Scale apply failed for yc32: System.InvalidCastException: Unable to cast object of type 'System.Int32' to type 'System.Single'.
   at IEC61850_simulatorServer2.ModbusSlave.Write(Dictionary`2 data, Byte slaveId) in /Users/songyinpei/jobs/IEC61850-simulatorServer2/ModbusSlave.cs:line 199 

2025-12-29 13:23:29,286 [6] WARN  IEC61850_simulatorServer2.ModbusSlave [199] - Scale apply failed for yc33: System.InvalidCastException: Unable to cast object of type 'System.Int32' to type 'System.Single'.
   at IEC61850_simulatorServer2.ModbusSlave.Write(Dictionary`2 data, Byte slaveId) in /Users/songyinpei/jobs/IEC61850-simulatorServer2/ModbusSlave.cs:line 199 

2025-12-29 13:23:29,287 [6] WARN  IEC61850_simulatorServer2.ModbusSlave [199] - Scale apply failed for yc34: System.InvalidCastException: Unable to cast object of type 'System.Int32' to type 'System.Single'.
   at IEC61850_simulatorServer2.ModbusSlave.Write(Dictionary`2 data, Byte slaveId) in /Users/songyinpei/jobs/IEC61850-simulatorServer2/ModbusSlave.cs:line 199 

2025-12-29 13:23:29,289 [6] WARN  IEC61850_simulatorServer2.ModbusSlave [199] - Scale apply failed for yc35: System.InvalidCastException: Unable to cast object of type 'System.Int32' to type 'System.Single'.
   at IEC61850_simulatorServer2.ModbusSlave.Write(Dictionary`2 data, Byte slaveId) in /Users/songyinpei/jobs/IEC61850-simulatorServer2/ModbusSlave.cs:line 199 

2025-12-29 13:23:29,291 [6] WARN  IEC61850_simulatorServer2.ModbusSlave [199] - Scale apply failed for yc36: System.InvalidCastException: Unable to cast object of type 'System.Int32' to type 'System.Single'.
   at IEC61850_simulatorServer2.ModbusSlave.Write(Dictionary`2 data, Byte slaveId) in /Users/songyinpei/jobs/IEC61850-simulatorServer2/ModbusSlave.cs:line 199 

2025-12-29 13:23:29,293 [6] WARN  IEC61850_simulatorServer2.ModbusSlave [199] - Scale apply failed for yc37: System.InvalidCastException: Unable to cast object of type 'System.Int32' to type 'System.Single'.
   at IEC61850_simulatorServer2.ModbusSlave.Write(Dictionary`2 data, Byte slaveId) in /Users/songyinpei/jobs/IEC61850-simulatorServer2/ModbusSlave.cs:line 199 

2025-12-29 13:23:29,295 [6] WARN  IEC61850_simulatorServer2.ModbusSlave [199] - Scale apply failed for yc43: System.InvalidCastException: Unable to cast object of type 'System.Int32' to type 'System.Single'.
   at IEC61850_simulatorServer2.ModbusSlave.Write(Dictionary`2 data, Byte slaveId) in /Users/songyinpei/jobs/IEC61850-simulatorServer2/ModbusSlave.cs:line 199 

2025-12-29 13:23:29,297 [6] WARN  IEC61850_simulatorServer2.ModbusSlave [199] - Scale apply failed for yc45: System.InvalidCastException: Unable to cast object of type 'System.Int32' to type 'System.Single'.
   at IEC61850_simulatorServer2.ModbusSlave.Write(Dictionary`2 data, Byte slaveId) in /Users/songyinpei/jobs/IEC61850-simulatorServer2/ModbusSlave.cs:line 199 

2025-12-29 13:23:29,299 [6] WARN  IEC61850_simulatorServer2.ModbusSlave [199] - Scale apply failed for yc53: System.InvalidCastException: Unable to cast object of type 'System.Int32' to type 'System.Single'.
   at IEC61850_simulatorServer2.ModbusSlave.Write(Dictionary`2 data, Byte slaveId) in /Users/songyinpei/jobs/IEC61850-simulatorServer2/ModbusSlave.cs:line 199 

2025-12-29 13:23:30,263 [10] WARN  IEC61850_simulatorServer2.ModbusSlave [199] - Scale apply failed for param2: System.InvalidCastException: Unable to cast object of type 'System.Int32' to type 'System.Single'.
   at IEC61850_simulatorServer2.ModbusSlave.Write(Dictionary`2 data, Byte slaveId) in /Users/songyinpei/jobs/IEC61850-simulatorServer2/ModbusSlave.cs:line 199 

2025-12-29 13:23:30,266 [10] WARN  IEC61850_simulatorServer2.ModbusSlave [199] - Scale apply failed for param3: System.InvalidCastException: Unable to cast object of type 'System.Int32' to type 'System.Single'.
   at IEC61850_simulatorServer2.ModbusSlave.Write(Dictionary`2 data, Byte slaveId) in /Users/songyinpei/jobs/IEC61850-simulatorServer2/ModbusSlave.cs:line 199 

2025-12-29 13:23:30,270 [10] WARN  IEC61850_simulatorServer2.ModbusSlave [199] - Scale apply failed for param4: System.InvalidCastException: Unable to cast object of type 'System.Int32' to type 'System.Single'.
   at IEC61850_simulatorServer2.ModbusSlave.Write(Dictionary`2 data, Byte slaveId) in /Users/songyinpei/jobs/IEC61850-simulatorServer2/ModbusSlave.cs:line 199 

2025-12-29 13:23:30,272 [10] WARN  IEC61850_simulatorServer2.ModbusSlave [199] - Scale apply failed for param8: System.InvalidCastException: Unable to cast object of type 'System.Int32' to type 'System.Single'.
   at IEC61850_simulatorServer2.ModbusSlave.Write(Dictionary`2 data, Byte slaveId) in /Users/songyinpei/jobs/IEC61850-simulatorServer2/ModbusSlave.cs:line 199 

2025-12-29 13:23:30,299 [10] WARN  IEC61850_simulatorServer2.ModbusSlave [199] - Scale apply failed for param9: System.InvalidCastException: Unable to cast object of type 'System.Int32' to type 'System.Single'.
   at IEC61850_simulatorServer2.ModbusSlave.Write(Dictionary`2 data, Byte slaveId) in /Users/songyinpei/jobs/IEC61850-simulatorServer2/ModbusSlave.cs:line 199 

2025-12-29 13:23:30,301 [10] WARN  IEC61850_simulatorServer2.ModbusSlave [199] - Scale apply failed for param10: System.InvalidCastException: Unable to cast object of type 'System.Int32' to type 'System.Single'.
   at IEC61850_simulatorServer2.ModbusSlave.Write(Dictionary`2 data, Byte slaveId) in /Users/songyinpei/jobs/IEC61850-simulatorServer2/ModbusSlave.cs:line 199 

2025-12-29 13:23:30,303 [10] WARN  IEC61850_simulatorServer2.ModbusSlave [199] - Scale apply failed for param15: System.InvalidCastException: Unable to cast object of type 'System.Int32' to type 'System.Single'.
   at IEC61850_simulatorServer2.ModbusSlave.Write(Dictionary`2 data, Byte slaveId) in /Users/songyinpei/jobs/IEC61850-simulatorServer2/ModbusSlave.cs:line 199 

2025-12-29 13:23:30,305 [10] WARN  IEC61850_simulatorServer2.ModbusSlave [199] - Scale apply failed for param16: System.InvalidCastException: Unable to cast object of type 'System.Int32' to type 'System.Single'.
   at IEC61850_simulatorServer2.ModbusSlave.Write(Dictionary`2 data, Byte slaveId) in /Users/songyinpei/jobs/IEC61850-simulatorServer2/ModbusSlave.cs:line 199 

2025-12-29 13:23:30,307 [10] WARN  IEC61850_simulatorServer2.ModbusSlave [199] - Scale apply failed for param17: System.InvalidCastException: Unable to cast object of type 'System.Int32' to type 'System.Single'.
   at IEC61850_simulatorServer2.ModbusSlave.Write(Dictionary`2 data, Byte slaveId) in /Users/songyinpei/jobs/IEC61850-simulatorServer2/ModbusSlave.cs:line 199 

2025-12-29 13:23:30,310 [10] WARN  IEC61850_simulatorServer2.ModbusSlave [199] - Scale apply failed for param18: System.InvalidCastException: Unable to cast object of type 'System.Int32' to type 'System.Single'.
   at IEC61850_simulatorServer2.ModbusSlave.Write(Dictionary`2 data, Byte slaveId) in /Users/songyinpei/jobs/IEC61850-simulatorServer2/ModbusSlave.cs:line 199 

2025-12-29 13:23:30,338 [10] WARN  IEC61850_simulatorServer2.ModbusSlave [199] - Scale apply failed for param19: System.InvalidCastException: Unable to cast object of type 'System.Int32' to type 'System.Single'.
   at IEC61850_simulatorServer2.ModbusSlave.Write(Dictionary`2 data, Byte slaveId) in /Users/songyinpei/jobs/IEC61850-simulatorServer2/ModbusSlave.cs:line 199 

2025-12-29 13:23:30,390 [10] WARN  IEC61850_simulatorServer2.ModbusSlave [199] - Scale apply failed for param20: System.InvalidCastException: Unable to cast object of type 'System.Int32' to type 'System.Single'.
   at IEC61850_simulatorServer2.ModbusSlave.Write(Dictionary`2 data, Byte slaveId) in /Users/songyinpei/jobs/IEC61850-simulatorServer2/ModbusSlave.cs:line 199 

2025-12-29 13:23:30,393 [10] WARN  IEC61850_simulatorServer2.ModbusSlave [199] - Scale apply failed for param21: System.InvalidCastException: Unable to cast object of type 'System.Int32' to type 'System.Single'.
   at IEC61850_simulatorServer2.ModbusSlave.Write(Dictionary`2 data, Byte slaveId) in /Users/songyinpei/jobs/IEC61850-simulatorServer2/ModbusSlave.cs:line 199 

2025-12-29 13:23:30,443 [10] WARN  IEC61850_simulatorServer2.ModbusSlave [199] - Scale apply failed for param31: System.InvalidCastException: Unable to cast object of type 'System.Int32' to type 'System.Single'.
   at IEC61850_simulatorServer2.ModbusSlave.Write(Dictionary`2 data, Byte slaveId) in /Users/songyinpei/jobs/IEC61850-simulatorServer2/ModbusSlave.cs:line 199 

2025-12-29 13:23:30,491 [10] WARN  IEC61850_simulatorServer2.ModbusSlave [199] - Scale apply failed for param32: System.InvalidCastException: Unable to cast object of type 'System.Int32' to type 'System.Single'.
   at IEC61850_simulatorServer2.ModbusSlave.Write(Dictionary`2 data, Byte slaveId) in /Users/songyinpei/jobs/IEC61850-simulatorServer2/ModbusSlave.cs:line 199 

2025-12-29 13:23:30,542 [10] WARN  IEC61850_simulatorServer2.ModbusSlave [199] - Scale apply failed for param33: System.InvalidCastException: Unable to cast object of type 'System.Int32' to type 'System.Single'.
   at IEC61850_simulatorServer2.ModbusSlave.Write(Dictionary`2 data, Byte slaveId) in /Users/songyinpei/jobs/IEC61850-simulatorServer2/ModbusSlave.cs:line 199 

2025-12-29 13:23:33,883 [10] WARN  IEC61850_simulatorServer2.ModbusSlave [199] - Scale apply failed for param34: System.InvalidCastException: Unable to cast object of type 'System.Int32' to type 'System.Single'.
   at IEC61850_simulatorServer2.ModbusSlave.Write(Dictionary`2 data, Byte slaveId) in /Users/songyinpei/jobs/IEC61850-simulatorServer2/ModbusSlave.cs:line 199 

2025-12-29 13:23:33,934 [10] WARN  IEC61850_simulatorServer2.ModbusSlave [199] - Scale apply failed for param35: System.InvalidCastException: Unable to cast object of type 'System.Int32' to type 'System.Single'.
   at IEC61850_simulatorServer2.ModbusSlave.Write(Dictionary`2 data, Byte slaveId) in /Users/songyinpei/jobs/IEC61850-simulatorServer2/ModbusSlave.cs:line 199 

2025-12-29 13:23:33,987 [10] WARN  IEC61850_simulatorServer2.ModbusSlave [199] - Scale apply failed for param36: System.InvalidCastException: Unable to cast object of type 'System.Int32' to type 'System.Single'.
   at IEC61850_simulatorServer2.ModbusSlave.Write(Dictionary`2 data, Byte slaveId) in /Users/songyinpei/jobs/IEC61850-simulatorServer2/ModbusSlave.cs:line 199 

2025-12-29 13:23:34,015 [10] WARN  IEC61850_simulatorServer2.ModbusSlave [199] - Scale apply failed for param37: System.InvalidCastException: Unable to cast object of type 'System.Int32' to type 'System.Single'.
   at IEC61850_simulatorServer2.ModbusSlave.Write(Dictionary`2 data, Byte slaveId) in /Users/songyinpei/jobs/IEC61850-simulatorServer2/ModbusSlave.cs:line 199 

2025-12-29 13:23:34,039 [10] WARN  IEC61850_simulatorServer2.ModbusSlave [199] - Scale apply failed for param38: System.InvalidCastException: Unable to cast object of type 'System.Int32' to type 'System.Single'.
   at IEC61850_simulatorServer2.ModbusSlave.Write(Dictionary`2 data, Byte slaveId) in /Users/songyinpei/jobs/IEC61850-simulatorServer2/ModbusSlave.cs:line 199 

2025-12-29 13:23:34,042 [10] WARN  IEC61850_simulatorServer2.ModbusSlave [199] - Scale apply failed for param39: System.InvalidCastException: Unable to cast object of type 'System.Int32' to type 'System.Single'.
   at IEC61850_simulatorServer2.ModbusSlave.Write(Dictionary`2 data, Byte slaveId) in /Users/songyinpei/jobs/IEC61850-simulatorServer2/ModbusSlave.cs:line 199 

2025-12-29 13:23:34,093 [10] WARN  IEC61850_simulatorServer2.ModbusSlave [199] - Scale apply failed for param40: System.InvalidCastException: Unable to cast object of type 'System.Int32' to type 'System.Single'.
   at IEC61850_simulatorServer2.ModbusSlave.Write(Dictionary`2 data, Byte slaveId) in /Users/songyinpei/jobs/IEC61850-simulatorServer2/ModbusSlave.cs:line 199 

2025-12-29 13:23:34,146 [10] WARN  IEC61850_simulatorServer2.ModbusSlave [199] - Scale apply failed for param41: System.InvalidCastException: Unable to cast object of type 'System.Int32' to type 'System.Single'.
   at IEC61850_simulatorServer2.ModbusSlave.Write(Dictionary`2 data, Byte slaveId) in /Users/songyinpei/jobs/IEC61850-simulatorServer2/ModbusSlave.cs:line 199 

2025-12-29 13:23:34,201 [10] WARN  IEC61850_simulatorServer2.ModbusSlave [199] - Scale apply failed for param42: System.InvalidCastException: Unable to cast object of type 'System.Int32' to type 'System.Single'.
   at IEC61850_simulatorServer2.ModbusSlave.Write(Dictionary`2 data, Byte slaveId) in /Users/songyinpei/jobs/IEC61850-simulatorServer2/ModbusSlave.cs:line 199 

2025-12-29 13:23:34,263 [10] WARN  IEC61850_simulatorServer2.ModbusSlave [199] - Scale apply failed for param43: System.InvalidCastException: Unable to cast object of type 'System.Int32' to type 'System.Single'.
   at IEC61850_simulatorServer2.ModbusSlave.Write(Dictionary`2 data, Byte slaveId) in /Users/songyinpei/jobs/IEC61850-simulatorServer2/ModbusSlave.cs:line 199 

2025-12-29 13:23:34,319 [10] WARN  IEC61850_simulatorServer2.ModbusSlave [199] - Scale apply failed for param44: System.InvalidCastException: Unable to cast object of type 'System.Int32' to type 'System.Single'.
   at IEC61850_simulatorServer2.ModbusSlave.Write(Dictionary`2 data, Byte slaveId) in /Users/songyinpei/jobs/IEC61850-simulatorServer2/ModbusSlave.cs:line 199 

2025-12-29 13:23:34,349 [10] WARN  IEC61850_simulatorServer2.ModbusSlave [199] - Scale apply failed for param45: System.InvalidCastException: Unable to cast object of type 'System.Int32' to type 'System.Single'.
   at IEC61850_simulatorServer2.ModbusSlave.Write(Dictionary`2 data, Byte slaveId) in /Users/songyinpei/jobs/IEC61850-simulatorServer2/ModbusSlave.cs:line 199 

2025-12-29 13:23:34,401 [10] WARN  IEC61850_simulatorServer2.ModbusSlave [199] - Scale apply failed for param46: System.InvalidCastException: Unable to cast object of type 'System.Int32' to type 'System.Single'.
   at IEC61850_simulatorServer2.ModbusSlave.Write(Dictionary`2 data, Byte slaveId) in /Users/songyinpei/jobs/IEC61850-simulatorServer2/ModbusSlave.cs:line 199 

2025-12-29 13:23:34,409 [10] WARN  IEC61850_simulatorServer2.ModbusSlave [199] - Scale apply failed for param47: System.InvalidCastException: Unable to cast object of type 'System.Int32' to type 'System.Single'.
   at IEC61850_simulatorServer2.ModbusSlave.Write(Dictionary`2 data, Byte slaveId) in /Users/songyinpei/jobs/IEC61850-simulatorServer2/ModbusSlave.cs:line 199 

2025-12-29 13:23:34,440 [10] WARN  IEC61850_simulatorServer2.ModbusSlave [199] - Scale apply failed for param48: System.InvalidCastException: Unable to cast object of type 'System.Int32' to type 'System.Single'.
   at IEC61850_simulatorServer2.ModbusSlave.Write(Dictionary`2 data, Byte slaveId) in /Users/songyinpei/jobs/IEC61850-simulatorServer2/ModbusSlave.cs:line 199 

2025-12-29 13:23:34,494 [10] WARN  IEC61850_simulatorServer2.ModbusSlave [199] - Scale apply failed for param49: System.InvalidCastException: Unable to cast object of type 'System.Int32' to type 'System.Single'.
   at IEC61850_simulatorServer2.ModbusSlave.Write(Dictionary`2 data, Byte slaveId) in /Users/songyinpei/jobs/IEC61850-simulatorServer2/ModbusSlave.cs:line 199 

2025-12-29 13:23:34,964 [12] WARN  IEC61850_simulatorServer2.ModbusSlave [199] - Scale apply failed for yc6: System.InvalidCastException: Unable to cast object of type 'System.Int32' to type 'System.Single'.
   at IEC61850_simulatorServer2.ModbusSlave.Write(Dictionary`2 data, Byte slaveId) in /Users/songyinpei/jobs/IEC61850-simulatorServer2/ModbusSlave.cs:line 199 

2025-12-29 13:23:34,966 [12] WARN  IEC61850_simulatorServer2.ModbusSlave [199] - Scale apply failed for yc7: System.InvalidCastException: Unable to cast object of type 'System.Int32' to type 'System.Single'.
   at IEC61850_simulatorServer2.ModbusSlave.Write(Dictionary`2 data, Byte slaveId) in /Users/songyinpei/jobs/IEC61850-simulatorServer2/ModbusSlave.cs:line 199 

2025-12-29 13:23:34,968 [12] WARN  IEC61850_simulatorServer2.ModbusSlave [199] - Scale apply failed for yc8: System.InvalidCastException: Unable to cast object of type 'System.Int32' to type 'System.Single'.
   at IEC61850_simulatorServer2.ModbusSlave.Write(Dictionary`2 data, Byte slaveId) in /Users/songyinpei/jobs/IEC61850-simulatorServer2/ModbusSlave.cs:line 199 

2025-12-29 13:23:34,970 [12] WARN  IEC61850_simulatorServer2.ModbusSlave [199] - Scale apply failed for yc9: System.InvalidCastException: Unable to cast object of type 'System.Int32' to type 'System.Single'.
   at IEC61850_simulatorServer2.ModbusSlave.Write(Dictionary`2 data, Byte slaveId) in /Users/songyinpei/jobs/IEC61850-simulatorServer2/ModbusSlave.cs:line 199 

2025-12-29 13:23:34,971 [12] WARN  IEC61850_simulatorServer2.ModbusSlave [199] - Scale apply failed for yc11: System.InvalidCastException: Unable to cast object of type 'System.Int32' to type 'System.Single'.
   at IEC61850_simulatorServer2.ModbusSlave.Write(Dictionary`2 data, Byte slaveId) in /Users/songyinpei/jobs/IEC61850-simulatorServer2/ModbusSlave.cs:line 199 

2025-12-29 13:23:34,973 [12] WARN  IEC61850_simulatorServer2.ModbusSlave [199] - Scale apply failed for yc10: System.InvalidCastException: Unable to cast object of type 'System.Int32' to type 'System.Single'.
   at IEC61850_simulatorServer2.ModbusSlave.Write(Dictionary`2 data, Byte slaveId) in /Users/songyinpei/jobs/IEC61850-simulatorServer2/ModbusSlave.cs:line 199 

2025-12-29 13:23:34,975 [12] WARN  IEC61850_simulatorServer2.ModbusSlave [199] - Scale apply failed for yc12: System.InvalidCastException: Unable to cast object of type 'System.Int32' to type 'System.Single'.
   at IEC61850_simulatorServer2.ModbusSlave.Write(Dictionary`2 data, Byte slaveId) in /Users/songyinpei/jobs/IEC61850-simulatorServer2/ModbusSlave.cs:line 199 

2025-12-29 13:23:34,977 [12] WARN  IEC61850_simulatorServer2.ModbusSlave [199] - Scale apply failed for yc20: System.InvalidCastException: Unable to cast object of type 'System.Int32' to type 'System.Single'.
   at IEC61850_simulatorServer2.ModbusSlave.Write(Dictionary`2 data, Byte slaveId) in /Users/songyinpei/jobs/IEC61850-simulatorServer2/ModbusSlave.cs:line 199 

2025-12-29 13:23:34,979 [12] WARN  IEC61850_simulatorServer2.ModbusSlave [199] - Scale apply failed for yc21: System.InvalidCastException: Unable to cast object of type 'System.Int32' to type 'System.Single'.
   at IEC61850_simulatorServer2.ModbusSlave.Write(Dictionary`2 data, Byte slaveId) in /Users/songyinpei/jobs/IEC61850-simulatorServer2/ModbusSlave.cs:line 199 

2025-12-29 13:23:35,003 [12] WARN  IEC61850_simulatorServer2.ModbusSlave [199] - Scale apply failed for yc22: System.InvalidCastException: Unable to cast object of type 'System.Int32' to type 'System.Single'.
   at IEC61850_simulatorServer2.ModbusSlave.Write(Dictionary`2 data, Byte slaveId) in /Users/songyinpei/jobs/IEC61850-simulatorServer2/ModbusSlave.cs:line 199 

2025-12-29 13:23:35,005 [12] WARN  IEC61850_simulatorServer2.ModbusSlave [199] - Scale apply failed for yc23: System.InvalidCastException: Unable to cast object of type 'System.Int32' to type 'System.Single'.
   at IEC61850_simulatorServer2.ModbusSlave.Write(Dictionary`2 data, Byte slaveId) in /Users/songyinpei/jobs/IEC61850-simulatorServer2/ModbusSlave.cs:line 199 

2025-12-29 13:23:35,007 [12] WARN  IEC61850_simulatorServer2.ModbusSlave [199] - Scale apply failed for yc24: System.InvalidCastException: Unable to cast object of type 'System.Int32' to type 'System.Single'.
   at IEC61850_simulatorServer2.ModbusSlave.Write(Dictionary`2 data, Byte slaveId) in /Users/songyinpei/jobs/IEC61850-simulatorServer2/ModbusSlave.cs:line 199 

2025-12-29 13:23:35,009 [12] WARN  IEC61850_simulatorServer2.ModbusSlave [199] - Scale apply failed for yc25: System.InvalidCastException: Unable to cast object of type 'System.Int32' to type 'System.Single'.
   at IEC61850_simulatorServer2.ModbusSlave.Write(Dictionary`2 data, Byte slaveId) in /Users/songyinpei/jobs/IEC61850-simulatorServer2/ModbusSlave.cs:line 199 

2025-12-29 13:23:35,011 [12] WARN  IEC61850_simulatorServer2.ModbusSlave [199] - Scale apply failed for yc26: System.InvalidCastException: Unable to cast object of type 'System.Int32' to type 'System.Single'.
   at IEC61850_simulatorServer2.ModbusSlave.Write(Dictionary`2 data, Byte slaveId) in /Users/songyinpei/jobs/IEC61850-simulatorServer2/ModbusSlave.cs:line 199 

2025-12-29 13:23:35,013 [12] WARN  IEC61850_simulatorServer2.ModbusSlave [199] - Scale apply failed for yc27: System.InvalidCastException: Unable to cast object of type 'System.Int32' to type 'System.Single'.
   at IEC61850_simulatorServer2.ModbusSlave.Write(Dictionary`2 data, Byte slaveId) in /Users/songyinpei/jobs/IEC61850-simulatorServer2/ModbusSlave.cs:line 199 

2025-12-29 13:23:35,039 [12] WARN  IEC61850_simulatorServer2.ModbusSlave [199] - Scale apply failed for yc28: System.InvalidCastException: Unable to cast object of type 'System.Int32' to type 'System.Single'.
   at IEC61850_simulatorServer2.ModbusSlave.Write(Dictionary`2 data, Byte slaveId) in /Users/songyinpei/jobs/IEC61850-simulatorServer2/ModbusSlave.cs:line 199 

2025-12-29 13:23:35,041 [12] WARN  IEC61850_simulatorServer2.ModbusSlave [199] - Scale apply failed for yc29: System.InvalidCastException: Unable to cast object of type 'System.Int32' to type 'System.Single'.
   at IEC61850_simulatorServer2.ModbusSlave.Write(Dictionary`2 data, Byte slaveId) in /Users/songyinpei/jobs/IEC61850-simulatorServer2/ModbusSlave.cs:line 199 

2025-12-29 13:23:35,068 [12] WARN  IEC61850_simulatorServer2.ModbusSlave [199] - Scale apply failed for yc30: System.InvalidCastException: Unable to cast object of type 'System.Int32' to type 'System.Single'.
   at IEC61850_simulatorServer2.ModbusSlave.Write(Dictionary`2 data, Byte slaveId) in /Users/songyinpei/jobs/IEC61850-simulatorServer2/ModbusSlave.cs:line 199 

2025-12-29 13:23:35,071 [12] WARN  IEC61850_simulatorServer2.ModbusSlave [199] - Scale apply failed for yc31: System.InvalidCastException: Unable to cast object of type 'System.Int32' to type 'System.Single'.
   at IEC61850_simulatorServer2.ModbusSlave.Write(Dictionary`2 data, Byte slaveId) in /Users/songyinpei/jobs/IEC61850-simulatorServer2/ModbusSlave.cs:line 199 

2025-12-29 13:23:35,073 [12] WARN  IEC61850_simulatorServer2.ModbusSlave [199] - Scale apply failed for yc34: System.InvalidCastException: Unable to cast object of type 'System.Int32' to type 'System.Single'.
   at IEC61850_simulatorServer2.ModbusSlave.Write(Dictionary`2 data, Byte slaveId) in /Users/songyinpei/jobs/IEC61850-simulatorServer2/ModbusSlave.cs:line 199 

2025-12-29 13:23:35,075 [12] WARN  IEC61850_simulatorServer2.ModbusSlave [199] - Scale apply failed for yc32: System.InvalidCastException: Unable to cast object of type 'System.Int32' to type 'System.Single'.
   at IEC61850_simulatorServer2.ModbusSlave.Write(Dictionary`2 data, Byte slaveId) in /Users/songyinpei/jobs/IEC61850-simulatorServer2/ModbusSlave.cs:line 199 

2025-12-29 13:23:35,077 [12] WARN  IEC61850_simulatorServer2.ModbusSlave [199] - Scale apply failed for yc33: System.InvalidCastException: Unable to cast object of type 'System.Int32' to type 'System.Single'.
   at IEC61850_simulatorServer2.ModbusSlave.Write(Dictionary`2 data, Byte slaveId) in /Users/songyinpei/jobs/IEC61850-simulatorServer2/ModbusSlave.cs:line 199 

2025-12-29 13:23:35,079 [12] WARN  IEC61850_simulatorServer2.ModbusSlave [199] - Scale apply failed for yc35: System.InvalidCastException: Unable to cast object of type 'System.Int32' to type 'System.Single'.
   at IEC61850_simulatorServer2.ModbusSlave.Write(Dictionary`2 data, Byte slaveId) in /Users/songyinpei/jobs/IEC61850-simulatorServer2/ModbusSlave.cs:line 199 

2025-12-29 13:23:35,081 [12] WARN  IEC61850_simulatorServer2.ModbusSlave [199] - Scale apply failed for yc36: System.InvalidCastException: Unable to cast object of type 'System.Int32' to type 'System.Single'.
   at IEC61850_simulatorServer2.ModbusSlave.Write(Dictionary`2 data, Byte slaveId) in /Users/songyinpei/jobs/IEC61850-simulatorServer2/ModbusSlave.cs:line 199 

2025-12-29 13:23:35,083 [12] WARN  IEC61850_simulatorServer2.ModbusSlave [199] - Scale apply failed for yc37: System.InvalidCastException: Unable to cast object of type 'System.Int32' to type 'System.Single'.
   at IEC61850_simulatorServer2.ModbusSlave.Write(Dictionary`2 data, Byte slaveId) in /Users/songyinpei/jobs/IEC61850-simulatorServer2/ModbusSlave.cs:line 199 

2025-12-29 13:23:35,085 [12] WARN  IEC61850_simulatorServer2.ModbusSlave [199] - Scale apply failed for yc43: System.InvalidCastException: Unable to cast object of type 'System.Int32' to type 'System.Single'.
   at IEC61850_simulatorServer2.ModbusSlave.Write(Dictionary`2 data, Byte slaveId) in /Users/songyinpei/jobs/IEC61850-simulatorServer2/ModbusSlave.cs:line 199 

2025-12-29 13:23:35,087 [12] WARN  IEC61850_simulatorServer2.ModbusSlave [199] - Scale apply failed for yc45: System.InvalidCastException: Unable to cast object of type 'System.Int32' to type 'System.Single'.
   at IEC61850_simulatorServer2.ModbusSlave.Write(Dictionary`2 data, Byte slaveId) in /Users/songyinpei/jobs/IEC61850-simulatorServer2/ModbusSlave.cs:line 199 

2025-12-29 13:23:35,089 [12] WARN  IEC61850_simulatorServer2.ModbusSlave [199] - Scale apply failed for yc53: System.InvalidCastException: Unable to cast object of type 'System.Int32' to type 'System.Single'.
   at IEC61850_simulatorServer2.ModbusSlave.Write(Dictionary`2 data, Byte slaveId) in /Users/songyinpei/jobs/IEC61850-simulatorServer2/ModbusSlave.cs:line 199 

2025-12-29 13:23:35,996 [15] WARN  IEC61850_simulatorServer2.ModbusSlave [199] - Scale apply failed for param2: System.InvalidCastException: Unable to cast object of type 'System.Int32' to type 'System.Single'.
   at IEC61850_simulatorServer2.ModbusSlave.Write(Dictionary`2 data, Byte slaveId) in /Users/songyinpei/jobs/IEC61850-simulatorServer2/ModbusSlave.cs:line 199 

2025-12-29 13:23:35,998 [15] WARN  IEC61850_simulatorServer2.ModbusSlave [199] - Scale apply failed for param3: System.InvalidCastException: Unable to cast object of type 'System.Int32' to type 'System.Single'.
   at IEC61850_simulatorServer2.ModbusSlave.Write(Dictionary`2 data, Byte slaveId) in /Users/songyinpei/jobs/IEC61850-simulatorServer2/ModbusSlave.cs:line 199 

2025-12-29 13:23:36,000 [15] WARN  IEC61850_simulatorServer2.ModbusSlave [199] - Scale apply failed for param4: System.InvalidCastException: Unable to cast object of type 'System.Int32' to type 'System.Single'.
   at IEC61850_simulatorServer2.ModbusSlave.Write(Dictionary`2 data, Byte slaveId) in /Users/songyinpei/jobs/IEC61850-simulatorServer2/ModbusSlave.cs:line 199 

2025-12-29 13:23:36,026 [15] WARN  IEC61850_simulatorServer2.ModbusSlave [199] - Scale apply failed for param8: System.InvalidCastException: Unable to cast object of type 'System.Int32' to type 'System.Single'.
   at IEC61850_simulatorServer2.ModbusSlave.Write(Dictionary`2 data, Byte slaveId) in /Users/songyinpei/jobs/IEC61850-simulatorServer2/ModbusSlave.cs:line 199 

2025-12-29 13:23:36,028 [15] WARN  IEC61850_simulatorServer2.ModbusSlave [199] - Scale apply failed for param9: System.InvalidCastException: Unable to cast object of type 'System.Int32' to type 'System.Single'.
   at IEC61850_simulatorServer2.ModbusSlave.Write(Dictionary`2 data, Byte slaveId) in /Users/songyinpei/jobs/IEC61850-simulatorServer2/ModbusSlave.cs:line 199 

2025-12-29 13:23:36,030 [15] WARN  IEC61850_simulatorServer2.ModbusSlave [199] - Scale apply failed for param10: System.InvalidCastException: Unable to cast object of type 'System.Int32' to type 'System.Single'.
   at IEC61850_simulatorServer2.ModbusSlave.Write(Dictionary`2 data, Byte slaveId) in /Users/songyinpei/jobs/IEC61850-simulatorServer2/ModbusSlave.cs:line 199 

2025-12-29 13:23:36,032 [15] WARN  IEC61850_simulatorServer2.ModbusSlave [199] - Scale apply failed for param15: System.InvalidCastException: Unable to cast object of type 'System.Int32' to type 'System.Single'.
   at IEC61850_simulatorServer2.ModbusSlave.Write(Dictionary`2 data, Byte slaveId) in /Users/songyinpei/jobs/IEC61850-simulatorServer2/ModbusSlave.cs:line 199 

2025-12-29 13:23:36,034 [15] WARN  IEC61850_simulatorServer2.ModbusSlave [199] - Scale apply failed for param16: System.InvalidCastException: Unable to cast object of type 'System.Int32' to type 'System.Single'.
   at IEC61850_simulatorServer2.ModbusSlave.Write(Dictionary`2 data, Byte slaveId) in /Users/songyinpei/jobs/IEC61850-simulatorServer2/ModbusSlave.cs:line 199 

2025-12-29 13:23:36,061 [15] WARN  IEC61850_simulatorServer2.ModbusSlave [199] - Scale apply failed for param17: System.InvalidCastException: Unable to cast object of type 'System.Int32' to type 'System.Single'.
   at IEC61850_simulatorServer2.ModbusSlave.Write(Dictionary`2 data, Byte slaveId) in /Users/songyinpei/jobs/IEC61850-simulatorServer2/ModbusSlave.cs:line 199 

2025-12-29 13:23:36,063 [15] WARN  IEC61850_simulatorServer2.ModbusSlave [199] - Scale apply failed for param18: System.InvalidCastException: Unable to cast object of type 'System.Int32' to type 'System.Single'.
   at IEC61850_simulatorServer2.ModbusSlave.Write(Dictionary`2 data, Byte slaveId) in /Users/songyinpei/jobs/IEC61850-simulatorServer2/ModbusSlave.cs:line 199 

2025-12-29 13:23:36,065 [15] WARN  IEC61850_simulatorServer2.ModbusSlave [199] - Scale apply failed for param19: System.InvalidCastException: Unable to cast object of type 'System.Int32' to type 'System.Single'.
   at IEC61850_simulatorServer2.ModbusSlave.Write(Dictionary`2 data, Byte slaveId) in /Users/songyinpei/jobs/IEC61850-simulatorServer2/ModbusSlave.cs:line 199 

2025-12-29 13:23:36,067 [15] WARN  IEC61850_simulatorServer2.ModbusSlave [199] - Scale apply failed for param20: System.InvalidCastException: Unable to cast object of type 'System.Int32' to type 'System.Single'.
   at IEC61850_simulatorServer2.ModbusSlave.Write(Dictionary`2 data, Byte slaveId) in /Users/songyinpei/jobs/IEC61850-simulatorServer2/ModbusSlave.cs:line 199 

2025-12-29 13:23:36,069 [15] WARN  IEC61850_simulatorServer2.ModbusSlave [199] - Scale apply failed for param21: System.InvalidCastException: Unable to cast object of type 'System.Int32' to type 'System.Single'.
   at IEC61850_simulatorServer2.ModbusSlave.Write(Dictionary`2 data, Byte slaveId) in /Users/songyinpei/jobs/IEC61850-simulatorServer2/ModbusSlave.cs:line 199 

2025-12-29 13:23:36,071 [15] WARN  IEC61850_simulatorServer2.ModbusSlave [199] - Scale apply failed for param31: System.InvalidCastException: Unable to cast object of type 'System.Int32' to type 'System.Single'.
   at IEC61850_simulatorServer2.ModbusSlave.Write(Dictionary`2 data, Byte slaveId) in /Users/songyinpei/jobs/IEC61850-simulatorServer2/ModbusSlave.cs:line 199 

2025-12-29 13:23:36,073 [15] WARN  IEC61850_simulatorServer2.ModbusSlave [199] - Scale apply failed for param32: System.InvalidCastException: Unable to cast object of type 'System.Int32' to type 'System.Single'.
   at IEC61850_simulatorServer2.ModbusSlave.Write(Dictionary`2 data, Byte slaveId) in /Users/songyinpei/jobs/IEC61850-simulatorServer2/ModbusSlave.cs:line 199 

2025-12-29 13:23:36,075 [15] WARN  IEC61850_simulatorServer2.ModbusSlave [199] - Scale apply failed for param33: System.InvalidCastException: Unable to cast object of type 'System.Int32' to type 'System.Single'.
   at IEC61850_simulatorServer2.ModbusSlave.Write(Dictionary`2 data, Byte slaveId) in /Users/songyinpei/jobs/IEC61850-simulatorServer2/ModbusSlave.cs:line 199 

2025-12-29 13:23:36,077 [15] WARN  IEC61850_simulatorServer2.ModbusSlave [199] - Scale apply failed for param34: System.InvalidCastException: Unable to cast object of type 'System.Int32' to type 'System.Single'.
   at IEC61850_simulatorServer2.ModbusSlave.Write(Dictionary`2 data, Byte slaveId) in /Users/songyinpei/jobs/IEC61850-simulatorServer2/ModbusSlave.cs:line 199 

2025-12-29 13:23:36,080 [15] WARN  IEC61850_simulatorServer2.ModbusSlave [199] - Scale apply failed for param35: System.InvalidCastException: Unable to cast object of type 'System.Int32' to type 'System.Single'.
   at IEC61850_simulatorServer2.ModbusSlave.Write(Dictionary`2 data, Byte slaveId) in /Users/songyinpei/jobs/IEC61850-simulatorServer2/ModbusSlave.cs:line 199 

2025-12-29 13:23:36,082 [15] WARN  IEC61850_simulatorServer2.ModbusSlave [199] - Scale apply failed for param36: System.InvalidCastException: Unable to cast object of type 'System.Int32' to type 'System.Single'.
   at IEC61850_simulatorServer2.ModbusSlave.Write(Dictionary`2 data, Byte slaveId) in /Users/songyinpei/jobs/IEC61850-simulatorServer2/ModbusSlave.cs:line 199 

2025-12-29 13:23:36,084 [15] WARN  IEC61850_simulatorServer2.ModbusSlave [199] - Scale apply failed for param37: System.InvalidCastException: Unable to cast object of type 'System.Int32' to type 'System.Single'.
   at IEC61850_simulatorServer2.ModbusSlave.Write(Dictionary`2 data, Byte slaveId) in /Users/songyinpei/jobs/IEC61850-simulatorServer2/ModbusSlave.cs:line 199 

2025-12-29 13:23:36,110 [15] WARN  IEC61850_simulatorServer2.ModbusSlave [199] - Scale apply failed for param39: System.InvalidCastException: Unable to cast object of type 'System.Int32' to type 'System.Single'.
   at IEC61850_simulatorServer2.ModbusSlave.Write(Dictionary`2 data, Byte slaveId) in /Users/songyinpei/jobs/IEC61850-simulatorServer2/ModbusSlave.cs:line 199 

2025-12-29 13:23:36,160 [15] WARN  IEC61850_simulatorServer2.ModbusSlave [199] - Scale apply failed for param40: System.InvalidCastException: Unable to cast object of type 'System.Int32' to type 'System.Single'.
   at IEC61850_simulatorServer2.ModbusSlave.Write(Dictionary`2 data, Byte slaveId) in /Users/songyinpei/jobs/IEC61850-simulatorServer2/ModbusSlave.cs:line 199 

2025-12-29 13:23:36,213 [15] WARN  IEC61850_simulatorServer2.ModbusSlave [199] - Scale apply failed for param38: System.InvalidCastException: Unable to cast object of type 'System.Int32' to type 'System.Single'.
   at IEC61850_simulatorServer2.ModbusSlave.Write(Dictionary`2 data, Byte slaveId) in /Users/songyinpei/jobs/IEC61850-simulatorServer2/ModbusSlave.cs:line 199 

2025-12-29 13:23:36,217 [15] WARN  IEC61850_simulatorServer2.ModbusSlave [199] - Scale apply failed for param41: System.InvalidCastException: Unable to cast object of type 'System.Int32' to type 'System.Single'.
   at IEC61850_simulatorServer2.ModbusSlave.Write(Dictionary`2 data, Byte slaveId) in /Users/songyinpei/jobs/IEC61850-simulatorServer2/ModbusSlave.cs:line 199 

2025-12-29 13:23:36,245 [15] WARN  IEC61850_simulatorServer2.ModbusSlave [199] - Scale apply failed for param42: System.InvalidCastException: Unable to cast object of type 'System.Int32' to type 'System.Single'.
   at IEC61850_simulatorServer2.ModbusSlave.Write(Dictionary`2 data, Byte slaveId) in /Users/songyinpei/jobs/IEC61850-simulatorServer2/ModbusSlave.cs:line 199 

2025-12-29 13:23:36,296 [15] WARN  IEC61850_simulatorServer2.ModbusSlave [199] - Scale apply failed for param43: System.InvalidCastException: Unable to cast object of type 'System.Int32' to type 'System.Single'.
   at IEC61850_simulatorServer2.ModbusSlave.Write(Dictionary`2 data, Byte slaveId) in /Users/songyinpei/jobs/IEC61850-simulatorServer2/ModbusSlave.cs:line 199 

2025-12-29 13:23:36,352 [15] WARN  IEC61850_simulatorServer2.ModbusSlave [199] - Scale apply failed for param44: System.InvalidCastException: Unable to cast object of type 'System.Int32' to type 'System.Single'.
   at IEC61850_simulatorServer2.ModbusSlave.Write(Dictionary`2 data, Byte slaveId) in /Users/songyinpei/jobs/IEC61850-simulatorServer2/ModbusSlave.cs:line 199 

2025-12-29 13:23:36,383 [15] WARN  IEC61850_simulatorServer2.ModbusSlave [199] - Scale apply failed for param45: System.InvalidCastException: Unable to cast object of type 'System.Int32' to type 'System.Single'.
   at IEC61850_simulatorServer2.ModbusSlave.Write(Dictionary`2 data, Byte slaveId) in /Users/songyinpei/jobs/IEC61850-simulatorServer2/ModbusSlave.cs:line 199 

2025-12-29 13:23:36,396 [15] WARN  IEC61850_simulatorServer2.ModbusSlave [199] - Scale apply failed for param46: System.InvalidCastException: Unable to cast object of type 'System.Int32' to type 'System.Single'.
   at IEC61850_simulatorServer2.ModbusSlave.Write(Dictionary`2 data, Byte slaveId) in /Users/songyinpei/jobs/IEC61850-simulatorServer2/ModbusSlave.cs:line 199 

2025-12-29 13:23:36,399 [15] WARN  IEC61850_simulatorServer2.ModbusSlave [199] - Scale apply failed for param47: System.InvalidCastException: Unable to cast object of type 'System.Int32' to type 'System.Single'.
   at IEC61850_simulatorServer2.ModbusSlave.Write(Dictionary`2 data, Byte slaveId) in /Users/songyinpei/jobs/IEC61850-simulatorServer2/ModbusSlave.cs:line 199 

2025-12-29 13:23:36,468 [15] WARN  IEC61850_simulatorServer2.ModbusSlave [199] - Scale apply failed for param48: System.InvalidCastException: Unable to cast object of type 'System.Int32' to type 'System.Single'.
   at IEC61850_simulatorServer2.ModbusSlave.Write(Dictionary`2 data, Byte slaveId) in /Users/songyinpei/jobs/IEC61850-simulatorServer2/ModbusSlave.cs:line 199 

2025-12-29 13:23:36,472 [15] WARN  IEC61850_simulatorServer2.ModbusSlave [199] - Scale apply failed for param49: System.InvalidCastException: Unable to cast object of type 'System.Int32' to type 'System.Single'.
   at IEC61850_simulatorServer2.ModbusSlave.Write(Dictionary`2 data, Byte slaveId) in /Users/songyinpei/jobs/IEC61850-simulatorServer2/ModbusSlave.cs:line 199 

2025-12-29 13:23:37,080 [17] WARN  IEC61850_simulatorServer2.ModbusSlave [?] - Scale apply failed for yc0: System.InvalidCastException: Unable to cast object of type 'System.Int32' to type 'System.Single'.
   at IEC61850_simulatorServer2.ModbusSlave.Write(Dictionary`2 data, Byte slaveId) in /Users/songyinpei/jobs/IEC61850-simulatorServer2/ModbusSlave.cs:line 199 

2025-12-29 13:23:37,123 [17] WARN  IEC61850_simulatorServer2.ModbusSlave [?] - Scale apply failed for yc1: System.InvalidCastException: Unable to cast object of type 'System.Int32' to type 'System.Single'.
   at IEC61850_simulatorServer2.ModbusSlave.Write(Dictionary`2 data, Byte slaveId) in /Users/songyinpei/jobs/IEC61850-simulatorServer2/ModbusSlave.cs:line 199 

2025-12-29 13:23:37,126 [17] WARN  IEC61850_simulatorServer2.ModbusSlave [?] - Scale apply failed for yc2: System.InvalidCastException: Unable to cast object of type 'System.Int32' to type 'System.Single'.
   at IEC61850_simulatorServer2.ModbusSlave.Write(Dictionary`2 data, Byte slaveId) in /Users/songyinpei/jobs/IEC61850-simulatorServer2/ModbusSlave.cs:line 199 

2025-12-29 13:23:37,129 [17] WARN  IEC61850_simulatorServer2.ModbusSlave [?] - Scale apply failed for yc3: System.InvalidCastException: Unable to cast object of type 'System.Int32' to type 'System.Single'.
   at IEC61850_simulatorServer2.ModbusSlave.Write(Dictionary`2 data, Byte slaveId) in /Users/songyinpei/jobs/IEC61850-simulatorServer2/ModbusSlave.cs:line 199 

2025-12-29 13:23:37,135 [17] WARN  IEC61850_simulatorServer2.ModbusSlave [?] - Scale apply failed for yc5: System.InvalidCastException: Unable to cast object of type 'System.Int32' to type 'System.Single'.
   at IEC61850_simulatorServer2.ModbusSlave.Write(Dictionary`2 data, Byte slaveId) in /Users/songyinpei/jobs/IEC61850-simulatorServer2/ModbusSlave.cs:line 199 

2025-12-29 13:23:37,142 [17] WARN  IEC61850_simulatorServer2.ModbusSlave [?] - Scale apply failed for yc6: System.InvalidCastException: Unable to cast object of type 'System.Int32' to type 'System.Single'.
   at IEC61850_simulatorServer2.ModbusSlave.Write(Dictionary`2 data, Byte slaveId) in /Users/songyinpei/jobs/IEC61850-simulatorServer2/ModbusSlave.cs:line 199 

2025-12-29 13:23:37,144 [17] WARN  IEC61850_simulatorServer2.ModbusSlave [?] - Scale apply failed for yc4: System.InvalidCastException: Unable to cast object of type 'System.Int32' to type 'System.Single'.
   at IEC61850_simulatorServer2.ModbusSlave.Write(Dictionary`2 data, Byte slaveId) in /Users/songyinpei/jobs/IEC61850-simulatorServer2/ModbusSlave.cs:line 199 

2025-12-29 13:23:37,146 [17] WARN  IEC61850_simulatorServer2.ModbusSlave [?] - Scale apply failed for yc7: System.InvalidCastException: Unable to cast object of type 'System.Int32' to type 'System.Single'.
   at IEC61850_simulatorServer2.ModbusSlave.Write(Dictionary`2 data, Byte slaveId) in /Users/songyinpei/jobs/IEC61850-simulatorServer2/ModbusSlave.cs:line 199 

2025-12-29 13:23:37,148 [17] WARN  IEC61850_simulatorServer2.ModbusSlave [?] - Scale apply failed for yc8: System.InvalidCastException: Unable to cast object of type 'System.Int32' to type 'System.Single'.
   at IEC61850_simulatorServer2.ModbusSlave.Write(Dictionary`2 data, Byte slaveId) in /Users/songyinpei/jobs/IEC61850-simulatorServer2/ModbusSlave.cs:line 199 

2025-12-29 13:23:37,150 [17] WARN  IEC61850_simulatorServer2.ModbusSlave [?] - Scale apply failed for yc9: System.InvalidCastException: Unable to cast object of type 'System.Int32' to type 'System.Single'.
   at IEC61850_simulatorServer2.ModbusSlave.Write(Dictionary`2 data, Byte slaveId) in /Users/songyinpei/jobs/IEC61850-simulatorServer2/ModbusSlave.cs:line 199 

2025-12-29 13:23:37,152 [17] WARN  IEC61850_simulatorServer2.ModbusSlave [?] - Scale apply failed for yc10: System.InvalidCastException: Unable to cast object of type 'System.Int32' to type 'System.Single'.
   at IEC61850_simulatorServer2.ModbusSlave.Write(Dictionary`2 data, Byte slaveId) in /Users/songyinpei/jobs/IEC61850-simulatorServer2/ModbusSlave.cs:line 199 

2025-12-29 13:23:37,154 [17] WARN  IEC61850_simulatorServer2.ModbusSlave [?] - Scale apply failed for yc11: System.InvalidCastException: Unable to cast object of type 'System.Int32' to type 'System.Single'.
   at IEC61850_simulatorServer2.ModbusSlave.Write(Dictionary`2 data, Byte slaveId) in /Users/songyinpei/jobs/IEC61850-simulatorServer2/ModbusSlave.cs:line 199 

2025-12-29 13:23:37,156 [17] WARN  IEC61850_simulatorServer2.ModbusSlave [?] - Scale apply failed for yc12: System.InvalidCastException: Unable to cast object of type 'System.Int32' to type 'System.Single'.
   at IEC61850_simulatorServer2.ModbusSlave.Write(Dictionary`2 data, Byte slaveId) in /Users/songyinpei/jobs/IEC61850-simulatorServer2/ModbusSlave.cs:line 199 

2025-12-29 13:23:37,158 [17] WARN  IEC61850_simulatorServer2.ModbusSlave [?] - Scale apply failed for yc13: System.InvalidCastException: Unable to cast object of type 'System.Int32' to type 'System.Single'.
   at IEC61850_simulatorServer2.ModbusSlave.Write(Dictionary`2 data, Byte slaveId) in /Users/songyinpei/jobs/IEC61850-simulatorServer2/ModbusSlave.cs:line 199 

2025-12-29 13:23:37,160 [17] WARN  IEC61850_simulatorServer2.ModbusSlave [?] - Scale apply failed for yc14: System.InvalidCastException: Unable to cast object of type 'System.Int32' to type 'System.Single'.
   at IEC61850_simulatorServer2.ModbusSlave.Write(Dictionary`2 data, Byte slaveId) in /Users/songyinpei/jobs/IEC61850-simulatorServer2/ModbusSlave.cs:line 199 

2025-12-29 13:23:37,162 [17] WARN  IEC61850_simulatorServer2.ModbusSlave [?] - Scale apply failed for yc15: System.InvalidCastException: Unable to cast object of type 'System.Int32' to type 'System.Single'.
   at IEC61850_simulatorServer2.ModbusSlave.Write(Dictionary`2 data, Byte slaveId) in /Users/songyinpei/jobs/IEC61850-simulatorServer2/ModbusSlave.cs:line 199 

2025-12-29 13:23:37,164 [17] WARN  IEC61850_simulatorServer2.ModbusSlave [?] - Scale apply failed for yc16: System.InvalidCastException: Unable to cast object of type 'System.Int32' to type 'System.Single'.
   at IEC61850_simulatorServer2.ModbusSlave.Write(Dictionary`2 data, Byte slaveId) in /Users/songyinpei/jobs/IEC61850-simulatorServer2/ModbusSlave.cs:line 199 

2025-12-29 13:23:37,166 [17] WARN  IEC61850_simulatorServer2.ModbusSlave [?] - Scale apply failed for yc17: System.InvalidCastException: Unable to cast object of type 'System.Int32' to type 'System.Single'.
   at IEC61850_simulatorServer2.ModbusSlave.Write(Dictionary`2 data, Byte slaveId) in /Users/songyinpei/jobs/IEC61850-simulatorServer2/ModbusSlave.cs:line 199 

2025-12-29 13:23:37,168 [17] WARN  IEC61850_simulatorServer2.ModbusSlave [?] - Scale apply failed for yc18: System.InvalidCastException: Unable to cast object of type 'System.Int32' to type 'System.Single'.
   at IEC61850_simulatorServer2.ModbusSlave.Write(Dictionary`2 data, Byte slaveId) in /Users/songyinpei/jobs/IEC61850-simulatorServer2/ModbusSlave.cs:line 199 

2025-12-29 13:23:37,195 [17] WARN  IEC61850_simulatorServer2.ModbusSlave [?] - Scale apply failed for yc19: System.InvalidCastException: Unable to cast object of type 'System.Int32' to type 'System.Single'.
   at IEC61850_simulatorServer2.ModbusSlave.Write(Dictionary`2 data, Byte slaveId) in /Users/songyinpei/jobs/IEC61850-simulatorServer2/ModbusSlave.cs:line 199 

2025-12-29 13:23:37,222 [17] WARN  IEC61850_simulatorServer2.ModbusSlave [?] - Scale apply failed for yc21: System.InvalidCastException: Unable to cast object of type 'System.Int32' to type 'System.Single'.
   at IEC61850_simulatorServer2.ModbusSlave.Write(Dictionary`2 data, Byte slaveId) in /Users/songyinpei/jobs/IEC61850-simulatorServer2/ModbusSlave.cs:line 199 

2025-12-29 13:23:37,273 [17] WARN  IEC61850_simulatorServer2.ModbusSlave [?] - Scale apply failed for yc20: System.InvalidCastException: Unable to cast object of type 'System.Int32' to type 'System.Single'.
   at IEC61850_simulatorServer2.ModbusSlave.Write(Dictionary`2 data, Byte slaveId) in /Users/songyinpei/jobs/IEC61850-simulatorServer2/ModbusSlave.cs:line 199 

2025-12-29 13:23:38,501 [10] WARN  IEC61850_simulatorServer2.ModbusSlave [?] - Scale apply failed for param15: System.InvalidCastException: Unable to cast object of type 'System.UInt16' to type 'System.Single'.
   at IEC61850_simulatorServer2.ModbusSlave.Write(Dictionary`2 data, Byte slaveId) in /Users/songyinpei/jobs/IEC61850-simulatorServer2/ModbusSlave.cs:line 199 

2025-12-29 13:23:38,503 [10] WARN  IEC61850_simulatorServer2.ModbusSlave [?] - Scale apply failed for param18: System.InvalidCastException: Unable to cast object of type 'System.UInt16' to type 'System.Single'.
   at IEC61850_simulatorServer2.ModbusSlave.Write(Dictionary`2 data, Byte slaveId) in /Users/songyinpei/jobs/IEC61850-simulatorServer2/ModbusSlave.cs:line 199 

2025-12-29 13:23:38,505 [10] WARN  IEC61850_simulatorServer2.ModbusSlave [?] - Scale apply failed for param16: System.InvalidCastException: Unable to cast object of type 'System.UInt16' to type 'System.Single'.
   at IEC61850_simulatorServer2.ModbusSlave.Write(Dictionary`2 data, Byte slaveId) in /Users/songyinpei/jobs/IEC61850-simulatorServer2/ModbusSlave.cs:line 199 

2025-12-29 13:23:38,507 [10] WARN  IEC61850_simulatorServer2.ModbusSlave [?] - Scale apply failed for param19: System.InvalidCastException: Unable to cast object of type 'System.UInt16' to type 'System.Single'.
   at IEC61850_simulatorServer2.ModbusSlave.Write(Dictionary`2 data, Byte slaveId) in /Users/songyinpei/jobs/IEC61850-simulatorServer2/ModbusSlave.cs:line 199 

2025-12-29 13:23:38,509 [10] WARN  IEC61850_simulatorServer2.ModbusSlave [?] - Scale apply failed for param17: System.InvalidCastException: Unable to cast object of type 'System.UInt16' to type 'System.Single'.
   at IEC61850_simulatorServer2.ModbusSlave.Write(Dictionary`2 data, Byte slaveId) in /Users/songyinpei/jobs/IEC61850-simulatorServer2/ModbusSlave.cs:line 199 

2025-12-29 13:23:38,511 [10] WARN  IEC61850_simulatorServer2.ModbusSlave [?] - Scale apply failed for param20: System.InvalidCastException: Unable to cast object of type 'System.UInt16' to type 'System.Single'.
   at IEC61850_simulatorServer2.ModbusSlave.Write(Dictionary`2 data, Byte slaveId) in /Users/songyinpei/jobs/IEC61850-simulatorServer2/ModbusSlave.cs:line 199 

2025-12-29 13:23:38,512 [10] WARN  IEC61850_simulatorServer2.ModbusSlave [?] - Scale apply failed for param21: System.InvalidCastException: Unable to cast object of type 'System.UInt16' to type 'System.Single'.
   at IEC61850_simulatorServer2.ModbusSlave.Write(Dictionary`2 data, Byte slaveId) in /Users/songyinpei/jobs/IEC61850-simulatorServer2/ModbusSlave.cs:line 199 

2025-12-29 13:23:38,515 [10] WARN  IEC61850_simulatorServer2.ModbusSlave [?] - Scale apply failed for param40: System.OverflowException: Value was either too large or too small for an Int32.
   at System.Convert.ToInt32(Double value)
   at System.Convert.ToInt16(Double value)
   at IEC61850_simulatorServer2.ModbusSlave.Write(Dictionary`2 data, Byte slaveId) in /Users/songyinpei/jobs/IEC61850-simulatorServer2/ModbusSlave.cs:line 203 

2025-12-29 13:23:38,517 [10] WARN  IEC61850_simulatorServer2.ModbusSlave [?] - Scale apply failed for param49: System.InvalidCastException: Unable to cast object of type 'System.Boolean' to type 'System.Single'.
   at IEC61850_simulatorServer2.ModbusSlave.Write(Dictionary`2 data, Byte slaveId) in /Users/songyinpei/jobs/IEC61850-simulatorServer2/ModbusSlave.cs:line 199 

2025-12-29 13:23:38,973 [15] WARN  IEC61850_simulatorServer2.ModbusSlave [?] - Scale apply failed for param15: System.InvalidCastException: Unable to cast object of type 'System.UInt16' to type 'System.Single'.
   at IEC61850_simulatorServer2.ModbusSlave.Write(Dictionary`2 data, Byte slaveId) in /Users/songyinpei/jobs/IEC61850-simulatorServer2/ModbusSlave.cs:line 199 

2025-12-29 13:23:38,975 [15] WARN  IEC61850_simulatorServer2.ModbusSlave [?] - Scale apply failed for param17: System.InvalidCastException: Unable to cast object of type 'System.UInt16' to type 'System.Single'.
   at IEC61850_simulatorServer2.ModbusSlave.Write(Dictionary`2 data, Byte slaveId) in /Users/songyinpei/jobs/IEC61850-simulatorServer2/ModbusSlave.cs:line 199 

2025-12-29 13:23:38,977 [15] WARN  IEC61850_simulatorServer2.ModbusSlave [?] - Scale apply failed for param16: System.InvalidCastException: Unable to cast object of type 'System.UInt16' to type 'System.Single'.
   at IEC61850_simulatorServer2.ModbusSlave.Write(Dictionary`2 data, Byte slaveId) in /Users/songyinpei/jobs/IEC61850-simulatorServer2/ModbusSlave.cs:line 199 

2025-12-29 13:23:39,002 [15] WARN  IEC61850_simulatorServer2.ModbusSlave [?] - Scale apply failed for param19: System.InvalidCastException: Unable to cast object of type 'System.UInt16' to type 'System.Single'.
   at IEC61850_simulatorServer2.ModbusSlave.Write(Dictionary`2 data, Byte slaveId) in /Users/songyinpei/jobs/IEC61850-simulatorServer2/ModbusSlave.cs:line 199 

2025-12-29 13:23:39,025 [15] WARN  IEC61850_simulatorServer2.ModbusSlave [?] - Scale apply failed for param20: System.InvalidCastException: Unable to cast object of type 'System.UInt16' to type 'System.Single'.
   at IEC61850_simulatorServer2.ModbusSlave.Write(Dictionary`2 data, Byte slaveId) in /Users/songyinpei/jobs/IEC61850-simulatorServer2/ModbusSlave.cs:line 199 

2025-12-29 13:23:39,028 [15] WARN  IEC61850_simulatorServer2.ModbusSlave [?] - Scale apply failed for param18: System.InvalidCastException: Unable to cast object of type 'System.UInt16' to type 'System.Single'.
   at IEC61850_simulatorServer2.ModbusSlave.Write(Dictionary`2 data, Byte slaveId) in /Users/songyinpei/jobs/IEC61850-simulatorServer2/ModbusSlave.cs:line 199 

2025-12-29 13:23:39,076 [15] WARN  IEC61850_simulatorServer2.ModbusSlave [?] - Scale apply failed for param21: System.InvalidCastException: Unable to cast object of type 'System.UInt16' to type 'System.Single'.
   at IEC61850_simulatorServer2.ModbusSlave.Write(Dictionary`2 data, Byte slaveId) in /Users/songyinpei/jobs/IEC61850-simulatorServer2/ModbusSlave.cs:line 199 

2025-12-29 13:23:39,129 [15] WARN  IEC61850_simulatorServer2.ModbusSlave [?] - Scale apply failed for param40: System.OverflowException: Value was either too large or too small for an Int32.
   at System.Convert.ToInt32(Double value)
   at System.Convert.ToInt16(Double value)
   at IEC61850_simulatorServer2.ModbusSlave.Write(Dictionary`2 data, Byte slaveId) in /Users/songyinpei/jobs/IEC61850-simulatorServer2/ModbusSlave.cs:line 203 

2025-12-29 13:23:39,159 [15] WARN  IEC61850_simulatorServer2.ModbusSlave [?] - Scale apply failed for param49: System.InvalidCastException: Unable to cast object of type 'System.Boolean' to type 'System.Single'.
   at IEC61850_simulatorServer2.ModbusSlave.Write(Dictionary`2 data, Byte slaveId) in /Users/songyinpei/jobs/IEC61850-simulatorServer2/ModbusSlave.cs:line 199 
